#{"t_start": 1779719869.9808426, "env_id": "Blackjack4game-v1"}
r,l,t
-0.88705,4,12.783861
0.0,3,12.788035
0.0,2,12.790855
-1.0,3,12.794341
-0.770048,3,12.798721
-1.0,3,12.802389
0.0,4,12.806412
-1.0,4,12.809729
-1.0,3,12.812245
-0.330827,3,12.814793
-0.740787,4,12.818276
-1.0,3,12.821018
0.117525,4,12.824563
0.0,3,12.827408
0.0,5,12.83203
0.0,3,12.83475
-0.6952,2,12.836477
0.0,3,12.839007
-0.863888,3,12.841454
0.0,3,12.843963
-1.0,4,12.847363
0.126637,3,12.84977
-0.546514,2,12.851424
0.014035,2,12.853029
-0.090285,3,12.855421
-1.93609,2,12.857114
-0.980309,2,12.858712
-0.219153,5,12.862646
0.496958,3,12.865172
0.0,2,12.866717
0.265292,2,12.868367
-1.0,4,12.87177
-0.165413,3,12.874326
0.0,3,12.876826
-1.0,2,12.878458
-1.0,6,12.883538
-1.0,3,12.88639
-0.648806,2,12.888127
0.0,2,12.88977
0.0,3,12.892375
-1.0,2,12.894366
-0.144973,3,12.896978
-0.472348,4,12.900317
0.0,4,12.903446
0.0,3,12.905938
-0.841626,3,12.908266
0.0,5,12.912094
0.0,4,12.915289
-1.0,3,12.917698
-0.568122,2,12.919244
-1.0,3,12.921549
0.0,2,12.92327
0.0,3,12.92576
-1.0,4,12.929039
-0.557896,4,12.932066
0.0,3,12.934526
0.0,2,12.936205
-1.0,5,12.940181
0.0,3,12.942536
0.114696,3,12.944891
0.0,4,12.948038
-0.865861,5,12.952192
0.0,2,12.953806
-0.651434,5,12.957884
0.0,2,12.959463
0.0,2,12.961085
1.0,2,12.962687
-0.197412,3,12.964991
0.10276,4,12.968428
0.0,4,12.971572
-0.822587,3,12.974062
-0.653276,3,12.976712
1.268953,2,12.978627
-1.0,3,12.981482
0.0,3,12.984081
-0.605146,2,12.985713
-0.386814,4,12.989367
-0.263735,3,12.992178
-0.153672,4,12.995769
0.0,3,12.998673
0.0,5,13.002759
0.0,3,13.005453
-0.851151,3,13.008262
0.0,3,13.010835
0.208699,3,13.013241
0.0,5,13.017485
-0.447876,3,13.020051
0.0,4,13.023192
-0.513261,4,13.0264
0.0,2,13.027952
-1.0,3,13.030344
-1.0,5,13.035294
0.0,4,13.039003
-0.134758,2,13.04071
-0.410687,5,13.044794
-0.098207,4,13.048079
-1.0,3,13.050629
-1.0,3,13.053201
0.0,3,13.055547
0.0,3,13.058099
0.0,3,13.060505
-1.0,3,13.062775
-1.0,5,13.066708
-0.82697,3,13.069206
-1.0,3,13.071728
-0.693541,4,13.074891
-0.909874,3,13.077262
0.0,4,13.080616
-0.958888,4,13.084044
0.0,4,13.087337
-1.0,3,13.089746
0.0,2,13.091384
-0.710159,3,13.093956
0.0,3,13.096661
0.0,2,13.098442
0.0,2,13.10016
0.068129,2,13.101985
-2.0,2,13.103687
-0.598291,2,13.105314
0.0,2,13.106969
0.0,2,13.108698
1.0,2,13.110391
-1.0,4,13.11366
-1.0,2,13.115413
1.032865,2,13.116954
-1.0,3,13.119487
-0.520354,5,13.123707
1.0,3,13.126216
-0.363969,3,13.128664
0.0,3,13.131318
-0.707493,2,13.133018
0.0,4,13.136537
-1.0,3,13.138941
1.0,2,13.14054
-0.943525,4,13.143798
-1.668082,2,13.145503
-0.099542,3,13.148005
-0.760342,4,13.151434
0.0,2,13.153017
0.717923,3,13.155521
-1.0,2,13.157154
-0.274148,3,13.15962
0.0,4,13.162943
-1.0,3,13.165278
0.0,3,13.167977
-1.0,4,13.171259
0.0,4,13.174445
0.0,3,13.176763
0.0,2,13.178321
0.0,2,13.179862
0.0,4,13.182909
1.0,2,13.184531
-1.0,4,13.187739
-1.0,4,13.19092
0.0,4,13.193963
0.27723,4,13.197127
0.080931,2,13.198869
0.0,2,13.200714
-0.153987,3,13.203283
0.0,5,13.207238
0.0,2,13.20885
-0.243196,3,13.211255
-0.161956,3,13.213744
0.0,3,13.216087
0.0,4,13.219391
0.0,4,13.222563
0.432096,4,13.225909
-0.416174,3,13.228284
-1.0,3,13.230664
0.0,2,13.232212
0.0,2,13.233931
-1.0,2,13.235517
0.0,3,13.237954
0.0,2,13.239552
0.0,3,13.242068
0.21846,4,13.245241
0.0,2,13.246967
0.325888,3,13.249479
-1.0,3,13.251911
-0.613409,4,13.255273
0.0,3,13.257665
0.037833,3,13.260166
-1.0,4,13.263306
0.0,3,13.265692
0.269663,3,13.268271
0.0,3,13.2707
1.0,3,13.273134
0.0,3,13.275593
0.0,6,13.280497
-0.13665,2,13.282224
0.0,2,13.283863
-0.120282,5,13.287934
0.0,3,13.290318
0.0,3,13.292677
0.0,3,13.295041
0.0,3,13.29755
0.0,3,13.300113
-0.468324,3,13.302777
0.0,2,13.304602
1.0,3,13.307354
-0.500416,3,13.309967
0.0,3,13.312442
0.0,3,13.314994
0.258875,5,13.319529
-0.467816,3,13.322315
0.0,3,13.325146
-0.033727,3,13.328466
0.0,5,13.332916
0.0,3,13.335534
-0.104437,3,13.338064
0.0,4,13.341603
0.0,3,13.344086
0.0,2,13.345759
0.0,3,13.348314
-0.316694,3,13.350804
-1.0,2,13.352505
0.0,2,13.354205
0.902606,2,13.35596
0.0,3,13.358563
0.0,3,13.361138
0.0,2,13.362886
-0.116477,3,13.365498
0.0,3,13.368093
0.237578,2,13.369724
0.0,2,13.371412
-0.070524,4,13.374598
0.0,4,13.377889
-1.0,3,13.380364
-1.0,3,13.382766
-1.0,3,13.385309
0.0,4,13.388653
-0.745819,3,13.391291
-0.731893,2,13.392981
0.841681,3,13.395587
-0.395309,3,13.398107
0.0,3,13.400709
-1.0,2,13.402586
0.452172,3,13.40541
-0.272224,4,13.408882
0.0,3,13.41147
0.0,3,13.414148
-0.680048,2,13.415883
0.0,4,13.419543
0.0,2,13.421276
-1.0,4,13.424616
-1.0,5,13.428794
0.679266,3,13.431265
0.0,2,13.433121
-0.853906,3,13.435604
-1.0,6,13.440438
0.0,4,13.443697
0.0,3,13.446188
0.0,3,13.448802
0.0,3,13.451342
1.0,3,13.453842
1.5,2,13.455518
0.0,2,13.457252
-0.187646,3,13.459855
0.0,4,13.463187
1.0,2,13.464896
0.0,2,13.466569
-0.073014,3,13.469086
0.348894,4,13.472499
0.0,3,13.475021
-1.0,2,13.476729
0.0,3,13.479466
-0.636039,6,13.484581
0.0,2,13.486326
0.0,2,13.487951
0.0,4,13.49131
0.0,4,13.494706
0.0,3,13.497227
0.0,4,13.500938
-1.0,4,13.504355
0.0,5,13.508694
-1.0,4,13.512197
-0.592069,3,13.514739
-0.944491,3,13.517224
-1.0,6,13.522288
0.636082,3,13.524786
0.0,6,13.529777
0.0,3,13.532456
-1.0,2,13.534189
-0.410024,3,13.536753
0.0,3,13.539436
0.0,4,13.543214
0.0,4,13.547485
-0.232023,3,13.550394
0.0,3,13.553055
0.0,4,13.556355
0.0,3,13.55887
0.0,5,13.563004
-0.340337,4,13.566337
0.0,2,13.567993
-0.291251,3,13.570596
0.0,3,13.573157
0.0,5,13.577365
-0.380815,3,13.579929
-0.080802,4,13.583343
1.5,2,13.585016
-0.910591,3,13.587583
0.0,2,13.589345
0.0,2,13.591061
0.0,2,13.592768
-0.095073,3,13.595317
0.0,3,13.598059
0.0,5,13.602361
0.0,3,13.604912
-1.0,3,13.607467
0.0,3,13.610066
-1.0,3,13.613644
-0.253982,3,13.616716
0.0,5,13.621884
-0.715974,4,13.625488
-0.502665,4,13.629324
0.0,3,13.632398
-0.666911,4,13.636135
-0.44693,3,13.63879
1.0,2,13.64054
0.0,6,13.646863
0.0,3,13.650481
0.0,3,13.65331
0.690191,2,13.655596
0.0,4,13.66071
-0.002974,4,13.664516
-0.054932,3,13.667686
-0.035176,4,13.671821
0.0,3,13.67456
0.0,2,13.676245
-0.009046,3,13.678807
0.0,4,13.682195
-1.0,3,13.684767
0.0,4,13.688226
0.0,4,13.691666
0.0,5,13.695903
-0.72517,5,13.700213
0.0,2,13.702203
0.0,3,13.704839
1.0,2,13.706696
0.37441,3,13.709265
0.0,4,13.71263
0.0,6,13.717969
-0.56722,4,13.721406
-1.0,4,13.724871
0.0,4,13.728285
0.0,3,13.731132
-0.603889,2,13.732839
-1.0,4,13.736247
-0.190655,4,13.739612
-0.831917,4,13.742895
1.0,3,13.745348
-0.394502,3,13.747958
0.0,4,13.751264
-0.652377,3,13.753813
-1.0,4,13.757404
0.0,4,13.760845
-1.0,6,13.765783
1.288795,2,13.767595
-0.356746,4,13.771091
-0.358966,4,13.774389
0.816605,2,13.776021
0.0,3,13.778589
-0.889905,3,13.781131
-0.438622,3,13.783588
-0.023881,4,13.786757
-1.0,6,13.79179
-0.331642,4,13.795091
0.676414,4,13.798797
-0.233125,3,13.801947
-0.496597,4,13.805467
-0.510781,4,13.809101
0.0,3,13.811827
0.0,2,13.813596
0.0,4,13.816932
0.0,2,13.818614
-1.0,3,13.821208
0.0,2,13.822843
-0.958633,4,13.826212
-0.998428,3,13.828814
0.0,5,13.832855
0.0,3,13.835484
-0.613076,3,13.837925
-1.0,3,13.84051
0.0,4,13.843766
0.0,3,13.846408
-0.089584,3,13.848961
0.492507,2,13.850631
-0.55065,2,13.852291
0.0,3,13.854807
0.778966,4,13.8581
0.161115,3,13.860698
-0.879287,4,13.864062
0.0,4,13.867533
0.0,5,13.871827
-0.044615,4,13.875196
-1.0,2,13.876916
0.341341,3,13.879516
0.0,4,13.882895
-0.706172,5,13.88717
0.0,2,13.88888
0.0,3,13.891499
0.0,5,13.89566
0.0,3,13.898184
0.0,5,13.902455
0.0,6,13.907634
0.0,4,13.911097
0.0,5,13.915308
0.0,3,13.9179
0.0,3,13.920511
0.0,5,13.924748
0.485219,3,13.927376
0.0,2,13.929134
0.0,2,13.930864
0.0,5,13.935136
0.642257,4,13.938591
0.516682,2,13.940276
0.0,3,13.942747
-0.075115,3,13.945326
0.0,3,13.947812
-0.351988,4,13.951265
-1.0,4,13.95461
-0.5779,3,13.957093
-0.623906,3,13.959641
-0.003922,3,13.962215
-1.0,3,13.964814
1.0,5,13.969089
0.0,5,13.973275
-0.56445,3,13.975795
0.0,3,13.978462
-1.0,3,13.981072
-0.665171,6,13.986009
0.0,2,13.987752
0.0,3,13.99031
-1.0,4,13.993679
0.0,3,13.996294
0.0,3,13.998814
0.0,3,14.001438
-0.178585,3,14.004044
0.0,2,14.005723
-0.531892,3,14.008302
-0.183722,3,14.010862
-0.425592,3,14.013505
1.0,4,14.016932
0.0,3,14.019423
0.0,3,14.022118
-1.0,2,14.023808
0.0,3,14.026275
0.595188,2,14.02794
0.0,2,14.029676
-1.0,4,14.033054
-0.986817,6,14.038901
-0.536705,3,14.041709
-0.283432,5,14.045975
0.0,4,14.049359
0.529111,3,14.05185
-1.0,2,14.053558
0.0,2,14.055265
-1.0,4,14.058855
1.367973,2,14.060605
0.0,3,14.063155
0.0,2,14.064901
0.0,2,14.066577
-0.599285,3,14.069087
0.0,5,14.073203
-1.0,3,14.075717
-1.0,4,14.079122
0.0,2,14.080828
0.0,6,14.086092
-0.310248,2,14.087826
-0.471305,3,14.090404
-0.939172,4,14.093853
-0.451288,2,14.095648
-0.060452,4,14.09932
0.0,4,14.102682
0.0,4,14.106131
0.0,5,14.110275
0.0,2,14.112057
0.0,3,14.114595
0.0,3,14.11708
0.0,2,14.118839
0.037196,3,14.121399
0.0,4,14.124836
-0.232232,3,14.127421
0.0,4,14.130828
0.0,3,14.134032
-1.0,3,14.136996
0.0,2,14.13884
-0.256433,5,14.143152
0.0,2,14.144847
0.0,3,14.147402
1.5,2,14.149099
-0.14281,5,14.153258
-1.0,3,14.155941
0.0,2,14.157641
0.0,2,14.159401
0.0,3,14.161952
-1.0,2,14.163589
-0.825375,3,14.16613
-0.85961,3,14.168729
0.0,3,14.171218
0.0,3,14.173706
0.0,4,14.177092
0.605032,3,14.179667
0.0,5,14.183854
-0.265824,2,14.185661
0.0,6,14.19084
0.912552,2,14.192552
-1.0,5,14.196637
-0.501728,3,14.199181
0.0,3,14.201678
0.0,3,14.204375
-0.064781,6,14.209472
-1.0,3,14.211952
-0.321566,2,14.213649
0.0,2,14.21537
0.0,2,14.217069
-0.100012,5,14.221252
-0.587941,3,14.223783
-0.721578,4,14.227114
0.0,4,14.230666
0.0,3,14.233134
-0.506763,3,14.235684
-0.315828,3,14.238183
0.0,4,14.241421
0.262408,3,14.243855
0.0,7,14.24967
-0.145756,4,14.25301
0.0,2,14.254717
-1.0,3,14.257204
0.0,4,14.260574
-0.10601,4,14.263879
0.0,3,14.266414
-1.0,4,14.269691
0.0,3,14.272238
1.0,4,14.275563
0.0,5,14.279676
-0.033556,4,14.283011
0.0,3,14.285549
0.0,2,14.287239
0.0,3,14.289693
-0.737377,4,14.293008
-1.0,3,14.295567
0.0,3,14.298052
-1.0,3,14.300684
0.0,2,14.302406
-0.143842,3,14.304954
0.877595,5,14.309182
0.0,3,14.311692
-1.0,4,14.315054
0.0,4,14.3184
-0.795546,3,14.320934
-0.302494,3,14.323371
-0.263885,4,14.326717
-0.666524,2,14.328486
-1.0,4,14.331816
0.0,3,14.334383
-0.15774,3,14.336923
-0.384586,4,14.34046
0.0,2,14.342172
0.0,3,14.344693
-1.0,2,14.346356
-0.540134,4,14.34974
-0.03154,3,14.352206
0.0,3,14.354779
-0.933789,3,14.35723
-0.684161,4,14.360511
0.0,3,14.363114
-0.746451,3,14.365668
0.0,4,14.36915
0.0,2,14.370794
0.291265,2,14.37245
0.0,2,14.374135
0.0,4,14.377581
0.0,4,14.38101
-1.0,3,14.383615
-1.0,3,14.386079
-1.0,3,14.388639
0.0,4,14.392054
-0.183668,3,14.394628
-0.516846,4,14.398091
-0.787347,5,14.402252
-0.860951,4,14.405793
0.0,5,14.41
-0.601104,4,14.41346
0.0,3,14.415953
0.0,3,14.418491
0.0,3,14.420983
-0.451876,3,14.423501
0.0,4,14.426783
-1.0,3,14.429251
-1.0,3,14.431764
0.0,3,14.434283
0.0,4,14.437631
-0.775716,2,14.439316
0.0,4,14.44264
-0.981524,7,14.448631
-1.0,4,14.451958
-0.269484,5,14.45607
-1.841292,2,14.457799
0.0,2,14.459498
0.0,3,14.462047
0.0,3,14.464504
-1.0,3,14.466979
-0.476313,3,14.469542
0.0,4,14.472928
0.0,4,14.476266
-1.0,6,14.481378
0.0,3,14.483959
0.0,3,14.48645
0.0,3,14.488936
0.0,2,14.49062
0.0,4,14.493941
0.0,3,14.496609
0.0,3,14.499203
0.0,3,14.501743
-1.0,3,14.504371
0.0,4,14.507686
0.0,3,14.510277
0.0,2,14.511978
0.0,3,14.514516
-0.352024,4,14.517731
0.0,3,14.52023
0.0,2,14.521962
-0.573623,3,14.524618
0.0,4,14.527857
0.0,5,14.531903
0.0,2,14.533587
-0.141894,5,15.601613
0.0,4,15.605505
0.0,4,15.609495
0.0,5,15.613987
0.118056,2,15.615761
-0.527493,5,15.6201
-0.167791,3,15.62284
0.0,3,15.625474
-0.504603,6,15.630718
-0.163591,3,15.633326
-0.057255,3,15.636318
1.0,3,15.639029
0.0,4,15.642677
0.0,3,15.645413
0.0,2,15.647169
-0.335204,3,15.650018
0.0,2,15.651762
-0.030083,2,15.653525
0.0,3,15.656335
0.0,3,15.65903
-0.201623,2,15.66082
-0.145467,4,15.664594
0.0,3,15.667253
-0.552896,4,15.671132
-1.0,5,15.67559
0.0,3,15.678547
0.0,2,15.680313
0.0,3,15.68319
0.052874,3,15.685763
1.5,2,15.687418
0.0,3,15.690031
0.0,3,15.692735
0.0,5,15.697193
-1.0,3,15.699964
-0.689983,4,15.703426
0.0,3,15.706392
-0.032993,2,15.708396
-0.083419,3,15.711088
0.406364,4,15.71467
0.0,5,15.718997
0.0,4,15.722406
0.0,3,15.725184
1.316392,2,15.727029
0.0,3,15.72981
0.0,2,15.731575
0.0,3,15.734646
0.0,2,15.736578
1.0,2,15.738452
-0.685312,3,15.741271
-1.0,4,15.744579
-0.605281,5,15.749061
-0.601349,3,15.751524
-0.570159,3,15.75412
-0.148902,3,15.756683
0.0,4,15.760242
0.0,3,15.762988
-0.828226,2,15.764669
-1.0,4,15.768228
0.0,4,15.771455
-0.211378,5,15.775844
1.0,4,15.779314
0.0,2,15.781101
0.0,3,15.783756
-0.493332,5,15.788157
1.5,2,15.789932
0.216771,2,15.791624
0.522951,5,15.795916
-1.0,3,15.798611
0.0,4,15.801862
-0.120929,3,15.804777
-0.222248,3,15.807319
0.0,4,15.810905
0.0,3,15.813599
0.0,2,15.815308
0.0,4,15.81877
0.0,4,15.822292
0.0,3,15.825017
0.0,3,15.827444
0.0,2,15.829107
0.0,4,15.832427
-0.169108,2,15.834241
0.0,3,15.836689
0.432419,2,15.838418
0.0,2,15.840099
-0.788515,3,15.842492
0.0,2,15.844141
-0.068961,3,15.846763
0.0,4,15.849971
-0.6253,2,15.851594
-0.596747,3,15.854044
0.0,2,15.855803
0.0,2,15.857535
-0.234354,3,15.860113
-0.587489,3,15.862596
0.0,4,15.865841
-0.242106,5,15.869993
0.0,5,15.874147
0.0,4,15.877485
-0.324222,5,15.881919
0.0,3,15.884537
-1.0,3,15.887254
-0.521039,4,15.890584
-0.855788,2,15.89235
0.0,2,15.894019
0.0,2,15.895616
-0.901932,2,15.897214
-1.0,3,15.899736
0.0,4,15.903198
0.903393,4,15.906558
0.0,3,15.909278
0.776434,2,15.911119
-1.0,4,15.914567
0.0,4,15.917873
-1.0,4,15.921209
0.0,2,15.922941
-0.435976,3,15.925519
1.0,3,15.928146
0.359844,4,15.931513
-0.234765,2,15.933137
0.0,5,15.937374
0.0,2,15.939065
0.0,4,15.94257
0.0,3,15.945215
-0.746738,4,15.948571
-0.238595,4,15.952121
-1.0,2,15.953756
-1.0,3,15.956332
-0.350828,3,15.958885
-0.445479,3,15.961427
-0.637243,3,15.964075
0.0,4,15.96749
0.0,4,15.971036
0.0,3,15.973676
0.0,2,15.975441
0.0,3,15.97801
-0.475312,4,15.981459
0.0,4,15.984784
0.0,4,15.988085
0.0,3,15.990596
0.0,5,15.994809
-0.029732,2,15.996413
0.0,4,15.999718
0.0,4,16.003111
-0.701974,3,16.005979
0.0,3,16.008711
0.383025,2,16.010577
0.0,4,16.013979
0.0,3,16.016612
0.0,3,16.019264
0.0,4,16.022723
0.562183,2,16.024437
0.0,2,16.026347
0.0,4,16.029836
-0.939984,4,16.033364
0.0,4,16.036757
0.0,2,16.038624
-1.0,3,16.041878
-1.0,3,16.044776
0.0,4,16.048513
1.0,5,16.052937
0.0,2,16.054742
-1.0,3,16.05747
-0.243688,3,16.060154
0.0,5,16.06465
0.0,2,16.06651
0.113986,2,16.068443
-1.0,3,16.071082
1.366979,2,16.072882
0.0,3,16.075677
0.0,4,16.079097
-0.604318,2,16.080852
0.0,4,16.084329
0.712154,2,16.086011
0.0,2,16.087788
1.0,3,16.090382
0.0,3,16.092911
-0.062868,3,16.095628
-0.935277,3,16.098239
0.0,4,16.101546
0.562288,4,16.10492
0.0,3,16.107572
0.0,4,16.111063
0.0,4,16.11437
0.0,3,16.117474
0.0,3,16.120126
0.598014,2,16.121804
0.0,2,16.123496
0.621659,2,16.125225
-1.0,4,16.128538
0.0,3,16.131189
-0.114527,3,16.133751
0.0,3,16.136336
0.0,3,16.138886
-1.0,5,16.143009
0.0,4,16.146341
0.0,4,16.149877
0.0,4,16.153308
0.0,3,16.155887
0.031435,3,16.158432
0.0,3,16.16095
0.0,3,16.163471
0.736687,4,16.166752
0.0,3,16.169271
0.0,3,16.171941
0.0,7,16.177626
0.0,4,16.180903
0.969848,2,16.182708
-1.0,2,16.184399
0.0,4,16.18778
-0.251142,3,16.19042
0.0,2,16.192129
0.0,2,16.193764
-1.0,5,16.197892
-1.0,3,16.200456
-0.520502,2,16.20222
0.0,4,16.205561
0.0,3,16.208447
0.123333,3,16.211072
0.0,4,16.214722
0.0,5,16.219045
-0.787931,3,16.221703
0.0,4,16.224991
-0.47062,3,16.227574
0.0,3,16.230102
0.0,5,16.234202
0.0,3,16.236711
0.0,5,16.240886
-0.60587,5,16.24512
-0.822495,3,16.247692
0.0,3,16.250205
0.0,3,16.252771
0.0,3,16.255277
0.0,3,16.257718
0.0,2,16.259408
0.0,3,16.261944
0.0,4,16.265302
0.0,4,16.26868
0.0,5,16.273117
0.890008,2,16.274914
0.671699,3,16.277453
-0.485656,3,16.279999
0.258926,2,16.281708
-0.489012,3,16.284197
-0.173319,3,16.286983
1.0,2,16.288875
0.0,2,16.290707
-0.798062,5,16.294987
0.0,3,16.297553
0.0,4,16.300896
-1.0,3,16.303445
0.244235,3,16.306087
0.0,4,16.309576
0.0,3,16.31216
0.0,2,16.313845
0.0,4,16.317803
-1.0,6,16.323247
-0.894144,3,16.326093
0.0,3,16.328678
0.0,3,16.331312
0.0,3,16.333769
-1.0,3,16.336272
-1.0,4,16.339602
-1.0,4,16.342948
0.0,4,16.346315
0.0,4,16.349689
0.0,2,16.351543
0.0,3,16.354287
-0.66869,4,16.357708
0.0,3,16.36043
0.0,3,16.363094
0.0,3,16.365623
-0.462461,4,16.368902
-0.374961,3,16.371478
-0.303047,3,16.374001
0.0,4,16.377311
0.811134,2,16.378989
-0.049606,3,16.381497
0.0,3,16.383973
0.0,3,16.386464
-0.58014,3,16.388923
0.0,3,16.391433
-1.0,3,16.393908
0.0,4,16.39718
0.0,4,16.400512
-1.0,4,16.403826
0.0,2,16.405484
-0.534087,3,16.40802
0.0,4,16.411468
-1.0,2,16.413212
-1.0,3,16.415889
-0.711501,3,16.418451
0.0,4,16.421813
-0.29985,3,16.424375
-0.293977,3,16.427084
0.0,4,16.430415
-1.0,4,16.433679
0.0,4,16.437045
0.0,3,16.439555
0.0,4,16.442901
-0.070193,2,16.444631
0.0,3,16.447234
-0.613067,2,16.448874
0.0,2,16.45057
0.0,3,16.453097
0.0,3,16.45557
0.0,3,16.458068
-0.7632,3,16.460576
-1.0,3,16.463206
-0.936931,4,16.466669
0.037601,3,16.469194
-0.514075,3,16.47173
0.0,4,16.475152
-0.861042,3,16.477904
0.233173,3,16.480488
0.0,4,16.483769
-1.0,3,16.486322
0.0,3,16.48891
0.180075,2,16.490563
-0.049833,3,16.493114
-0.407513,4,16.496397
0.0,4,16.499852
0.0,3,16.502557
0.0,4,16.506006
0.0,5,16.510318
-0.274979,3,16.51284
0.927414,4,16.516174
0.0,2,16.517856
-0.277467,5,16.521974
0.0,3,16.524437
0.320662,2,16.526081
-0.237516,4,16.529559
-0.04973,7,16.535479
-0.064081,3,16.538044
0.0,4,16.541981
-0.141116,3,16.544697
0.0,3,16.547292
-0.729521,4,16.550713
0.0,3,16.553245
-0.518318,3,16.555805
-0.933571,5,16.560152
-0.337494,4,16.56442
0.0,3,16.567541
-0.420094,2,16.569344
0.0,3,16.572039
-0.128394,4,16.575443
0.0,3,16.577869
-1.0,2,16.579681
-0.101576,2,16.581365
0.0,4,16.58466
0.0,3,16.58716
0.0,4,16.590485
0.0,3,16.592948
0.0,4,16.596287
0.0,2,16.597941
-0.792458,3,16.600468
-0.116857,3,16.602971
0.0,4,16.606412
0.0,4,16.609717
0.0,5,16.613859
-0.403718,3,16.616329
-0.201972,3,16.618871
-0.417588,3,16.621408
-0.095458,5,16.625481
0.0,5,16.629582
-1.0,5,16.633665
-1.0,4,16.637011
0.0,2,16.63871
0.0,3,16.641184
-0.68354,2,16.642816
-0.76747,3,16.645316
0.0,3,16.647811
0.0,4,16.651076
0.861237,4,16.654451
0.274766,5,16.658659
0.0,3,16.661169
0.0,3,16.663736
0.0,2,16.66547
0.0,2,16.667132
1.0,2,16.668842
0.0,5,16.672947
-0.393535,5,16.677113
0.0,3,16.679655
0.881996,4,16.683006
0.0,4,16.686396
0.0,2,16.688105
0.0,4,16.691367
0.0,3,16.693964
-1.0,3,16.696548
0.0,3,16.699178
0.0,2,16.700857
0.971125,4,16.70431
0.0,4,16.707984
-0.261452,4,16.711605
0.512729,2,16.713405
0.0,5,16.717675
-1.0,3,16.720362
0.0,6,16.72541
0.0,3,16.727965
-0.054867,4,16.731363
0.0,2,16.733021
0.0,3,16.73554
0.0,4,16.738975
-0.164744,2,16.740654
0.0,4,16.744171
0.0,3,16.746718
-0.867725,3,16.749263
0.0,4,16.752629
0.0,3,16.755254
0.0,3,16.75785
0.0,4,16.761164
0.0,2,16.76285
-0.51133,2,16.764609
0.0,3,16.767154
0.0,2,16.768954
0.0,4,16.772377
-0.882417,3,16.774904
0.0,4,16.778345
-1.0,2,16.78006
0.0,5,16.784304
0.0,3,16.786988
-1.0,2,16.788734
-0.523818,3,16.791418
0.0,3,16.793901
0.0,2,16.79564
-0.369796,3,16.798275
-1.0,3,16.800747
0.0,4,16.804191
0.0,7,16.810226
-0.622138,4,16.813616
-0.553933,4,16.816983
-0.29175,3,16.81951
-0.316242,4,16.822759
0.0,2,16.824401
0.0,3,16.826984
0.0,3,16.829615
-0.082775,4,16.832921
0.0,3,16.83547
0.0,4,16.838837
0.0,3,16.841362
-0.271937,3,16.843844
-1.0,4,16.847228
-1.0,3,16.849859
0.0,3,16.852374
0.474073,4,16.855848
0.0,4,16.859164
0.0,4,16.862637
-0.992445,2,16.864374
-0.956786,4,16.867831
0.0,3,16.870287
0.0,6,16.875511
0.0,3,16.877954
0.0,3,16.880529
0.0,2,16.88228
0.0,2,16.884001
0.0,3,16.88651
0.0,3,16.889021
0.0,3,16.891553
-0.564355,3,16.894115
0.241909,2,16.895797
0.0,5,16.899901
-0.129509,3,16.902406
0.0,5,16.906699
0.0,3,16.909188
0.0,4,16.912394
-0.458444,4,16.915725
0.240437,3,16.918189
0.089017,3,16.920864
0.0,5,16.925196
0.0,3,16.927644
0.0,2,16.929455
-0.333965,3,16.932048
-0.128514,3,16.934618
0.0,3,16.937255
-0.081418,3,16.939806
-1.0,2,16.941623
-0.021049,4,16.945073
0.0,3,16.947621
0.0,3,16.950296
0.0,4,16.953787
0.0,3,16.956344
0.0,4,16.959904
0.0,3,16.96263
-1.0,4,16.966057
0.450589,2,16.967773
0.0,5,16.972296
-0.182977,4,16.975591
-0.412957,3,16.978171
0.582095,3,16.981534
0.0,5,16.987934
-0.219001,4,16.991766
-0.936523,4,16.995192
1.0,4,16.998535
0.0,2,17.000203
0.0,3,17.002874
-1.0,3,17.005362
-1.0,3,17.007906
0.0,5,17.012499
0.0,3,17.015096
0.0,3,17.017658
0.0,5,17.021917
-1.0,4,17.025357
0.0,4,17.028716
0.0,4,17.032144
0.0,3,17.034682
-0.055563,2,17.03641
0.0,3,17.039223
-0.334588,4,17.042727
0.265148,4,17.046108
0.0,2,17.047785
0.0,3,17.050301
-0.582738,3,17.052881
-0.294623,3,17.05542
-1.0,2,17.057162
0.40296,3,17.059623
0.0,5,17.063845
-1.0,3,17.066428
0.0,3,17.069058
0.0,3,17.07159
0.0,3,17.074217
0.033301,4,17.077984
0.0,2,17.07975
0.0,2,17.081594
0.0,3,17.084171
-1.0,4,17.08745
0.0,4,17.090762
0.0,3,17.093162
0.0,4,17.096791
-1.620708,2,17.098913
-1.0,3,17.102029
0.0,3,17.105964
0.0,2,17.108039
1.0,2,17.110187
1.0,4,17.113843
-1.0,3,17.117347
0.0,4,17.12307
0.233979,2,17.125659
-0.178419,2,17.127753
0.0,2,17.12971
0.0,2,17.131768
0.0,5,17.136042
0.0,2,17.13832
0.0,3,17.141278
-1.0,3,17.143961
0.0,3,17.146843
1.0,2,17.14863
1.101459,2,17.150434
0.0,3,17.153199
0.0,3,17.155829
0.0,2,17.157487
-0.32843,3,17.159979
0.0,3,17.162515
0.0,4,17.165854
-0.410083,4,17.169311
0.0,2,17.170996
0.0,4,17.174333
0.0,4,17.177743
0.0,2,17.179463
0.0,4,17.182999
-0.84623,3,17.185538
0.0,3,17.188154
0.0,2,17.189879
-1.0,3,17.192424
-0.508799,3,17.195003
0.0,3,17.197547
0.0,3,17.200158
0.0,3,17.202675
0.969817,3,17.205251
-0.183822,4,17.208711
0.0,3,17.211389
0.0,2,17.213332
0.0,4,17.216776
0.0,3,17.21928
-1.0,3,17.221866
0.0,4,17.225348
0.110956,4,17.228797
0.0,4,17.232087
1.0,3,17.234731
0.0,3,17.237318
0.0,5,17.24145
0.0,3,17.244081
0.0,2,17.245867
-0.100983,3,17.248416
-0.856993,3,17.25096
-0.840313,4,17.254273
0.0,2,17.255982
0.0,4,17.259309
-0.965219,4,17.262757
0.0,3,17.265376
0.0,2,17.267132
0.0,3,17.269653
1.0,3,17.272222
-0.976163,3,17.27481
0.0,5,17.279191
-1.0,4,17.282541
-0.180425,4,17.28587
-0.957593,2,17.287516
0.0,6,17.292556
0.0,4,17.295891
0.0,4,17.299572
0.0,3,17.302181
-0.523407,3,17.304708
0.0,4,17.308209
-0.013009,3,17.310962
0.0,2,17.312899
0.0,5,17.317186
1.0,2,17.318964
-0.097607,3,17.32164
-0.208835,3,17.324176
0.0,5,17.328265
0.0,2,17.329839
-0.512579,3,17.332382
0.0,4,17.335701
1.0,6,17.340671
0.0,4,17.344143
0.0,3,17.346808
0.0,2,17.348608
0.0,2,17.350389
-1.0,3,17.353175
0.583871,3,17.355934
-0.177969,3,17.35864
0.0,3,17.361236
1.0,2,17.363102
-0.446988,5,17.367422
0.0,3,17.370043
0.0,3,17.372633
0.0,3,17.375208
0.0,3,17.377815
0.0,4,18.443123
0.0,4,18.446694
0.0,4,18.450496
0.717443,3,18.453257
-0.606501,5,18.457968
0.0,3,18.460668
0.0,4,18.46431
0.0,3,18.467013
-0.700355,3,18.469828
0.0,3,18.472479
0.0,3,18.475168
0.822831,2,18.476981
0.0,5,18.481507
0.0,5,18.486155
-0.389411,4,18.48976
-0.278111,2,18.491477
0.0,4,18.494885
0.0,4,18.498339
0.0,5,18.502582
1.5,2,18.504339
0.0,3,18.506845
-0.084012,2,18.508456
0.0,4,18.511957
0.0,5,18.516214
0.0,2,18.517975
-1.0,3,18.520418
0.0,2,18.52202
0.623566,2,18.523734
0.0,5,18.527923
0.0,3,18.530528
0.0,2,18.532272
0.0,4,18.535591
0.0,4,18.53959
0.0,2,18.541364
0.0,3,18.543945
0.0,3,18.546566
0.621275,3,18.549213
-0.301562,2,18.550899
0.0,2,18.552613
-0.595526,6,18.557694
0.0,2,18.559514
-1.0,6,18.564543
-1.0,4,18.567938
0.0427,2,18.56965
0.0,3,18.572164
0.0,5,18.576386
-1.0,3,18.578924
0.0,3,18.58156
0.0,3,18.584103
0.0,3,18.586599
-0.465927,4,18.589932
0.0,3,18.592535
0.0,3,18.595145
0.0,5,18.59935
-0.233775,5,18.603667
0.0,3,18.606226
0.0,2,18.608029
0.0,3,18.610891
-0.625654,4,18.614727
0.13301,3,18.617403
0.0,3,18.619957
-0.817012,2,18.621846
0.0,3,18.62437
0.0,2,18.62618
-0.533422,3,18.628734
-1.0,3,18.631161
0.0,3,18.633704
0.0,4,18.637134
0.0,4,18.640415
-0.107242,2,18.642189
0.0,3,18.644613
0.0,4,18.647933
-0.604161,6,18.653243
0.0,4,18.656739
-1.0,4,18.660038
-1.0,4,18.663509
-0.604669,2,18.665165
0.0,3,18.667623
0.0,3,18.670178
0.0,5,18.674192
0.0,3,18.67686
0.0,3,18.679514
-0.157215,5,18.683846
0.0,3,18.686361
0.0,4,18.689759
0.0,2,18.691621
0.0,3,18.694172
0.0,4,18.697623
-0.765699,3,18.700171
0.0,2,18.70191
0.0,3,18.704488
-0.532735,3,18.707152
0.0,4,18.710609
0.0,3,18.713412
0.0,3,18.715992
0.0,2,18.717659
0.5936,3,18.720481
0.0,2,18.722175
0.0,4,18.725601
0.399687,3,18.728205
0.0,4,18.731691
0.0,3,18.734382
0.0,4,18.737722
0.0,4,18.741154
-1.0,2,18.742884
0.0,5,18.747249
0.0,3,18.749811
0.0,4,18.753344
0.0,3,18.755817
0.0,3,18.758317
0.0,3,18.760862
0.0,4,18.76438
0.0,2,18.766218
-0.695385,3,18.768959
0.0,3,18.771487
0.0,4,18.774896
-0.242641,5,18.778981
-2.0,2,18.780849
0.0,2,18.782675
0.0,3,18.785327
-0.259,3,18.787924
0.0,4,18.791211
0.0,3,18.793638
-1.0,2,18.795497
0.0,3,18.798199
1.0,2,18.800109
0.0,3,18.802866
0.0,3,18.805481
0.0,3,18.808132
0.0,5,18.812525
0.0,4,18.816157
0.0,3,18.818703
0.0,2,18.820392
0.0,4,18.823737
0.0,4,18.827105
-1.0,5,18.831566
0.0,2,18.83339
0.0,2,18.835136
0.611062,3,18.838167
-0.694875,3,18.840833
0.0,3,18.843579
0.567838,2,18.845454
0.0,2,18.84733
0.0,3,18.850199
-1.0,3,18.85304
0.0,4,18.856385
-0.979916,4,18.860288
0.0,2,18.862185
0.0,4,18.865825
0.0,4,18.869258
-0.544688,2,18.871111
-0.263925,3,18.874
-0.002222,4,18.877609
0.426318,4,18.8814
0.0,2,18.883214
0.0,3,18.886043
-1.0,5,18.890733
-0.147758,3,18.893498
-0.024038,3,18.896317
0.0,3,18.898962
0.0,5,18.903551
-1.0,4,18.907145
-0.340524,3,18.910057
0.0,4,18.913818
0.0,4,18.917923
-1.0,3,18.921004
-0.113246,4,18.924918
-0.488507,6,18.930742
0.0,3,18.933551
0.0,2,18.935512
-0.603812,2,18.937307
0.032791,5,18.941898
0.0,3,18.945031
0.0,3,18.947998
0.0,3,18.951034
0.284431,3,18.954204
0.0,3,18.95718
0.0,2,18.958964
0.0,2,18.960812
-0.073422,3,18.963659
-0.036013,2,18.965504
-1.0,4,18.969225
0.0,3,18.972208
0.231315,3,18.975111
-0.426887,4,18.979097
0.808111,2,18.980919
0.0,4,18.984686
0.0,3,18.987599
-0.711321,2,18.989473
-1.0,3,18.992333
-0.680975,3,18.995312
-0.072135,3,18.998296
-0.308226,3,19.001223
0.0,4,19.005078
0.0,3,19.00805
0.0,3,19.010803
-0.383945,2,19.012739
-1.0,5,19.01744
-0.555556,3,19.020523
1.0,3,19.023366
0.0,2,19.025369
-0.099762,3,19.028363
-0.413116,4,19.032452
-0.772949,2,19.034437
-0.797258,3,19.037326
0.04426,2,19.039646
0.0,2,19.041845
0.0,3,19.044824
0.0,3,19.047985
0.0,3,19.050934
0.0,4,19.055117
0.0,6,19.060944
-0.069978,3,19.063871
-0.139992,2,19.065881
-0.704587,3,19.068792
-0.134349,5,19.073349
-1.0,3,19.076328
-1.0,3,19.079068
0.0,4,19.083009
0.0,3,19.085862
0.0,2,19.087892
-0.505376,3,19.090841
0.0,2,19.092656
-1.0,3,19.095355
-1.0,4,19.099022
0.0,2,19.101003
0.0,3,19.104131
1.0,2,19.106129
-0.685159,4,19.110088
0.0,2,19.111978
0.0,4,19.115777
0.0,4,19.119375
-0.972275,3,19.122163
1.0,3,19.125193
0.0,4,19.128953
0.0,3,19.1318
0.0,2,19.133739
0.0,2,19.13581
-0.146295,2,19.137865
0.0,2,19.140299
0.0,3,19.143999
-1.0,3,19.147575
0.0,3,19.150869
0.929922,2,19.153132
0.0,3,19.156465
0.0,4,19.161766
0.0,3,19.165565
-1.0,4,19.170173
-0.554106,3,19.173312
-0.414217,3,19.176125
0.0,3,19.179035
-1.0,2,19.180916
0.0,3,19.183795
-0.343653,3,19.187102
0.0,4,19.190943
-0.61151,4,19.194685
0.0,4,19.198475
0.0,3,19.201573
0.0,3,19.204786
-0.638163,2,19.20672
0.403725,2,19.208709
0.071914,3,19.211622
0.0,2,19.213761
0.0,4,19.217757
1.403579,2,19.219714
0.304312,4,19.223578
0.0,3,19.226465
0.0,3,19.229335
0.0,2,19.231368
-0.794245,3,19.234509
0.0,3,19.237459
0.207131,2,19.239354
0.0,4,19.243186
-1.0,4,19.246927
-0.368971,5,19.251663
0.0,4,19.255504
0.0,3,19.25837
0.0,4,19.262068
0.596746,2,19.26396
0.0,2,19.265951
-1.0,3,19.268888
0.0,2,19.27078
-0.668531,3,19.273659
0.0,4,19.277626
-0.437901,3,19.280469
1.197938,2,19.282379
-0.777336,5,19.286915
0.0,3,19.289773
0.0,2,19.291728
-0.842279,3,19.294768
0.685768,3,19.297941
0.0,3,19.301064
-1.0,3,19.304028
0.0,3,19.306774
-0.793892,3,19.309817
0.0,2,19.312034
0.0,2,19.314008
0.0,3,19.31711
0.0,2,19.31907
-0.675026,2,19.321092
-1.0,3,19.323961
0.0,4,19.327712
0.0,4,19.331273
0.0,3,19.333959
0.0,2,19.335787
-0.025515,4,19.339531
-0.149635,4,19.343101
0.0,3,19.345811
0.0,6,19.350997
0.0,4,19.354663
0.0,5,19.35898
0.0,2,19.360971
-0.734768,3,19.363846
-1.0,3,19.366852
0.0,3,19.369657
-0.283315,3,19.372454
-0.03854,4,19.376823
1.5,2,19.378685
1.0,2,19.380653
0.0,5,19.385014
0.344329,2,19.386817
0.0,4,19.390528
0.0,5,19.394994
0.0,5,19.399601
0.0,3,19.40239
-1.0,3,19.405082
-1.0,3,19.407776
2.0,2,19.409735
-0.167793,5,19.414102
0.0,3,19.417163
0.0,2,19.419067
0.0,2,19.421013
-1.0,4,19.424757
0.0,4,19.428349
0.0,3,19.431143
0.0,2,19.432881
0.0,2,19.434892
0.0,5,19.439581
0.0,5,19.444163
0.0,2,19.445897
-0.677624,4,19.449641
0.0,3,19.452486
0.0,4,19.456033
0.0,2,19.458053
0.0,4,19.461715
0.0,2,19.46385
0.0,4,19.467629
-1.0,3,19.470461
1.0,2,19.472516
0.0,6,19.478143
0.0,2,19.480177
0.0,4,19.484085
0.0,2,19.486045
0.0,4,19.489821
0.0,2,19.491798
-0.16638,5,19.49668
-0.608853,5,19.501826
0.0,3,19.504675
-1.0,3,19.507765
0.187216,3,19.510759
-0.052182,2,19.512681
0.0,3,19.515829
0.0,3,19.518692
0.0,2,19.520714
0.0,3,19.523561
0.0,3,19.526727
0.0,3,19.529728
0.0,2,19.531651
0.0,2,19.533674
-1.0,5,19.538404
0.0,4,19.542553
0.0,4,19.546285
0.0,2,19.548281
-0.125677,4,19.552111
0.364828,2,19.55407
0.0,3,19.557067
1.0,2,19.559071
0.0,3,19.562063
0.0,3,19.564982
0.0,3,19.567915
-0.826121,6,19.573577
-0.153809,3,19.576782
-0.04002,2,19.578762
-0.473107,5,19.583646
0.0,5,19.588161
0.0,3,19.591101
0.0,3,19.594165
-0.196569,3,19.597292
-0.650225,2,19.59934
-0.09431,4,19.60343
0.0,3,19.606365
0.0,2,19.608143
0.0,2,19.610044
0.0,2,19.612168
-1.0,3,19.614995
0.0,3,19.617903
0.0,3,19.620847
0.0,2,19.622721
0.0,3,19.625721
0.0,4,19.629369
0.0,3,19.632155
0.0,3,19.634822
-1.0,2,19.636584
0.0,3,19.639433
1.23292,2,19.641128
0.0,3,19.643881
-0.493514,3,19.646793
0.859696,2,19.648493
0.0,3,19.651243
0.0,4,19.654732
0.0,3,19.657264
0.0,2,19.659356
0.0,2,19.661243
0.0,4,19.66469
-0.709045,4,19.668181
0.0,4,19.671786
0.128487,3,19.674786
-0.252846,2,19.676637
0.0,2,19.678404
-1.0,6,19.684386
-0.29136,4,19.68823
0.0,3,19.691254
0.0,2,19.693144
-1.0,3,19.695753
-0.801738,3,19.698512
-0.898689,4,19.702034
0.0,5,19.706422
-0.521016,3,19.709213
0.0,3,19.71245
-0.113135,2,19.714334
0.0,2,19.71604
0.31753,2,19.718087
0.0,4,19.72181
0.0,4,19.725309
0.0,3,19.728631
0.0,2,19.730722
-0.849731,5,19.735378
0.0,2,19.737228
-0.84503,3,19.740274
0.0,4,19.744171
0.016367,2,19.746225
-0.106101,2,19.748233
0.0,3,19.751523
0.0,5,19.758701
0.0,5,19.767014
0.841141,3,19.772793
0.0,4,19.777655
-0.459992,3,19.782432
0.0,3,19.786448
0.0,3,19.790691
0.0,4,19.79604
0.0,3,19.799919
0.0,2,19.802535
0.0,4,19.807367
0.0,2,19.809656
0.0,2,19.812085
0.0,3,19.815078
0.0,3,19.81856
0.0,3,19.821918
1.0,4,19.825825
-0.423126,4,19.829619
0.137988,2,19.831573
0.4921,3,19.834229
-0.615732,3,19.837044
-0.081173,4,19.840589
-0.408998,3,19.843338
-0.563404,4,19.84687
0.0,3,19.849647
-0.275501,3,19.852557
0.0,4,19.856224
1.068647,2,19.858404
0.0,3,19.861487
0.0,4,19.865163
0.0,3,19.867941
0.0,2,19.869741
1.0,5,19.874062
0.0,4,19.877547
0.0,3,19.880142
0.0,3,19.882695
0.0,3,19.885353
0.0,3,19.887991
0.0,3,19.890634
-0.14676,3,19.89338
0.0,5,19.897987
0.0,3,19.900622
0.0,2,19.902344
1.5,2,19.904063
0.0,3,19.906788
0.0,3,19.909382
-1.0,3,19.911919
-0.432147,4,19.91541
-1.0,2,19.917064
-0.051847,4,19.920665
0.0,5,19.925083
0.0,4,19.928704
0.770565,3,19.931273
0.110788,2,19.933127
0.0,2,19.93486
-0.658377,3,19.937454
0.059222,3,19.94
0.0,2,19.941693
0.706975,4,19.945106
0.0,5,19.949508
0.0,3,19.952286
0.0,5,19.956846
-1.0,3,19.95945
1.0,2,19.961344
0.0,4,19.964992
-0.412245,4,19.968556
0.76926,3,19.971193
0.0,4,19.974745
0.0,2,19.976586
0.0,3,19.97932
-0.281737,2,19.981193
0.0,2,19.983116
0.0,3,19.985903
0.0,3,19.988679
-1.0,5,19.99306
-0.118756,2,19.994869
0.0,3,19.997527
-1.0,4,20.001116
0.0,4,20.004821
0.0,3,20.007625
0.0,7,20.013963
1.5,2,20.016057
0.0,2,20.018199
0.0,2,20.020345
-0.430578,4,20.023939
-0.099598,4,20.027575
0.0,3,20.030282
0.0,3,20.03301
-0.399935,5,20.037358
0.0,2,20.039501
0.0,5,20.043844
-0.265799,3,20.046455
-0.733087,5,20.050581
0.889945,2,20.052399
0.0,4,20.055817
0.0,4,20.059285
0.0,4,20.062656
-0.38057,3,20.06535
0.0,2,20.067061
0.246473,2,20.068918
0.0,3,20.071845
-1.0,2,20.073741
0.0,2,20.075428
0.0,3,20.078116
0.0,4,20.081582
0.0,4,20.085122
0.0,3,20.087718
0.0,2,20.089496
-0.096164,3,20.092056
-0.316157,4,20.095997
0.0,4,20.099533
0.0,3,20.102287
-0.398092,3,20.104903
0.0,3,20.107541
-1.0,3,20.110098
-1.0,4,20.113511
-0.445942,3,20.116205
-0.115133,2,20.117987
0.0,4,20.121596
0.0,2,20.123426
-0.361906,5,20.127717
0.0,3,20.130365
0.0,3,20.132873
-0.854363,3,20.13543
0.0,2,20.137211
0.0,2,20.138919
0.0,2,20.140586
0.0,3,20.143221
-0.005614,4,20.146565
-0.875325,3,20.149443
-0.118126,3,20.152654
0.0,3,20.15544
-0.427325,5,20.159713
0.0,3,20.162272
0.0,4,20.165586
-0.3317,3,20.168107
0.052912,3,20.171077
0.0,3,20.173882
-1.0,3,20.17691
-0.759603,3,20.180127
-0.958022,4,20.184366
-0.621124,4,20.187906
0.373736,3,20.190678
0.0,3,20.193616
0.229664,3,20.196548
-0.171083,3,20.199678
0.660097,3,20.20259
0.0,4,20.20662
0.0,4,20.210226
0.0,5,20.214535
0.0,4,20.218183
-0.240636,4,20.222494
0.0,4,20.226011
0.0,4,20.229462
0.0,3,20.232106
0.0,3,20.234631
0.0,3,20.237212
0.0,3,20.239724
-0.396329,3,20.242236
0.0,2,20.24396
-0.972163,2,20.245726
0.0,5,20.249931
0.0,3,20.252568
0.550299,3,20.255449
0.0,3,20.258057
-0.170411,3,20.260797
0.0,4,20.26422
0.0,4,20.267687
0.0,3,20.270409
0.0,4,20.273919
-0.113483,5,20.27825
0.0,2,20.28014
-0.116882,5,20.284481
-1.0,4,20.287926
0.0,4,20.292243
-0.773831,4,20.295875
0.0,4,20.299239
-1.0,3,20.301779
-0.384266,3,20.304324
0.0,2,20.306178
0.0,3,20.308677
-0.690143,3,20.311267
0.0,3,20.313849
1.0,2,20.315588
0.701507,4,20.318825
-0.190405,4,20.322441
0.0,2,20.324181
0.0,5,20.328393
0.0,2,20.330065
0.0,4,20.333508
-0.903057,4,20.336719
-1.0,4,20.34009
0.0,3,20.342612
-1.0,3,20.345107
0.0,3,20.347609
-0.569454,4,20.350936
0.0,3,20.353363
0.0,3,21.354807
-0.866733,2,21.356571
-0.587161,5,21.3608
0.0,2,21.362818
0.0,3,21.365312
-0.638843,4,21.368639
0.0,3,21.371123
0.0,4,21.374476
0.0,3,21.377287
0.0,3,21.380156
0.0,2,21.382193
0.0,4,21.386311
-0.48911,4,21.390646
0.0,5,21.395258
0.0,3,21.39792
0.0,3,21.400537
0.0,4,21.404166
0.0,3,21.406824
0.14603,3,21.409506
0.993857,3,21.412099
0.0,3,21.414701
0.0,4,21.418499
-0.286278,2,21.420302
0.0,4,21.425323
-1.0,4,21.429108
0.0,2,21.430923
0.0,3,21.434524
0.0,3,21.437444
-1.0,4,21.441093
-0.590623,3,21.443826
0.0,2,21.445578
0.0,5,21.449995
0.577931,2,21.451784
0.0,5,21.456569
0.597633,3,21.459209
0.0,3,21.461804
0.0,2,21.463755
0.0,3,21.466283
-0.325763,5,21.470563
0.0,5,21.474859
-0.38608,3,21.477541
0.0,4,21.480814
0.0,3,21.483557
0.0,2,21.485493
0.320641,3,21.488139
0.0,3,21.490839
0.0,3,21.493372
0.0,3,21.496008
0.0,2,21.49777
0.0,3,21.500311
-0.031519,3,21.502788
0.0,3,21.505353
0.0,2,21.507063
0.0,3,21.509803
0.0,3,21.512442
-0.381132,5,21.516692
0.0,3,21.519419
0.0,5,21.524041
0.0,3,21.527674
0.0,2,21.529434
0.0,2,21.531394
0.0,4,21.534826
0.0,3,21.537473
0.0,6,21.542773
-1.0,2,21.544551
-0.227088,7,21.550453
0.0,6,21.55573
0.0,2,21.557514
0.0,3,21.560182
0.0,3,21.562834
0.0,5,21.567652
0.0,5,21.572327
0.0,3,21.575218
-0.672081,3,21.577639
0.0,3,21.580308
0.0,3,21.582803
0.0,3,21.58525
-0.592812,3,21.588052
0.0,4,21.591248
0.0,3,21.593875
0.0,2,21.595571
-1.0,4,21.598781
-0.207811,3,21.601476
-0.270772,3,21.604062
0.0,3,21.606888
-0.471884,2,21.608723
0.0,3,21.611272
0.73748,4,21.61465
-0.976197,4,21.618162
-0.991582,7,21.625339
-0.524985,3,21.628107
0.0,2,21.629813
0.0,3,21.632434
0.0,2,21.634161
-0.804942,2,21.63606
-0.477325,4,21.639397
0.0,2,21.641085
-1.0,2,21.642984
0.0,3,21.645648
0.0,2,21.64727
0.0,3,21.649949
0.0,3,21.652511
0.896541,4,21.65631
0.0,3,21.658998
0.0,6,21.664253
0.0,3,21.666827
0.0,3,21.669436
0.0,3,21.671984
0.0,2,21.673615
0.0,3,21.676201
1.0,3,21.6787
-0.359072,2,21.680273
0.822698,3,21.682678
-0.142934,3,21.685185
0.0,3,21.687545
0.0,4,21.691002
0.0,3,21.693624
-0.164943,4,21.696981
0.0,3,21.699526
0.0,6,21.704512
0.0,4,21.707899
0.0,3,21.710463
0.0,3,21.713295
0.0,4,21.716805
0.866728,2,21.719171
0.0,4,21.72328
-1.0,3,21.725989
-1.0,3,21.728606
0.0,3,21.731176
0.0,3,21.734013
0.0,2,21.735754
1.5,2,21.737466
0.0,3,21.740188
-0.802986,5,21.744462
0.0,3,21.747238
0.0,2,21.749241
0.062337,3,21.751773
-0.283039,3,21.754483
0.0,2,21.756145
-0.897427,3,21.758661
0.0,5,21.763062
0.0,2,21.764789
0.0,2,21.76664
0.0,2,21.768608
0.0,4,21.772071
-1.0,2,21.773981
0.0,2,21.775734
0.0,2,21.777449
0.0,3,21.780078
1.0,4,21.783771
-1.730408,2,21.785532
-1.204548,2,21.78733
0.0,4,21.790945
0.0,2,21.792696
0.0,2,21.794392
1.5,2,21.79623
0.0,4,21.799605
-0.199074,2,21.801539
0.0,2,21.80337
0.744968,2,21.805113
0.098673,2,21.80695
-0.243765,3,21.809533
-0.085492,3,21.812259
0.0,4,21.815705
0.0,4,21.819406
-0.695686,3,21.82191
0.0,2,21.824528
0.0,3,21.82753
0.0,3,21.830589
0.0,5,21.834711
0.0,3,21.837468
-0.633999,3,21.840108
0.0,3,21.842706
0.0,3,21.845672
0.0,3,21.848288
0.0,3,21.851161
0.0,3,21.853649
-0.115586,5,21.858005
0.0,3,21.860703
-1.0,3,21.86317
0.0,5,21.86759
0.0,3,21.87009
0.0,5,21.874354
1.5,2,21.876254
0.0,3,21.879049
0.0,4,21.8826
0.0,3,21.885344
0.0,4,21.888884
0.0,5,21.89325
0.0,3,21.895715
0.0,3,21.898254
0.0,3,21.900961
0.0,3,21.903637
-0.156558,5,21.907937
0.0,5,21.912122
-0.032313,2,21.913916
0.0,2,21.915736
0.0,3,21.918406
0.0,2,21.920597
-1.0,3,21.923963
-0.114145,4,21.92769
0.0,2,21.929524
0.0,3,21.932133
0.0,2,21.933994
0.0,3,21.93661
0.0,3,21.939411
0.0,3,21.942202
0.0,6,21.947189
0.0,2,21.949121
0.0,2,21.951041
0.888513,2,21.952764
0.0,2,21.954723
0.0,2,21.956479
0.0,2,21.95819
0.0,2,21.959854
0.0,2,21.961599
-0.363895,2,21.963326
0.0,3,21.965956
-0.380086,2,21.967756
0.0,2,21.969576
-1.0,3,21.972219
0.0,3,21.974756
0.0,4,21.978487
0.0,4,21.981888
0.0,3,21.984557
0.0,2,21.986306
0.0,3,21.988914
-0.138889,3,21.991629
0.0,3,21.994443
0.0,3,21.997125
0.0,3,21.999874
0.0,3,22.002525
0.530272,5,22.00705
0.0,4,22.010576
0.0,4,22.014049
0.0,4,22.017752
0.0,2,22.019649
0.0,5,22.024086
0.0,4,22.028694
-1.0,3,22.031672
0.0,4,22.035239
1.0,2,22.037095
-0.158754,4,22.040791
0.0,3,22.043388
0.0,5,22.047767
0.0,5,22.05202
0.0,2,22.053895
0.990524,2,22.055606
0.0,2,22.057352
-1.0,4,22.06084
0.0,4,22.06424
0.0,3,22.066947
0.0,3,22.069464
0.0,4,22.072822
-1.0,5,22.077159
0.086059,2,22.078904
0.0,3,22.081591
1.5,2,22.083444
0.0,3,22.086038
-0.0217,4,22.089694
-0.363729,2,22.091418
-0.194925,3,22.094189
0.0,6,22.099303
-1.0,3,22.10189
-0.886542,5,22.106031
0.609642,3,22.108708
-1.0,4,22.112103
-0.065095,3,22.114718
0.0,3,22.117191
-0.193443,6,22.123856
1.019298,2,22.127541
0.0,3,22.132473
0.0,2,22.134881
0.0,3,22.139505
-1.0,4,22.14491
1.5,2,22.148527
-0.872821,3,22.154348
0.282127,2,22.158472
0.0,2,22.162336
0.0,4,22.167832
0.137792,3,22.17192
-1.0,4,22.179847
0.0,2,22.182882
-0.352789,4,22.187616
0.0,3,22.190876
0.0,5,22.19601
-0.347055,2,22.19793
0.0,4,22.202345
-1.0,4,22.205984
0.0,3,22.208957
-1.0,3,22.212055
0.0,2,22.214205
-1.0,5,22.219031
-0.14623,2,22.221241
1.0,2,22.223278
0.0,2,22.225462
-1.0,4,22.229935
-1.0,6,22.235616
0.923612,3,22.238509
0.0,3,22.241685
-1.0,2,22.243668
0.0,4,22.247433
0.0,3,22.250274
1.0,3,22.252959
-0.816482,5,22.257874
0.0,2,22.259773
-0.830607,4,22.263467
0.0,5,22.268069
-0.091344,3,22.271033
0.0,2,22.272947
0.0,5,22.277532
0.604838,7,22.28393
-0.126218,2,22.285711
0.0,6,22.291008
0.0,2,22.292889
0.0,4,22.296748
0.0,2,22.298709
0.0,2,22.300571
0.0,4,22.304585
0.0,4,22.308585
0.0,2,22.310582
-0.334128,4,22.314386
0.0,2,22.316139
0.0,3,22.319001
0.0,2,22.321045
-0.321195,4,22.32467
-0.138827,2,22.326607
-0.067048,3,22.329481
-1.0,3,22.33232
0.246915,4,22.335973
0.0,2,22.337906
0.0,3,22.340562
1.0,3,22.343293
-0.185444,2,22.345426
0.0,3,22.348692
0.0,4,22.352672
0.0,3,22.355778
0.0,2,22.357634
-0.97211,2,22.359908
-0.653706,4,22.363708
-1.0,3,22.36635
0.0,2,22.368312
-0.881146,4,22.372144
0.0,3,22.375187
0.0,2,22.376993
-0.106462,5,22.381663
0.0,3,22.384221
0.0,2,22.386213
0.0,3,22.390293
0.0,4,22.394944
0.0,3,22.397811
1.5,2,22.399658
-0.567943,4,22.403456
-0.85489,3,22.406134
0.0,2,22.4083
0.0,2,22.410377
0.0,4,22.41421
0.0,2,22.416111
0.0,3,22.41875
0.0,2,22.420559
2.0,2,22.422477
0.0,3,22.425429
0.0,5,22.430446
0.0,4,22.43397
-1.0,5,22.438786
0.0,3,22.441492
-0.524559,4,22.445507
0.0,2,22.447262
0.212298,3,22.45005
0.0,3,22.452582
-0.233131,4,22.456347
0.0,3,22.459134
0.0,4,22.462804
-0.085027,3,22.465654
-1.0,5,22.470054
0.0,2,22.471992
0.0,2,22.473701
0.0,4,22.477488
0.0,2,22.479519
0.0,4,22.482944
0.996905,4,22.487006
-0.719795,3,22.48957
-0.589829,4,22.493661
0.0,2,22.495599
0.0,2,22.497314
-1.0,4,22.50105
0.604491,2,22.502779
0.0,4,22.506514
0.0,3,22.509101
1.0,3,22.511899
0.652425,3,22.514574
0.0,3,22.517235
-0.732044,3,22.520245
-0.34976,4,22.523521
-0.184904,6,22.529198
1.5,2,22.530959
-0.264755,3,22.533825
0.0,3,22.536312
0.0,3,22.539053
0.0,2,22.541419
0.35066,3,22.544152
0.0,4,22.548146
0.386404,2,22.550049
-1.0,3,22.552573
0.0,4,22.556353
0.0,3,22.558863
1.0,3,22.561583
-1.0,3,22.564258
0.0,4,22.567885
0.83161,2,22.569602
1.5,2,22.571329
-0.289651,3,22.573995
-0.136348,4,22.577931
0.0,3,22.580513
-0.17132,3,22.583657
0.0,4,22.586999
0.0,3,22.589867
0.402971,4,22.593358
0.405918,2,22.595539
0.869725,5,22.599897
1.5,2,22.601793
0.0,3,22.604733
0.0,2,22.606453
0.0,4,22.610266
1.198322,2,22.612142
0.0,4,22.615861
-0.843587,3,22.618875
0.172864,2,22.620929
0.0,4,22.6248
0.0,2,22.626952
-0.458419,3,22.62979
0.0,3,22.632601
0.0,2,22.634307
0.0,3,22.637256
0.0,2,22.639091
0.0,2,22.640875
0.528529,5,22.64531
0.0,2,22.64726
0.0,2,22.649015
0.077681,2,22.650931
0.0,2,22.652823
0.0,5,22.657231
0.0,3,22.660245
0.0,3,22.66288
0.0,4,22.666572
0.0,2,22.668403
1.5,2,22.670078
0.0,3,22.672854
0.0,4,22.676277
0.0,3,22.678984
0.0,3,22.681624
0.0,4,22.685039
0.0,2,22.687055
0.0,2,22.68884
0.0,3,22.691514
-0.751965,3,22.694438
0.0,4,22.697908
0.0,2,22.699659
-1.0,2,22.701637
0.0,4,22.705391
-0.507347,2,22.707288
-0.126052,3,22.710449
-1.0,2,22.712419
0.0,2,22.714453
-0.029223,4,22.718268
0.0,3,22.721118
0.0,4,22.72536
-0.5851,3,22.728095
0.0,3,22.730784
0.0,4,22.734339
-0.106616,2,22.736289
0.0,4,22.739857
0.0,2,22.741714
0.0,3,22.744649
-0.43056,3,22.747403
0.0,4,22.751234
0.853818,2,22.753019
-0.349123,3,22.755643
0.193537,2,22.757679
-0.215813,4,22.761329
0.0,3,22.764229
0.0,3,22.766911
0.0,3,22.769597
0.0,4,22.773391
0.0,2,22.775166
0.0,4,22.778852
0.0,4,22.782411
0.0,3,22.785422
-0.705158,3,22.788104
-0.217885,4,22.791752
0.0,4,22.795477
0.0,4,22.799267
-1.0,4,22.80284
0.0,4,22.806647
-0.691375,3,22.809409
0.0,2,22.811244
0.0,2,22.813192
0.0,4,22.816673
-0.547438,2,22.818583
0.0,2,22.820526
0.0,3,22.823195
0.0,4,22.826867
-1.303098,2,22.829001
0.0,2,22.830824
0.0,3,22.833662
-0.274986,3,22.83624
0.0,3,22.839038
0.0,3,22.842001
0.913337,3,22.844741
0.0,3,22.847635
-0.416042,3,22.850391
0.244339,2,22.852125
0.0,3,22.855032
-1.0,3,22.857732
-0.020587,4,22.861441
0.0,2,22.863423
1.0,5,22.868034
0.0,2,22.86992
-0.262191,2,22.871767
0.0,3,22.874639
-1.0,5,22.879281
0.027007,3,22.882146
-0.634724,4,22.885735
-0.993139,3,22.88848
0.0,2,22.890382
0.0,3,22.89318
0.0,4,22.896828
0.0,3,22.899452
0.0,3,22.902111
0.0,4,22.905774
-0.161513,3,22.908462
0.13578,4,22.912014
0.0,3,22.914563
0.0,2,22.916445
0.0,3,22.919127
0.0,2,22.920852
0.0,2,22.922617
0.0,4,22.926374
0.0,5,22.930848
0.0,2,22.932629
-1.0,3,22.935239
0.877344,2,22.937231
-0.599912,5,22.941581
1.5,2,22.943351
0.0,3,22.946382
0.0,2,22.948189
0.0,3,22.950854
0.0,2,22.95278
-0.337646,5,22.957129
0.0,2,22.959048
0.0,5,22.963301
0.11516,3,22.966306
-1.355571,2,22.968162
0.0,4,22.971644
0.0,3,22.974651
0.0,4,22.978317
0.0,2,22.980288
0.0,5,22.984635
0.0,2,22.986628
0.0,4,22.990128
0.0,2,22.991956
0.0,3,22.994864
0.0,2,22.9966
0.0,3,22.999356
0.0,3,23.002279
-2.0,2,23.004116
0.0,4,23.007856
0.0,3,23.010534
0.0,3,23.013188
-1.0,3,23.016001
-0.411048,2,23.017908
0.0,4,23.021846
0.089612,2,23.023632
0.0,4,23.027208
0.0,2,23.029042
0.0,2,23.031103
0.027333,3,23.033792
-0.214794,5,23.038494
0.0,4,23.042316
0.0,3,23.044953
0.0,4,23.048605
0.310146,2,23.050467
0.568639,4,23.053956
0.0,3,23.056882
0.0,3,23.059592
0.0,2,23.061412
0.0,3,23.06438
0.0,2,23.066108
0.0,3,23.068682
0.0,3,23.071555
0.0,4,23.075081
0.0,3,23.07793
0.0,3,23.080627
0.0,4,23.084342
0.728416,2,23.08611
0.0,4,23.089582
0.893635,3,23.092428
0.0,2,23.094217
0.0,3,23.096829
0.111472,2,23.098683
0.0,3,23.101344
0.0,3,23.104179
0.0,6,23.109313
0.0,5,23.11408
-0.132434,4,23.11769
-0.987096,3,23.120647
0.0,3,23.123325
0.0,2,23.125255
-0.791825,3,23.128336
0.0,2,23.130266
0.0,3,23.133343
0.0,2,23.135292
0.0,5,23.139862
0.0,3,23.142675
0.0,2,23.144468
1.5,2,23.146452
0.0,3,23.149212
-0.522868,4,23.1529
-0.333115,5,23.159751
0.0,4,23.165143
0.0,2,23.168021
-0.204969,5,23.174561
0.034109,3,23.180797
-1.0,5,23.185828
0.0,3,23.190812
-0.196555,3,23.195594
0.0,2,23.197754
0.0,2,23.199712
-0.106799,3,23.20348
0.0,3,23.206469
-1.0,3,23.209952
0.0,4,23.213914
0.0,3,23.217535
0.0,3,23.220582
-0.314772,3,23.224417
0.0,4,23.230117
0.0,3,23.234031
0.0,4,23.238904
1.0,4,23.243559
0.0,3,23.246853
0.0,4,23.251495
1.481558,2,23.253549
0.0,4,23.257946
0.0,3,23.260984
-0.299043,3,23.264475
0.0,2,23.266553
0.0,5,23.271649
-0.199392,3,23.274639
-0.517577,2,23.276462
0.0,3,23.280445
0.0,5,23.286219
-1.736107,2,23.288789
0.509925,3,23.292359
0.0,3,24.394531
0.0,2,24.396655
0.010652,4,24.401161
0.0,3,24.404089
-0.037183,2,24.406425
0.0,4,24.410884
0.0,2,24.413021
0.0,3,24.416045
-1.0,5,24.420867
0.0,3,24.42403
0.0,2,24.426205
0.0,3,24.42991
-0.579597,3,24.433201
-0.257138,3,24.436679
0.0,3,24.439731
0.0,2,24.441978
0.0,2,24.444164
-0.350932,5,24.449237
0.0,4,24.452905
0.0,3,24.456003
0.0,2,24.457958
0.0,2,24.459781
0.0,4,24.463775
-0.238126,4,24.467371
1.0,3,24.470528
0.0,3,24.473208
-0.489918,3,24.475944
0.0,4,24.479982
0.0,3,24.482882
-0.034905,4,24.486931
-0.042654,3,24.490191
0.0,3,24.493331
0.0,3,24.49625
0.0,3,24.499256
-0.378413,3,24.50201
-0.924792,3,24.50526
-1.0,3,24.50802
0.369817,4,24.512302
-0.024126,3,24.515196
0.0,3,24.518469
-0.148011,4,24.522369
-0.311134,4,24.526865
0.0,3,24.529737
-0.596548,3,24.533308
0.0,5,24.538372
0.0,4,24.542811
0.0,3,24.546141
-0.591607,3,24.549094
0.582663,3,24.552041
0.914561,2,24.554271
0.0,2,24.556194
0.0,3,24.559327
-1.0,5,24.564222
0.0,3,24.567645
0.0,7,24.574558
0.0,3,24.57725
0.0,3,24.580323
0.0,3,24.583459
0.0,3,24.586225
0.0,3,24.589475
0.0,3,24.59212
0.0,3,24.595423
0.574775,2,24.597217
0.774096,2,24.598933
0.0,2,24.600816
-0.796249,5,24.60547
0.0,2,24.607574
0.0,2,24.609711
-0.382369,3,24.612508
0.0,4,24.616623
-1.0,4,24.620169
0.0,3,24.623357
0.0,3,24.626089
0.0,4,24.630327
0.0,3,24.633359
0.0,2,24.635344
0.0,4,24.639409
0.0,3,24.642348
0.0,3,24.645472
0.0,4,24.649145
0.0,4,24.653077
-1.0,5,24.658464
0.0,3,24.661567
0.0,5,24.666483
-0.631284,3,24.669358
0.0,3,24.672469
0.0,2,24.674541
0.0,4,24.678213
0.689175,2,24.680069
-0.365832,2,24.681964
-0.76342,3,24.684804
0.0,3,24.687731
0.0,3,24.690603
0.0,3,24.693392
0.0,4,24.697103
-0.763304,6,24.70247
-1.0,3,24.705213
1.5,2,24.706925
-0.403208,4,24.710393
0.0,2,24.712174
0.0,3,24.714765
0.0,3,24.717286
0.0,6,24.722347
-0.444713,2,24.724022
0.066825,2,24.725876
0.0,4,24.729447
0.0,3,24.732123
0.0,2,24.733864
1.5,2,24.735493
0.0,3,24.73805
0.0,5,24.742251
0.0,2,24.744032
-1.0,2,24.745671
0.0,3,24.748334
0.0,4,24.751749
0.0,4,24.755316
0.0,4,24.758658
-0.006164,3,24.761229
0.0,3,24.76365
1.0,2,24.765362
0.0,2,24.767191
-0.800261,3,24.769692
0.0,3,24.772217
-0.562359,5,24.776345
0.0,2,24.77802
0.0,3,24.780506
0.0,3,24.783193
0.0,3,24.785824
0.755727,3,24.78846
0.0,3,24.790988
0.0,2,24.792626
0.0,3,24.795242
0.0,4,24.798547
-0.916613,3,24.801102
-0.652914,4,24.804568
0.0,3,24.806992
0.0,2,24.808747
0.0,4,24.812405
0.0,5,24.816597
0.0,2,24.818444
0.0,4,24.821892
0.509811,2,24.823656
-0.667547,4,24.827132
0.0,3,24.829566
0.0,3,24.832983
-0.919488,3,24.83561
-0.22817,4,24.839732
-0.294173,5,24.844697
0.0,2,24.846729
0.0,4,24.849993
0.312999,3,24.853116
0.0,2,24.854779
0.0,4,24.858338
-0.430895,3,24.861094
0.0,2,24.862718
0.0,2,24.864491
0.0,3,24.867446
0.0,2,24.869138
0.0,3,24.872174
0.0,3,24.874969
-0.182028,5,24.879772
-0.25371,3,24.882447
0.0,2,24.884196
0.206661,4,24.888206
0.0,3,24.890865
0.10465,2,24.893013
0.0,3,24.895877
-0.107014,3,24.898462
0.0,3,24.901686
0.610002,2,24.903496
0.0,3,24.906603
0.0,2,24.908764
-0.03209,5,24.913662
-0.070266,4,24.917598
0.0,2,24.91935
0.0,5,24.924347
0.101673,4,24.928328
0.0,4,24.932309
0.0,5,24.937304
0.0,4,24.940957
-0.011324,7,24.947654
0.0,4,24.951286
0.0,2,24.953084
0.0,4,24.956779
0.0,4,24.960427
0.0,2,24.962403
-0.277287,3,24.964977
-0.831466,3,24.967674
0.0,2,24.969613
0.0,2,24.971414
-0.880407,3,24.974046
-1.0,3,24.976777
-0.19717,2,24.978558
0.0,2,24.980269
0.0,3,24.983046
0.0,5,24.987383
0.0,3,24.990785
0.0,3,24.993463
0.0,4,24.996938
0.0,3,24.999543
-1.0,5,25.003682
0.0,5,25.007852
-0.318644,3,25.010577
-0.966544,2,25.012363
0.0,3,25.014875
0.0,3,25.017549
0.0,3,25.020054
-0.44334,2,25.021746
-0.824519,5,25.026298
-0.648308,3,25.028878
0.0,4,25.032451
0.0,4,25.035939
0.0,3,25.038683
0.0,3,25.041508
-0.23688,2,25.043282
0.0,3,25.04604
0.0,5,25.050291
-0.830379,4,25.05379
0.0,3,25.056306
0.0,3,25.058958
0.0,3,25.061593
-0.981353,2,25.063219
0.0,3,25.065711
0.0,4,25.069236
0.0,4,25.072584
-0.382751,2,25.074422
-0.407448,3,25.076902
-0.322601,4,25.080361
0.0,2,25.081978
0.0,4,25.085277
0.0,3,25.087888
0.0,2,25.089576
-1.0,4,25.092866
0.0,4,25.096281
0.0,4,25.099559
0.0,4,25.102933
0.0,6,25.107746
-1.0,3,25.110297
-1.0,5,25.114335
1.0,4,25.117665
0.446299,2,25.119261
0.0,2,25.120856
0.0,2,25.122676
-1.0,3,25.125257
0.0,2,25.126915
0.0,2,25.128575
0.0,3,25.131346
-0.54022,3,25.133882
0.0,4,25.137268
-0.334672,3,25.139714
0.818087,2,25.141357
-0.557706,3,25.143985
-0.324671,5,25.147994
0.0,3,25.150604
-0.029793,4,25.153995
-0.412244,5,25.158649
-0.797064,2,25.160326
0.0,4,25.163924
0.0,2,25.166085
0.0,4,25.169443
0.0,2,25.171921
-1.0,4,25.175623
-0.234551,4,25.17951
0.0,4,25.182999
0.0,2,25.184996
0.0,2,25.187186
0.0,3,25.189744
0.420677,3,25.192806
1.5,2,25.194717
0.0,2,25.196441
-0.940231,5,25.201192
-0.870457,3,25.203704
0.0,4,25.20752
0.0,3,25.210069
0.0,2,25.211766
-1.0,4,25.215546
0.0,3,25.218067
0.0,2,25.220043
-0.481042,3,25.222613
0.0,2,25.224344
-0.599304,3,25.227302
-0.347129,3,25.230187
0.0,2,25.231872
-0.967469,3,25.234857
0.0,2,25.236974
0.0,3,25.23981
0.0,3,25.244054
-1.0,2,25.24598
0.0,4,25.250739
-0.448073,4,25.255135
0.0,4,25.259534
0.0,3,25.262948
0.0,3,25.266059
0.0,3,25.269086
0.0,3,25.272012
0.0,5,25.276586
0.0,3,25.279166
0.000787,3,25.281775
0.0,4,25.285203
1.0,2,25.286995
0.0,3,25.289586
0.0,2,25.291242
-0.012139,2,25.292836
0.0,3,25.295346
-0.175201,4,25.298597
0.0,3,25.30117
0.896148,2,25.302861
0.0,3,25.305279
0.0,3,25.307739
0.0,2,25.309341
0.0,3,25.311918
0.0,2,25.313591
0.0,4,25.316938
0.0,4,25.320191
0.0,2,25.32185
0.0,5,25.325922
0.0,3,25.328353
0.0,3,25.331052
0.0,3,25.333722
0.0,4,25.336993
0.0,3,25.339527
-0.271534,3,25.341887
0.0,4,25.345244
-1.0,3,25.347655
-0.19811,4,25.350867
0.0,4,25.354088
0.0,3,25.356521
0.0,2,25.358138
0.0,4,25.361354
0.0,3,25.363823
0.0,4,25.367119
-0.230966,3,25.369585
0.0,2,25.371319
0.0,3,25.373864
-0.07948,3,25.376254
-0.743512,5,25.380371
1.41872,2,25.381984
-0.42184,2,25.383589
-0.008715,3,25.38619
0.0,2,25.387887
0.0,3,25.390325
0.0,3,25.392757
0.0,4,25.395989
-0.244985,3,25.398363
0.0,3,25.400878
0.0,3,25.403244
1.5,2,25.404825
-0.838953,3,25.407492
-0.428356,3,25.410384
0.0,4,25.415074
0.0,3,25.417931
0.0,3,25.421075
-0.863391,3,25.423716
0.0,6,25.428958
0.0,2,25.43087
0.0,2,25.432711
-2.0,2,25.434603
0.0,4,25.438084
0.0,2,25.439803
0.0,2,25.441682
0.0,3,25.444299
1.410187,2,25.446115
-1.0,2,25.44818
0.0,2,25.450119
0.0,3,25.452652
-0.231333,4,25.456183
0.0,4,25.459534
0.0,4,25.462823
1.024133,2,25.464492
0.0,4,25.467608
0.0,3,25.470504
0.716694,5,25.475015
0.0,6,25.480513
0.0,3,25.483506
0.0,4,25.487755
0.387162,2,25.489764
-1.0,3,25.4931
0.0,5,25.49757
-0.123535,2,25.499743
-0.509891,2,25.501886
0.0,3,25.504876
0.0,4,25.50844
0.0,3,25.511034
0.0,3,25.513783
-0.355522,4,25.517217
0.0,3,25.51997
-0.048755,2,25.521817
0.0,5,25.527004
0.0,2,25.529456
0.0,2,25.531368
1.388125,2,25.533526
-0.526649,2,25.535971
0.0,2,25.538381
-1.0,3,25.542131
-0.098041,2,25.543991
0.0,3,25.546937
-0.620372,2,25.548997
-0.595908,3,25.551681
0.0,3,25.554354
0.0,3,25.557097
0.0,3,25.559601
1.5,2,25.561702
0.0,3,25.564361
0.0,2,25.566149
0.0,5,25.570443
0.0,2,25.572128
0.0,4,25.57612
0.0,3,25.578675
0.0,3,25.58141
0.0,3,25.584306
-0.160757,3,25.586828
-0.095962,3,25.58979
0.0,2,25.591581
0.0,3,25.59415
0.0,3,25.597074
0.0,4,25.600516
0.64219,2,25.602534
0.0,3,25.605191
0.0,2,25.60713
0.0,3,25.610245
0.0,5,25.614646
0.0,3,25.617325
0.0,4,25.620762
0.0,2,25.622579
0.0,4,25.626226
-0.638013,4,25.629781
1.0,2,25.632458
0.0,2,25.634538
0.0,4,25.638602
0.0,2,25.640408
0.0,2,25.642264
-0.351166,4,25.645774
-1.0,3,25.648342
-0.370525,4,25.652123
0.0,3,25.655012
0.0,3,25.657842
0.0,2,25.659856
-1.0,3,25.662494
0.0,6,25.668391
0.0,2,25.670476
0.041681,3,25.674166
0.0,3,25.677056
-0.502367,4,25.680882
0.0,5,25.685667
0.0,4,25.693315
0.956392,2,25.696714
0.0,3,25.701615
0.0,3,25.706516
0.0,4,25.711892
0.0,4,25.71678
1.0,4,25.722469
-0.61875,4,25.72862
0.0,4,25.733693
0.0,2,25.736416
0.0,3,25.739533
0.0,2,25.741662
0.0,2,25.744277
0.0,4,25.747928
0.0,2,25.750571
0.630021,2,25.752962
0.0,4,25.757341
0.0,3,25.761061
0.0,4,25.76496
1.5,2,25.76695
0.0,4,25.771364
-0.35585,3,25.774216
0.0,3,25.777098
0.0,2,25.779099
-0.280665,5,25.783582
-0.437853,3,25.78627
0.0,3,25.788853
1.0,4,25.79239
0.0,2,25.794124
0.0,4,25.797627
0.0,4,25.801163
1.001177,2,25.80332
0.0,2,25.805617
0.0,4,25.809277
-0.050145,4,25.813516
-0.264536,3,25.816154
-0.523787,4,25.819662
0.0,2,25.821476
0.667493,4,25.824876
0.0,3,25.827544
0.0,4,25.830996
0.0,4,25.834631
0.0,3,25.837374
0.0,2,25.839472
0.0,4,25.843132
0.0,3,25.846006
0.336848,2,25.848038
0.0,2,25.849777
0.0,2,25.851477
-0.543608,3,25.854201
-0.867133,3,25.856823
0.0,2,25.858471
0.0,2,25.860271
0.0,2,25.862215
0.0,4,25.865651
0.0,5,25.870117
0.924873,2,25.871939
0.0,3,25.874825
-0.35136,5,25.879488
0.0,3,25.882396
1.5,2,25.884355
0.0,3,25.886953
0.0,2,25.888813
0.566627,2,25.89058
0.0,4,25.894094
0.0,4,25.897575
0.0,5,25.902033
0.0,4,25.90542
0.0,3,25.908164
0.0,2,25.910425
0.0,2,25.912246
0.0,2,25.913946
0.0,2,25.916011
0.0,5,25.920372
0.0,4,25.923878
0.0,5,25.928147
2.0,2,25.930016
-0.57066,3,25.93284
0.0,3,25.935522
0.0,3,25.938396
0.0,5,25.942703
0.0,2,25.945163
0.0,3,25.947862
-0.496154,4,25.951883
0.0,5,25.956243
-0.056822,4,25.959927
-1.0,2,25.961663
0.0,4,25.965353
1.5,2,25.96713
0.0,5,25.971649
0.0,2,25.974001
0.0,5,25.978609
0.0,3,25.981342
-0.378683,3,25.983938
0.0,2,25.985675
0.412776,2,25.987358
-0.065686,4,25.990708
0.0,3,25.993163
0.0,5,25.997226
0.0,3,25.999599
-0.877778,3,26.001897
-0.874629,2,26.003799
-0.710964,4,26.007242
0.0,3,26.009679
-0.399271,3,26.012131
0.0,2,26.013801
0.0,4,26.017041
0.0,4,26.020552
0.424313,2,26.022272
-0.260339,2,26.023934
0.0,6,26.028831
0.0,3,26.031338
0.0,3,26.033766
-0.47325,2,26.03547
1.5,2,26.037235
-0.037697,2,26.038991
0.0,3,26.04156
0.029278,3,26.044576
0.0,3,26.047079
0.0,4,26.050325
0.0,3,26.053848
0.20934,2,26.055672
0.253401,3,26.058713
-0.491294,4,26.062141
0.0,3,26.064694
0.0,2,26.066407
-1.0,2,26.068064
0.0,3,26.070499
-0.322766,4,26.073864
0.0,2,26.075653
0.0,3,26.078164
0.923623,3,26.080682
-0.796785,4,26.083932
-0.202993,3,26.086396
-1.0,2,26.088201
1.0,5,26.092111
-0.343797,3,26.094487
-0.416704,5,26.098419
0.0,3,26.100816
0.0,5,26.104977
0.0,3,26.107401
0.0,3,26.109729
0.0,4,26.112858
0.0,3,26.115188
0.0,3,26.117461
0.0,5,26.122522
0.304707,2,26.124493
-0.111645,2,26.126217
-0.044223,2,26.127813
0.0,5,26.131751
0.0,3,26.13413
0.0,3,26.13693
0.0,2,26.139014
-0.384858,3,26.141616
0.50536,2,26.143493
-0.051787,3,26.145973
0.0,3,26.148355
0.0,2,26.150165
1.5,2,26.152136
0.0,4,26.155539
-0.481528,2,26.157336
0.0,4,26.160745
-0.014466,3,26.163196
-0.120411,5,26.167405
0.0,4,26.170712
-0.38746,2,26.17244
0.0,6,26.177507
0.0,2,26.17924
0.0,4,26.182652
-0.503906,4,26.186002
0.0,3,26.18855
0.0,2,26.19027
-1.0,2,26.192001
0.0,3,26.19452
0.0,4,26.197888
-0.263239,3,26.200439
0.0,3,26.202927
-0.756558,4,26.2063
0.0,5,26.21048
0.0,5,26.214662
0.027585,2,26.216334
0.0,3,26.218953
0.808822,5,26.223177
-0.742301,5,26.227491
0.0,3,26.230177
0.0,2,26.231856
0.0,3,26.234454
0.0,3,26.237246
0.0,4,26.240594
-0.101693,4,26.244101
0.0,4,26.247427
0.0,3,26.249931
-0.81334,4,26.253308
0.0,3,26.255867
0.0,3,26.259254
0.0,2,26.261105
0.0,4,26.264527
-1.480412,2,26.266398
0.0,2,26.268575
1.5,2,26.270422
0.0,4,26.27411
0.0,4,26.278378
-0.198405,5,26.28325
0.0,4,26.286969
-0.616043,5,27.397801
-1.0,4,27.402229
1.0,3,27.405681
0.0,3,27.408562
-0.296984,3,27.412424
-0.469043,3,27.416271
0.0,2,27.418673
0.0,3,27.421999
0.0,2,27.42446
0.0,2,27.42767
0.0,3,27.431642
0.0,4,27.43599
0.0,3,27.438818
0.0,3,27.441407
0.0,3,27.444095
0.0,4,27.44752
0.0,5,27.452114
0.0,2,27.45395
0.0,3,27.456491
0.0,3,27.459129
-1.0,4,27.462493
0.0,2,27.464298
0.0,4,27.467706
-0.707182,4,27.471259
0.0,5,27.475564
0.0,5,27.479941
0.0,3,27.482512
0.0,4,27.486042
0.0,3,27.4885
0.0,5,27.492609
0.743209,2,27.494317
-0.680842,2,27.495928
0.0,3,27.498511
0.0,2,27.500193
0.0,5,27.504364
0.0,3,27.50688
0.0,6,27.512047
-0.279483,2,27.513761
0.0,3,27.516335
0.0,5,27.520473
0.0,4,27.523964
0.0,3,27.526751
-0.967095,2,27.528549
-0.104816,4,27.531824
0.0,5,27.536279
0.0,3,27.539373
0.0,2,27.541289
1.0,3,27.544008
0.040819,2,27.545695
0.0,4,27.549387
0.0,3,27.551982
0.0,4,27.555586
0.0,4,27.559098
0.0,4,27.562749
0.0,4,27.566125
0.0,3,27.568763
-0.25026,3,27.571549
-1.0,5,27.575729
0.0,3,27.578478
-0.493308,2,27.580304
-0.421057,7,27.586311
0.0,4,27.589818
0.0,4,27.593111
0.0,3,27.595769
0.0,4,27.599164
0.0,2,27.600899
0.971476,2,27.602651
0.0,3,27.605309
-0.243367,3,27.607843
0.0,4,27.61139
-0.288262,4,27.614691
0.64861,2,27.616529
0.594237,5,27.620782
0.0,4,27.624218
0.0,3,27.626991
0.0,3,27.629497
0.0,3,27.632286
0.898137,3,27.634991
0.0,5,27.639521
0.0,4,27.642918
-0.699112,2,27.644698
0.0,3,27.647719
-0.183469,3,27.65044
0.0,4,27.654219
0.0,3,27.656968
-0.165083,3,27.660235
0.0,2,27.662224
1.5,2,27.664234
0.0,2,27.66615
0.0,4,27.669687
0.0,3,27.672506
0.0,4,27.67602
-0.100327,3,27.67858
0.0,2,27.680461
0.0,3,27.683137
0.0,4,27.686526
-0.019549,3,27.689222
-0.886114,3,27.69172
-0.238237,2,27.693413
0.0,5,27.697786
0.0,3,27.700311
0.0,2,27.702104
0.0,4,27.705496
0.0,3,27.707999
0.0,3,27.710741
0.0,3,27.713295
0.0,6,27.718651
0.0,2,27.720495
0.0,3,27.723111
0.0,4,27.726336
0.0,2,27.72799
0.0,3,27.730554
0.0,3,27.733071
0.0,3,27.735529
0.0,3,27.738227
-1.0,3,27.741223
0.0,3,27.743897
0.0,2,27.745618
0.0,2,27.747179
0.0,3,27.749619
-0.535206,3,27.752182
0.0,6,27.756983
0.0,3,27.759578
0.415736,2,27.761185
0.0,3,27.763605
0.0,3,27.766146
0.0,3,27.768496
0.0,4,27.7718
0.0,3,27.774244
0.0,4,27.777408
0.0,5,27.781496
0.0,4,27.784736
0.0,3,27.78729
-0.25202,5,27.7913
0.0,3,27.793878
0.0,3,27.796259
0.0,3,27.798672
0.0,3,27.801173
-0.141282,3,27.803726
0.0,2,27.805343
0.0,4,27.808605
0.0,3,27.810993
0.0,3,27.813548
0.0,2,27.815206
0.0,4,27.818368
0.0,3,27.820869
0.474725,2,27.822464
0.0,2,27.82409
-0.118071,3,27.826559
0.0,5,27.830641
0.0,3,27.833103
0.0,2,27.834918
0.0,4,27.838305
0.0,2,27.839923
0.0,4,27.843257
0.0,6,27.848098
0.0,2,27.849779
0.0,2,27.851404
0.0,2,27.853063
0.0,3,27.855647
0.0,3,27.858055
0.0,2,27.859651
0.0,3,27.862298
-0.621023,2,27.863991
0.0,3,27.866447
0.670847,2,27.868194
0.0,2,27.869957
0.0,3,27.87239
0.0,4,27.875637
-0.715512,2,27.877363
0.0,3,27.879707
0.0,2,27.881277
0.0,3,27.883773
0.0,2,27.885384
0.0,2,27.886937
0.0,4,27.890205
-0.180832,3,27.892698
0.0,4,27.895883
0.093311,2,27.897676
0.0,2,27.899439
0.0,3,27.901911
0.0,3,27.904476
1.212579,2,27.906119
0.0,3,27.908514
0.0,4,27.911833
0.45186,2,27.913419
0.0,2,27.914971
0.0,4,27.918268
0.0,2,27.919899
-0.010437,4,27.923143
-1.0,3,27.925636
-0.245707,3,27.927925
0.0,3,27.930258
0.0,5,27.934562
0.0,4,27.937801
0.0,5,27.941848
0.0,3,27.944236
-0.698159,3,27.9467
0.0,3,27.949075
0.0,5,27.953235
0.0,4,27.956709
0.0,2,27.958457
0.0,4,27.961675
0.64997,2,27.963243
0.105038,2,27.96492
0.0,2,27.966547
0.0,3,27.968952
0.0,3,27.971366
0.0,4,27.974655
0.0,3,27.976952
0.0,3,27.979402
0.906969,2,27.981134
-0.297325,6,27.985801
0.0,3,27.988277
-1.0,4,27.991336
-0.103685,3,27.993779
0.0,3,27.996364
0.087483,3,27.99883
0.0,4,28.002267
-0.751491,4,28.005435
0.0,3,28.007852
0.0,3,28.010422
0.0,3,28.012877
-1.0,3,28.015508
0.0,2,28.017134
0.0,3,28.019484
0.279385,3,28.022088
0.0,3,28.024522
0.0,3,28.026884
-0.377085,3,28.029484
-0.059062,3,28.031944
0.0,3,28.03459
0.0,4,28.03806
-0.061479,3,28.040908
0.0,3,28.044382
0.0,4,28.047711
-0.523832,3,28.050311
-0.290375,5,28.054346
-0.139284,4,28.057606
0.0,3,28.060143
-0.201865,2,28.061712
0.0,4,28.065048
0.0,4,28.068198
0.0,2,28.069829
0.0,4,28.07296
0.0,3,28.075252
0.0,3,28.077713
0.0,4,28.081884
0.0,5,28.087888
0.0,3,28.091259
0.0,2,28.093536
0.0,4,28.097216
0.0,4,28.100903
0.0,5,28.105731
0.0,2,28.10779
0.0,4,28.111459
-0.349469,3,28.114477
0.0,3,28.11721
-0.491255,4,28.120863
0.0,2,28.122858
0.0,3,28.125434
-0.701872,5,28.130055
0.0,3,28.132547
0.0,3,28.135556
0.0,2,28.137607
0.0,2,28.139293
-1.0,3,28.142103
0.0,3,28.144929
0.0,5,28.149464
0.0,4,28.152956
0.0,3,28.155973
0.0,3,28.158857
0.0,2,28.16063
0.0,3,28.163787
0.0,5,28.168849
0.0,3,28.17217
0.0,3,28.175136
-0.885168,2,28.177208
0.0,4,28.180871
0.0,5,28.185465
0.0,3,28.188163
-0.48022,4,28.192063
0.0,2,28.193966
0.0,3,28.196695
0.0,4,28.200389
-1.0,4,28.204077
0.0,3,28.206928
0.0,4,28.210587
0.0,3,28.213423
0.0,4,28.217059
-1.0,6,28.222394
0.746579,3,28.225135
0.0,3,28.227906
-0.445689,2,28.229655
0.0,3,28.232615
-0.210844,2,28.234484
0.0,2,28.236946
0.748971,4,28.241184
0.601834,3,28.244082
0.0,4,28.247802
0.0,3,28.250597
1.0,3,28.25336
0.0,3,28.256006
0.0,5,28.260627
0.0,3,28.263254
-0.835458,2,28.265006
-0.007342,2,28.266915
-0.093389,4,28.270451
0.0,3,28.2732
-0.418949,3,28.276009
-0.211371,4,28.27957
-0.948803,3,28.28262
0.0,4,28.286255
0.0,2,28.289179
-0.292069,3,28.292953
-0.147292,4,28.296849
0.0,4,28.300411
0.0,3,28.303178
0.0,3,28.305698
0.760923,3,28.308378
0.0,3,28.310983
-1.587659,2,28.312715
0.0,3,28.315428
0.0,3,28.318085
0.0,3,28.320702
0.0,2,28.322609
0.688915,4,28.326033
0.0,3,28.328658
0.0,3,28.331352
0.0,3,28.333923
0.0,3,28.336702
0.0,3,28.339545
0.0,5,28.34397
0.0,4,28.347376
0.0,4,28.350982
0.0,4,28.354382
0.0,2,28.356112
-0.285814,3,28.358917
0.0,4,28.362295
0.0,3,28.365111
0.0,2,28.366806
0.0,2,28.368529
-1.0,4,28.372148
0.0,3,28.374691
-0.356839,3,28.377369
0.0,3,28.38009
0.0,4,28.383422
-0.651696,4,28.387063
-0.148488,4,28.390462
0.0,2,28.392397
0.504842,2,28.39419
0.0,3,28.396728
0.0,2,28.3986
0.081872,2,28.400439
-0.562147,5,28.404471
0.0,2,28.406483
0.0,2,28.408251
0.0,2,28.409943
0.0,3,28.412651
0.0,3,28.415219
0.0,3,28.417708
0.0,4,28.42134
0.0,4,28.424658
-0.065743,6,28.430179
0.0,2,28.431836
0.0,2,28.434047
0.0,4,28.438324
-1.0,2,28.440693
0.0,5,28.446073
-1.0,2,28.448416
-0.03053,3,28.451741
0.0,2,28.453846
0.0,4,28.458153
0.0,2,28.459998
0.0,4,28.463726
0.0,3,28.466581
-0.635983,4,28.470555
0.0,4,28.474395
0.0,4,28.478183
-0.094704,3,28.481069
0.0,3,28.48511
0.0,3,28.487983
0.0,2,28.490365
0.0,4,28.494107
-0.456919,2,28.496037
0.0,4,28.499836
0.0,5,28.504585
0.644498,3,28.507267
-0.044122,4,28.510878
0.0,3,28.513558
0.0,3,28.516355
0.0,3,28.519171
0.0,2,28.520905
0.0,4,28.524533
0.0,4,28.527927
0.035869,4,28.531511
-0.406634,3,28.53421
0.0,3,28.536912
0.0,4,28.541071
0.0,2,28.542909
0.0,2,28.544914
0.0,3,28.54769
0.0,2,28.549518
-0.318571,3,28.552378
0.0,3,28.555068
0.0,3,28.557727
0.0,3,28.560694
0.0,3,28.563389
0.0,5,28.567843
0.0,2,28.569602
0.0,3,28.572496
-0.106208,3,28.575192
-1.0,3,28.577867
0.0,2,28.579861
0.0,4,28.58328
0.0,2,28.585099
0.0,3,28.587845
0.0,2,28.589795
0.0,2,28.591576
0.0,3,28.594429
0.0,4,28.597767
0.0,3,28.600589
0.0,3,28.603261
0.0,4,28.60677
0.0,3,28.609492
0.0,3,28.612171
0.0,3,28.614987
0.981013,3,28.617508
0.152502,4,28.621481
0.574962,2,28.624291
0.657008,3,28.627228
0.0,4,28.631094
0.0,3,28.633784
-1.0,4,28.63756
0.0,4,28.641313
-0.811692,3,28.644156
0.0,2,28.64592
0.0,2,28.647775
0.0,3,28.650613
0.0,3,28.65326
0.0,3,28.656388
-0.054675,5,28.660865
1.031211,2,28.662766
0.0,3,28.665422
1.0,2,28.667112
-0.933909,2,28.668841
0.0,3,28.671565
0.0,5,28.675755
0.0,4,28.6793
0.0,4,28.682671
-0.701581,4,28.686258
0.0,4,28.689798
-0.167408,4,28.693403
0.0,3,28.696107
0.0,3,28.698817
1.5,2,28.700453
0.0,3,28.703059
0.0,2,28.704872
0.0,2,28.706587
0.0,3,28.709042
0.0,3,28.711747
0.0,4,28.715041
0.244562,2,28.716706
-0.454076,2,28.71843
0.889617,2,28.720217
0.082961,2,28.721831
-0.117037,3,28.724355
0.0,2,28.726136
-0.025956,4,28.729415
0.0,4,28.733055
0.0,2,28.734774
0.0,3,28.737268
-1.0,4,28.74142
0.0,4,28.744982
0.0,5,28.749417
1.5,2,28.751138
-0.495328,2,28.752879
0.0,3,28.755486
0.0,3,28.757912
0.0,4,28.761276
0.0,3,28.763711
0.043284,4,28.767084
0.0,3,28.769697
0.0,2,28.77142
0.0,3,28.773947
-0.127163,3,28.776542
-0.071178,2,28.778275
0.0,2,28.779895
-0.928239,3,28.7825
-0.587415,3,28.784985
-0.016553,3,28.787572
0.503553,4,28.790884
0.0,3,28.793497
0.0,2,28.795242
-1.0,2,28.796971
0.0,5,28.801198
0.0,2,28.803119
0.0,4,28.806422
0.0,2,28.808267
0.0,3,28.810862
0.0,3,28.8133
-0.178696,3,28.815825
0.0,2,28.817505
-0.561245,3,28.820064
0.0,3,28.822563
0.0,4,28.825942
0.0,3,28.82853
0.0,4,28.831807
0.0,4,28.835442
0.0,3,28.838942
0.0,2,28.840903
-0.852129,5,28.845139
-0.06456,4,28.848435
0.0,4,28.851815
-0.339753,5,28.855905
0.0,3,28.858493
0.0,3,28.86102
1.5,2,28.862742
0.0,3,28.865366
0.0,2,28.866932
0.0,3,28.869426
0.0,5,28.873644
0.0,3,28.876137
-0.015357,5,28.880283
-0.289139,3,28.882755
0.0,4,28.886293
1.0,2,28.888232
0.0,3,28.890984
-0.171292,5,28.895726
-0.995713,3,28.898353
-0.655779,4,28.902324
1.5,2,28.904031
0.0,3,28.906801
1.5,2,28.908883
0.0,5,28.913297
0.0,3,28.916618
0.0,2,28.91838
0.0,2,28.920234
0.0,4,28.923976
0.0,4,28.927516
-0.242686,3,28.930287
0.0,3,28.932818
0.0,3,28.936716
-0.815169,4,28.942372
0.0,4,28.945952
0.0,2,28.947959
-0.645157,6,28.955946
0.0,4,28.959622
0.563968,2,28.961301
0.0,3,28.964353
0.0,3,28.967018
-0.180265,2,28.96874
-0.680642,3,28.97174
0.333595,3,28.97435
-0.613306,3,28.977145
-0.77701,3,28.979781
-0.501514,4,28.983372
0.242294,3,28.986195
0.0,4,28.989735
0.0,3,28.992755
0.0,2,28.99451
0.0,4,28.998277
0.0,6,29.003615
-0.308081,4,29.007749
-0.225944,3,29.010422
1.0,2,29.012492
0.0,3,29.01509
0.0,2,29.016924
-0.515369,4,29.020642
0.199769,4,29.024391
0.0,3,29.032418
0.0,3,29.035678
0.0,5,29.042093
0.064728,4,29.046948
0.0,2,29.049506
0.89197,2,29.05185
0.0,2,29.054213
-2.0,2,29.056379
-0.212312,5,29.06191
0.0,3,29.065433
1.5,2,29.067512
0.0,4,29.071564
0.0,3,29.074819
0.0,3,29.077779
0.0,5,29.082686
0.0,3,29.085614
0.0,3,29.088583
0.0,4,29.092179
0.0,2,29.093887
0.0,3,29.09653
0.0,2,29.098298
1.0,4,29.10177
0.0,3,29.104283
0.93025,2,29.105878
0.0,2,29.10754
0.0,4,29.111148
0.0,2,29.112936
0.0,2,29.114803
0.0,3,29.117524
0.0,3,29.120183
-0.703191,3,29.122824
-0.022958,4,29.126131
0.0,4,29.129585
0.0,3,29.132187
-0.163053,3,29.135052
0.0,4,29.139746
0.0,2,29.141773
0.0,3,29.144772
0.031897,2,29.146618
0.0,3,29.149251
0.0,4,29.152829
0.0,5,29.157109
0.0,4,29.160558
0.0,2,29.162339
-0.81536,4,29.165693
0.0,3,29.168139
0.0,4,29.17145
0.0,4,29.174656
0.0,2,29.176321
0.0,3,29.178805
1.41376,2,29.180567
0.0,3,29.183036
-0.349684,4,29.186442
0.510823,3,29.188958
-0.765473,3,29.198655
0.0,4,29.20195
0.0,2,29.203593
0.0,2,29.205257
-0.328819,3,29.207771
-0.320094,3,29.210166
0.318988,3,29.212796
-1.0,3,29.215232
1.352708,2,29.216811
0.0,3,29.219265
0.0,4,29.222556
0.0,3,29.224993
1.5,2,29.226703
0.0,3,29.229218
-0.900699,3,29.231683
-1.0,5,29.235849
0.0,3,29.238542
0.493862,3,29.241095
0.0,5,29.245246
0.0,3,29.247855
1.0,2,29.249541
0.0,3,30.295721
0.0,3,30.299674
0.0,3,30.302497
0.0,3,30.305294
0.0,5,30.30945
-0.299699,3,30.312113
0.0,4,30.315483
0.0,3,30.318022
0.224967,2,30.319752
0.0,3,30.322184
0.0,2,30.323776
0.0,3,30.32627
-0.029013,5,30.330192
0.0,5,30.33429
0.0,2,30.335884
0.0,6,30.341125
0.0,4,30.345259
-0.401258,3,30.347761
0.0,4,30.350905
0.0,3,30.353317
0.0,4,30.356623
-0.166965,3,30.359065
-0.891853,2,30.360732
0.0,4,30.364075
0.762937,4,30.367316
0.0,4,30.370546
-0.26669,4,30.373734
0.0,3,30.376173
1.0,2,30.377806
-0.139748,3,30.380224
0.0,4,30.38345
0.0,2,30.385009
0.0,5,30.388995
0.0,3,30.391561
-0.347302,3,30.39395
0.0,5,30.397931
0.0,3,30.400248
0.0,5,30.404221
0.0,5,30.40807
0.0,4,30.411259
-0.3233,3,30.413597
0.871281,4,30.416743
0.0,2,30.418375
0.0,3,30.420716
0.0,4,30.42391
0.0,6,30.428665
0.0,4,30.431924
0.0,2,30.433504
0.0,5,30.43756
-0.331507,3,30.440185
1.075385,2,30.441895
0.0,2,30.44353
0.0,3,30.445957
0.0,3,30.448332
0.0,3,30.450713
0.0,4,30.45399
-1.0,6,30.45884
-0.244087,2,30.460725
0.0,2,30.462569
0.253914,3,30.465057
0.0,3,30.467587
0.641269,5,30.471599
0.0,3,30.474041
0.0,5,30.478051
0.608339,2,30.479748
0.0,3,30.482171
0.0,2,30.483748
0.0,4,30.486989
-0.057366,4,30.490165
0.0,4,30.493324
0.0,4,30.496732
-0.084854,2,30.498371
1.24596,2,30.50014
0.0,4,30.503555
0.0,3,30.506013
0.0,3,30.508792
0.0,4,30.512121
0.0,3,30.514653
0.430646,5,30.518698
0.0,3,30.521206
0.0,3,30.523762
0.0,2,30.525504
-1.0,3,30.528183
0.0,3,30.53087
0.0,3,30.533363
0.036684,3,30.536093
0.0,4,30.53967
0.0,2,30.541652
0.0,4,30.545478
0.069829,2,30.547298
0.0,4,30.550806
0.0,4,30.554302
-0.317404,2,30.556127
0.0,5,30.560498
0.0,2,30.56232
0.0,4,30.566044
0.0,2,30.567946
0.0,5,30.57239
0.0,3,30.574934
0.0,2,30.576779
0.0,5,30.581203
0.0,3,30.583885
-0.801818,4,30.587446
0.0,2,30.589199
0.0,4,30.592757
0.0,3,30.595317
0.0,3,30.59788
0.0,2,30.599655
0.0,4,30.603016
0.0,2,30.604687
0.0,4,30.608349
0.0,3,30.610831
0.670909,2,30.612705
0.0,4,30.615924
-1.0,3,30.618517
0.0,2,30.620455
0.0,2,30.622145
1.5,2,30.623821
0.0,3,30.626464
0.0,5,30.630564
0.419235,2,30.632356
0.0,4,30.635808
1.5,2,30.637519
-0.910295,4,30.641148
0.0,3,30.643928
0.0,2,30.645697
0.0,3,30.648509
-0.358361,3,30.651487
0.0,3,30.654286
0.0,3,30.656687
0.0,3,30.65905
1.5,2,30.66071
0.0,5,30.664613
-0.105484,4,30.667877
0.0,4,30.671029
0.0,4,30.674236
0.0,3,30.676704
0.0,2,30.678336
0.0,3,30.680692
-0.095909,2,30.682343
0.0,2,30.68393
-0.737899,3,30.686265
0.0,5,30.690283
0.0,3,30.692565
0.0,4,30.695776
0.0,3,30.69819
-1.0,3,30.700564
0.0,5,30.704551
0.0,3,30.706933
-0.989607,3,30.709341
0.0,4,30.712441
0.0,3,30.71482
0.0,2,30.716468
0.754389,2,30.718103
0.0,4,30.721259
0.494113,3,30.72375
-0.075213,3,30.726067
-0.074691,2,30.727592
-0.308879,3,30.730011
1.0,2,30.731679
0.0,3,30.733985
0.0,3,30.736354
-0.165348,4,30.739612
0.0,3,30.742035
0.0,3,30.744557
0.0,2,30.746358
0.0,2,30.748049
0.0,5,30.752145
-0.801777,5,30.75601
0.0,5,30.759959
0.0,4,30.763075
1.5,2,30.764649
0.0,3,30.767053
0.0,2,30.768605
0.0,3,30.770965
0.0,2,30.772644
0.0,4,30.775781
0.0,3,30.778161
0.0,3,30.780561
0.0,4,30.783686
0.0,4,30.786858
0.0,3,30.789264
-0.016052,3,30.791599
0.0,2,30.793315
-0.471693,2,30.794836
0.228767,2,30.796417
0.0,5,30.80039
-0.742842,3,30.802685
0.0,5,30.806577
1.5,2,30.808163
0.0,3,30.810484
0.0,5,30.814474
0.065656,2,30.816105
0.0,4,30.819206
-0.564071,3,30.821621
-0.976973,2,30.823149
0.0,4,30.826221
0.496907,5,30.830127
0.0,4,30.833238
0.0,2,30.83495
0.0,4,30.838028
-0.845826,2,30.839681
1.0,3,30.842111
0.0,2,30.843805
0.0,3,30.846299
0.855467,2,30.847939
0.0,4,30.851193
0.0,3,30.85351
0.0,2,30.855135
0.0,3,30.857571
-0.890315,2,30.859152
0.0,3,30.861524
-0.250486,3,30.863934
0.0,3,30.866307
0.0,2,30.867917
0.0,4,30.871056
0.0,4,30.87414
0.0,2,30.87582
0.0,4,30.878953
0.0,2,30.880544
-0.317818,2,30.882154
0.0,2,30.883934
0.0,4,30.887176
0.368018,4,30.890519
-0.780613,3,30.893126
0.0,3,30.89568
-0.037173,4,30.89961
0.0,4,30.903018
0.105641,4,30.906598
0.0,4,30.909888
0.0,3,30.912637
0.0,3,30.915303
0.0,3,30.918031
0.0,6,30.923146
0.0,4,30.926722
0.0,3,30.929309
0.0,3,30.932111
0.0,3,30.93511
0.766966,3,30.937771
0.937083,2,30.939842
0.0,5,30.944661
0.0,5,30.949194
0.0,5,30.953734
-0.209,5,30.958206
0.0,2,30.96009
0.0,3,30.962716
0.0,3,30.965417
0.0,4,30.969109
0.0,2,30.970914
0.0,2,30.972788
-1.0,3,30.975604
0.0,3,30.978346
0.0,4,30.981897
0.0,3,30.984809
0.0,3,30.987727
0.0,3,30.990548
1.039766,2,30.992328
0.0,3,30.995223
-1.0,4,30.998866
0.0,4,31.002682
0.0,4,31.006146
0.0,2,31.007983
0.0,3,31.010672
0.0,2,31.012458
0.0,3,31.015095
0.0,3,31.017678
0.0,3,31.020233
0.0,4,31.023612
-0.586283,2,31.025303
0.0,3,31.027822
0.0,3,31.030402
0.0,3,31.032995
0.0,4,31.036485
0.0,2,31.038523
-0.026418,3,31.041465
0.473561,2,31.043294
0.316562,3,31.046079
0.0,4,31.049653
0.0,4,31.053232
0.0,3,31.055819
0.0,3,31.058452
0.0,4,31.061784
0.0,2,31.063583
0.984798,2,31.065308
0.0,3,31.067943
0.0,5,31.072206
0.0,2,31.073902
0.0,4,31.077266
0.0,3,31.079787
0.0,4,31.083145
-0.176049,4,31.086483
-0.230371,3,31.089021
0.0,2,31.090816
0.0,2,31.092644
0.0,4,31.09607
0.0,3,31.098654
0.0,4,31.102112
-0.775841,2,31.103781
0.0,2,31.105553
0.0,4,31.109054
-0.330442,3,31.111689
0.512396,3,31.114269
0.0,3,31.116806
0.0,4,31.120221
0.0,5,31.124382
0.0,3,31.126937
0.0,2,31.128706
-0.320943,3,31.131278
0.0,4,31.134754
0.0,2,31.136465
-1.0,3,31.13899
0.0,2,31.140732
0.0,3,31.143508
0.0,4,31.146974
0.0,6,31.152157
0.0,3,31.154838
-0.564391,7,31.160729
0.0,2,31.162578
0.0,3,31.16542
0.0,3,31.168085
0.734051,5,31.172445
0.0,2,31.17418
0.0,3,31.176788
0.0,3,31.179343
-0.419422,3,31.181937
0.0,3,31.184687
0.0,3,31.18725
0.0,4,31.190956
-0.905706,3,31.193626
0.0,5,31.19795
0.0,3,31.200578
0.411715,3,31.203187
0.0,4,31.206462
0.0,2,31.208136
0.214362,4,31.211558
0.0,6,31.216702
0.0,2,31.218393
0.0,2,31.220163
0.0,4,31.223519
0.0,3,31.226127
-0.885974,4,31.229553
0.0,4,31.232855
0.0,2,31.234543
0.0,4,31.237877
0.0,2,31.239608
-0.717307,3,31.24222
0.0,4,31.245643
0.0,4,31.24916
0.0,3,31.251844
0.35095,2,31.253597
0.0,2,31.255328
0.0,2,31.25703
-1.0,2,31.258762
0.656085,6,31.263671
0.0,2,31.265436
0.0,4,31.268942
-0.498693,2,31.270678
-0.96773,5,31.274923
0.0,6,31.279997
0.0,2,31.281672
0.136386,4,31.284995
0.0,2,31.286704
-0.118651,4,31.290151
-1.0,5,31.29434
0.0,4,31.297773
-0.715926,4,31.301251
0.0,3,31.303721
0.0,2,31.305375
0.0,3,31.307921
0.0,2,31.309531
-0.23908,3,31.312182
0.0,3,31.314798
0.0,3,31.317304
0.0,3,31.319748
0.0,3,31.322318
-0.253906,6,31.327253
0.133791,2,31.328983
-0.615153,3,31.331616
0.0,5,31.335825
0.0,2,31.337568
0.568731,2,31.339364
0.0,2,31.341228
0.0,4,31.344623
0.0,2,31.346361
0.0,2,31.348274
0.0,3,31.350832
0.0,3,31.35351
0.0,2,31.35525
0.104175,3,31.357858
0.0,3,31.360404
0.047195,2,31.362103
0.0,3,31.364612
0.0,3,31.367072
0.0,3,31.369546
0.0,3,31.372083
0.0,2,31.373811
0.0,3,31.376485
0.0,3,31.37903
0.0,3,31.381532
0.0,4,31.38492
0.0,2,31.386618
0.0,2,31.388267
-0.431611,3,31.390902
0.0,2,31.392652
0.0,4,31.39577
0.0,3,31.398397
0.811352,4,31.401735
0.0,4,31.405093
0.0,4,31.408455
0.530667,3,31.410931
0.0,3,31.413488
0.0,4,31.416702
0.0,3,31.419198
1.411156,2,31.420815
0.538,4,31.423953
0.0,3,31.426538
0.0,2,31.42835
-0.113155,4,31.43187
0.0,2,31.433618
0.0,3,31.436102
-0.874014,2,31.437703
0.0,3,31.440528
0.0,4,31.444277
0.0,2,31.446203
-0.215736,3,31.44899
0.0,2,31.45094
0.34119,4,31.454644
-0.05506,3,31.457282
-0.213582,4,31.461208
0.0,2,31.462965
0.074262,2,31.465105
0.0,2,31.466958
0.0,4,31.470589
0.0,2,31.472409
0.0,4,31.475974
0.0,3,31.478827
0.0,3,31.481504
0.0,4,31.484907
0.653428,3,31.48753
0.0,3,31.490252
0.0,4,31.493856
-0.448928,3,31.496679
0.0,2,31.498863
0.0,4,31.502578
-0.038202,4,31.506049
-0.614692,3,31.508705
-0.97789,3,31.511489
0.0,2,31.513321
-1.0,2,31.515148
1.5,2,31.516897
0.0,3,31.519506
0.0,3,31.522155
0.0,2,31.523901
0.0,4,31.527397
0.0,2,31.529108
0.0,2,31.531063
0.0,4,31.534816
0.0,2,31.536677
0.0,6,31.542535
0.0,6,31.548453
0.0,4,31.552362
1.0,2,31.554433
0.230138,4,31.557953
0.0,4,31.561756
0.0,3,31.564441
0.0,3,31.567144
0.0,3,31.569792
0.0,5,31.574384
0.0,2,31.576216
-1.0,3,31.578923
1.120535,2,31.580877
-0.990388,2,31.582696
0.0,2,31.584464
0.0,4,31.588338
0.0,4,31.591984
0.0,3,31.594708
0.0,4,31.598258
0.0,2,31.599969
-1.0,4,31.603481
1.0,3,31.606067
0.0,3,31.608694
1.0,3,31.611293
0.0,3,31.613897
0.0,4,31.617457
0.0,3,31.620163
0.0,5,31.624613
0.0,3,31.62728
-0.695397,3,31.629928
0.0,3,31.632538
0.0,4,31.636212
-0.374072,4,31.639692
0.0,2,31.641519
0.280785,2,31.643393
0.0,4,31.647202
0.0,3,31.649799
2.0,2,31.651576
-0.307699,2,31.653364
-0.551384,4,31.656747
0.0,2,31.658433
0.0,2,31.659997
0.0,4,31.663369
-0.084137,4,31.66656
0.0,3,31.669105
0.0,5,31.673239
0.0,3,31.675807
0.0,3,31.678367
0.0,4,31.681607
0.0,2,31.683348
0.0,4,31.686529
0.0,4,31.68984
0.0,4,31.693267
0.0,4,31.696711
0.0,3,31.699312
0.0,3,31.701827
0.0,3,31.704524
0.0,2,31.706297
0.0,2,31.707991
0.0,5,31.712271
0.0,2,31.713916
0.0,4,31.717247
0.806591,3,31.719718
0.0,4,31.723091
0.0,5,31.727711
0.0,2,31.729416
-0.610416,3,31.732102
-0.681356,3,31.734636
0.0,4,31.738036
0.904131,2,31.739735
0.0,4,31.743075
-0.748959,4,31.746531
0.132203,3,31.749295
0.0,3,31.751884
0.0,4,31.755202
0.535673,2,31.756889
0.0,5,31.761093
0.0,4,31.764326
0.0,2,31.765946
0.0,4,31.76924
0.0,2,31.770931
-0.469874,2,31.772605
0.0,3,31.774995
-1.0,4,31.778287
0.0,2,31.77998
0.0,3,31.782358
0.0,5,31.786286
0.0,3,31.788738
0.0,4,31.792056
0.0,3,31.794662
0.0,3,31.797198
1.0,2,31.798849
-1.0,3,31.801354
0.0,4,31.80461
0.0,4,31.807841
0.142029,4,31.811047
0.0,2,31.812663
0.0,5,31.816689
0.0,4,31.819816
-1.0,2,31.821663
0.0,2,31.823257
0.0,3,31.825665
-0.217592,3,31.828086
-0.558284,4,31.83139
0.0,3,31.833869
0.0,2,31.835528
0.0,3,31.838057
0.0,2,31.839723
-0.248853,4,31.843084
0.0,4,31.846417
0.0,3,31.849102
0.308809,3,31.851603
0.0,3,31.854021
0.841456,4,31.857258
0.0,3,31.859709
0.0,3,31.861974
0.0,2,31.863519
0.043624,2,31.865193
-0.025314,2,31.866784
0.0,2,31.868393
0.0,2,31.869977
0.0,2,31.871575
0.0,2,31.873177
0.0,3,31.875515
-0.358535,2,31.877097
0.0,2,31.87868
0.0,4,31.881893
0.0,2,31.883496
0.0,2,31.885074
-0.98,2,31.886775
-0.245168,3,31.889252
0.0,4,31.892686
0.0,5,31.896693
-0.061783,3,31.89966
0.0,5,31.903974
0.0,3,31.906603
0.0,3,31.909117
0.0,4,31.912449
0.0,3,31.915089
-0.724217,4,31.918289
0.0,4,31.921554
0.0,3,31.923913
-0.474963,4,31.927394
0.0,3,31.929969
0.0,3,31.932596
0.0,4,31.936036
0.0,3,31.93858
0.0,4,31.942049
1.5,2,31.943793
0.0,3,31.946396
-0.798079,4,31.949965
0.0,3,31.95262
0.0,2,31.954351
0.0,3,31.956796
-0.043502,4,31.959935
0.405731,4,31.963845
0.0,3,31.966411
0.0,3,31.969251
-1.0,4,31.972853
0.0,3,31.975489
0.0,3,31.977951
-0.751381,4,31.981392
0.0,3,31.98381
0.0,2,31.985382
0.0,3,31.987798
0.0,2,31.989403
1.5,2,31.990997
0.0,4,31.994212
0.0,4,31.99764
0.0,2,31.999307
0.0,2,32.000955
-0.598732,2,32.0026
0.0,3,32.00514
0.0,3,32.007535
0.760605,2,32.009195
0.0,3,32.011679
0.0,2,32.013285
0.0,3,32.015631
-0.313196,2,32.017197
-1.952931,2,32.018785
1.529945,2,32.020375
1.5,2,32.021887
0.0,3,32.024273
0.0,3,32.026711
1.5,2,32.028249
0.0,2,32.029865
0.0,3,32.032254
0.0,3,32.034526
-1.0,4,32.037641
0.920282,4,33.084671
0.0,2,33.086422
0.15274,4,33.089628
-0.067774,2,33.091206
0.0,2,33.092743
0.0,3,33.09511
0.0,3,33.097451
0.0,4,33.100528
0.0,3,33.102989
0.0,3,33.10644
0.0,2,33.10838
-0.403395,4,33.112043
0.0,3,33.114689
0.0,3,33.117565
0.0,3,33.120132
-0.123026,4,33.123497
0.0,3,33.12625
0.0,5,33.130386
0.0,4,33.133661
0.0,4,33.13712
0.0,3,33.139652
0.0,2,33.141332
0.0,4,33.144931
-0.267547,2,33.147078
0.0,3,33.149554
0.0,5,33.153984
-0.150166,4,33.157471
-0.171944,3,33.159939
0.0,3,33.162342
0.0,3,33.165135
0.0,2,33.166898
0.0,2,33.168654
0.0,2,33.170469
0.0,3,33.173223
-0.036306,5,33.177467
0.0,3,33.180321
0.0,2,33.182043
0.0,4,33.185772
0.0,3,33.188895
0.385204,2,33.192102
-0.979159,3,33.1959
0.820362,3,33.199427
0.0,3,33.203019
0.0,2,33.205189
0.0,3,33.20867
0.0,4,33.21204
0.0,3,33.214578
0.0,3,33.216955
-0.083322,4,33.220235
0.0,3,33.222657
0.0,3,33.225085
0.0,3,33.227583
0.0,3,33.230063
0.0,3,33.232589
0.0,3,33.235121
0.0,2,33.236714
0.0,3,33.23913
0.0,4,33.242532
0.0,2,33.244238
0.0,3,33.246732
0.0,3,33.249288
-1.562408,2,33.251065
0.0,2,33.252732
-0.547742,5,33.256816
0.0,4,33.260073
0.0,2,33.261697
0.0,4,33.264921
0.0,4,33.268121
0.0,4,33.27141
-0.725863,3,33.273899
0.0,2,33.275528
0.0,5,33.279645
0.0,3,33.282053
0.0,3,33.284503
-0.393581,2,33.286135
-1.0,3,33.288589
0.0,3,33.291017
0.0,4,33.294261
0.0,3,33.296762
0.0,2,33.298533
0.0,3,33.300956
0.0,3,33.303392
0.0,5,33.30741
-0.554823,3,33.309823
0.0,3,33.312298
0.0,3,33.314717
0.0,2,33.31637
0.0,4,33.319589
1.5,2,33.321172
-0.422806,5,33.325234
-1.0,3,33.327739
-0.507661,3,33.330221
0.0,3,33.332707
0.0,3,33.335091
0.0,2,33.336723
0.0,4,33.340018
0.0,4,33.34332
0.80968,3,33.345839
0.0,4,33.349334
0.0,2,33.351133
0.0,4,33.354401
0.0,3,33.356854
0.0,3,33.359274
1.5,2,33.360888
0.0,4,33.364
-0.638889,3,33.366437
0.0,3,33.368956
0.0,3,33.371343
0.0,2,33.373001
0.0,3,33.375455
0.0,3,33.377782
1.0,3,33.380127
0.0,3,33.382439
0.0,2,33.384094
0.0,2,33.385616
-0.840307,2,33.387256
0.0,3,33.389729
0.0,4,33.392953
0.0,5,33.396975
0.0,4,33.400225
-0.240717,2,33.401887
0.987273,2,33.403498
0.0,4,33.406509
1.5,2,33.408186
0.0,4,33.411403
-0.645822,3,33.413802
0.0,4,33.416972
0.0,3,33.419354
0.0,3,33.42179
0.0,2,33.423443
0.0,3,33.425829
0.208755,3,33.428231
0.0,2,33.42991
-0.486071,2,33.431496
0.0,5,33.435432
0.0,3,33.438012
1.5,2,33.439654
0.0,3,33.442117
-0.132438,4,33.445498
0.0,3,33.448011
0.0,4,33.451458
0.0,4,33.454776
-1.0,3,33.457175
0.0,2,33.458899
-0.058207,3,33.461231
1.5,2,33.462868
0.0,3,33.465302
0.0,3,33.467812
0.0,3,33.470429
0.0,3,33.473339
1.0,4,33.477178
0.0,2,33.47914
0.0,2,33.480941
-1.0,3,33.483505
0.0,3,33.486308
0.0,3,33.488881
0.0,3,33.491537
0.0,2,33.493378
0.0,2,33.495162
0.722048,2,33.496835
0.0,3,33.499596
0.0,2,33.501599
-0.998428,2,33.503311
0.0,4,33.507064
0.0,3,33.510226
0.0,2,33.51244
0.0,3,33.515425
-1.0,4,33.519462
0.0,5,33.52427
-0.045958,3,33.527287
0.332933,3,33.52993
0.0,3,33.532469
-1.0,3,33.534938
0.0,3,33.537579
0.0,3,33.540715
0.836807,4,33.545346
0.653242,3,33.548494
0.0,3,33.551506
0.803551,3,33.554276
0.0,4,33.557827
0.0,4,33.561364
0.0,5,33.565581
0.0,4,33.569183
0.0,3,33.571867
-0.353233,5,33.576047
0.0,3,33.578485
0.0,6,33.583468
0.0,4,33.586772
-0.161452,5,33.5912
0.0,2,33.592817
0.0,3,33.595303
1.33528,2,33.597237
0.0,4,33.600589
1.5,2,33.60224
0.0,3,33.605129
0.0,3,33.608085
0.0,2,33.609888
-0.790231,3,33.612573
0.0,3,33.615174
0.0,4,33.618635
0.0,3,33.621113
0.0,3,33.623604
0.0,2,33.625226
0.0,3,33.627554
0.0,3,33.629915
0.0,3,33.632382
0.0,3,33.634812
0.0,5,33.638939
0.0,2,33.640581
-0.462122,3,33.643019
0.0,3,33.64561
0.0,3,33.648196
0.0,3,33.650699
0.0,2,33.652402
0.0,2,33.654163
0.0,4,33.65728
0.0,3,33.659583
-0.171351,3,33.661914
0.0,2,33.663487
0.0,2,33.665017
0.0,3,33.667382
0.0,2,33.669013
0.0,4,33.672198
0.0,4,33.67532
0.0,3,33.677665
0.0,4,33.680711
0.0,4,33.683762
0.0,3,33.686047
0.0,2,33.687609
0.0,4,33.690681
0.0,4,33.693832
-0.758298,5,33.697738
0.0,3,33.700235
-0.724456,6,33.704754
-0.379415,3,33.70708
0.74824,4,33.710384
0.0,3,33.712785
0.0,4,33.715914
0.0,3,33.718203
0.0,5,33.722018
0.0,2,33.723586
0.0,2,33.725142
-1.0,5,33.728927
0.0,2,33.730564
0.0,2,33.732128
-0.372066,2,33.733702
0.0,3,33.736155
0.0,4,33.739223
-0.773665,4,33.742428
0.0,4,33.745627
0.0,3,33.747979
0.0,2,33.749646
1.5,2,33.751334
-1.0,4,33.754669
0.0,3,33.757181
0.318345,2,33.758744
0.0,5,33.762618
0.0,2,33.764186
0.0,4,33.767197
0.0,3,33.769587
0.0,2,33.771257
0.0,3,33.773615
-0.734384,3,33.77598
0.0,5,33.779797
0.0,2,33.781285
-0.556323,4,33.784468
0.0,4,33.787626
0.0,2,33.789174
0.0,2,33.790762
0.0,2,33.792476
0.0,2,33.794056
0.0,4,33.797258
0.0,2,33.798878
0.0,3,33.801269
0.0,3,33.80361
0.0,3,33.806082
-0.155241,2,33.807621
0.0,4,33.810811
0.0,4,33.813876
-0.028824,3,33.81625
0.0,4,33.81932
0.0,3,33.821581
0.306205,4,33.824565
0.0,3,33.826881
-0.649823,4,33.829968
0.0,4,33.83321
-0.587559,3,33.835475
-0.455227,5,33.839324
0.0,3,33.841687
0.0,2,33.843329
0.0,2,33.844935
1.5,2,33.846546
0.0,3,33.849099
-0.101671,3,33.851565
0.647414,2,33.853194
0.0,4,33.856335
0.0,2,33.857893
0.0,3,33.860164
0.0,4,33.863193
0.0,3,33.865467
0.0,2,33.86705
0.0,3,33.869442
0.0,3,33.871843
0.0,3,33.874233
0.0,3,33.876566
-0.167764,4,33.87958
0.345333,7,33.884828
-0.189854,3,33.887141
0.0,3,33.889487
0.064926,3,33.891804
0.0,3,33.894227
0.0,3,33.896663
0.0,3,33.899099
0.0,2,33.900783
0.0,2,33.902514
0.0,3,33.904866
-0.298146,3,33.907146
0.0,2,33.90871
0.0,4,33.911803
-0.283902,4,33.914954
0.0,3,33.917308
0.0,3,33.919625
0.0,4,33.922718
1.0,3,33.925039
0.0,2,33.926504
0.0,3,33.928752
0.0,3,33.93111
0.0,3,33.933441
0.0,3,33.935846
0.0,4,33.938982
0.150255,3,33.941383
0.0,2,33.943038
-0.877601,4,33.946318
0.0,3,33.948637
0.0,3,33.951172
0.0,3,33.953785
0.0,3,33.956213
0.0,3,33.958656
0.0,5,33.962467
0.0,3,33.96508
1.5,2,33.966804
0.0,3,33.969188
0.0,2,33.97088
-0.520205,3,33.973329
0.0,3,33.97561
0.0,3,33.977984
0.0,4,33.981037
0.0,3,33.983328
1.5,2,33.984841
0.0,2,33.986611
0.0,3,33.989079
-0.331078,2,33.990853
0.0,2,33.993541
0.0,3,33.997222
0.0,3,34.001052
0.0,3,34.00522
0.0,2,34.007818
0.0,3,34.011472
-0.538042,4,34.015186
0.0,5,34.019514
0.0,4,34.023716
0.0,3,34.027051
0.0,2,34.029815
0.0,2,34.031848
0.0,3,34.034909
0.452535,3,34.038161
0.0,3,34.041041
1.5,2,34.043313
0.0,4,34.048089
0.0,2,34.050203
0.0,4,34.054449
1.5,2,34.056683
0.0,3,34.059299
0.0,3,34.061671
0.0,2,34.063798
0.0,3,34.066327
0.0,6,34.07206
0.422164,2,34.073817
0.0,4,34.0775
0.0,3,34.080058
0.0,5,34.085318
0.0,3,34.088859
-1.0,2,34.090931
0.0,2,34.092856
0.0,3,34.095619
0.354077,4,34.099529
-0.826228,4,34.102991
0.0,4,34.106472
1.0,2,34.108315
0.0,3,34.110893
0.0,3,34.113569
1.0,3,34.116184
0.0,4,34.119587
0.0,3,34.122157
0.0,3,34.124708
0.0,4,34.128279
0.0,4,34.131862
0.0,3,34.134483
0.0,4,34.137906
0.0,3,34.140494
0.0,4,34.143952
0.0,2,34.145713
-0.559282,5,34.150259
0.0,3,34.152936
0.0,2,34.154788
0.0,2,34.156484
0.0,3,34.158944
0.0,2,34.160657
0.0,3,34.163122
0.0,4,34.166424
0.0,3,34.169314
0.0,2,34.171019
-0.130922,4,34.174598
0.0,2,34.176248
-0.946677,3,34.178812
-1.0,3,34.181367
0.0,4,34.184683
0.0,3,34.187269
0.0,2,34.189015
0.0,2,34.190731
-1.0,2,34.192398
0.0,5,34.196844
0.0,3,34.199479
0.114565,2,34.201301
0.0,3,34.203876
0.0,3,34.20637
0.0,3,34.209062
0.0,4,34.21251
0.0,3,34.215096
0.0,3,34.217681
0.0,4,34.22097
0.0,2,34.22271
0.237294,2,34.22441
0.0,3,34.226906
0.0,2,34.228516
0.0,5,34.232865
0.0,2,34.234603
0.0,3,34.237351
0.0,3,34.239938
0.0,4,34.243511
0.0,2,34.245316
0.0,3,34.247891
0.0,3,34.250455
0.0,3,34.25329
0.0,3,34.255921
0.0,3,34.258537
0.0,4,34.261864
0.0,3,34.264539
0.0,3,34.267102
0.0,3,34.269655
0.0,6,34.274638
0.0,2,34.276287
0.0,5,34.280338
0.0,2,34.281937
-0.031677,3,34.284338
0.0,5,34.288764
0.0,3,34.291315
0.0,2,34.29321
0.0,3,34.295641
0.0,2,34.297281
0.0,3,34.299915
0.0,4,34.303217
0.0,2,34.304855
0.0,3,34.307494
0.0,2,34.30912
0.0,2,34.310691
-0.47043,4,34.313928
0.0,4,34.317224
-1.0,3,34.319799
0.0,2,34.321848
0.475669,3,34.325367
0.0,2,34.328181
0.0,2,34.330652
0.05058,2,34.332727
0.0,3,34.336491
0.0,3,34.339616
1.5,2,34.341822
1.0,2,34.343886
0.0,3,34.346972
0.0,4,34.351638
0.0,3,34.354775
0.0,2,34.356932
0.0,2,34.359061
-0.281299,3,34.361955
0.0,3,34.364763
0.180508,2,34.366583
0.0,3,34.369417
0.0,3,34.372514
0.0,4,34.376406
0.0,4,34.380055
0.0,3,34.382793
-0.381037,2,34.384847
0.0,2,34.386639
0.0,3,34.389351
0.0,3,34.392474
0.0,4,34.396284
0.0,3,34.399969
0.0,3,34.402973
0.0,4,34.407018
0.961471,2,34.409006
0.85844,2,34.411603
0.0,3,34.414979
0.0,4,34.419155
0.0,4,34.422784
0.0,3,34.425956
-0.16809,4,34.429522
0.0,3,34.433339
0.0,3,34.436101
0.0,2,34.43795
0.0,6,34.444753
0.0,2,34.447854
0.0,4,34.451817
0.0,5,34.458242
0.0,3,34.461847
0.0,4,34.465542
0.0,3,34.468238
0.0,3,34.470801
0.0,4,34.47425
0.313343,2,34.476031
0.0,2,34.477753
1.0,3,34.480308
0.062766,3,34.482797
-0.691733,3,34.485381
0.0,4,34.488911
0.208584,2,34.490736
-0.365163,3,34.493614
0.0,3,34.496553
0.0,4,34.499934
0.0,3,34.502777
-0.267222,5,34.50715
0.0,3,34.510378
0.0,2,34.512159
0.0,3,34.514773
0.0,3,34.517375
0.0,4,34.520766
0.0,4,34.52442
0.0,4,34.527872
-0.878337,2,34.529667
0.0,5,34.534262
0.0,4,34.537892
1.0,4,34.541595
0.0,2,34.543512
0.0,5,34.547813
0.0,5,34.552223
1.0,2,34.554063
0.0,3,34.55673
0.0,3,34.559405
-0.163459,6,34.564547
0.0,4,34.56792
-0.156605,5,34.572372
0.0,3,34.57496
0.857462,4,34.578555
-0.427541,4,34.581875
0.0,3,34.584533
-1.0,2,34.586674
0.0,3,34.589522
0.0,3,34.592453
0.0,3,34.595274
0.0,2,34.597132
-0.808697,3,34.6001
0.0,4,34.604142
0.0,3,34.607441
0.0,5,34.611972
0.0,3,34.615095
0.0,5,34.619759
0.0,2,34.62173
0.0,4,34.625155
0.0,5,34.629549
0.0,2,34.631333
0.0,3,34.634
0.0,4,34.637406
0.0,3,34.639999
-0.866982,3,34.642658
0.0,4,34.646098
0.722774,3,34.648832
0.0,2,34.650685
0.0,2,34.652525
0.0,4,34.656047
0.0,4,34.6594
0.0,4,34.662783
-0.487651,5,34.666856
0.0,2,34.668709
0.0,2,34.670468
0.0,4,34.673938
0.0,5,34.67813
0.0,4,34.681452
0.0,3,34.68397
0.0,2,34.685699
-0.319254,2,34.687434
-0.435312,2,34.689402
-0.579337,3,34.692255
0.0,2,34.694077
0.0,3,34.696704
0.0,3,34.699364
0.0,3,34.701882
0.0,3,34.70459
0.0,4,34.707892
-0.514341,3,34.710511
0.0,3,34.713085
0.0,3,34.715603
0.0,2,34.717479
-0.117947,4,34.720778
-0.062698,3,34.723383
0.0,4,34.726752
-1.0,3,34.729275
0.0,3,34.731867
0.0,2,34.733618
0.0,4,34.736991
1.0,4,34.740456
-0.612384,2,34.742159
0.0,3,34.744778
0.0,4,34.748075
0.0,4,34.75142
0.0,5,34.755708
0.0,2,34.757477
0.0,4,34.760832
0.945646,2,34.762481
0.0,2,34.76416
-0.657955,4,34.767569
0.023929,2,34.769284
0.0,3,34.771799
0.0,5,34.775887
0.0,2,34.777569
0.609391,4,34.780857
0.0,3,34.783346
0.0,3,34.785836
0.0,3,34.788381
0.0,3,34.790834
0.0,2,34.792567
0.0,2,34.794456
0.0,2,34.796042
0.0,3,34.798487
0.0,2,34.800255
-0.871715,4,34.803545
0.0,4,34.80687
0.438269,2,34.808578
0.0,3,34.81098
-0.285719,3,34.813437
0.0,6,34.818262
0.0,4,34.821495
0.0,2,34.823124
-0.058664,4,34.826307
0.0,3,34.828794
0.0,5,34.832723
0.0,4,34.836172
0.0,2,34.838056
0.0,3,34.840886
0.0,2,34.843283
0.0,3,34.846371
0.0,4,34.850164
0.0,2,34.852202
0.0,4,34.855755
-0.529438,3,34.858401
0.0,3,34.86084
0.0,3,34.863338
0.0,3,34.865777
0.0,4,34.868865
0.0,5,35.866437
0.0,3,35.869013
0.0,4,35.872291
0.0,3,35.874756
0.0,4,35.877975
0.0,3,35.880402
0.0,2,35.88195
0.0,3,35.884259
0.0,3,35.886869
-0.407818,4,35.890159
0.0,3,35.892801
-1.0,2,35.894808
0.0,3,35.897878
0.0,2,35.899673
0.0,4,35.90334
1.5,2,35.905061
0.0,3,35.90762
0.0,4,35.910856
0.0,3,35.913275
-0.519803,2,35.91509
0.0,3,35.917566
0.0,4,35.922628
0.0,3,35.925112
0.0,3,35.927516
0.0,3,35.929984
0.0,2,35.931662
0.0,3,35.934114
0.0,3,35.936599
0.0,4,35.939805
0.0,5,35.943925
-0.0426,3,35.946321
0.0,3,35.948822
0.386844,2,35.9505
0.0,3,35.953065
0.0,2,35.95475
0.0,3,35.957184
0.0,3,35.959772
0.0,3,35.962235
-0.136547,3,35.964686
0.0,5,35.968549
0.0,3,35.970935
0.0,3,35.97332
0.0,3,35.975718
0.0,3,35.97814
0.0,2,35.979745
-0.716632,4,35.983227
-1.0,5,35.987688
0.0,4,35.990944
-0.125013,3,35.993382
0.0,3,35.995759
0.0,3,35.998317
0.0,3,36.00073
1.5,2,36.002312
0.0,3,36.004899
0.0,4,36.008189
-0.042796,2,36.009761
1.5,2,36.011403
-0.118594,4,36.014578
0.0,4,36.018796
0.0,3,36.022834
0.0,4,36.027504
0.0,3,36.031102
-0.402542,3,36.035908
0.321119,4,36.040819
0.0,2,36.043133
-0.417539,2,36.045351
-0.645019,5,36.051319
0.0,3,36.054587
0.0,4,36.05915
1.5,2,36.061606
0.0,3,36.064568
-1.0,3,36.067683
0.0,3,36.070994
0.710878,2,36.07307
0.0,4,36.077939
0.0,2,36.080123
0.0,3,36.083548
-0.476103,2,36.085502
0.0,3,36.088463
0.0,3,36.091805
0.0,2,36.093734
-0.31418,2,36.095926
0.0,3,36.099241
0.0,3,36.102251
0.0,3,36.105507
-0.234429,3,36.108128
0.0,2,36.110621
0.0,2,36.112819
0.0,4,36.116611
0.0,2,36.11882
0.0,4,36.122233
0.0,3,36.125688
0.0,2,36.127732
1.5,2,36.129576
0.0,2,36.131814
0.0,3,36.135827
0.0,3,36.139806
1.331351,2,36.141755
0.0,2,36.143873
0.0,3,36.147266
1.5,2,36.149081
-0.943734,4,36.153734
0.0,2,36.156046
0.0,2,36.158013
0.0,4,36.161763
0.0,4,36.165482
0.0,3,36.168583
0.0,5,36.17314
0.0,2,36.17502
0.0,2,36.176756
-0.073956,2,36.178461
0.0,3,36.181323
0.0,5,36.185595
1.0,4,36.189988
0.337522,4,36.194021
0.0,3,36.196915
0.0,3,36.199798
0.0,3,36.202965
0.0,3,36.205822
0.0,4,36.210036
1.267948,2,36.211825
0.0,5,36.216575
0.0,3,36.219217
0.0,3,36.222095
0.0,2,36.223977
0.287472,2,36.225663
0.0,4,36.22995
0.0,2,36.231684
0.0,3,36.234526
0.0,3,36.23755
0.0,4,36.242665
0.449505,2,36.244546
0.0,4,36.247989
-0.373944,2,36.250048
0.0,2,36.251788
0.0,4,36.255117
0.0,2,36.257097
0.0,4,36.260542
1.400474,2,36.262317
0.0,3,36.265551
0.0,4,36.269015
0.0,3,36.271728
0.0,5,36.275882
0.0,4,36.279044
0.0,3,36.28138
0.0,2,36.283005
0.0,3,36.285583
0.0,4,36.288845
0.0,3,36.291559
-0.902422,2,36.293217
-0.441902,4,36.296525
0.0,4,36.299943
1.0,3,36.302452
-0.401809,4,36.305627
0.0,3,36.307947
0.0,2,36.309579
-0.203848,3,36.312227
-0.23114,6,36.31692
0.0,4,36.320334
0.0,2,36.321956
0.0,2,36.323504
0.0,4,36.326834
1.0,4,36.330094
0.0,2,36.331693
-0.076788,3,36.334316
0.0,4,36.337502
0.0,2,36.339119
1.5,2,36.340661
-0.024862,2,36.342239
0.0,3,36.344582
0.0,5,36.34867
0.0,4,36.351789
0.0,4,36.355471
0.0,2,36.357107
0.0,2,36.358752
1.5,2,36.360364
0.0,2,36.361972
0.0,3,36.36436
0.0,4,36.367665
0.0,3,36.370005
0.0,3,36.372422
0.0,3,36.374845
0.0,3,36.377139
0.0,3,36.379431
0.0,3,36.382037
-0.87813,5,36.385985
0.286918,2,36.387746
0.0,3,36.390309
0.0,3,36.392679
0.0,2,36.394357
0.0,4,36.397776
0.0,2,36.399399
-0.207095,3,36.40185
1.5,2,36.403403
0.0,2,36.40505
0.0,3,36.407374
0.0,2,36.409156
0.0,5,36.413042
0.0,4,36.416239
0.0,2,36.417793
-1.0,5,36.421633
0.0,4,36.424693
-0.981101,3,36.426974
0.0,2,36.428508
0.0,2,36.430268
0.0,2,36.431819
0.0,3,36.434219
-0.896171,5,36.438434
0.0,4,36.441567
0.0,3,36.444372
-0.076566,3,36.446813
0.0,2,36.448501
0.0,2,36.450428
0.0,2,36.452273
0.0,4,36.455561
0.0,2,36.457323
0.258389,4,36.461019
0.0,3,36.463536
0.0,4,36.467123
0.0,4,36.470509
0.0,3,36.472955
-0.247455,3,36.475253
0.0,3,36.47765
0.0,2,36.47925
-0.068066,3,36.481636
-0.171227,3,36.484063
0.0,2,36.48596
1.756838,2,36.487689
0.0,2,36.489397
0.0,4,36.492974
0.0,2,36.494858
0.0,4,36.49821
1.5,2,36.500413
0.0,3,36.503467
0.0,2,36.505476
0.0,2,36.507598
0.0,3,36.51071
0.0,4,36.514421
0.0,2,36.516131
0.0,3,36.518602
0.0,4,36.522001
-0.284264,4,36.525469
0.0,3,36.528577
0.0,3,36.531597
0.0,2,36.533607
0.0,4,36.53745
0.368597,3,36.54015
-0.725975,4,36.543764
-1.0,2,36.545456
0.0,3,36.548061
0.0,2,36.549867
0.0,3,36.553044
0.0,3,36.55789
0.0,4,36.564201
0.0,3,36.568725
1.5,2,36.571266
0.0,3,36.574902
0.0,3,36.579782
0.0,2,36.583636
0.0,2,36.58646
0.0,5,36.592218
-0.051721,5,36.598898
0.0,5,36.605612
-0.220387,2,36.608033
0.0,4,36.612525
-0.172069,2,36.614444
0.0,4,36.618461
0.334602,3,36.621347
0.0,3,36.624097
0.0,2,36.626404
0.0,2,36.628373
0.0,4,36.632237
-0.769091,5,36.636598
0.04259,2,36.638523
0.0,6,36.6439
0.42127,3,36.647074
0.0,3,36.650071
0.0,3,36.65312
0.0,3,36.655876
0.0,3,36.658509
-0.479682,3,36.661633
0.0,3,36.664266
0.0,4,36.667965
0.0,4,36.671517
0.0,3,36.674191
0.0,2,36.675894
0.0,2,36.677517
0.0,3,36.680167
-0.364977,2,36.681808
0.225625,2,36.683589
1.5,2,36.685334
0.0,2,36.687227
-0.203159,3,36.68995
0.0,3,36.692509
-0.545527,3,36.696516
0.0,4,36.701055
0.0,3,36.70367
0.0,2,36.70542
-0.935307,3,36.708069
0.0,3,36.710573
1.43816,2,36.712249
0.0,5,36.716337
0.0,2,36.717989
0.0,3,36.720434
0.0,2,36.722095
0.0,3,36.72451
0.0,4,36.727778
0.0,3,36.730208
0.0,4,36.733441
-0.023396,4,36.736603
-0.998798,3,36.739012
0.0,3,36.74158
-0.795306,3,36.744043
0.0,4,36.747223
0.0,2,36.748921
0.0,4,36.752136
0.0,3,36.75464
0.0,4,36.75786
0.0,2,36.759454
0.0,4,36.762529
-0.787233,2,36.764242
0.0,2,36.765832
-0.594588,6,36.770502
0.0,2,36.772099
0.0,3,36.774475
0.0,4,36.777708
0.0,2,36.779249
-1.807415,2,36.780817
0.0,4,36.783896
0.0,2,36.785521
0.0,4,36.788682
0.0,5,36.792561
0.0,3,36.794834
0.0,3,36.797117
-0.794982,2,36.798691
0.0,2,36.800279
-0.461109,3,36.802577
0.0,4,36.805717
0.0,2,36.807293
0.0,4,36.810364
0.0,2,36.81202
-0.085313,2,36.813583
-1.0,3,36.815852
0.0,4,36.818918
-0.02536,4,36.821893
-1.0,2,36.823355
0.589543,3,36.825655
0.0,5,36.829519
0.0,2,36.831156
-0.288984,3,36.833607
0.0,4,36.836698
0.0,4,36.839889
0.0,4,36.842867
0.0,2,36.844345
0.0,4,36.847432
0.0,2,36.849006
0.0,3,36.851363
0.0,3,36.853742
0.0,2,36.855385
0.0,4,36.858683
0.0,2,36.860305
1.309921,2,36.861915
0.699508,3,36.8642
0.972361,2,36.865725
0.0,4,36.868841
-0.160507,4,36.871905
0.0,2,36.873518
0.0,3,36.875851
0.0,3,36.878153
0.0,5,36.881909
0.0,3,36.884165
0.0,2,36.885689
0.0,3,36.887991
0.0,3,36.890273
0.0,3,36.892508
0.0,3,36.894776
-0.051162,2,36.896381
-0.847743,5,36.900126
0.184829,3,36.902387
0.0,3,36.904629
0.0,3,36.906847
0.0,4,36.909821
0.0,3,36.91205
-0.227628,5,36.915708
0.0,2,36.917273
0.132665,4,36.920249
0.0,4,36.923224
0.0,2,36.924716
0.0,3,36.92702
0.0,2,36.928499
0.0,4,36.931442
0.0,5,36.935192
0.0,2,36.936709
0.0,3,36.938997
-0.477235,4,36.94207
0.0,3,36.944375
1.5,2,36.945891
0.0,4,36.948953
-0.046678,4,36.95198
0.0,6,36.956578
0.0,4,36.959553
0.0,3,36.961834
0.0,2,36.963405
1.469743,2,36.964923
0.0,4,36.967924
0.0,3,36.970216
0.0,2,36.971775
0.0,3,36.974039
0.0,3,36.976365
0.0,3,36.978634
0.0,3,36.980909
0.714213,2,36.982458
0.0,2,36.983941
0.0,3,36.986219
0.388698,2,36.987756
0.0,3,36.990043
0.0,2,36.991644
0.0,4,36.994654
0.0,3,36.996949
-0.996903,3,36.999231
0.0,3,37.00156
0.0,3,37.003802
0.0,5,37.007711
0.0,4,37.010717
0.0,2,37.012262
0.0,5,37.015978
-0.204579,5,37.019971
0.0,5,37.023939
0.0,2,37.025443
0.0,4,37.028464
0.0,4,37.031461
1.150505,2,37.03297
0.0,3,37.035366
-0.985123,5,37.039311
0.0,3,37.041623
1.019127,2,37.043136
0.0,2,37.044613
0.0,3,37.046898
0.0,4,37.050148
0.0,2,37.051845
0.0,4,37.054925
-0.103948,4,37.057924
0.0,3,37.060224
0.0,4,37.063318
0.0,3,37.065582
0.0,4,37.068608
0.0,4,37.071606
0.0,4,37.074577
0.0,4,37.077573
0.0,3,37.079863
0.0,4,37.082821
-1.0,3,37.085152
0.0,3,37.087477
0.0,4,37.090584
0.0,3,37.092894
0.0,3,37.095185
-0.00274,4,37.0982
0.0,2,37.099769
1.5,2,37.101278
0.0,4,37.104397
0.0,4,37.107494
0.0,2,37.109002
0.0,4,37.112057
0.0,3,37.114349
0.0,3,37.116616
0.0,4,37.119671
0.0,4,37.122714
0.0,3,37.125036
0.0,3,37.127332
0.0,3,37.129623
0.0,5,37.133416
-0.213853,4,37.136419
0.0,2,37.137954
0.0,2,37.139509
0.0,4,37.14248
0.0,6,37.146911
0.0,2,37.148438
0.0,2,37.149966
0.0,4,37.152923
-1.0,4,37.155936
0.0,3,37.15823
0.0,2,37.15971
0.0,4,37.16264
0.0,2,37.164181
0.0,3,37.166432
0.0,2,37.167949
0.0,4,37.170879
0.0,4,37.173883
0.0,3,37.176185
0.0,6,37.180604
1.5,2,37.182112
0.0,3,37.184329
0.0,5,37.188062
0.0,3,37.190356
0.0,3,37.19257
0.0,2,37.194077
0.0,5,37.197792
-1.0,6,37.202266
0.362387,4,37.205275
1.299871,2,37.206824
0.191378,2,37.208327
0.0,3,37.21058
0.0,3,37.212854
0.0,4,37.215788
1.0,4,37.218769
-0.172724,3,37.220967
0.0,4,37.223925
-0.144012,3,37.226198
0.0,6,37.230613
0.0,2,37.232112
-0.05014,3,37.234316
0.0,3,37.236574
0.0,3,37.238827
0.0,3,37.241088
0.0,3,37.243292
0.0,2,37.244823
0.0,2,37.246366
-0.547316,3,37.248572
0.0,4,37.251585
0.0,3,37.25386
0.0,3,37.256113
1.5,2,37.25759
-0.610815,4,37.260564
0.0,3,37.262849
0.0,5,37.266583
0.0,4,37.269583
0.0,2,37.271111
0.0,4,37.274077
0.0,4,37.277038
-0.371332,4,37.280052
-0.205869,5,37.283791
0.0,3,37.286114
-0.485334,3,37.288361
0.0,5,37.292048
0.869544,2,37.293513
-0.034327,4,37.296516
-0.324347,4,37.299504
0.0,4,37.302468
0.081829,2,37.304005
0.0,5,37.307697
0.0,3,37.30991
0.0,2,37.311439
0.529872,3,37.313713
0.0,2,37.3152
-1.0,3,37.317486
0.0,4,37.320454
0.0,2,37.321954
0.0,2,37.323439
0.0,2,37.325016
0.0,4,37.327991
0.0,2,37.32953
0.0,5,37.333374
0.0,3,37.335785
0.0,3,37.338116
0.0,4,37.341549
0.0,2,37.343287
0.0,4,37.346348
0.0,4,37.349339
0.0,3,37.351584
0.0,3,37.353879
0.0,2,37.355418
-0.749673,3,37.357658
0.0,3,37.359915
0.0,2,37.361408
0.0,3,37.363667
0.0,5,37.367327
0.0,2,37.368821
0.0,3,37.371098
0.0,2,37.372551
0.0,2,37.374088
0.0,3,37.376302
0.0,2,37.377834
0.371849,2,37.379333
0.0,4,37.382294
-1.0,4,37.385319
0.0,4,37.388346
1.5,2,37.389861
0.0,2,37.3914
0.0,3,37.393669
0.0,3,37.395945
0.0,2,37.397411
0.0,3,37.399722
0.0,2,37.401259
0.0,3,37.403488
0.125686,4,37.406514
0.0,4,37.409491
0.0,3,37.411733
0.0,2,37.413284
0.0,3,37.415565
0.0,6,37.419979
0.0,2,37.421521
0.0,3,37.423775
-0.184019,3,37.426044
0.0,3,37.428306
0.0,3,37.430521
0.0,3,37.432765
0.0,4,37.43577
0.0,4,37.438797
0.0,2,37.44034
0.0,5,37.444016
1.5,2,37.445558
-0.437616,3,37.447825
0.0,2,37.449305
0.0,2,37.450799
1.5,2,37.452325
0.0,4,37.455304
-0.579529,4,37.458328
0.0,2,37.459841
-0.107128,5,37.463602
0.0,3,37.46583
0.0,2,37.467371
0.0,4,37.470328
0.0,3,37.472533
-0.294066,5,37.476285
-0.267561,4,37.47924
0.0,2,37.480752
1.5,2,37.482273
0.0,3,37.484519
0.0,3,37.486756
0.0,2,37.488295
0.0,3,37.49058
0.888556,3,37.492819
-0.703185,2,37.494322
0.0,4,37.497331
0.0,2,37.498883
0.0,2,37.500523
1.5,2,37.502104
0.0,2,37.503743
0.0,4,37.507304
0.0,2,37.509011
0.0,3,37.511517
0.0,2,37.513222
0.0,3,37.515638
0.404809,3,37.518016
-0.242813,2,37.51973
-1.0,5,37.523753
1.5,2,37.525342
0.0,3,37.527734
0.0,3,37.530104
0.0,2,37.531657
0.0,5,37.535498
0.0,3,37.537809
0.0,5,37.541792
0.0,4,37.544874
0.0,4,37.547866
0.0,3,37.550187
0.0,3,37.552441
0.0,4,37.555451
-0.24411,4,37.558479
0.0,3,37.560866
0.0,5,37.564701
0.0,3,37.567041
0.0,2,37.568569
0.0,3,37.570812
0.428053,3,37.5731
0.0,3,37.575635
0.0,3,37.578128
0.0,2,37.579692
0.0,3,37.581937
0.0,3,37.584241
0.0,4,38.462597
0.0,3,38.465657
0.0,3,38.468487
-0.666803,4,38.472398
0.0,4,38.475791
0.0,3,38.47896
1.5,2,38.480733
0.0,3,38.483445
0.0,3,38.486582
0.0,3,38.49005
0.0,4,38.493937
0.0,4,38.497594
-0.03359,3,38.500205
0.0,2,38.50202
-0.328233,4,38.50542
0.0,3,38.507915
0.0,4,38.511135
0.0,3,38.513576
-0.018715,4,38.516838
0.0,3,38.519334
0.0,5,38.523326
0.0,4,38.526394
0.0,3,38.52916
0.0,3,38.532141
0.0,3,38.534489
-0.183886,2,38.536061
0.0,2,38.537959
0.0,3,38.540853
0.0,5,38.54501
0.0,3,38.547536
-0.404923,4,38.550622
0.0,2,38.552263
0.0,3,38.554584
0.0,2,38.556286
0.0,2,38.557894
0.0,5,38.563001
0.0,4,38.566171
-0.717188,3,38.568591
0.0,4,38.571683
0.0,2,38.573307
0.0,2,38.574816
0.0,3,38.57712
0.0,4,38.580243
0.0,2,38.581763
-0.811371,3,38.584101
0.0,3,38.586479
0.0,4,38.589609
0.0,3,38.591999
0.0,4,38.595156
0.0,4,38.598196
-1.060525,2,38.599925
0.0,2,38.601986
0.0,6,38.60735
0.0,4,38.611771
0.0,3,38.614316
0.0,3,38.616674
0.0,2,38.618249
0.0,5,38.622255
0.0,4,38.625317
-0.462966,3,38.627654
0.550732,3,38.629964
-0.211071,2,38.63903
0.0,4,38.642744
0.0,2,38.644684
0.0,5,38.648598
-0.155654,2,38.650324
0.0,5,38.656142
-0.290906,4,38.660115
0.0,3,38.662544
0.0,3,38.665813
0.0,2,38.667497
1.5,2,38.669138
-1.0,6,38.673856
0.0,4,38.676989
0.0,3,38.679415
0.0,2,38.680981
0.0,4,38.684245
-0.284468,3,38.686711
0.182395,3,38.689022
0.0,3,38.691487
0.0,4,38.694933
0.0,3,38.697433
0.0,2,38.699353
0.0,2,38.701005
0.0,3,38.703359
0.0,5,38.707749
0.0,4,38.71099
0.0,5,38.715144
-0.498438,4,38.718336
0.0,4,38.721516
-0.1285,3,38.723974
0.0,5,38.728343
0.0,2,38.729955
-0.457532,2,38.731525
0.0,3,38.734015
-0.470643,3,38.7364
0.0,2,38.738034
0.0,3,38.740516
0.0,2,38.742074
0.0,4,38.745212
0.0,3,38.748152
0.0,2,38.749882
-0.266437,4,38.753238
0.0,3,38.755805
0.0,3,38.758231
0.0,3,38.760695
0.0,5,38.765132
0.0,4,38.768345
0.0,2,38.769952
-0.699538,3,38.772426
0.0,5,38.776299
0.584733,2,38.77796
0.0,3,38.780428
0.0,2,38.782214
-1.65637,2,38.783952
0.0,3,38.786372
0.0,2,38.788089
0.0,2,38.789726
0.0,4,38.792822
0.0,2,38.794342
0.0,2,38.796136
0.0,5,38.799949
0.0,3,38.802617
-0.174497,2,38.804313
0.0,2,38.80607
-0.748936,4,38.809476
-0.152958,2,38.811225
0.0,5,38.815034
0.0,3,38.817611
0.0,2,38.819192
0.0,4,38.822433
-0.332919,4,38.825761
0.0,3,38.828047
-0.532651,2,38.829564
0.0,4,38.832914
-0.713809,3,38.835322
0.0,3,38.838264
0.0,5,38.842206
0.0,4,38.845612
1.355901,2,38.847197
-1.0,4,38.850469
0.0,3,38.852829
0.671424,4,38.856071
0.0,3,38.858545
0.0,2,38.860781
0.0,4,38.86408
0.0,5,38.868155
0.0,2,38.869713
0.0,4,38.872848
0.0,4,38.875996
0.0,3,38.87845
0.0,5,38.882656
0.0,3,38.8851
0.0,3,38.887742
0.0,2,38.889336
0.0,3,38.891927
0.0,3,38.894841
0.0,2,38.896503
0.0,5,38.901049
0.0,3,38.903579
0.0,3,38.906039
0.0,4,38.909351
0.0,3,38.911736
1.018534,2,38.913481
0.0,3,38.915881
0.0,3,38.918275
0.0,3,38.920927
0.0,4,38.924346
0.0,4,38.927624
-0.56313,4,38.931103
0.0,4,38.934472
0.0,6,38.939767
0.0,4,38.943543
0.0,2,38.945349
0.0,2,38.947152
0.0,5,38.951713
-0.075904,4,38.955283
0.427458,3,38.957838
0.0,4,38.96118
0.876073,2,38.962909
0.0,3,38.966019
0.0,4,38.969613
0.0,2,38.971597
0.475453,2,38.973252
0.0,5,38.978057
0.0,2,38.979952
0.0,3,38.982546
0.949495,2,38.984647
0.0,3,38.98733
0.0,4,38.990722
0.0,3,38.99323
-0.820822,4,38.996544
0.0,5,39.000979
0.0,3,39.003536
0.0,3,39.006134
0.0,2,39.007812
0.0,2,39.009494
0.0,3,39.011942
0.0,2,39.013645
0.0,2,39.015315
0.0,2,39.016934
0.0,4,39.020601
0.720871,3,39.023285
1.5,2,39.025015
0.0,3,39.027577
0.0,3,39.0301
0.0,2,39.031734
-0.102961,4,39.03544
0.0,3,39.03806
0.0,2,39.040395
0.0,4,39.044507
0.0,3,39.047927
0.0,4,39.05154
0.0,3,39.054297
1.0,4,39.058229
0.0,3,39.061639
0.0,4,39.065488
0.0,3,39.06842
0.0,3,39.071201
0.0,3,39.073864
0.0,4,39.07765
0.0,3,39.080507
0.0,3,39.083525
-0.434901,4,39.087263
0.0,3,39.090109
0.0,2,39.092073
0.0,3,39.09483
-0.830018,3,39.09774
0.355862,2,39.099731
0.0,3,39.102996
0.0,5,39.107707
0.0,3,39.11049
0.0,2,39.112285
0.0,5,39.116876
0.288897,3,39.119702
-0.09651,3,39.122611
0.0,5,39.127137
0.0,5,39.131796
-0.784998,4,39.135427
0.0,4,39.139287
0.0,4,39.142842
0.0,3,39.145927
0.0,4,39.149523
0.0,4,39.153361
0.074309,4,39.157156
0.0,2,39.159134
0.0,2,39.161384
-0.254502,4,39.165758
1.5,2,39.167709
0.0,3,39.17046
0.0,2,39.172311
0.0,2,39.174176
-0.15967,5,39.178785
0.0,2,39.180568
0.0,3,39.183525
0.0,2,39.185508
0.0,5,39.189674
0.0,4,39.192962
0.0,4,39.196276
0.0,4,39.199548
0.0,2,39.201158
0.0,2,39.20285
-0.679201,2,39.204481
0.0,3,39.206888
0.0,5,39.21082
0.0,6,39.215594
0.0,2,39.21718
0.0,2,39.218771
0.0,2,39.220307
0.0,3,39.222566
0.0,4,39.225554
0.0,2,39.227086
0.0,2,39.228617
0.0,3,39.230846
0.0,2,39.232403
0.0,3,39.23469
0.0,3,39.236966
-1.0,4,39.239959
0.0,3,39.242209
0.0,2,39.243667
-1.0,2,39.245176
0.0,3,39.247387
0.0,2,39.248936
0.0,3,39.251178
0.0,5,39.254883
0.0,5,39.258741
0.249789,3,39.261028
0.0,3,39.263303
0.0,4,39.266301
1.5,2,39.267768
0.0,2,39.269284
0.0,3,39.271583
0.0,2,39.273071
0.0,2,39.274563
0.0,3,39.276801
0.616521,2,39.278338
0.0,2,39.279856
0.0,2,39.281322
0.0,5,39.285081
0.0,3,39.287363
0.0,3,39.289639
0.0,3,39.291898
0.0,4,39.294934
0.149749,2,39.296424
0.0,3,39.298715
0.0,3,39.300955
0.0,3,39.303258
0.0,3,39.305676
-0.852158,5,39.309452
0.371231,2,39.31099
0.0,4,39.313958
0.0,3,39.3162
0.0,3,39.318481
-0.446563,3,39.320726
0.0,3,39.323065
0.0,3,39.325309
0.0,5,39.328985
0.0,4,39.33199
1.0,2,39.333557
0.0,4,39.336539
1.0,2,39.338006
0.0,3,39.340387
0.0,3,39.342667
0.0,3,39.344931
2.0,2,39.346463
0.0,2,39.347998
0.0,3,39.350229
0.0,2,39.351717
0.0,2,39.353276
-0.958905,3,39.355479
0.0,3,39.357791
0.0,2,39.359395
0.0,2,39.36096
0.0,3,39.36324
0.0,4,39.366267
0.030024,2,39.367799
0.0,3,39.37001
0.622602,3,39.372293
0.933172,2,39.373776
0.0,3,39.375983
0.0,3,39.378248
0.315324,3,39.380514
0.0,4,39.383476
0.0,4,39.386469
0.0,2,39.387946
1.0,3,39.390234
0.0,3,39.392504
0.0,3,39.394764
0.0,3,39.397009
0.0,3,39.399254
0.0,3,39.401544
0.0,3,39.403852
0.0,5,39.407589
0.0,4,39.410648
0.0,3,39.412933
0.0,2,39.414437
0.0,2,39.415935
-1.369143,2,39.417493
0.0,3,39.419793
0.0,4,39.422769
0.0,3,39.424988
0.0,2,39.42648
0.573948,2,39.427996
0.0,2,39.429509
-0.745288,2,39.43099
0.0,3,39.433241
0.0,4,39.436277
0.0,3,39.438509
0.0,3,39.440787
0.0,3,39.443038
0.0,3,39.445318
0.0,2,39.446846
0.0,2,39.448354
0.0,3,39.450598
0.0,2,39.452076
0.0,4,39.455071
1.5,2,39.456589
0.0,2,39.458254
0.0,2,39.459766
0.0,3,39.462061
0.0,4,39.465054
1.5,2,39.466558
0.0,3,39.468878
0.0,3,39.471172
0.0,3,39.473415
0.0,2,39.474936
0.0,4,39.477946
0.0,2,39.479497
0.0,2,39.480972
0.0,2,39.482513
0.0,2,39.483979
0.0,3,39.486295
0.606907,3,39.488554
0.0,2,39.490061
0.0,4,39.492996
0.0,2,39.494523
0.120195,3,39.496765
0.0,4,39.499794
0.0,4,39.502807
0.0,4,39.505831
0.0,4,39.508922
0.0,4,39.511981
0.0,4,39.515371
0.0,3,39.517891
0.0,4,39.521305
0.0,3,39.523753
0.0,3,39.526151
0.0,4,39.529303
-0.010139,2,39.530932
0.0,5,39.534792
0.0,3,39.537155
0.463703,2,39.538819
0.0,3,39.541172
-0.824407,2,39.542759
0.0,2,39.54428
0.0,3,39.546551
0.0,3,39.548823
1.0,3,39.55108
0.0,4,39.554116
0.0,2,39.555669
0.0,3,39.557889
0.0,3,39.560375
0.0,3,39.562784
0.0,3,39.565154
0.0,3,39.56747
0.0,5,39.571243
0.332234,3,39.573542
0.0,3,39.57581
0.0,4,39.578835
0.0,4,39.581885
0.749379,2,39.583416
0.0,3,39.585707
-0.571276,4,39.588788
0.0,3,39.59104
0.0,2,39.592558
0.0,3,39.594874
-0.272935,3,39.59711
0.0,3,39.599375
0.0,2,39.600916
-0.052945,5,39.604635
-0.505884,3,39.606904
0.354965,2,39.608467
0.0,3,39.610771
0.0,4,39.613942
0.0,2,39.615566
0.0,2,39.617117
0.0,3,39.619412
0.0,3,39.621679
0.0,4,39.624754
0.0,4,39.627811
0.0,3,39.630079
0.0,3,39.632332
0.0,3,39.634581
0.0,3,39.636901
-0.336813,3,39.639158
0.0,2,39.640682
0.0,4,39.643698
0.0,3,39.645993
0.0,3,39.648245
0.0,4,39.651215
0.0,3,39.653496
0.0,3,39.65583
0.0,3,39.658105
0.0,4,39.661234
0.0,2,39.662755
0.0,2,39.664312
-0.871727,2,39.665896
1.5,2,39.667406
-0.239746,4,39.670661
0.0,3,39.673151
0.0,3,39.675534
0.701967,4,39.678711
0.0,3,39.681095
0.0,4,39.684266
0.0,4,39.687361
0.0,4,39.690444
0.0,2,39.692014
0.0,4,39.695093
0.0,2,39.696631
0.0,2,39.698192
0.0,4,39.70119
0.0,3,39.70346
-0.827104,4,39.70645
0.0,3,39.708713
0.0,3,39.710937
0.0,6,39.715481
0.0,2,39.716955
0.0,4,39.71996
0.0,5,39.723776
0.0,2,39.725309
-1.0,2,39.726873
0.0,3,39.729144
1.5,2,39.730664
0.0,4,39.733638
0.0,2,39.735134
-0.091621,3,39.737407
0.247775,2,39.73893
0.0,2,39.74069
0.0,3,39.742981
0.0,3,39.745232
1.5,2,39.746709
0.0,5,39.750471
0.0,3,39.752717
0.0,2,39.754223
0.0,3,39.756553
0.0,5,39.76057
-0.179973,3,39.762856
0.0,4,39.765843
-0.989913,3,39.768129
0.0,4,39.771156
0.0,4,39.774162
0.0,3,39.776438
-0.501391,3,39.778698
-0.555657,4,39.781656
-0.34882,2,39.783152
0.0,2,39.784674
0.0,4,39.787674
-0.274275,4,39.79067
0.0,4,39.793619
-0.217851,3,39.795869
0.0,5,39.799649
0.0,4,39.80267
1.5,2,39.804152
-0.584772,3,39.806398
0.0,2,39.807961
0.0,3,39.810223
0.0,2,39.811762
-0.310554,2,39.813289
0.0,3,39.815529
0.0,2,39.817087
0.0,4,39.820052
0.0,3,39.822366
0.0,3,39.824647
0.0,2,39.826209
0.0,4,39.829201
0.0,3,39.831466
0.0,2,39.832999
-0.439173,3,39.835262
0.0,3,39.8376
0.0,2,39.839143
0.0,4,39.842115
0.737421,2,39.843619
0.0,3,39.845894
-1.0,4,39.848852
0.0,3,39.85116
0.0,4,39.854151
0.0,3,39.856393
-1.0,5,39.860314
0.0,3,39.862608
1.403402,2,39.864097
0.0,2,39.865614
0.0,2,39.867091
0.119756,3,39.869385
0.946738,2,39.8709
-1.0,3,39.873152
0.0,3,39.875406
0.0,3,39.877712
-1.0,4,39.880683
0.0,4,39.883872
0.0,3,39.886571
-0.167125,2,39.888208
0.0,2,39.88972
0.0,5,39.894874
0.0,4,39.898056
0.84025,3,39.900428
0.0,3,39.90291
0.0,3,39.905409
0.0,5,39.909373
0.0,3,39.911724
0.0,3,39.914139
-0.584738,2,39.915698
0.0,4,39.918921
0.0,3,39.921464
0.0,3,39.923841
0.0,2,39.925428
0.0,4,39.928597
0.0,3,39.930894
0.0,2,39.932409
0.0,2,39.934133
-0.456006,5,39.937957
0.0,2,39.939563
0.0,3,39.942067
0.0,4,39.945154
-1.0,4,39.948437
0.0,2,39.950021
0.0,3,39.952306
0.974232,3,39.954664
0.0,3,39.957013
0.0,2,39.958574
0.0,4,39.962422
0.0,2,39.964267
0.0,4,39.967518
0.0,2,39.969126
0.0,2,39.970642
0.0,2,39.972167
0.261639,4,39.975228
0.0,6,39.979652
1.5,2,39.981197
0.0,3,39.983556
0.0,2,39.985178
0.0,7,39.99058
0.915895,2,39.992142
0.0,4,39.995224
0.0,4,39.998324
0.0,3,40.000659
0.375637,2,40.002238
0.0,3,40.004559
-0.321268,5,40.008391
0.0,3,40.010737
0.0,3,40.013059
0.0,3,40.015277
0.0,3,40.017643
0.0,4,40.020795
0.0,3,40.023172
0.0,4,40.02619
0.0,5,40.029896
0.0,4,40.033012
0.0,2,40.034552
0.0,2,40.036117
0.0,3,40.038936
0.0,2,40.040611
0.0,4,40.043777
0.0,4,40.047261
0.0,3,40.049571
0.0,4,40.053006
0.0,4,40.056092
0.0,2,40.05764
0.0,3,40.060265
0.0,3,40.062648
0.638954,4,40.065794
0.0,3,40.068558
0.0,3,40.070974
0.0,3,40.073391
0.0,4,40.076418
0.0,3,40.078723
0.0,3,40.081216
0.470642,3,40.083531
0.0,4,40.086927
0.0,3,40.089307
0.0,5,40.0932
0.0,3,40.0957
1.0,4,40.098795
0.0,3,40.101391
0.0,6,40.106248
0.0,2,40.10779
0.0,3,40.110103
0.0,2,40.11166
0.0,3,40.113935
-0.793144,4,40.116922
0.0,3,40.119187
0.0,3,40.121632
-0.184927,4,40.124807
0.109128,2,40.126373
0.0,4,40.129551
-0.577448,3,40.131813
0.0,2,41.058837
1.5,2,41.060644
0.0,3,41.063241
0.0,3,41.065641
0.0,5,41.0698
0.0,3,41.072321
0.0,3,41.074711
0.0,3,41.077039
0.0,2,41.078555
0.0,2,41.080052
0.0,3,41.082357
-1.0,2,41.083947
-1.0,6,41.088752
0.0,3,41.091791
-1.0,3,41.094931
0.0,3,41.098046
0.0,4,41.103537
0.0,4,41.109728
0.0,3,41.113998
0.0,3,41.116981
-0.885807,4,41.120622
1.5,2,41.123315
0.0,4,41.128308
0.0,3,41.13137
0.042889,3,41.13392
0.0,5,41.138335
0.0,4,41.141856
0.0,3,41.144665
-0.494995,3,41.147244
0.0,2,41.14896
0.0,2,41.150842
0.0,4,41.154832
0.0,4,41.159342
0.0,3,41.161906
0.0,4,41.165461
0.175708,3,41.167934
0.0,3,41.170491
0.0,5,41.174744
0.0,3,41.17728
0.0,3,41.179937
-0.413984,4,41.183333
0.0,2,41.193618
1.0,4,41.197784
0.182312,2,41.199881
-0.513791,2,41.201809
0.0,3,41.204416
0.0,4,41.207982
0.0,2,41.209781
0.0,5,41.214128
0.0,4,41.217503
0.0,4,41.220963
0.0,3,41.223467
0.0,3,41.225956
0.0,4,41.229413
0.0,4,41.232697
-1.0,3,41.235411
0.0,2,41.237083
0.0,3,41.239642
0.0,2,41.241643
0.0,4,41.24526
0.0,7,41.251104
0.0,3,41.25361
0.0,3,41.256248
0.907161,3,41.258704
0.0,3,41.261205
0.0,3,41.263866
0.0,2,41.265657
0.0,4,41.269068
-0.84154,3,41.271689
0.0,6,41.276979
-1.0,3,41.279491
0.0,4,41.282778
0.0,2,41.284675
0.0,4,41.288005
0.0,2,41.289605
0.0,3,41.292333
0.0,2,41.294135
-0.723791,2,41.295785
-0.058803,5,41.300099
0.0,3,41.302576
0.0,5,41.306762
0.0,4,41.310052
-0.261095,3,41.31279
0.0,2,41.314853
1.5,2,41.316582
0.0,2,41.318404
0.0,4,41.321694
0.0,2,41.323401
0.0,2,41.325228
0.0,3,41.327678
-0.208814,5,41.331929
0.0,4,41.335222
-0.942429,3,41.337657
0.0,3,41.340386
0.0,5,41.344496
0.0,6,41.349542
0.0,4,41.353521
0.0,3,41.356136
0.0,3,41.358657
-0.043387,2,41.360522
0.0,2,41.362154
1.5,2,41.36393
0.0,2,41.365753
0.0,2,41.367646
0.0,3,41.370131
0.0,3,41.372617
-1.0,4,41.376188
0.0,3,41.379259
0.0,2,41.381339
-0.153911,4,41.385107
0.0,3,41.387765
0.0,3,41.390477
0.0,2,41.39255
0.0,4,41.396563
-0.852109,3,41.399458
0.0,2,41.401475
0.0,3,41.404237
0.0,2,41.406213
0.0,5,41.410653
0.0,3,41.413516
0.0,4,41.417109
0.0,3,41.419966
0.681841,2,41.421802
0.0,3,41.424515
0.0,3,41.427303
0.0,3,41.429959
0.0,3,41.432679
0.0,3,41.435594
0.0,4,41.439094
0.0,2,41.441117
0.0,3,41.44385
0.0,5,41.448372
-0.109637,2,41.45027
-0.702126,5,41.454823
0.0,4,41.458457
0.0,2,41.460217
-0.357658,2,41.462254
0.0,3,41.465195
0.0,2,41.467002
0.0,2,41.469364
0.0,3,41.472658
-0.473748,3,41.475792
0.0,3,41.478759
0.0,3,41.48173
0.0,3,41.485466
0.0,3,41.48895
0.0,4,41.493262
0.0,4,41.497523
0.0,3,41.501411
-1.0,3,41.504655
0.0,5,41.509767
0.0,5,41.514731
0.0,2,41.516706
1.5,2,41.518641
0.0,3,41.52191
-0.116095,4,41.525826
0.0,3,41.528958
0.0,2,41.530934
0.0,3,41.533725
0.0,4,41.537303
-0.263521,2,41.539551
0.0,3,41.542707
0.0,4,41.546297
0.0,5,41.551303
0.0,3,41.554274
0.0,4,41.557989
-0.224456,4,41.561827
0.0,4,41.565439
0.0,3,41.56835
0.0,3,41.570989
0.0,3,41.573745
-0.2594,2,41.575681
0.258639,2,41.577779
0.0,3,41.58089
0.0,3,41.583719
0.0,2,41.585633
0.0,4,41.589472
0.162681,2,41.591385
0.0,4,41.594914
0.0,3,41.597568
-1.0,5,41.60208
0.0,3,41.604696
0.0,3,41.607315
0.0,4,41.610755
0.0,2,41.612649
0.0,2,41.614496
0.0,2,41.616258
0.0,3,41.618841
0.0,3,41.621464
-0.109032,2,41.623224
0.0,2,41.624938
0.173925,3,41.627632
0.0,2,41.629434
-0.210518,3,41.631981
0.0,3,41.63467
0.0,3,41.637314
-0.152823,3,41.63997
0.0,3,41.642551
0.0,6,41.647641
0.0,2,41.64946
0.0,4,41.652859
0.0,3,41.65552
0.0,4,41.658885
0.0,2,41.660719
0.0,3,41.66337
0.0,4,41.666824
-0.22142,4,41.670344
-0.02389,4,41.673908
0.0,3,41.676704
-0.873886,4,41.68046
0.249948,4,41.684241
0.0,3,41.687136
0.0,3,41.689825
0.0,2,41.691665
0.0,2,41.69334
1.5,2,41.695135
0.0,3,41.697796
0.0,2,41.699567
0.0,2,41.70127
0.0,4,41.704688
0.0,2,41.7064
-1.0,5,41.710766
-0.374706,2,41.712516
0.0,3,41.715042
-0.158113,3,41.717634
0.0,5,41.721798
0.0,3,41.724434
0.0,2,41.726195
-1.0,4,41.729616
-0.482733,2,41.731373
0.0,3,41.733999
0.0,3,41.736558
0.0,5,41.740934
-0.425678,3,41.743608
0.0,3,41.74626
1.090962,2,41.747984
0.0,4,41.751603
0.0,3,41.754251
0.0,2,41.755971
0.0,4,41.759455
0.0,4,41.762875
0.0,2,41.764657
-0.684018,2,41.766488
0.638599,3,41.769124
0.0,5,41.773486
0.0,3,41.776153
0.0,3,41.778782
0.0,2,41.780597
0.0,3,41.783228
0.0,3,41.785844
0.0,4,41.78929
0.0,3,41.791951
0.0,3,41.794631
0.0,2,41.796423
0.0,4,41.800037
0.0,2,41.801889
1.5,2,41.803633
0.226155,4,41.807308
0.0,3,41.809941
0.0,3,41.812544
0.0,5,41.816812
0.0,3,41.819319
0.0,3,41.82196
0.0,5,41.826212
0.0,3,41.828816
0.0,3,41.831433
0.0,3,41.834012
0.0,2,41.835734
0.0,3,41.838347
0.0,3,41.840915
0.0,3,41.843472
0.0,2,41.845153
0.0,2,41.846799
0.0,3,41.849427
0.0,3,41.851959
0.0,3,41.854487
0.0,4,41.857815
0.841371,3,41.860265
0.0,3,41.862869
0.0,3,41.865451
0.0,4,41.868866
0.0,2,41.870655
0.0,3,41.873309
0.0,3,41.875915
0.0,2,41.877612
0.0,3,41.880221
0.0,2,41.881914
0.0,3,41.884453
0.0,3,41.887037
0.0,3,41.889609
0.0,2,41.891327
0.0,4,41.894715
0.0,5,41.898956
0.0,3,41.901479
0.0,4,41.904857
0.0,5,41.9089
0.0,2,41.910708
-0.649438,5,41.914673
0.0,2,41.91631
0.0,4,41.919643
0.0,4,41.922845
0.0,5,41.926947
0.0,4,41.930141
0.0,4,41.933447
0.0,2,41.935046
0.0,3,41.937481
0.0,3,41.939983
-0.335781,3,41.942463
-0.673673,2,41.944124
0.0,3,41.946703
0.0,3,41.949125
0.0,4,41.952382
0.0,4,41.955673
0.0,3,41.958036
0.0,3,41.960634
0.0,3,41.963057
-0.166349,4,41.966438
0.0,4,41.969884
0.0,6,41.974926
-0.159256,2,41.976536
-1.0,4,41.979814
0.0,2,41.981492
0.0,2,41.983144
0.0,4,41.986322
0.0,2,41.988075
0.0,3,41.990547
-0.059645,3,41.992896
0.0,3,41.99544
0.0,4,41.998733
0.0,2,42.000391
0.053861,2,42.002113
0.0,4,42.00528
0.0,3,42.007847
0.0,5,42.011984
0.0,3,42.014397
0.685162,3,42.016961
1.5,2,42.018606
0.0,5,42.022914
0.0,4,42.026254
0.0,3,42.028707
0.0,3,42.031179
0.193209,2,42.032794
0.0,3,42.035272
0.0,4,42.038791
0.0,3,42.041371
0.0,3,42.04396
-0.061662,4,42.04711
0.0,3,42.049698
1.115114,2,42.051527
0.615203,2,42.053239
0.0,5,42.057318
-0.902657,2,42.058913
0.0,2,42.060572
0.0,4,42.063988
0.0,3,42.066452
-0.135135,2,42.068031
-0.471105,5,42.072377
0.0,3,42.074948
0.0,2,42.076752
0.0,3,42.079299
0.0,3,42.081785
-0.014643,2,42.083399
0.0,3,42.0861
0.0,3,42.088571
0.0,3,42.091108
0.0,4,42.094342
0.0,4,42.097473
0.0,4,42.100825
0.0,2,42.102386
0.0,3,42.104921
0.672735,2,42.106557
0.501838,3,42.108941
1.5,2,42.110492
0.0,3,42.113121
0.0,4,42.11617
0.0,2,42.117873
0.0,3,42.12045
0.0,2,42.122838
0.0,3,42.125336
0.0,3,42.127837
-0.500727,5,42.131773
0.0,5,42.13586
-0.681354,5,42.14
0.0,4,42.14319
0.0,2,42.144808
1.481408,2,42.14639
0.0,4,42.149698
0.0,4,42.152962
0.0,2,42.154759
0.0,3,42.157179
-0.114597,2,42.158894
0.0,2,42.160652
-0.916359,3,42.163194
0.0,6,42.167928
0.0,2,42.169653
1.5,2,42.171355
0.0,4,42.174611
0.0,2,42.176283
0.0,4,42.179379
0.0,4,42.182783
0.0,3,42.185206
0.0,3,42.187624
0.0,5,42.191673
-0.576902,3,42.194078
0.410062,2,42.195759
0.0,4,42.198924
0.0,3,42.201284
0.0,3,42.203894
0.0,2,42.205582
0.0,2,42.207258
0.0,3,42.20983
0.0,4,42.213074
0.0,4,42.216359
0.0,2,42.218111
0.0,4,42.221373
-0.714519,4,42.224671
0.0,3,42.227173
0.0,3,42.229625
0.0,3,42.232099
0.0,3,42.234444
0.0,3,42.236828
0.0,4,42.240005
0.0,4,42.243095
-0.356043,3,42.245621
0.0,4,42.24875
1.5,2,42.250323
0.0,2,42.252126
0.0,3,42.254524
0.0,4,42.257633
-0.526399,3,42.260182
0.0,4,42.263469
0.0,3,42.266
0.869567,4,42.269449
-0.0688,2,42.271138
0.0,3,42.273829
0.575494,2,42.275585
0.0,3,42.278074
0.0,3,42.280763
0.209062,4,42.284105
0.0,4,42.287614
-0.395827,3,42.290236
0.0,4,42.293741
0.0,4,42.297137
0.0,4,42.300695
0.0,3,42.303299
-0.44315,3,42.305831
0.0,3,42.308459
0.0,3,42.311008
0.0,4,42.314429
0.0,3,42.317063
0.0,4,42.320535
0.0,3,42.323241
0.0,2,42.325007
-0.258181,4,42.328795
0.0,3,42.331434
-0.801358,2,42.33319
0.0,2,42.33497
0.0,2,42.336795
0.0,2,42.338554
-0.268129,3,42.341182
0.0,2,42.343067
0.0,3,42.345711
0.0,4,42.349399
0.0,4,42.353059
0.0,5,42.357453
1.762562,2,42.359294
0.0,2,42.361047
-0.019506,5,42.365327
0.0,4,42.368706
0.0,2,42.370582
0.0,3,42.373328
-0.670804,2,42.375114
0.0,3,42.377759
0.0,2,42.379553
1.5,2,42.381269
-1.0,3,42.383864
0.0,4,42.387231
0.0,2,42.388889
0.0,3,42.391404
-0.028428,4,42.39484
0.0,4,42.398159
0.0,3,42.400944
0.0,2,42.402678
0.0,3,42.405427
0.0,3,42.407977
0.0,3,42.410533
0.0,2,42.412298
0.0,3,42.41492
0.0,4,42.418671
-0.066898,3,42.421457
0.0,3,42.424122
0.0,5,42.428458
1.409345,2,42.430163
-0.857823,3,42.432806
0.0,2,42.434658
0.0,2,42.436457
0.0,3,42.438915
0.0,2,42.440607
0.0,4,42.443928
0.0,3,42.446491
0.0,3,42.448959
0.0,3,42.451428
0.0,2,42.453037
0.0,3,42.455576
0.0,3,42.45805
0.0,2,42.459785
0.0,4,42.463075
0.0,3,42.46543
0.0,3,42.467978
0.0,3,42.470542
0.0,2,42.472214
0.234631,2,42.473909
-0.346598,3,42.476354
0.0,3,42.478768
0.0,3,42.481264
0.0,3,42.483739
0.719781,4,42.486927
1.5,2,42.488574
0.0,2,42.490263
0.0,3,42.492609
0.839884,3,42.495019
-0.491624,3,42.497495
0.0,2,42.499116
0.0,3,42.501473
0.0,2,42.503167
0.0,3,42.505514
0.0,5,42.509591
0.0,2,42.511346
-0.349093,2,42.512912
0.0,2,42.514499
-0.226491,4,42.517734
0.0,4,42.520858
0.0,3,42.523264
0.0,3,42.525703
0.0,4,42.52888
0.0,3,42.531429
0.0,3,42.533768
0.0,2,42.535323
0.0,2,42.536995
0.0,4,42.540525
0.0,2,42.542184
0.0,3,42.544734
0.0,3,42.547073
0.0,4,42.550363
-0.599124,3,42.55304
0.0,3,42.555602
0.0,3,42.558136
0.0,2,42.559897
0.0,3,42.562308
0.0,3,42.564886
0.0,2,42.566724
-0.374358,4,42.569956
0.0,3,42.572651
0.0,4,42.576283
0.0,2,42.578156
0.0,4,42.581739
0.0,2,42.583384
0.0,3,42.585998
0.0,3,42.588769
0.0,2,42.590511
0.0,2,42.592321
0.0,3,42.595115
0.0,4,42.598487
-0.57355,3,42.601214
0.0,4,42.604558
0.0,3,42.607173
1.5,2,42.608922
0.0,2,42.610564
0.0,3,42.61306
0.0,3,42.615693
0.0,3,42.61819
0.0,3,42.620711
0.0,3,42.62325
0.0,3,42.62569
0.0,3,42.628336
1.5,2,42.629953
1.5,2,42.631602
0.0,4,42.63494
0.0,3,42.637566
0.0,3,42.639979
0.0,3,42.642665
0.0,3,42.645189
0.0,4,42.648511
0.0,4,42.652612
0.0,2,42.654545
0.0,3,42.657686
0.648661,2,42.659397
0.0,3,42.661856
-0.5817,3,42.664429
-1.0,3,42.66714
-0.038471,2,42.66883
0.0,3,42.671562
-1.0,6,42.676588
-0.588876,3,42.679098
0.0,3,42.681577
0.0,3,42.684226
0.0,4,42.687474
0.0,3,42.690176
-1.0,2,42.691864
0.0,3,42.694322
0.0,3,42.69696
-0.094485,3,42.69963
0.332325,2,42.701705
-0.283699,3,42.704844
0.0,4,42.708363
0.0,3,42.710972
0.0,3,42.71366
0.0,3,42.716255
0.0,2,42.718096
0.0,2,42.719688
0.0,3,42.722294
0.0,3,42.725008
0.0,3,42.727588
0.0,5,42.731719
-0.019652,3,42.734452
0.0,4,42.737743
0.164327,2,42.739547
0.0,3,42.742004
0.0,5,42.746241
0.0,4,42.749477
0.0,2,42.751152
0.0,3,42.75387
0.0,3,42.756343
0.0,2,42.758063
0.0,3,42.760704
0.0,4,42.76391
0.537587,2,42.765522
-0.094509,4,42.769131
0.765789,3,42.771672
0.0,4,42.775031
0.254884,2,42.776679
0.0,2,42.778323
0.0,3,42.780905
0.0,3,42.783355
0.0,4,42.786672
0.0,2,42.788433
0.0,4,42.791692
0.0,2,42.79331
0.0,3,42.795834
0.0,2,42.797502
0.0,4,42.800845
0.0,2,42.802528
0.0,5,42.806688
0.0,2,42.808451
0.0,2,42.810126
0.0,2,42.811775
0.377945,2,42.813346
0.0,3,42.815917
0.0,3,42.818365
0.0,4,42.821565
-0.03826,3,42.824009
0.0,2,42.825662
-0.223597,4,42.828881
0.0,2,42.830622
0.0,3,42.832967
0.0,2,42.834593
0.0,4,42.837916
0.0,2,42.83958
0.0,3,42.841969
0.0,4,42.845259
1.381357,2,42.846861
0.0,2,42.84842
0.33062,2,42.850095
0.0,2,42.851732
-1.0,3,42.854178
0.47439,2,43.960986
0.0,2,44.052722
0.0,3,44.055675
0.0,2,44.057466
0.0,3,44.059966
0.0,5,44.06427
0.0,4,44.067502
0.0,4,44.071
0.0,4,44.074237
0.0,5,44.07859
0.0,3,44.081073
-0.122329,5,44.085269
-0.196674,2,44.086885
0.0,3,44.089528
0.65125,2,44.091177
0.593316,2,44.092788
0.0,5,44.096979
0.0,3,44.099416
0.0,4,44.102783
0.0,3,44.105447
0.0,3,44.107912
0.0,4,44.111417
0.0,4,44.114647
0.0,2,44.116262
-0.080593,2,44.118092
0.0,3,44.120489
0.0,3,44.122904
0.0,3,44.125605
0.0,4,44.128742
0.0,4,44.132181
0.0,4,44.135353
-0.41667,5,44.139652
0.0,4,44.142912
0.0,4,44.146486
-0.201459,2,44.148131
0.0,3,44.150494
0.0,6,44.155535
0.0,2,44.157172
0.0,3,44.159908
0.0,2,44.161516
0.0,4,44.16467
0.0,3,44.16741
0.0,4,44.170666
0.0,3,44.173351
0.0,4,44.176985
0.0,2,44.178657
0.0,2,44.180579
0.170185,2,44.18224
0.0,4,44.185446
0.0,2,44.18737
-0.515645,4,44.190595
1.5,2,44.192224
0.0,4,44.195677
0.0,3,44.198104
0.0,3,44.20075
-0.084269,4,44.203917
0.0,3,44.206354
0.0,2,44.208591
0.68973,2,44.210434
-0.772421,3,44.213022
0.0,2,44.215
0.0,4,44.218178
0.0,2,44.21981
0.0,3,44.222515
0.0,4,44.225627
0.0,2,44.227269
0.0,2,44.229196
0.0,3,44.231668
0.0,4,44.235366
0.0,3,44.237929
0.0,2,44.239493
0.0,3,44.24222
0.0,3,44.244658
0.0,4,44.247817
-0.280991,6,44.252901
0.0,3,44.255356
0.0,3,44.258163
0.0,3,44.2605
-0.926444,5,44.264758
0.0,3,44.267144
0.0,4,44.27063
0.0,3,44.273469
0.0,3,44.275939
0.0,3,44.278655
0.0,4,44.281836
0.0,4,44.285313
0.0,3,44.287754
0.0,2,44.289381
0.0,2,44.291322
-0.131465,4,44.294722
0.0,4,44.29808
0.0,2,44.299774
0.0,3,44.302211
0.0,5,44.306282
0.0,4,44.309479
0.0,4,44.312772
0.0,3,44.315162
0.0,3,44.317479
-0.166515,4,44.32074
0.0,4,44.323904
0.0,4,44.327161
0.0,3,44.32957
0.0,2,44.3312
0.0,2,44.332866
-0.069718,3,44.335278
0.0,2,44.336844
0.0,2,44.338395
0.0,2,44.34012
0.0,4,44.34321
-0.495317,3,44.345572
0.0,3,44.348344
1.0,2,44.350505
-0.335437,4,44.353891
0.0,4,44.357133
0.0,3,44.359575
0.0,4,44.362862
0.0,4,44.365997
0.0,2,44.367647
0.0,3,44.370303
0.0,3,44.37279
0.0,4,44.37609
0.0,3,44.378591
0.0,4,44.381941
0.737374,2,44.38366
-2.0,2,44.385307
-0.282016,4,44.388584
0.0,3,44.391066
0.905203,3,44.393445
0.0,5,44.397629
-1.0,4,44.40082
0.0,4,44.404123
0.0,3,44.406505
0.0,2,44.408098
0.0,2,44.409941
0.0,2,44.411552
0.0,4,44.41468
0.0,3,44.417222
0.0,4,44.420339
-0.551288,4,44.423675
0.0,3,44.426036
0.0,4,44.429137
0.0,2,44.430935
0.0,3,44.433355
0.12111,2,44.434932
-1.786969,2,44.436616
1.393952,2,44.438292
0.0,3,44.440634
0.0,2,44.442206
0.0,2,44.443973
0.0,2,44.445644
0.0,3,44.448059
0.0,4,44.451315
0.0,2,44.452911
0.0,5,44.456772
0.0,4,44.460289
0.0,5,44.46424
0.0,2,44.465961
0.0,3,44.468292
0.0,5,44.47224
0.0,3,44.47483
0.0,3,44.47733
-1.0,2,44.479033
1.0,4,44.482288
0.0,3,44.484688
0.0,3,44.487312
0.0,4,44.490503
0.0,3,44.492966
0.0,2,44.494606
0.0,2,44.496184
0.0,2,44.497829
0.0,2,44.49948
1.5,2,44.501134
0.0,2,44.502699
0.0,4,44.505825
0.0,3,44.508321
0.0,3,44.51072
-0.571861,3,44.513145
0.0,5,44.517168
0.0,3,44.51951
0.0,2,44.52124
0.0,2,44.522791
0.0,3,44.525173
0.0,2,44.526699
0.0,3,44.52921
-0.662148,2,44.530766
0.0,2,44.532392
0.0,2,44.533989
0.0,3,44.536504
0.0,2,44.538073
0.730132,2,44.539758
0.0,3,44.542395
0.0,3,44.544775
0.0,3,44.547135
0.0,3,44.549596
0.0,3,44.551935
1.5,2,44.5535
0.0,3,44.555923
0.0,4,44.55914
0.0,4,44.562392
0.0,4,44.56551
0.0,5,44.569482
0.0,4,44.572637
1.0,2,44.574259
0.78149,2,44.575844
0.0,2,44.577575
-0.557923,3,44.580245
0.259605,3,44.582806
-0.023178,4,44.586152
0.0,2,44.587791
0.0,4,44.591074
-0.780878,5,44.59497
0.0,3,44.597528
0.0,5,44.601437
0.0,2,44.603017
-0.210945,3,44.605603
0.730748,2,44.607243
0.0,4,44.610386
0.0,4,44.613711
0.0,3,44.616157
0.0,3,44.618712
1.5,2,44.620309
0.0,3,44.62268
0.0,4,44.625997
0.0,4,44.629253
0.0,3,44.631816
-0.355298,2,44.633497
0.45809,3,44.635906
0.0,2,44.637509
0.0,4,44.640919
0.0,4,44.644089
-0.416757,2,44.645819
-0.005829,2,44.64743
0.0,4,44.650626
0.0,3,44.653284
0.0,3,44.655728
0.0,2,44.65733
-0.442592,6,44.662225
-0.283957,2,44.663817
0.0,2,44.665479
0.0,2,44.667192
-0.543418,4,44.670386
0.0,2,44.672
0.0,3,44.674513
0.0,3,44.677057
0.0,4,44.680414
0.0,3,44.682948
0.0,3,44.685362
0.0,3,44.687865
0.0,4,44.691074
0.0,2,44.692712
0.0,4,44.696062
0.0,2,44.69767
0.766873,2,44.699316
0.0,2,44.700948
0.0,2,44.702645
0.0,3,44.705074
0.0,3,44.707439
0.0,2,44.709223
-0.287501,6,44.713953
0.0,3,44.716509
0.0,2,44.718111
0.0,3,44.720511
0.095989,3,44.723116
0.0,5,44.727043
-0.290362,2,44.728672
0.0,4,44.731901
0.0,3,44.734266
0.0,2,44.735977
0.0,3,44.738436
0.0,4,44.741564
0.106608,4,44.744889
-0.073365,2,44.746499
0.0,3,44.748837
0.0,4,44.75228
0.0,3,44.754703
1.5,2,44.756303
0.0,3,44.758847
0.0,3,44.761237
0.0,3,44.763667
0.0,2,44.765462
0.0,3,44.768
0.0,2,44.769627
0.0,3,44.772186
0.0,2,44.773958
0.0,3,44.776405
-0.881348,5,44.780501
0.0,3,44.782901
0.0,4,44.786266
0.0,3,44.788711
0.0,3,44.791182
0.0,4,44.794584
0.0,2,44.796184
0.0,4,44.799584
0.0,3,44.802014
0.0,3,44.804399
0.0,2,44.806147
-0.56819,2,44.807825
0.0,4,44.811061
0.0,2,44.812789
0.0,2,44.814528
0.0,2,44.816127
-0.443536,4,44.819406
0.0,4,44.822806
-0.792812,4,44.825909
0.0,5,44.83007
0.0,2,44.831662
0.0,2,44.833369
0.0,6,44.838212
0.0,3,44.840742
0.0,4,44.843943
0.0,3,44.846303
0.0,3,44.848876
0.0,3,44.85151
0.0,5,44.855849
0.0,2,44.857659
0.0,6,44.862849
0.0,3,44.865454
0.0,4,44.868872
0.0,5,44.873167
0.0,4,44.876593
0.0,3,44.879308
0.0,3,44.882061
0.0,2,44.883815
0.0,4,44.887053
0.0,4,44.890482
0.0,3,44.893011
-0.877731,5,44.89719
0.0,2,44.898931
0.0,2,44.9006
0.0,2,44.902253
0.532596,2,44.904238
0.0,3,44.906704
0.0,3,44.909107
0.0,2,44.910809
0.60028,3,44.913226
0.413681,5,44.917236
0.0,4,44.920524
0.0,3,44.923
0.0,3,44.925538
0.0,2,44.927184
0.0,4,44.930366
-0.373618,5,44.93451
0.0,2,44.936157
1.5,2,44.937759
0.0,2,44.939456
1.5,2,44.941103
0.0,2,44.942709
0.0,3,44.945185
0.0,3,44.947661
-0.194142,2,44.949321
1.5,2,44.950934
0.0,3,44.95345
0.0,4,44.956696
1.5,2,44.958351
0.24618,3,44.96082
0.0,3,44.963218
0.0,3,44.965749
-0.08496,2,44.967446
0.0,3,44.969811
0.0,2,44.971422
-1.047779,2,44.973189
-0.021664,3,44.975732
1.40321,2,44.977339
-0.011336,3,44.979844
0.0,3,44.982356
0.0,5,44.986442
0.0,3,44.989178
0.0,6,44.994205
0.0,5,44.998172
0.0,3,45.000772
0.0,3,45.003315
0.0,2,45.004911
0.0,3,45.007402
0.0,2,45.009166
1.5,2,45.010784
0.0,2,45.012519
0.0,3,45.01516
0.0,3,45.017634
0.0,3,45.020031
0.0,3,45.022684
0.0,3,45.025085
0.0,2,45.026675
0.0,4,45.030041
0.0,3,45.03238
0.0,3,45.03478
-0.679864,3,45.037435
0.0,2,45.039177
0.0,3,45.0416
0.0,2,45.043493
0.0,6,45.048184
0.0,4,45.051524
0.0,3,45.053988
0.0,4,45.057831
0.433976,3,45.060352
0.0,3,45.062753
0.0,4,45.066126
0.0,5,45.070199
1.5,2,45.072038
1.5,2,45.073686
0.0,4,45.076929
0.0,4,45.080411
0.0,4,45.083688
-1.0,5,45.087852
0.0,2,45.089466
0.0,2,45.091208
-0.753523,4,45.094427
0.0,3,45.096734
0.0,4,45.100131
0.0,3,45.102528
0.0,2,45.104182
0.0,2,45.105997
0.0,2,45.107639
0.0,3,45.110009
0.0,5,45.114147
0.0,4,45.11729
0.0,4,45.120629
0.0,3,45.122966
0.0,2,45.124679
0.0,4,45.128084
-0.459819,4,45.131281
0.172735,4,45.134718
0.0,2,45.13633
0.0,2,45.137886
0.0,2,45.139558
0.0,3,45.142092
0.0,2,45.143631
-0.247203,4,45.146976
-0.65351,3,45.149662
-0.095119,4,45.152891
0.0,3,45.155646
0.0,4,45.158887
0.105547,3,45.161402
-0.628609,5,45.165322
0.0,3,45.167793
0.462728,2,45.169505
0.0,3,45.172097
-1.0,5,45.176215
0.0,3,45.178735
0.0,3,45.181227
0.0,5,45.185295
0.0,3,45.187692
0.0,3,45.190188
0.0,3,45.19267
0.0,2,45.194304
0.0,4,45.197618
0.0,2,45.199288
0.0,3,45.201618
0.0,2,45.203257
0.0,3,45.205595
0.0,4,45.208718
0.0,3,45.211176
0.0,3,45.213554
0.0,4,45.216721
0.0,4,45.219903
0.0,2,45.221512
0.0,3,45.223867
0.0,5,45.22777
0.0,6,45.232484
1.0,2,45.234144
0.0,3,45.236707
1.5,2,45.238773
0.0,3,45.241463
0.0,4,45.244777
-0.022928,3,45.24722
0.0,3,45.249626
-0.985369,3,45.252048
-0.252471,4,45.255196
0.0,3,45.257636
-1.0,3,45.260083
0.0,3,45.262432
0.0,4,45.265636
1.5,2,45.267281
0.0,3,45.269654
0.0,4,45.272883
0.0,2,45.274599
0.240422,2,45.27625
-0.288653,3,45.278707
0.0,2,45.280357
0.0,2,45.281951
0.0,2,45.283545
0.0,2,45.285197
0.0,3,45.287698
0.0,3,45.290049
0.0,4,45.293519
0.0,2,45.295143
-0.37262,4,45.298422
0.0,4,45.301602
1.0,2,45.303272
-0.434948,5,45.30725
0.189862,3,45.309656
0.766008,3,45.312051
0.0,3,45.314496
0.0,2,45.316077
0.0,2,45.317622
0.0,2,45.319235
0.0,2,45.320818
0.0,6,45.325507
0.0,4,45.328717
0.0,2,45.330312
0.0,5,45.334264
0.0,2,45.335899
0.0,5,45.339806
-0.411801,3,45.34227
0.0,3,45.344661
0.0,3,45.346986
0.0,2,45.348631
1.065707,2,45.350265
0.0,3,45.352623
1.5,2,45.354212
0.0,2,45.355878
0.0,2,45.357528
-1.0,4,45.360689
0.0,3,45.363111
0.0,4,45.366305
0.0,3,45.368706
0.0,3,45.371224
0.0,4,45.37463
0.0,2,45.376522
0.0,3,45.379098
0.0,4,45.382708
0.0,3,45.385932
0.0,2,45.387942
0.0,2,45.390109
0.0,2,45.392325
0.0,3,45.395367
0.0,3,45.398086
0.0,3,45.40084
0.0,4,45.404631
0.0,2,45.40681
0.0,3,45.409765
0.0,3,45.41253
0.0,2,45.414298
0.0,3,45.417534
0.0,2,45.419514
0.0,4,45.422776
0.0,3,45.425375
-0.410944,4,45.428715
0.0,4,45.431906
0.0,2,45.43365
0.0,3,45.436099
0.0,3,45.438462
0.0,4,45.441792
0.373122,2,45.443425
0.0,3,45.445781
0.0,2,45.447487
0.0,2,45.449064
0.0,2,45.450745
0.0,3,45.4532
0.0,2,45.454842
-0.992024,2,45.456459
0.0,4,45.459662
0.0,4,45.462952
0.0,5,45.466904
0.0,3,45.469381
0.0,2,45.471019
0.0,4,45.474293
0.0,5,45.478401
-0.340902,3,45.480841
0.0,4,45.484089
0.0,4,45.487228
0.0,4,45.490539
0.0,3,45.492896
0.0,2,45.494565
0.0,4,45.497883
0.0,4,45.501054
1.5,2,45.502802
0.0,2,45.504468
0.0,3,45.506837
-0.162452,3,45.509321
0.0,3,45.511754
0.0,2,45.513387
0.0,5,45.517446
0.0,3,45.519871
-0.459657,4,45.523088
0.0,5,45.52711
0.0,4,45.530531
-0.175106,3,45.532864
-0.675282,3,45.535212
-0.651587,3,45.537834
0.0,2,45.539533
0.185623,3,45.541914
1.5,2,45.543546
0.0,4,45.546883
0.0,3,45.549256
0.0,2,45.550875
0.0,4,45.55419
-0.351064,3,45.556589
0.0,3,45.559134
0.07024,4,45.562301
0.0,2,45.563928
0.0,2,45.565563
1.453278,2,45.567189
0.0,3,45.569578
0.0,3,45.572061
0.0,2,45.573667
0.0,3,45.576113
0.0,2,45.577754
0.0,4,45.581201
0.0,3,45.583663
1.5,2,45.585414
0.008764,2,45.58708
1.208412,2,45.588727
0.0,3,45.591211
0.0,4,45.594672
1.5,2,45.596328
-0.204695,3,45.598767
0.0,3,45.601285
1.0,4,45.604489
0.0,3,45.606991
0.0,4,45.610209
0.0,3,45.612653
0.0,4,45.61598
0.0,2,45.617523
0.0,4,45.620825
1.5,2,45.622422
0.0,3,45.624749
1.0,3,45.627184
0.0,2,45.628832
0.0,4,45.6319
0.0,5,45.635898
0.0,2,45.637491
1.0,2,45.639133
0.0,3,45.641634
0.0,3,45.644077
0.0,3,45.646478
0.0,2,45.648098
0.0,3,45.650496
-0.271501,3,45.652824
0.0,3,45.655333
-0.05145,2,45.65701
0.0,3,45.659436
0.0,2,45.661105
-0.076952,3,45.663591
0.0,2,45.665263
0.0,2,45.666853
0.0,2,45.668554
0.0,4,45.671918
0.0,4,45.675119
0.0,4,45.678453
0.0,4,45.681755
0.0,3,45.68429
0.0,2,45.685849
0.0,3,45.688233
0.0,4,45.691505
0.0,3,45.693892
0.0,3,45.696333
0.0,2,45.697992
0.684229,2,45.699662
0.0,3,45.702061
0.0,4,45.705427
0.0,3,45.708058
0.0,5,45.714452
0.0,3,45.717544
0.0,3,45.720256
0.0,3,45.722776
0.0,2,45.724599
0.0,2,45.726406
0.0,3,45.728945
-1.0,5,45.733166
0.0,2,45.734933
0.0,2,45.736889
-0.480498,3,45.739699
1.5,2,45.741405
0.0,3,45.743928
0.0,3,45.74665
0.0,2,45.748361
0.0,2,45.749943
0.0,3,46.737321
-0.013191,3,46.739867
0.0,2,46.741713
1.5,2,46.743336
0.0,3,46.745729
0.0,4,46.749043
0.0,3,46.751492
0.0,3,46.753935
0.0,4,46.757349
0.0,4,46.760484
0.0,5,46.764554
0.0,4,46.767674
0.0,2,46.769427
0.0,3,46.77184
0.0,4,46.775174
0.0,2,46.777615
0.0,3,46.781275
0.0,2,46.783712
0.0,4,46.787229
0.0,3,46.78993
0.0,4,46.793389
1.5,2,46.795074
0.0,3,46.797645
0.0,3,46.800305
0.838291,2,46.801974
-0.991444,2,46.803777
0.0,2,46.805442
0.445857,2,46.807033
0.0,2,46.816709
0.0,3,46.819338
0.0,2,46.820955
0.0,3,46.823322
0.0,3,46.825881
0.0,2,46.8275
0.0,3,46.829868
0.0,2,46.831604
0.0,5,46.835607
-0.146118,2,46.837222
0.0,3,46.839774
0.0,2,46.841455
0.0,4,46.844598
0.0,2,46.846355
0.0,4,46.849496
-0.424367,4,46.852846
0.0,4,46.856061
0.0,3,46.858515
0.0,2,46.860304
0.0,3,46.862736
0.0,2,46.864325
1.5,2,46.865996
0.663831,2,46.867677
0.0,3,46.870672
0.0,2,46.872326
0.0,4,46.875802
0.0,3,46.878216
0.0,3,46.88112
0.0,4,46.884985
0.0,3,46.887647
0.0,3,46.890124
0.0,3,46.892551
0.0,7,46.898161
0.0,3,46.900594
0.0,4,46.903937
0.0,3,46.906339
0.0,3,46.908859
0.0,3,46.911349
0.0,4,46.914512
0.0,2,46.916243
-0.442671,4,46.9194
0.0,3,46.921847
-0.287729,4,46.92511
0.0,3,46.927472
0.0,5,46.931588
0.0,3,46.93396
0.0,4,46.937257
0.0,3,46.939661
0.0,3,46.942009
0.0,4,46.945365
0.0,3,46.947759
0.0,3,46.950258
0.0,3,46.952652
0.0,4,46.955794
0.0,4,46.959144
0.0,3,46.96161
-0.193399,6,46.966467
0.0,2,46.968119
0.0,4,46.971396
0.0,4,46.974773
0.0,3,46.977276
0.0,4,46.981494
0.0,4,46.984771
0.0,3,46.98723
0.0,2,46.988883
0.0,2,46.990463
0.0,2,46.992245
0.0,2,46.993832
0.0,3,46.996265
0.0,2,46.997884
0.0,2,46.999624
-0.71959,2,47.001273
0.0,4,47.004398
0.0,3,47.006961
0.0,3,47.009381
0.0,4,47.01262
0.0,4,47.016041
0.0,3,47.018452
0.0,2,47.020267
0.0,2,47.021898
0.0,3,47.024271
0.0,3,47.026773
0.0,4,47.030015
0.0,2,47.031649
0.0,3,47.034275
0.0,4,47.03754
0.0,4,47.040956
0.0,3,47.043494
0.0,2,47.045211
1.5,2,47.04685
0.0,2,47.048521
0.0,2,47.050198
0.0,4,47.053404
0.0,2,47.055214
0.0,3,47.057729
0.0,2,47.05946
-0.440453,3,47.062109
0.0,5,47.066086
0.0,3,47.068521
0.0,3,47.070909
0.0,3,47.073409
0.0,3,47.076271
0.0,2,47.077935
0.0,3,47.080382
0.0,2,47.082291
0.0,3,47.085444
1.482418,2,47.087126
0.0,3,47.08973
0.0,2,47.091341
0.0,2,47.092972
0.0,4,47.096226
0.0,4,47.099475
0.0,4,47.102777
-0.406363,2,47.104506
0.0,6,47.109299
0.0,4,47.112718
0.0,4,47.115857
0.0,2,47.117761
-0.134523,4,47.120954
0.021354,2,47.122526
-1.0,2,47.124352
0.0,2,47.126038
0.0,3,47.128428
0.0,4,47.131796
0.0,2,47.133433
0.0,3,47.135802
0.0,3,47.138334
0.0,3,47.140785
0.0,3,47.143207
0.0,2,47.14497
0.0,3,47.147469
0.0,4,47.150608
0.0,2,47.152452
0.0,3,47.154842
0.0,2,47.156406
-0.180162,4,47.159711
0.0,4,47.162888
0.0,2,47.164474
0.0,3,47.167
-0.395062,5,47.170965
0.0,3,47.173625
0.0,3,47.176256
0.0,5,47.180971
1.5,2,47.182934
0.0,2,47.184703
-1.0,3,47.187398
-1.0,3,47.189825
0.0,4,47.193095
0.0,4,47.196429
0.0,3,47.19881
0.0,3,47.201435
0.0,4,47.20458
0.0,4,47.207922
0.0,2,47.209543
0.101306,3,47.211916
0.221801,3,47.214509
0.0,2,47.216174
-0.634319,2,47.217807
0.0,2,47.21938
0.0,3,47.221964
0.0,5,47.22591
0.0,3,47.228635
0.0,4,47.232117
0.0,2,47.233716
0.0,5,47.237928
0.0,4,47.241128
0.0,2,47.243004
0.0,5,47.246939
0.0,2,47.248669
0.0,4,47.25202
-1.0,3,47.254394
0.0,4,47.257787
0.0,2,47.259431
0.0,2,47.261078
0.0,3,47.263694
0.0,2,47.265379
-0.182836,3,47.267759
-0.049673,3,47.27028
0.0,3,47.272732
0.0,2,47.274304
-0.106734,4,47.278285
0.0,2,47.280333
0.0,5,47.284862
0.0,3,47.287286
0.42312,4,47.290493
0.0,4,47.293773
0.0,2,47.295403
1.5,2,47.296999
-1.0,3,47.299603
0.0,4,47.302808
-0.528163,4,47.306164
0.0,3,47.308599
0.0,3,47.31096
0.0,4,47.314319
0.0,3,47.316655
0.0,5,47.320783
1.5,2,47.322402
0.0,3,47.324721
0.0,4,47.328138
0.0,3,47.330512
0.0,4,47.333805
0.0,3,47.336222
-0.772013,2,47.337802
0.0,4,47.341195
-0.127119,4,47.344361
0.0,3,47.346848
1.5,2,47.348535
0.0,2,47.350147
0.0,2,47.351765
0.0,3,47.354297
0.0,3,47.35669
0.0,3,47.359047
0.0,3,47.361535
0.0,2,47.363122
0.0,2,47.364702
1.5,2,47.366258
0.0,3,47.3688
0.0,3,47.371192
0.0,2,47.372777
0.0,4,47.376424
0.0,2,47.378076
0.0,2,47.379658
0.0,4,47.383723
0.0,2,47.385573
0.0,2,47.387283
0.0,2,47.389083
0.0,4,47.392255
0.0,5,47.396297
-0.149239,3,47.398651
0.0,3,47.401009
0.0,6,47.405856
0.0,4,47.409019
0.0,3,47.411479
0.0,3,47.413829
0.0,2,47.415393
0.090719,2,47.417126
0.0,2,47.418708
0.074557,4,47.422505
0.625332,3,47.425039
0.0,2,47.42663
0.0,2,47.42822
0.0,2,47.429857
0.0,3,47.43231
0.0,5,47.43628
0.0,4,47.439507
0.0,3,47.44187
0.0,3,47.444312
0.0,3,47.44671
0.0,3,47.449005
0.001397,2,47.450666
0.0,3,47.453192
-0.972927,3,47.455541
0.0,3,47.45803
0.0,5,47.461962
0.0,4,47.465219
0.0,2,47.466918
0.0,2,47.468529
0.0,3,47.470847
0.0,4,47.474066
0.0,3,47.476478
0.0,4,47.479749
0.0,3,47.482241
0.0,4,47.485449
0.0,3,47.487878
0.0,3,47.490232
0.0,3,47.492608
0.0,3,47.495071
0.0,3,47.497416
0.0,4,47.50062
0.0,3,47.503012
0.0,3,47.505368
0.0,5,47.50931
0.0,2,47.510898
0.0,2,47.512468
0.0,4,47.51589
0.0,3,47.518237
0.057195,2,47.519849
0.0,3,47.522339
0.0,2,47.52397
1.5,2,47.525546
0.0,3,47.527992
0.0,4,47.531118
0.0,4,47.534291
0.0,3,47.536743
1.5,2,47.538371
0.0,3,47.540721
0.0,4,47.5439
0.0,4,47.547086
0.0,3,47.549748
0.0,4,47.552924
0.0,4,47.556167
0.0,2,47.557751
0.0,2,47.559326
-0.694026,2,47.560904
1.5,2,47.562544
0.0,3,47.564956
-1.0,3,47.567349
0.097965,2,47.56896
0.0,3,47.571472
0.0,2,47.573075
-0.563874,5,47.577117
-0.476749,2,47.578699
0.0,2,47.580324
0.0,2,47.581983
-0.661866,2,47.583865
0.0,2,47.585715
0.0,4,47.589242
-0.251163,4,47.592636
0.0,5,47.596597
0.0,5,47.600701
0.0,3,47.603071
0.0,2,47.604875
0.0,3,47.607276
0.0,5,47.611619
0.0,2,47.613577
0.0,4,47.616926
0.0,4,47.620317
0.0,2,47.621969
0.0,3,47.624339
0.0,2,47.626053
0.0,5,47.629976
0.0,3,47.63246
0.0,4,47.635627
0.0,3,47.637964
0.0,2,47.639695
0.0,4,47.642847
0.0,3,47.645268
0.0,5,47.649244
0.0,2,47.650885
0.50662,2,47.652526
1.5,2,47.654209
0.0,4,47.657397
-0.388244,3,47.659919
0.0,2,47.661628
0.0,2,47.663292
-0.72069,4,47.66648
0.751916,2,47.668119
0.0,3,47.670539
0.0,4,47.673789
0.0,3,47.676325
0.0,4,47.679595
0.0,3,47.682266
0.0,5,47.686646
0.0,4,47.690149
0.0,3,47.692729
0.0,2,47.694387
0.0,5,47.698459
0.0,3,47.700861
0.151892,2,47.702636
0.0,3,47.705073
0.0,4,47.708319
0.0,3,47.710799
0.0,3,47.7132
0.0,4,47.716508
0.0,4,47.719749
0.0,2,47.721445
0.0,3,47.724152
0.0,2,47.725889
0.0,3,47.728593
0.0,2,47.730728
0.0,3,47.733453
0.0,4,47.736807
-0.083307,4,47.740201
0.0,2,47.741871
0.0,3,47.744421
-0.043952,2,47.746088
0.0,3,47.748643
0.0,3,47.751222
0.0,4,47.754586
0.0,3,47.757152
-0.84348,3,47.759743
-0.563449,4,47.763083
0.0,3,47.765671
-0.43563,4,47.769
0.0,3,47.771575
0.0,4,47.775048
0.0,3,47.77782
0.0,4,47.782232
-0.339975,3,47.78484
0.0,4,47.788278
0.0,4,47.791649
0.0,4,47.79513
0.0,3,47.797709
0.0,3,47.800432
1.5,2,47.802141
0.0,3,47.804629
0.0,4,47.808107
-0.655637,3,47.810721
1.0,2,47.812484
0.0,4,47.815884
0.0,3,47.81839
1.5,2,47.820119
0.0,3,47.822635
0.0,7,47.828366
0.0,3,47.830878
0.0,4,47.834218
0.0,2,47.835875
0.0,3,47.838323
0.0,3,47.840788
0.0,3,47.843236
0.0,3,47.84569
0.0,2,47.847443
-0.158173,4,47.850742
0.0,3,47.85322
0.0,3,47.855803
1.0,4,47.85902
1.5,2,47.860636
0.568637,2,47.862422
0.0,5,47.866419
0.0,4,47.869742
0.0,4,47.872981
0.0,3,47.875536
0.0,3,47.878247
0.0,2,47.879888
0.0,3,47.882596
0.0,3,47.885915
0.0,2,47.887683
1.285144,2,47.889371
-0.662967,4,47.892683
0.0,3,47.895149
0.0,3,47.897699
0.0,3,47.900177
0.0,2,47.901809
0.0,5,47.90627
0.392364,3,47.908736
0.0,4,47.91224
0.0,3,47.914794
0.0,3,47.917372
0.0,2,47.919008
-0.596127,3,47.921546
0.0,3,47.924155
1.5,2,47.925819
1.5,2,47.927436
0.0,3,47.929884
0.0,2,47.931633
0.127608,2,47.933315
0.0,3,47.935799
0.0,3,47.938394
0.0,3,47.940831
0.0,2,47.942486
0.0,2,47.944081
0.0,3,47.946656
1.457955,2,47.948318
0.0,3,47.950739
0.0,4,47.954097
0.0,5,47.95818
0.0,4,47.961782
0.0,3,47.964269
0.0,3,47.966829
0.0,3,47.969317
0.0,2,47.970931
0.0,4,47.97428
0.0,3,47.976863
0.0,2,47.978643
0.0,4,47.981977
0.0,2,47.983792
0.0,2,47.985531
0.0,3,47.988131
0.0,2,47.989723
0.0,3,47.992145
0.0,2,47.993824
0.0,3,47.996426
0.0,4,47.999677
0.0,2,48.001417
0.0,5,48.00544
0.486461,2,48.007091
-0.016082,3,48.00964
0.0,4,48.012864
0.0,5,48.01729
0.0,3,48.019825
0.0,3,48.022355
0.0,5,48.026265
0.0,2,48.027914
-1.0,5,48.032123
0.0,2,48.033751
0.0,5,48.038092
0.0,5,48.042373
0.0,3,48.045003
0.0,3,48.047672
0.0,3,48.050333
0.0,2,48.052088
0.0,3,48.054693
0.0,2,48.056469
0.0,3,48.059123
0.0,2,48.060845
0.0,3,48.063483
0.0,2,48.065254
0.0,4,48.068606
0.0,4,48.072013
0.0,3,48.074681
0.0,2,48.076448
0.0,2,48.078266
0.0,2,48.079953
0.0,5,48.084337
0.0,3,48.087016
0.0,4,48.090547
0.0,3,48.09325
0.0,3,48.095737
0.0,3,48.098444
0.0,2,48.10029
1.0,3,48.102828
0.0,2,48.10456
0.0,3,48.107251
0.0,3,48.109828
-0.734277,2,48.111537
-1.304259,2,48.11335
-1.0,4,48.116744
0.0,3,48.119344
0.0,4,48.122699
0.0,4,48.126055
0.0,3,48.128611
0.0,3,48.131147
0.0,2,48.132874
0.0,4,48.136239
0.0,3,48.138763
0.0,3,48.141369
0.0,5,48.145473
0.0,2,48.14723
0.0,4,48.150621
0.0,3,48.153167
0.0,3,48.155789
0.0,2,48.157582
-1.0,2,48.159295
0.0,3,48.161858
0.0,4,48.165175
0.0,4,48.16863
0.871531,2,48.170399
0.0,3,48.172888
0.0,2,48.174659
0.0,3,48.177187
0.0,2,48.178884
0.0,2,48.180529
0.0,2,48.182265
0.0,2,48.184118
0.0,2,48.185852
0.0,4,48.18925
0.253215,3,48.191784
0.0,5,48.196104
0.0,2,48.197814
-0.439104,4,48.201194
0.0,2,48.202877
0.0,2,48.204635
0.0,3,48.207193
0.0,3,48.20969
0.0,3,48.21232
0.0,4,48.21572
0.0,3,48.218388
0.0,3,48.220868
0.0,3,48.223411
0.0,4,48.226809
0.0,5,48.231089
-0.140761,4,48.234427
0.0,4,48.237826
0.0,2,48.23957
0.0,3,48.242115
0.0,3,48.244667
0.0,2,48.246379
-0.815949,2,48.248096
0.0,3,48.25064
0.0,2,48.252455
0.0,3,48.254933
0.0,4,48.258244
0.0,2,48.259978
0.0,2,48.261723
0.0,3,48.264251
0.0,2,48.265948
0.0,2,48.267681
0.0,2,48.269354
0.0,3,48.271942
0.0,3,48.274447
0.0,4,48.277646
0.0,3,48.280141
0.0,4,48.283521
0.0,3,48.286078
0.0,2,48.287732
0.0,3,48.290082
0.0,2,48.291713
0.0,5,48.296015
0.0,3,48.298546
0.0,3,48.301022
0.0,3,48.303455
1.5,2,48.305094
0.0,3,48.307735
-0.49683,3,48.310307
0.0,3,48.312799
-0.201372,4,48.316173
0.0,3,48.318771
0.0,5,48.322949
-0.318438,2,48.324711
0.0,3,48.327188
0.0,3,48.32979
0.0,4,48.333037
-0.130414,4,48.336449
0.0,3,48.338975
0.0,2,48.340725
0.0,2,48.342496
0.0,4,48.345882
0.0,2,48.347609
0.0,3,48.350312
-0.623047,4,48.353825
-0.38628,4,48.357598
0.0,3,48.360328
0.0,4,48.363752
0.0,2,48.365558
0.0,3,48.368136
0.0,3,48.370716
0.0,2,48.372508
-0.079617,3,48.37504
0.0,3,48.377693
0.0,2,48.379497
0.0,3,48.382066
0.0,2,48.383838
0.0,4,48.387427
0.0,3,48.390066
0.0,3,48.392862
0.0,3,48.395478
-0.152131,4,48.398923
0.0,5,48.403087
0.0,3,48.405723
0.0,3,48.408331
0.0,5,48.412495
0.0,2,48.41424
0.0,3,48.416799
0.0,2,48.418553
0.0,5,48.42278
0.0,4,48.42616
0.0,2,48.427856
0.0,2,48.429513
0.0,2,48.43123
0.0,5,48.435386
0.0,3,48.438314
0.0,3,48.441369
0.0,2,48.443299
-0.338619,2,48.445264
0.0,2,48.447213
0.0,4,48.451001
0.0,4,48.454835
0.0,3,48.457605
0.0,2,48.459338
-0.133534,3,48.461987
0.0,3,48.464575
0.0,3,48.467139
0.0,4,49.55229
0.0,4,49.556522
0.0,3,49.559227
0.0,4,49.563133
0.0,4,49.566749
0.0,3,49.57003
0.0,3,49.572613
0.0,4,49.576377
0.0,3,49.579046
0.0,2,49.580889
0.055326,2,49.582955
0.0,2,49.584709
0.0,2,49.586493
0.0,2,49.588393
0.0,4,49.592177
0.0,3,49.594945
0.0,2,49.59678
-0.076132,4,49.600428
-0.654314,2,49.602481
0.0,2,49.604491
0.0,3,49.607283
0.0,3,49.610258
0.0,4,49.613847
0.117506,2,49.615782
1.5,2,49.617792
0.0,5,49.622046
0.0,4,49.625754
-0.157881,4,49.629203
0.0,2,49.631143
0.0,5,49.635403
0.0,4,49.639191
0.0,5,49.643507
1.35441,2,49.645435
0.0,4,49.648838
0.0,4,49.652673
0.0,2,49.654419
0.0,4,49.657953
0.0,3,49.6608
-0.159142,2,49.662647
-0.879011,2,49.664409
1.5,2,49.666116
0.0,4,49.669641
0.0,3,49.673147
0.0,2,49.674964
0.0,2,49.676704
0.0,4,49.680622
0.0,5,49.685475
0.0,3,49.688916
0.0,5,49.693718
0.0,3,49.696599
0.0,3,49.699187
0.0,2,49.701197
0.0,4,49.70472
-1.0,4,49.708444
-0.14948,2,49.71019
0.0,4,49.713617
0.0,3,49.716511
0.0,3,49.719101
0.0,3,49.721882
0.0,2,49.723545
0.0,3,49.726012
0.0,2,49.72787
0.0,3,49.730523
0.0,3,49.733045
0.0,5,49.737942
0.297929,2,49.739819
-0.622764,5,49.744735
0.0,3,49.747958
0.0,4,49.751548
0.0,5,49.756012
0.0,4,49.759386
0.0,2,49.761105
0.0,2,49.763018
0.0,3,49.765657
0.0,3,49.768189
0.0,3,49.770919
0.0,2,49.772692
0.0,2,49.77439
0.0,2,49.776304
0.0,2,49.778111
0.0,2,49.779788
0.0,3,49.7824
0.0,4,49.78588
0.0,4,49.78928
-0.268149,4,49.792868
0.0,3,49.795296
0.0,2,49.797225
0.0,2,49.798869
1.191849,2,49.80057
0.0,2,49.8022
0.0,4,49.805773
0.0,2,49.807436
0.0,3,49.80984
0.0,2,49.811855
0.0,4,49.815059
-0.292647,3,49.817779
0.0,6,49.822614
0.0,4,49.8265
0.0,3,49.829288
0.366177,3,49.832395
0.0,2,49.834224
0.0,3,49.836885
0.0,4,49.840454
-0.969752,3,49.843009
0.0,2,49.844639
0.0,5,49.849054
-0.700855,5,49.853368
0.0,5,49.857471
0.0,4,49.860923
0.0,3,49.863485
0.0,2,49.865125
0.0,2,49.866951
0.0,2,49.86872
0.0,3,49.871264
0.0,4,49.874783
0.0,2,49.876653
0.0,3,49.879163
-0.044082,4,49.88253
0.0,4,49.885799
-0.096474,4,49.889207
-1.0,3,49.891746
0.0,3,49.894432
0.0,4,49.897706
0.0,3,49.900094
-0.130726,3,49.902773
0.0,5,49.906805
0.0,4,49.910272
0.682157,3,49.912681
0.0,3,49.915167
-0.129118,4,49.918372
0.395145,2,49.919989
0.0,4,49.923248
0.0,4,49.926366
0.0,3,49.928756
0.0,3,49.931164
0.0,3,49.93348
0.0,3,49.935938
0.0,2,49.937576
0.0,3,49.939925
0.0,2,49.941512
0.0,3,49.944174
0.0,3,49.946686
0.0,2,49.948328
0.0,3,49.950893
0.0,3,49.953272
0.0,2,49.954812
0.0,5,49.958866
0.0,3,49.96129
0.0,4,49.964568
0.0,5,49.968471
0.0,6,49.973459
-0.330267,2,49.975093
0.0,3,49.977615
0.0,3,49.980393
0.0,2,49.982081
0.0,4,49.985648
-1.0,5,49.989712
0.0,2,49.991507
0.0,3,49.994062
0.0,4,49.99738
0.0,4,50.000771
0.0,3,50.003168
-0.038194,2,50.004777
0.0,4,50.008224
0.025504,2,50.009923
0.0,3,50.012502
0.0,2,50.014143
0.0,3,50.016547
0.0,4,50.019924
0.0,2,50.021598
0.0,4,50.024942
0.0,3,50.027517
0.0,2,50.029264
1.5,2,50.030856
0.0,4,50.034292
0.0,4,50.03754
0.0,3,50.040241
0.0,4,50.043534
1.5,2,50.045303
0.0,3,50.04799
-0.063896,4,50.051359
0.0,3,50.05397
0.0,2,50.055679
0.0,4,50.058952
0.0,4,50.062475
0.0,7,50.068542
0.0,3,50.071088
0.0,2,50.072878
-0.149298,4,50.076465
0.0,2,50.078084
-1.0,2,50.079757
0.0,3,50.082408
1.5,2,50.084083
0.0,2,50.085852
0.0,2,50.08756
0.0,4,50.091011
0.0,3,50.093873
0.0,3,50.096597
0.0,3,50.099098
0.233976,2,50.100697
0.0,4,50.104074
0.0,3,50.106524
0.118419,4,50.109817
-0.178495,2,50.111526
0.0,4,50.11481
0.0,2,50.116456
0.0,4,50.119869
0.0,3,50.12243
0.0,5,50.126778
0.0,3,50.129249
0.0,4,50.132677
0.0,2,50.134354
0.0,3,50.13685
0.0,3,50.139387
0.0,2,50.141089
0.0,3,50.14355
0.0,4,50.146886
0.0,4,50.150146
0.0,4,50.153557
0.0,2,50.155243
0.0,2,50.156852
0.0,3,50.15942
0.0,3,50.161847
0.0,3,50.164328
0.0,3,50.166831
0.0,3,50.169274
0.0,3,50.171722
0.0,2,50.173436
0.0,2,50.174997
0.0,3,50.17735
-0.265307,5,50.18131
0.0,3,50.183788
0.0,2,50.185367
1.5,2,50.187037
0.0,3,50.189684
-0.034245,4,50.192998
0.0,4,50.196251
0.0,3,50.198707
0.0,4,50.20194
0.0,2,50.20361
-0.492565,2,50.2052
0.0,4,50.208535
0.0,5,50.212511
0.0,3,50.215031
0.0,4,50.218262
0.0,5,50.22226
0.0,4,50.225512
0.0,3,50.227862
0.0,3,50.230427
0.0,3,50.232746
0.0,2,50.234325
1.5,2,50.236075
0.0,3,50.238562
0.0,2,50.240223
0.0,5,50.244246
0.0,3,50.246637
0.0,3,50.249037
0.0,4,50.252356
1.5,2,50.253901
-1.0,4,50.257316
0.0,2,50.258932
0.0,4,50.26223
0.0,4,50.265799
0.0,2,50.267423
0.0,3,50.269908
0.0,3,50.272309
0.0,3,50.274662
0.0,4,50.277896
0.0,3,50.280265
-0.971186,4,50.283351
0.0,4,50.286688
0.0,3,50.289067
0.0,4,50.2923
0.0,4,50.295566
0.0,3,50.298094
0.0,3,50.30057
0.0,3,50.302914
0.0,2,50.304533
0.0,3,50.307084
0.0,4,50.310178
0.0,2,50.31182
0.0,3,50.314234
0.0,4,50.317315
0.0,3,50.319718
0.0,5,50.323616
0.0,3,50.326037
0.0,3,50.328403
0.0,3,50.330765
0.0,3,50.333207
0.0,2,50.334838
-1.0,4,50.337906
0.0,3,50.340308
0.0,2,50.341898
0.0,3,50.344252
0.0,3,50.346719
0.0,3,50.349161
-0.078891,4,50.352254
0.0,4,50.355503
0.0,2,50.357119
0.0,3,50.359416
0.0,2,50.361152
0.0,2,50.36279
0.0,4,50.365932
0.0,2,50.367552
0.0,2,50.369302
0.934207,3,50.371684
0.0,3,50.374067
1.5,2,50.375688
1.157339,2,50.377364
0.0,4,50.380451
0.0,3,50.382881
0.0,3,50.385255
-1.0,3,50.387661
0.0,3,50.390111
0.0,3,50.392789
0.0,3,50.395467
0.0,3,50.397995
0.0,2,50.399586
0.0,3,50.402131
0.0,2,50.403792
0.0,3,50.406211
0.0,4,50.409641
0.0,3,50.412116
0.0,2,50.413729
0.0,2,50.415384
0.0,2,50.417219
0.0,2,50.418985
1.5,2,50.420585
0.0,5,50.424606
0.0,3,50.4271
-0.30826,3,50.429538
-0.545222,2,50.431246
0.0,3,50.433756
0.0,2,50.435397
0.0,3,50.437843
0.640464,3,50.440197
0.0,3,50.442551
0.0,2,50.444282
1.454824,2,50.44592
0.0,3,50.448394
0.0,4,50.451702
0.0,2,50.453496
0.0,3,50.455977
0.0,2,50.457648
0.0,3,50.46036
0.0,2,50.461914
0.0,3,50.464539
0.0,2,50.466264
0.0,3,50.46876
0.0,4,50.472067
0.0,5,50.476306
0.0,4,50.479648
0.0,3,50.482302
0.0,3,50.484857
0.0,4,50.488509
0.0,3,50.491767
-0.31161,4,50.496124
0.0,4,50.500772
0.20098,2,50.502834
0.0,2,50.504797
0.0,2,50.506879
0.0,2,50.508959
0.0,2,50.510935
0.0,3,50.514093
-0.258618,3,50.517493
0.0,2,50.519672
0.0,3,50.522532
0.0,3,50.525761
0.0,3,50.528622
0.0,4,50.532148
0.0,4,50.535626
0.0,5,50.540055
0.0,2,50.541878
0.0,4,50.545317
0.0,2,50.546973
0.0,3,50.549627
0.0,3,50.552033
0.0,4,50.555369
0.0,5,50.559677
0.0,4,50.563091
0.0,4,50.566584
0.0,4,50.57004
0.628117,2,50.57192
0.0,5,50.576279
-0.582506,4,50.579742
0.0,3,50.582398
0.0,3,50.585029
0.0,3,50.587685
0.0,5,50.591963
0.0,3,50.594495
0.0,3,50.597501
0.0,3,50.600743
0.0,3,50.603349
1.5,2,50.605432
-0.691029,4,50.609225
0.0,4,50.613266
0.0,3,50.616002
-1.891322,2,50.61783
0.0,4,50.621699
0.0,2,50.623424
0.0,5,50.627841
0.0,3,50.630503
0.0,4,50.633928
0.0,3,50.63661
0.0,4,50.64054
0.0,2,50.642416
0.0,3,50.645085
0.0,3,50.648059
0.0,4,50.651557
0.0,2,50.6536
0.0,5,50.658271
0.0,3,50.661097
0.0,4,50.664743
0.0,2,50.666581
0.0,2,50.668436
0.0,2,50.67016
0.0,3,50.672736
1.5,2,50.674551
0.0,3,50.677168
0.0,4,50.680581
0.0,2,50.682439
0.0,3,50.685099
1.131466,2,50.686754
-0.504232,4,50.690324
0.0,3,50.692941
0.0,2,50.694721
0.0,4,50.698127
0.0,3,50.700704
0.0,2,50.702468
0.0,3,50.70508
0.0,4,50.708527
-0.366155,5,50.71282
0.233723,3,50.715363
0.0,3,50.717896
0.0,3,50.720525
0.0,3,50.723113
0.0,4,50.726671
0.0,4,50.730031
0.0,2,50.731793
0.0,3,50.734343
0.0,3,50.736843
1.0,2,50.738594
-0.904933,4,50.741987
0.0,2,50.743692
1.5,2,50.745392
0.0,3,50.747872
-0.773988,4,50.751126
0.0,3,50.753626
1.5,2,50.755269
0.0,2,50.756989
0.0,3,50.759459
0.0,4,50.762679
0.0,2,50.764362
0.0,4,50.767645
0.0,2,50.769256
-0.712616,5,50.773354
0.0,3,50.775812
-0.187186,2,50.777439
0.0,3,50.780043
-0.082728,5,50.784058
0.0,4,50.787477
0.0,2,50.789164
0.0,4,50.7925
0.0,3,50.794925
0.0,3,50.797357
-0.28877,4,50.800657
0.0,3,50.803088
0.0,3,50.805559
0.0,4,50.808787
0.0,3,50.811179
0.0,3,50.813679
0.0,2,50.815269
0.0,2,50.816908
0.0,4,50.820194
0.0,4,50.82355
0.0,4,50.826933
0.0,3,50.829575
0.0,5,50.833795
0.0,3,50.836441
0.0,4,50.839754
0.0,2,50.841661
0.0,3,50.844156
0.0,3,50.846689
0.0,2,50.848433
0.0,2,50.850231
0.0,3,50.852706
0.0,3,50.855238
0.0,3,50.85769
0.0,3,50.860313
0.0,5,50.864527
0.0,2,50.866313
0.0,4,50.869867
0.0,3,50.872493
1.5,2,50.874108
1.5,2,50.875877
0.0,4,50.879274
0.0,3,50.881833
0.0,3,50.884433
0.0,3,50.887061
0.0,4,50.890684
0.0,5,50.894828
0.0,4,50.898204
0.0,2,50.899975
-0.183374,5,50.904228
1.5,2,50.906035
-0.72762,3,50.908533
0.0,4,50.912041
0.0,5,50.916215
-0.505131,5,50.920447
-0.100092,4,50.923691
0.0,2,50.925438
0.0,4,50.928771
0.0,2,50.930359
1.5,2,50.932096
-0.227257,3,50.93464
0.0,4,50.937948
0.0,2,50.939696
0.0,4,50.942983
0.0,3,50.945429
0.807216,2,50.94718
0.0,2,50.948937
1.5,2,50.950552
0.0,3,50.953186
0.0,3,50.955607
-0.434304,3,50.957971
0.0,4,50.961306
0.025036,2,50.962997
0.0,2,50.964658
-0.059288,5,50.9688
0.0,2,50.970417
0.0,5,50.974468
0.0,3,50.976918
0.0,3,50.979378
0.0,4,50.98269
0.0,4,50.985963
0.0,2,50.98776
0.0,3,50.990412
0.0,2,50.992125
0.0,2,50.993842
0.0,3,50.996359
0.0,3,50.998795
0.0,3,51.0014
0.0,4,51.004583
0.0,3,51.006931
-0.316024,3,51.009542
0.0,2,51.011233
0.0,3,51.013607
0.0,2,51.015406
0.0,4,51.018581
-0.764019,4,51.021949
-0.037163,3,51.024477
0.0,2,51.026097
-0.485096,4,51.029414
0.0,2,51.031087
-0.056685,5,51.035108
0.0,3,51.037773
0.0,2,51.039608
0.0,4,51.042864
0.0,3,51.045377
0.0,4,51.048787
0.0,3,51.051403
0.0,4,51.054575
0.0,4,51.057923
0.0,3,51.060394
0.0,3,51.062918
0.0,4,51.066265
-0.00439,3,51.068785
-0.128721,2,51.070501
0.0,3,51.073176
0.0,6,51.078032
-0.926083,2,51.07989
0.0,3,51.082278
0.0,4,51.085697
0.0,2,51.087537
0.0,4,51.090825
0.0,2,51.09264
0.0,3,51.095375
0.0,3,51.09784
-0.314616,2,51.099625
0.0,3,51.102113
0.0,4,51.105356
-1.0,4,51.108704
0.0,4,51.111948
0.0,6,51.116771
0.0,5,51.120864
0.0,3,51.123295
-1.0,4,51.126589
0.0,3,51.129078
0.0,4,51.132198
0.875894,2,51.133972
0.0,3,51.136395
0.0,4,51.139573
0.0,3,51.142019
0.0,2,51.143634
0.0,3,51.145974
0.0,3,51.148485
0.0,5,51.152442
0.0,3,51.154919
0.0,4,51.158054
0.0,3,51.160567
1.113704,2,51.16221
0.0,6,51.166848
0.0,3,51.169361
0.0,3,51.171784
0.0,4,51.174978
0.0,2,51.176838
0.0,2,51.178581
0.751154,3,51.181266
0.0,3,51.184038
0.0,3,51.186714
-0.524375,4,51.190469
0.141816,3,51.193392
0.0,5,51.197944
0.0,3,51.200447
0.0,5,51.20438
0.0,2,51.205917
0.0,3,51.208194
0.0,3,51.210621
0.0,2,51.212226
0.0,4,51.215423
0.0,4,51.218586
0.0,2,51.220187
0.0,3,51.222502
0.0,2,51.224107
1.5,2,51.225669
1.5,2,51.22718
0.0,2,51.228745
-0.286641,3,51.231005
0.0,2,51.232591
0.0,3,51.234953
0.0,4,51.238118
-0.040088,3,51.240462
-0.690425,2,51.242014
0.0,3,51.244359
0.0,3,51.246736
0.0,2,51.248365
1.5,2,51.249921
0.0,2,51.251555
1.5,2,51.253191
-0.304587,2,51.254737
0.0,4,51.257913
0.0,4,51.260993
0.0,3,51.263407
0.0,3,51.265832
-0.086697,4,51.268837
0.0,3,51.271147
0.0,3,51.273504
0.0,4,51.276618
0.0,4,51.279758
0.0,4,51.282785
0.0,3,51.28505
0.655061,2,51.286614
0.05108,2,51.288242
0.0,3,51.290586
0.0,2,51.292176
0.0,4,51.295381
0.0,4,51.298651
-0.029903,3,52.301255
0.0,5,52.305783
0.0,3,52.308232
0.0,2,52.309873
1.5,2,52.311629
0.0,2,52.31347
0.0,3,52.316078
0.0,2,52.317777
0.0,3,52.320171
0.0,4,52.323824
0.0,4,52.327918
0.0,4,52.331467
0.0,3,52.333978
0.0,2,52.335678
0.0,4,52.338985
0.0,3,52.484189
0.0,5,52.489988
0.0,2,52.491867
0.0,5,52.497131
0.0,2,52.498886
0.0,5,52.504739
0.0,5,52.509898
0.0,3,52.512969
0.0,4,52.517167
0.0,5,52.522013
0.0,3,52.526187
0.0,4,52.530055
0.0,3,52.533735
0.0,3,52.536721
0.0,3,52.540313
0.0,2,52.542138
0.0,3,52.545639
0.0,3,52.548391
0.0,3,52.551537
0.0,3,52.554672
0.0,3,52.557333
0.054445,3,52.560775
-0.218008,3,52.563742
0.0,3,52.566549
0.0,6,52.572515
0.0,2,52.574658
0.0,5,52.580177
0.0,3,52.584283
0.0,2,52.58619
0.0,3,52.589146
1.5,2,52.591529
0.0,3,52.594284
0.0,3,52.598072
0.0,4,52.601782
0.0,3,52.605309
-0.562797,2,52.607183
0.0,3,52.610127
-1.0,4,52.614769
-0.932926,3,52.618117
0.0,3,52.621245
0.0,4,52.625573
0.0,4,52.629606
0.0,2,52.631708
0.0,3,52.635098
0.0,2,52.636823
0.0,2,52.639385
0.0,2,52.64176
0.0,4,52.64548
0.0,2,52.648148
1.5,2,52.649955
0.0,3,52.653263
0.0,3,52.656223
0.0,3,52.658871
0.0,4,52.663284
0.0,3,52.665965
0.0,4,52.670171
1.414806,2,52.672099
0.0,2,52.673856
0.0,4,52.678152
0.0,3,52.680731
0.0,3,52.683932
0.0,2,52.686001
0.0,2,52.6877
0.0,3,52.690881
0.0,3,52.693768
0.0,2,52.695557
0.0,3,52.699331
0.0,2,52.701116
0.0,4,52.705414
0.0,2,52.70741
0.0,3,52.710483
0.0,3,52.713805
0.906938,2,52.715633
0.0,4,52.719972
0.0,3,52.722938
0.0,5,52.727853
0.0,3,52.730548
0.0,3,52.733933
0.422778,3,52.736743
0.0,2,52.738607
0.0,3,52.741951
0.0,4,52.745481
0.0,2,52.747949
0.0,4,52.751598
0.0,2,52.753703
1.5,2,52.755938
0.0,3,52.758648
0.591327,3,52.76141
-0.215173,4,52.765055
0.0,4,52.768433
0.0,5,52.772887
0.0,2,52.774703
0.0,3,52.777384
1.5,2,52.779046
0.0,4,52.782342
0.0,3,52.784869
0.0,4,52.788173
0.0,4,52.791485
0.0,3,52.793975
0.0,3,52.796481
0.0,2,52.798215
0.0,3,52.800799
0.0,3,52.803265
0.0,3,52.805651
-0.318786,4,52.808843
1.5,2,52.810506
0.0,4,52.813724
0.319548,2,52.81539
0.0,2,52.817015
0.0,2,52.818623
0.0,2,52.82028
0.0,3,52.822689
0.0,3,52.825058
0.0,3,52.827422
0.0,4,52.830525
0.0,3,52.832895
0.0,3,52.83529
0.0,4,52.838404
0.0,5,52.842304
0.0,4,52.845467
0.0,2,52.847095
0.0,4,52.850292
-0.251104,3,52.852649
0.0,3,52.855005
0.0,2,52.85662
0.0,4,52.859797
0.0,3,52.862143
0.0,2,52.863757
0.0,3,52.866185
-0.445437,4,52.869327
0.8426,2,52.87109
0.0,3,52.873926
0.0,4,52.87721
0.0,2,52.878844
0.0,2,52.880528
-0.309701,4,52.883757
-0.100517,4,52.887106
0.0,4,52.890352
0.0,3,52.893127
0.0,3,52.896209
0.0,6,52.901399
0.0,3,52.903907
0.0,4,52.907411
0.0,5,52.911793
0.0,4,52.915113
0.0,2,52.916744
0.0,4,52.920036
0.0,4,52.923613
0.0,4,52.926957
0.0,3,52.929438
0.0,4,52.932637
0.0,3,52.935352
0.0,3,52.938031
0.0,2,52.939708
0.0,3,52.942129
0.0,3,52.944557
0.0,4,52.947778
0.0,2,52.949643
0.0,3,52.952209
0.0,2,52.953823
1.5,2,52.95546
0.0,4,52.958601
0.0,3,52.961044
0.0,4,52.964708
0.892895,3,52.967274
0.0,3,52.969741
0.0,3,52.972149
0.0,2,52.973791
0.0,3,52.976315
0.0,3,52.9791
0.0,5,52.983234
0.0,3,52.985658
0.0,3,52.988146
0.0,2,52.989856
0.0,2,52.991777
0.0,3,52.994348
0.0,2,52.996142
0.0,3,52.998674
0.0,5,53.002787
0.0,3,53.005626
-0.972963,4,53.009329
0.0,2,53.0111
0.0,3,53.013646
0.0,4,53.016934
1.5,2,53.018848
0.0,2,53.020854
0.0,2,53.022667
1.432031,2,53.024469
0.0,4,53.027884
0.0,3,53.030683
1.5,2,53.033746
0.0,6,53.039786
0.0,3,53.042542
0.0,4,53.046722
0.0,2,53.049502
0.0,3,53.053116
0.0,3,53.056333
-1.0,4,53.060269
0.0,3,53.063705
0.0,4,53.067286
0.575715,2,53.069776
-1.0,4,53.073483
0.0,3,53.077124
0.0,5,53.0816
0.0,2,53.084146
0.0,4,53.087898
0.0,3,53.090949
0.0,3,53.094116
0.0,4,53.098672
1.5,2,53.100757
0.0,2,53.102622
0.0,3,53.106184
0.919736,2,53.108194
0.0,4,53.112355
1.497135,2,53.114362
-0.330892,4,53.117964
0.0,2,53.120324
0.0,3,53.123241
0.0,3,53.125774
0.0,3,53.129129
0.0,2,53.130998
0.0,3,53.134067
0.0,2,53.136809
0.0,3,53.139507
0.0,4,53.143902
0.0,2,53.14571
0.0,4,53.149995
0.0,2,53.151859
0.0,3,53.154961
0.0,3,53.158343
0.0,3,53.160991
0.0,3,53.164266
0.0,3,53.167033
-0.008373,2,53.168843
1.5,2,53.171001
0.0,6,53.177012
0.0,2,53.179076
0.0,2,53.180826
0.0,3,53.183625
0.0,5,53.188316
0.0,2,53.190199
0.0,3,53.193955
0.0,3,53.196434
0.459025,4,53.201087
0.0,3,53.203645
0.0,3,53.20704
0.0,6,53.212794
0.0,5,53.217221
0.0,3,53.219876
0.0,3,53.223022
0.0,2,53.225149
0.0,4,53.228902
0.0,3,53.231898
0.0,5,53.236262
0.0,4,53.240362
0.0,3,53.243017
0.0,2,53.244809
0.0,2,53.246519
0.0,4,53.249864
0.0,5,53.253892
-0.295714,4,53.25706
0.0,3,53.259499
0.0,3,53.261853
1.5,2,53.263395
0.0,3,53.265733
0.0,4,53.26887
0.0,3,53.271173
0.0,3,53.273507
0.0,3,53.275822
0.0,2,53.277402
0.0,3,53.27968
0.0,3,53.2819
0.0,2,53.283459
0.0,3,53.285732
0.395294,2,53.287254
0.0,4,53.290405
0.0,6,53.295181
0.0,3,53.29755
0.0,4,53.300829
0.0,2,53.302523
0.0,2,53.304217
0.0,3,53.306597
0.0,3,53.308934
0.0,3,53.31126
0.909859,2,53.312795
0.0,4,53.315881
-0.087047,4,53.318947
0.0,3,53.321271
0.0,3,53.323756
-0.214613,4,53.327287
0.0,2,53.328936
1.254188,2,53.330613
0.0,3,53.332972
0.0,3,53.335369
0.0,3,53.337711
0.0,4,53.340724
0.0,3,53.343049
0.0,4,53.346102
1.30249,2,53.347627
0.0,3,53.349901
0.0,4,53.352941
1.5,2,53.354466
0.0,4,53.357613
0.0,4,53.361418
0.0,2,53.363259
0.0,4,53.366697
0.173629,3,53.369086
0.0,3,53.372075
0.0,3,53.374692
0.0,3,53.377267
1.5,2,53.379017
0.0,3,53.381706
0.0,3,53.384159
0.0,6,53.388891
0.0,3,53.391248
0.0,3,53.393576
0.0,2,53.395167
0.0,3,53.397804
-0.582533,2,53.399446
1.5,2,53.401009
1.5,2,53.402605
-0.301271,3,53.405018
0.0,3,53.407345
0.0,3,53.409685
0.0,3,53.412721
0.0,2,53.414834
0.0,4,53.418396
0.0,4,53.421619
0.0,2,53.423442
0.610343,3,53.426113
0.0,4,53.429584
1.5,2,53.431195
0.0,4,53.434423
0.0,5,53.438476
0.0,3,53.441062
-0.150543,4,53.44423
0.0,3,53.446582
0.0,3,53.449022
0.0,3,53.451409
0.0,5,53.455308
0.0,2,53.456884
0.0,3,53.4593
0.0,3,53.461667
0.0,2,53.463224
0.0,3,53.465518
0.0,4,53.468616
0.0,4,53.471724
0.0,2,53.473248
0.0,3,53.475581
0.0,4,53.478783
2.0,2,53.480358
0.0,4,53.483362
0.0,3,53.485699
0.0,4,53.48881
0.0,2,53.49034
0.0,2,53.491958
0.737349,2,53.493533
0.0,3,53.49582
0.0,4,53.498888
0.0,5,53.502641
0.0,2,53.504188
0.0,4,53.507231
0.0,4,53.51025
0.0,4,53.513266
0.0,3,53.515514
0.959102,2,53.51702
0.0,2,53.51853
0.0,5,53.522259
0.0,3,53.524532
-0.138932,3,53.526839
0.0,4,53.530422
0.0,3,53.533181
0.0,3,53.535617
0.0,3,53.538049
0.0,2,53.539672
0.0,3,53.542091
0.0,3,53.544849
0.0,2,53.546557
0.0,2,53.548133
0.0,5,53.552302
0.0,3,53.55494
0.0,3,53.557508
0.0,3,53.559895
0.0,5,53.56382
0.0,4,53.568354
0.0,2,53.570055
0.0,2,53.571871
0.185123,3,53.574916
0.0,2,53.576802
0.0,3,53.579444
0.0,2,53.581273
0.0,5,53.585529
0.0,4,53.589059
1.5,2,53.59078
0.0,3,53.593271
0.0,2,53.595178
0.0,2,53.59713
0.0,4,53.600671
0.0,4,53.603946
0.0,3,53.606359
0.0,3,53.608724
0.0,2,53.610382
0.0,3,53.612844
0.0,2,53.614449
0.0,4,53.61759
0.0,2,53.619155
0.0,3,53.62147
0.0,5,53.6253
0.0,2,53.626878
-0.655533,3,53.629276
0.0,4,53.632637
0.0,2,53.634247
0.0,5,53.638135
0.0,4,53.641299
0.0,3,53.643607
0.0,3,53.6461
0.0,5,53.649976
0.0,4,53.653018
0.0,4,53.656079
0.0,5,53.659855
-0.13008,2,53.661431
1.5,2,53.662999
0.0,3,53.665274
0.0,4,53.668587
0.0,5,53.672443
0.0,3,53.674748
-0.643897,2,53.676328
1.5,2,53.67795
0.0,2,53.679493
0.0,4,53.682553
0.0,4,53.685556
0.0,4,53.689324
0.0,3,53.69231
0.0,3,53.694895
0.0,2,53.696834
0.0,2,53.698535
0.0,3,53.701104
0.0,2,53.702759
0.0,2,53.70437
0.0,4,53.70742
0.0,4,53.710512
0.0,3,53.712936
0.0,4,53.716117
0.0,4,53.719162
0.0,3,53.721475
0.0,5,53.725218
0.0,2,53.726702
0.0,3,53.728919
0.0,3,53.731296
0.0,2,53.733349
0.0,3,53.735798
0.0,4,53.739083
0.0,5,53.742939
0.0,3,53.74525
0.0,4,53.748299
0.0,2,53.749811
0.0,3,53.752084
-0.216784,3,53.754321
0.0,3,53.756558
0.0,3,53.758829
0.0,2,53.760372
0.0,3,53.762639
0.0,2,53.764168
0.0,4,53.767697
-0.440737,4,53.771483
0.0,5,53.776067
0.0,4,53.779462
0.0,2,53.78117
0.0,5,53.785178
-0.312655,3,53.787637
0.0,4,53.790828
0.0,6,53.795539
0.0,2,53.797169
0.0,4,53.800526
0.0,5,53.805365
0.0,2,53.807296
0.0,3,53.80992
0.0,2,53.8116
0.0,4,53.815295
0.0,2,53.817217
0.0,4,53.820737
0.0,2,53.822758
0.0,3,53.825421
0.0,2,53.827093
0.0,3,53.830036
0.0,2,53.831842
0.0,3,53.834555
0.585214,3,53.837222
0.0,3,53.83971
0.0,3,53.842163
-0.197032,4,53.845502
0.0,2,53.847213
0.893875,2,53.848842
-0.154402,4,53.852285
-0.225972,4,53.855671
0.0,5,53.859786
0.0,2,53.86141
0.0,3,53.863937
0.0,3,53.866416
0.0,3,53.868922
0.0,2,53.870625
0.0,2,53.872311
1.142996,2,53.873996
0.0,4,53.877342
0.0,2,53.879022
1.5,2,53.880701
0.0,3,53.883177
0.0,2,53.884883
0.0,3,53.887333
-0.118747,2,53.888971
0.0,2,53.890651
0.0,3,53.893144
0.0,4,53.896549
0.0,4,53.899874
0.0,4,53.903147
0.0,4,53.906335
0.0,4,53.909606
0.0,3,53.912303
0.0,3,53.914911
0.0,3,53.91756
0.0,3,53.920082
1.5,2,53.921705
1.0,2,53.923415
0.0,2,53.925648
0.0,4,53.930425
0.0,3,53.933186
0.0,3,53.935847
0.0,3,53.938405
0.0,5,53.943585
0.0,3,53.946698
0.0,3,53.949614
0.0,2,53.951383
0.0,3,53.954347
0.0,4,53.9581
0.0,4,53.961878
-0.197366,2,53.963881
0.0,3,53.966459
0.0,2,53.968604
0.0,4,53.972239
0.0,2,53.973966
0.0,2,53.976236
0.0,3,53.979005
0.0,3,53.981627
0.0,3,53.984332
0.0,3,53.987152
0.0,2,53.988815
0.0,3,53.991451
0.0,3,53.99427
0.0,3,53.996858
0.0,2,53.998574
0.0,2,54.000222
0.0,6,54.005169
0.0,2,54.006781
0.0,2,54.008363
0.0,3,54.010835
0.0,2,54.012395
0.0,2,54.013933
0.0,3,54.016463
0.0,3,54.018985
0.0,3,54.021488
0.0,4,54.024609
-0.055059,5,54.0284
0.0,2,54.029933
0.0,5,54.033953
0.0,3,54.036502
0.0,2,54.038106
0.0,2,54.039798
0.0,4,54.042899
0.0,4,54.046122
0.0,3,54.048615
0.0,2,54.050331
-0.332244,2,54.051907
0.0,3,54.054255
0.0,4,54.05738
0.0,3,54.059712
0.0,3,54.062035
0.0,3,54.06435
0.0,2,54.065906
0.0,2,54.067437
0.0,3,54.069764
0.0,2,54.071371
0.0,4,54.074469
0.0,2,54.076003
0.0,3,54.078292
1.5,2,54.079901
0.0,5,54.084115
0.0,2,54.085714
0.0,3,54.087994
0.0,2,54.089543
0.0,4,54.092636
0.0,4,54.095954
0.0,4,54.099122
0.0,2,54.100659
0.0,3,54.103144
0.0,4,54.107039
0.0,3,54.109535
0.0,4,54.112931
0.0,5,54.116883
0.0,2,54.118973
0.0,2,54.120818
0.0,3,54.123409
0.0,5,54.127453
0.0,2,54.129119
0.0,2,54.130746
0.0,2,54.132676
0.0,2,54.134485
0.0,2,54.136128
0.0,3,54.138718
0.0,3,54.141201
1.5,2,54.142786
0.0,2,54.144389
-0.04017,3,54.147057
0.0,4,54.150441
0.0,3,54.153022
0.0,5,54.157021
0.494558,2,54.158715
0.0,3,54.162552
0.0,3,54.165207
0.0,3,54.167821
0.0,2,54.169536
0.0,4,54.172894
0.0,3,54.176138
0.0,3,54.178772
0.0,2,54.181231
0.0,2,54.183302
0.0,2,54.18508
1.5,2,54.186755
0.0,2,54.189071
0.0,4,54.192751
0.0,2,54.19486
0.0,4,54.198664
0.0,3,54.201298
0.0,3,54.204549
0.0,3,54.207235
0.0,5,54.211718
0.0,2,54.213382
0.0,4,54.216644
0.0,2,54.218292
0.0,3,54.220826
0.0,2,54.222436
0.0,3,54.224891
0.0,2,54.226508
0.0,3,54.229053
0.0,3,54.231461
0.0,2,54.233099
0.0,5,54.237192
0.0,3,54.239677
0.0,2,54.241331
0.0,4,54.24464
0.0,3,54.24717
0.0,4,55.163974
0.0,3,55.166733
0.0,3,55.169746
0.0,4,55.173504
0.0,2,55.175723
0.0,2,55.177658
0.0,5,55.182576
0.0,2,55.184418
0.0,2,55.186193
0.0,3,55.189111
0.0,4,55.193004
0.0,3,55.195762
0.0,3,55.198552
0.0,3,55.201207
0.0,4,55.204966
0.0,4,55.208569
1.5,2,55.210583
0.0,3,55.213269
0.0,3,55.216183
0.0,5,55.22074
0.0,4,55.225719
0.0,4,55.229568
0.0,6,55.235561
0.485516,4,55.239537
0.0,2,55.241304
0.0,3,55.244047
0.0,3,55.246885
0.0,4,55.25041
0.0,4,55.254082
0.0,3,55.256709
0.056683,4,55.260349
0.0,3,55.262913
0.0,5,55.267223
0.0,2,55.268939
0.0,2,55.270791
0.0,3,55.274583
0.0,4,55.278283
0.0,2,55.280092
0.0,4,55.28352
0.0,3,55.286138
0.0,2,55.2878
0.0,4,55.291038
0.0,4,55.294662
0.0,4,55.298178
-0.560539,2,55.300195
0.0,2,55.302265
0.0,4,55.306232
0.0,2,55.308045
0.0,3,55.310679
0.0,4,55.314255
0.0,2,55.315997
1.5,2,55.317798
0.0,2,55.319584
0.0,2,55.321493
0.0,3,55.324542
0.0,4,55.328881
0.0,2,55.330899
0.0,2,55.332705
0.0,4,55.336575
0.0,3,55.339251
0.0,2,55.341057
0.0,2,55.342938
0.0,3,55.34557
0.0,4,55.349204
0.0,2,55.351119
0.0,3,55.353755
0.0,4,55.357594
0.0,3,55.360314
0.0,4,55.363932
0.0,3,55.36646
0.0,4,55.370037
0.0,4,55.373362
0.0,4,55.377053
0.0,4,55.380553
0.0,3,55.383359
0.0,3,55.385951
0.0,2,55.387655
0.0,3,55.390441
0.211446,3,55.3931
0.0,3,55.395823
0.0,3,55.398783
0.0,3,55.401487
0.0,3,55.404366
0.0,3,55.407411
0.0,6,55.41309
0.0,3,55.415754
0.0,6,55.420836
0.0,3,55.423366
-2.0,2,55.425381
0.0,2,55.427339
0.0,3,55.430076
0.0,2,55.431945
0.0,4,55.435678
0.0,4,55.4393
0.0,3,55.441898
0.0,3,55.444477
0.0,4,55.448085
0.0,2,55.449811
0.071773,3,55.452634
0.0,2,55.454518
0.0,3,55.456992
1.5,2,55.458699
2.0,2,55.460787
0.0,4,55.464202
0.0,3,55.466921
0.0,3,55.469594
0.0,2,55.471272
0.758665,2,55.47313
0.0,3,55.476167
0.0,3,55.478739
0.0,2,55.480662
0.0,2,55.482607
-0.159022,3,55.485115
0.0,4,55.488774
0.0,2,55.490529
0.0,2,55.492212
0.0,2,55.494101
-0.232521,4,55.498081
1.611554,2,55.499938
0.0,5,55.505132
0.0,2,55.507091
0.0,3,55.510134
0.0,2,55.51187
0.0,3,55.514428
0.0,3,55.517287
0.0,2,55.51895
0.0,3,55.521585
0.0,4,55.525367
0.0,2,55.527681
0.0,3,55.531735
0.0,4,55.536965
0.0,4,55.541367
0.0,4,55.545427
0.0,2,55.5473
0.0,3,55.550364
0.0,3,55.553399
0.0,4,55.556915
0.0,3,55.559768
0.0,4,55.565419
0.0,4,55.570742
0.00877,2,55.573364
0.0,3,55.577146
0.0,2,55.579751
0.0,2,55.582168
0.0,2,55.584804
0.0,3,55.58906
0.0,4,55.59481
0.0,3,55.59863
0.0,3,55.602079
0.0,4,55.60629
0.0,2,55.60921
0.0,3,55.613501
0.575521,2,55.616269
0.0,2,55.618945
0.0,3,55.624402
0.0,4,55.630534
0.0,3,55.635389
0.0,3,55.639083
0.0,4,55.644597
0.0,2,55.646877
0.0,3,55.650584
0.0,2,55.652855
0.0,4,55.657527
0.681179,5,55.662127
0.0,3,55.664797
0.0,5,55.669267
0.0,3,55.67189
0.0,3,55.674445
0.0,3,55.677476
0.0,5,55.681673
0.0,3,55.68435
0.0,4,55.687699
-0.347113,4,55.691395
0.0,5,55.696032
0.0,2,55.698838
0.0,4,55.703692
0.0,3,55.706757
0.0,3,55.709411
0.0,4,55.713546
0.0,3,55.716795
0.0,4,55.720369
0.0,5,55.72463
0.0,3,55.727304
0.0,3,55.729773
0.006964,3,55.732867
0.0,3,55.735648
0.0,3,55.738438
0.0,3,55.741042
0.0,4,55.744524
0.0,3,55.747526
0.0,3,55.750482
0.0,2,55.752804
0.0,3,55.755837
0.0,6,55.761791
0.0,3,55.764531
0.901274,2,55.766619
0.0,4,55.770234
0.0,3,55.773386
-0.055158,3,55.77627
0.0,5,55.780736
0.0,3,55.783379
1.5,2,55.785144
0.0,2,55.787091
0.0,3,55.791669
0.0,4,55.796501
0.0,3,55.800372
0.0,2,55.802986
0.0,3,55.806964
1.5,2,55.80927
0.0,2,55.811309
0.0,3,55.814454
0.0,3,55.817906
0.0,3,55.820875
0.0,3,55.823755
0.0,3,55.826289
1.5,2,55.828009
0.0,3,55.830704
0.0,3,55.833593
0.0,3,55.836685
-0.029761,3,55.839401
0.0,2,55.841272
0.118591,2,55.843453
0.0,4,55.847069
0.0,2,55.849298
1.5,2,55.851765
0.0,3,55.854692
1.0,2,55.856929
0.0,2,55.8591
0.0,2,55.860867
0.0,2,55.862559
0.0,3,55.865326
0.0,4,55.868985
0.0,3,55.872219
0.0,3,55.875276
0.0,2,55.877421
0.0,4,55.880925
0.0,4,55.884464
0.0,3,55.887248
0.0,3,55.889953
0.0,3,55.893479
0.0,4,55.896917
0.0,4,55.901462
0.0,4,55.905317
0.0,3,55.908823
0.0,3,55.912008
0.0,2,55.914469
0.0,2,55.916376
0.0,3,55.919125
0.417867,2,55.92116
-0.166675,3,55.923859
0.0,2,55.925835
0.0,2,55.927846
0.0,4,55.93137
0.0,4,55.935555
0.0,3,55.938213
-0.700474,4,55.94221
0.0,4,55.946076
0.0,4,55.950553
0.0,3,55.953878
0.0,4,55.957832
0.0,4,55.961701
0.0,2,55.96371
0.0,3,55.96676
0.0,2,55.969116
0.143601,2,55.970946
0.345307,3,55.973572
0.0,3,55.976878
0.0,3,55.979585
0.0,3,55.982667
0.0,3,55.985487
1.5,2,55.987361
0.0,3,55.990556
0.0,3,55.993435
0.0,2,55.995851
0.0,2,55.998242
0.0,4,56.002772
0.0,4,56.007465
0.0,4,56.011823
-0.855154,3,56.01473
0.0,3,56.018193
0.0,2,56.020146
0.0,3,56.023038
0.0,2,56.025044
0.0,4,56.028586
0.0,2,56.030499
0.0,2,56.032548
0.0,2,56.034453
0.0,3,56.037709
0.0,3,56.041737
0.0,5,56.046845
0.0,2,56.049068
0.0,4,56.054111
0.0,2,56.056539
0.0,2,56.058753
0.0,2,56.060697
0.0,3,56.063363
0.0,4,56.06704
0.0,4,56.070782
0.0,3,56.07409
1.5,2,56.075804
0.0,3,56.078388
0.0,2,56.080369
0.0,2,56.082383
0.0,3,56.085069
-0.878136,3,56.08831
0.0,2,56.090088
0.0,4,56.09425
0.0,4,56.098416
-0.190258,3,56.101979
1.5,2,56.104001
0.0,2,56.106012
0.0,3,56.110642
0.0,2,56.112969
0.0,3,56.116696
0.0,4,56.120632
0.0,3,56.123821
1.5,2,56.125561
0.0,2,56.127444
0.0,3,56.130553
0.0,2,56.132499
0.0,5,56.137856
1.402633,2,56.139994
0.0,5,56.144877
0.0,3,56.148166
0.0,2,56.150946
0.0,3,56.154654
0.0,3,56.159231
0.0,3,56.163587
0.0,4,56.167643
0.0,5,56.175755
0.0,4,56.182053
0.0,4,56.188601
0.0,2,56.190994
0.0,4,56.195046
0.0,3,56.199727
0.0,3,56.204482
0.0,5,56.212855
0.0,3,56.219111
0.0,4,56.223765
0.0,3,56.228343
0.0,3,56.233087
0.0,2,56.236196
0.0,4,56.241909
0.0,3,56.245404
0.0,4,56.24949
0.0,5,56.254443
0.0,3,56.257107
0.0,4,56.260767
0.0,4,56.264069
0.0,4,56.267737
0.0,3,56.270288
0.0,2,56.27198
0.0,3,56.274815
0.0,4,56.278349
0.0,4,56.282154
0.0,5,56.286224
0.0,3,56.288965
0.0,4,56.292331
0.0,4,56.296043
0.0,3,56.298784
0.0,2,56.300773
-0.213642,3,56.304012
0.0,3,56.306669
0.0,2,56.308721
0.0,2,56.310904
0.0,3,56.314173
0.0,3,56.31742
0.119422,5,56.321837
0.0,4,56.326269
0.0,3,56.329321
0.0,2,56.332067
0.0,2,56.334386
0.0,3,56.338783
0.0,2,56.340983
0.0,4,56.346382
0.0,4,56.350617
0.0,3,56.354161
0.0,2,56.356119
0.0,4,56.360086
0.0,3,56.362649
0.0,3,56.365532
0.0,2,56.367381
0.0,3,56.369915
1.5,2,56.371934
0.0,3,56.374819
0.0,4,56.378511
0.0,4,56.38196
0.0,4,56.385525
-0.09233,2,56.387226
0.0,2,56.388952
0.0,3,56.391491
0.0,2,56.393589
0.0,4,56.397212
0.0,2,56.399242
0.0,2,56.401194
1.5,2,56.403105
0.0,6,56.408956
0.0,3,56.411855
0.0,3,56.414824
0.056319,2,56.416783
0.0,3,56.419677
0.0,3,56.422385
0.0,5,56.426871
0.0,2,56.42868
0.0,3,56.43125
0.0,3,56.433898
0.0,2,56.435844
0.0,3,56.439034
0.0,2,56.441178
0.0,2,56.442917
0.0,3,56.445313
1.0,4,56.448733
0.0,3,56.45164
0.0,3,56.454237
0.0,2,56.456056
0.0,3,56.459069
0.0,4,56.462904
0.0,3,56.465541
0.0,2,56.467377
0.0,3,56.470009
0.0,4,56.473351
0.0,4,56.47692
0.0,2,56.479073
0.0,4,56.482873
0.0,3,56.485546
0.0,4,56.489094
0.0,2,56.491212
0.0,2,56.49325
0.0,2,56.495272
0.0,2,56.497367
0.0,4,56.501299
0.0,3,56.504555
0.0,4,56.50879
0.0,3,56.512094
0.0,3,56.51502
-0.091212,4,56.518994
0.0,5,56.523728
0.0,3,56.526683
0.0,4,56.530321
0.0,2,56.532406
0.0,3,56.535344
0.0,2,56.537216
0.0,4,56.541457
0.0,3,56.54435
0.0,3,56.547521
0.0,3,56.550395
0.0,2,56.552881
0.0,3,56.556166
0.0,3,56.559495
0.0,2,56.561458
-0.082963,4,56.565017
0.0,3,56.567977
0.0,4,56.571625
0.0,2,56.573628
0.0,3,56.576831
0.0,3,56.57979
0.146544,3,56.582665
1.5,2,56.584471
0.0,4,56.588226
0.0,2,56.589976
0.0,3,56.592704
1.5,2,56.594738
0.0,3,56.597989
0.0,4,56.60201
0.0,4,56.606341
0.454912,2,56.608505
0.0,3,56.611795
0.0,3,56.614975
0.0,2,56.61708
-0.532723,3,56.620135
0.0,5,56.624818
0.0,2,56.626737
0.0,5,56.631467
0.106289,3,56.634316
0.0,2,56.636466
0.0,2,56.638671
-0.124725,5,56.6438
0.0,4,56.647828
0.0,4,56.652153
0.0,2,56.655306
0.496646,2,56.657876
0.0,2,56.659616
0.0,3,56.66213
0.0,4,56.66542
0.0,4,56.668666
0.0,3,56.671161
0.0,3,56.673693
0.0,4,56.676967
0.0,2,56.678621
0.0,3,56.681345
0.0,3,56.683994
0.0,3,56.686698
0.0,2,56.688553
0.696696,2,56.690369
-0.123454,4,56.694244
0.0,4,56.698364
0.0,2,56.70057
0.0,3,56.703699
0.0,2,56.705896
0.0,5,56.711226
0.0,4,56.715489
0.0,2,56.717444
0.0,2,56.719533
0.0,2,56.721523
0.0,3,56.724366
0.0,2,56.726358
0.0,2,56.72824
0.0,3,56.730911
0.0,3,56.733797
0.0,3,56.736853
0.0,2,56.738859
0.0,2,56.740936
0.0,3,56.743675
0.0,2,56.745537
0.0,3,56.748535
0.0,2,56.750583
0.0,4,56.754595
0.0,3,56.75793
0.0,3,56.761311
0.099779,3,56.764211
0.0,5,56.768834
0.0,2,56.770662
0.0,4,56.774263
0.0,2,56.776331
0.0,3,56.779238
0.0,4,56.783038
1.5,2,56.784884
-0.328208,3,56.787637
0.0,3,56.79032
0.0,3,56.792955
0.0,2,56.794832
0.0,3,56.797714
0.0,5,56.802788
0.0,3,56.805972
0.0,3,56.809061
0.0,3,56.812673
0.0,2,56.815014
0.0,4,56.819055
0.0,2,56.82086
0.0,2,56.822751
0.0,4,56.826353
0.0,4,56.830009
0.0,3,56.833022
0.0,4,56.83676
0.0,2,56.838591
0.009542,3,56.841204
0.0,4,56.844876
0.0,4,56.848881
0.0,2,56.850701
0.0,3,56.853601
0.0,5,56.858456
0.0,3,56.861166
0.0,3,56.863793
0.0,2,56.865619
0.0,3,56.868277
0.0,2,56.870068
0.0,5,56.874632
1.5,2,56.876517
0.0,2,56.878502
-0.399499,4,56.881981
0.0,3,56.884588
0.0,2,56.886434
0.0,2,56.88826
-0.369846,4,56.891762
1.5,2,56.893648
0.0,4,56.897559
0.0,2,56.899468
-0.673721,2,56.901581
0.0,2,56.903664
0.0,3,56.906782
0.0,4,56.910956
0.0,4,56.914754
0.0,4,56.918767
0.0,2,56.920795
0.0,5,56.925509
1.5,2,56.92735
0.0,3,56.930088
0.0,3,56.932782
0.0,3,56.935666
1.5,2,56.937676
0.0,5,56.942585
0.0,3,56.945676
0.0,3,56.948764
0.0,4,56.95282
0.0,3,56.955741
0.0,4,56.959733
-0.122205,4,56.963514
0.0,2,56.965308
0.0,4,56.968971
0.0,5,56.973916
0.0,3,56.976922
1.5,2,56.97876
0.0,2,56.980528
0.0,2,56.982333
0.0,3,56.985083
-0.617683,4,56.988625
0.0,3,56.991491
0.0,3,56.994513
-0.209472,5,56.999487
0.0,5,57.004487
0.0,3,57.007502
0.0,3,57.010555
0.0,2,57.012544
0.0,4,57.016494
0.0,4,57.020248
0.0,3,57.022976
0.0,3,57.025975
0.0,3,57.028688
0.0,4,57.032096
0.0,2,57.034115
0.0,3,57.037079
0.0,4,57.041789
0.0,2,57.043761
0.0,5,57.049151
0.0,2,57.051073
0.0,4,57.055447
0.0,2,57.057636
0.0,3,57.060511
0.0,2,57.062352
0.0,3,57.064936
0.0,3,57.06778
0.0,4,57.071264
0.0,2,57.073036
0.0,2,57.075019
0.0,4,57.07909
0.0,2,57.08111
0.0,4,57.084697
0.0,2,57.086613
0.0,3,57.089491
0.0,2,57.09124
0.0,3,57.093854
0.0,3,57.096886
0.0,3,57.10008
0.0,4,57.103996
0.0,4,57.107875
0.834897,2,57.109952
0.0,3,57.113101
0.0,3,57.11622
-1.0,6,57.121988
0.0,4,57.125656
0.0,4,57.129601
0.0,3,57.132609
0.0,2,57.134426
0.0,5,57.13933
0.0,3,57.142012
0.0,3,57.144988
0.0,2,57.14694
0.0,2,57.148916
0.0,3,57.152001
0.0,3,57.154783
0.0,5,57.159561
1.5,2,57.161774
0.0,3,57.164818
0.0,3,57.167741
0.0,2,57.169563
0.0,4,57.173306
-0.591857,5,57.17811
0.0,3,57.180796
0.0,4,57.184318
0.0,3,57.187157
0.0,2,57.188943
0.0,2,57.190769
0.0,3,57.193479
0.0,3,57.196388
0.0,3,57.19935
0.0,2,57.201427
0.0,2,57.203345
0.0,3,57.206494
0.0,2,57.208595
0.0,4,58.425829
0.0,6,58.431397
-0.544735,2,58.433523
0.0,2,58.435667
0.0,2,58.437771
0.0,2,58.439741
1.5,2,58.441528
0.0,2,58.443321
0.0,3,58.446007
1.5,2,58.448019
0.0,2,58.450169
0.0,3,58.453163
0.0,6,58.458876
0.0,4,58.462508
0.0,3,58.465099
0.0,3,58.467889
0.0,2,58.469632
0.0,3,58.472261
0.0,3,58.475016
0.0,3,58.477853
0.0,5,58.482257
0.0,3,58.484809
0.0,4,58.488107
0.0,4,58.491452
0.0,3,58.494012
0.0,3,58.496934
0.0,3,58.499684
-0.356831,5,58.504537
1.5,2,58.506356
0.0,2,58.508338
0.0,2,58.510407
0.0,2,58.512552
0.605666,3,58.515516
0.0,3,58.518405
0.0,4,58.521882
0.0,2,58.523709
0.0,3,58.526391
0.0,3,58.529008
0.0,4,58.532468
-1.281763,2,58.53421
0.0,3,58.536883
0.0,2,58.539011
0.0,3,58.542158
1.5,2,58.544451
0.0,4,58.548179
0.0,2,58.550428
0.0,3,58.553461
0.0,4,58.557677
0.0,2,58.559537
1.5,2,58.5612
0.0,3,58.563985
-1.0,4,58.567738
0.0,4,58.571362
0.0,4,58.575039
0.0,3,58.577843
0.0,4,58.581273
1.5,2,58.582891
0.0,3,58.585524
0.0,2,58.587245
0.0,2,58.588922
0.0,5,58.593346
0.0,4,58.596904
0.0,3,58.599957
0.0,4,58.603823
0.0,3,58.606743
0.0,3,58.60949
0.0,2,58.611326
0.0,2,58.613271
0.0,2,58.615427
0.0,2,58.617441
0.0,3,58.620325
-0.10629,2,58.622188
0.0,2,58.624086
0.0,4,58.627722
0.0,2,58.629507
0.0,2,58.631165
0.0,4,58.634712
0.0,5,58.639223
0.0,2,58.641262
0.337706,2,58.643139
1.5,2,58.644851
0.0,2,58.646566
0.0,4,58.650419
0.0,2,58.65223
0.0,5,58.657084
0.0,4,58.660775
0.0,3,58.663398
0.0,4,58.666685
0.0,2,58.668537
0.0,3,58.67108
0.0,2,58.672765
0.0,2,58.674543
0.0,3,58.677313
0.0,4,58.680832
0.0,4,58.684411
0.0,3,58.686922
0.0,4,58.690285
1.5,2,58.691865
0.0,2,58.69351
0.0,4,58.696813
0.0,3,58.699629
0.0,4,58.703356
0.0,2,58.70522
0.0,2,58.706903
0.0,3,58.70933
0.0,4,58.712435
0.0,4,58.715654
0.0,3,58.718059
1.5,2,58.719655
0.0,3,58.721955
0.0,2,58.723489
0.0,2,58.725044
0.0,2,58.72653
1.5,2,58.728144
0.0,5,58.732581
0.0,3,58.735196
0.0,2,58.736958
0.0,2,58.738796
0.0,3,58.741394
0.0,2,58.743088
0.0,2,58.744858
-0.212893,3,58.747759
0.0,2,58.749657
0.0,2,58.751827
0.0,2,58.753851
1.5,2,58.755871
0.0,2,58.75787
0.0,2,58.759811
0.0,3,58.762637
0.0,3,58.765371
0.0,2,58.767365
0.0,2,58.769174
0.0,4,58.773309
-0.652361,4,58.777764
-0.721778,4,58.781819
0.0,4,58.785435
0.794548,3,58.788304
0.0,4,58.791869
1.0,2,58.793857
0.0,2,58.795906
0.0,3,58.799073
-0.249207,4,58.803039
0.0,4,58.806597
0.0,3,58.809732
0.427526,3,58.812459
0.0,2,58.814324
0.0,4,58.818712
0.809141,2,58.82063
0.0,3,58.823421
0.0,4,58.827183
0.0,2,58.829317
0.0,4,58.83304
0.0,5,58.837851
1.5,2,58.83979
0.0,2,58.841756
0.0,5,58.846565
0.0,3,58.849371
0.24066,2,58.851409
0.0,4,58.85501
0.0,4,58.858894
0.0,2,58.860672
0.0,4,58.864432
-0.691936,2,58.866357
0.0,2,58.868085
0.0,2,58.869945
0.0,3,58.873119
0.0,4,58.877068
0.0,2,58.878906
0.0,4,58.882215
-0.972128,2,58.884177
0.0,3,58.886713
0.0,2,58.888433
0.0,3,58.891142
0.0,3,58.894229
0.0,3,58.897067
0.0,4,58.900958
0.0,4,58.904844
0.0,2,58.906792
0.0,3,58.909547
0.0,2,58.911426
0.0,3,58.914384
0.0,3,58.917345
0.0,5,58.922256
0.0,4,58.925924
0.0,4,58.929514
1.5,2,58.931317
0.0,3,58.93424
0.0,5,58.938899
0.867259,2,58.940775
0.0,2,58.942523
1.5,2,58.944212
0.0,2,58.946005
0.0,3,58.949091
0.0,3,58.951957
0.0,2,58.953993
0.0,5,58.958667
0.0,2,58.960689
0.0,3,58.963478
0.0,3,58.966059
0.0,3,58.968616
0.0,3,58.971142
0.0,6,58.976326
0.0,2,58.978283
0.0,4,58.981842
0.0,4,58.985449
0.0,2,58.987241
0.0,5,58.991537
0.0,2,58.993542
0.0,2,58.995388
0.0,3,58.998605
-0.292286,2,59.000545
0.0,3,59.003461
0.0,3,59.006406
0.656277,4,59.01028
0.0,2,59.01234
0.0,3,59.015439
0.0,3,59.01831
0.668255,3,59.021178
0.0,3,59.023969
0.0,3,59.026881
0.0,2,59.028795
0.0,2,59.030796
-0.390279,4,59.03465
0.0,4,59.038747
0.0,3,59.04189
0.0,4,59.046091
1.5,2,59.048116
0.410575,3,59.051007
1.5,2,59.053205
0.0,3,59.056115
1.0,3,59.058976
0.0,3,59.061506
0.0,2,59.063371
-1.0,4,59.067009
0.0,4,59.070485
-1.0,3,59.073148
0.0,3,59.075889
0.0,3,59.07894
0.0,3,59.08182
0.0,3,59.084452
0.0,3,59.086986
0.0,2,59.088707
0.0,2,59.090426
0.0,3,59.093276
0.0,3,59.096338
0.0,2,59.098364
1.5,2,59.100456
0.0,3,59.103248
0.0,2,59.105138
0.0,7,59.111864
1.5,2,59.113826
1.5,2,59.115964
0.0,2,59.118118
0.0,4,59.121963
0.0,4,59.125627
0.0,3,59.128213
-0.744448,3,59.131201
1.5,2,59.132991
0.0,2,59.134982
0.0,2,59.136999
0.0,3,59.13991
1.5,2,59.141849
-0.288615,4,59.145506
0.0,3,59.148365
0.0,4,59.152571
0.0,2,59.154573
0.0,2,59.156754
0.0,2,59.158639
0.0,6,59.164177
0.0,3,59.16685
0.0,3,59.169608
0.0,3,59.172402
0.0,4,59.175937
0.0,2,59.178042
0.0,5,59.182921
0.0,3,59.185662
0.0,2,59.187571
0.0,2,59.189499
0.0,5,59.194843
0.0,3,59.197921
0.0,2,59.200203
1.5,2,59.202328
0.0,3,59.205379
0.0,3,59.208496
1.5,2,59.210549
0.0,4,59.214601
0.0,3,59.21755
0.0,3,59.221568
0.0,3,59.225649
0.0,5,59.232409
0.0,2,59.235739
0.0,3,59.239716
0.0,3,59.242625
0.0,2,59.244547
0.0,4,59.248316
0.0,3,59.251372
0.0,4,59.25559
0.0,3,59.258523
0.0,3,59.261422
0.0,2,59.26333
0.0,3,59.266234
0.0,4,59.269771
0.0,2,59.27149
0.0,3,59.274145
0.0,2,59.276151
0.0,2,59.278188
0.0,3,59.281052
0.0,3,59.283579
0.0,2,59.285323
0.0,5,59.289503
1.5,2,59.291188
0.0,4,59.29464
0.0,3,59.297314
0.0,3,59.300031
0.0,2,59.302181
0.0,2,59.30417
0.0,4,59.308123
0.0,4,59.312017
0.0,2,59.313869
0.0,2,59.315749
0.0,3,59.318853
-0.557568,2,59.320872
0.0,3,59.323778
0.0,5,59.328055
0.0,3,59.330703
0.0,3,59.333498
-0.273547,4,59.33719
0.0,3,59.33981
0.0,3,59.342353
0.0,2,59.344255
1.315635,2,59.346053
1.5,2,59.34793
0.0,3,59.35093
0.0,3,59.354011
0.0,5,59.3587
0.0,4,59.362083
0.0,3,59.364734
0.0,3,59.367229
0.0,3,59.369745
0.0,3,59.372498
0.0,4,59.375993
0.0,3,59.378792
0.0,3,59.381436
1.0,3,59.383954
0.0,3,59.386593
0.0,3,59.389083
0.0,2,59.390755
0.0,2,59.392442
0.0,3,59.395341
0.0,4,59.399001
0.0,2,59.400906
0.0,2,59.402817
0.0,2,59.404614
0.0,2,59.406491
0.0,5,59.411458
0.0,4,59.414902
0.0,2,59.417067
0.0,3,59.419802
0.0,3,59.422606
0.0,4,59.426327
0.0,3,59.42913
0.0,4,59.432636
0.0,3,59.435549
0.0,4,59.439339
0.0,2,59.441228
0.0,3,59.443861
0.0,3,59.44644
0.0,3,59.449166
0.0,4,59.452815
0.0,3,59.455867
0.0,4,59.459536
0.0,2,59.461515
0.0,2,59.463371
0.0,4,59.466743
0.0,3,59.469357
1.5,2,59.471004
0.0,2,59.47268
0.0,5,59.476935
0.0,3,59.479533
0.0,3,59.482099
0.0,3,59.484682
0.0,2,59.486433
0.0,2,59.488188
0.0,5,59.492568
-0.347597,4,59.496105
1.5,2,59.498096
0.0,3,59.500788
0.0,4,59.504385
0.0,4,59.507699
0.0,3,59.510427
0.0,2,59.512887
0.0,4,59.516603
-0.950334,2,59.518543
0.0,3,59.52132
0.0,3,59.523922
0.0,5,59.528658
0.0,3,59.531285
0.0,2,59.533304
0.0,2,59.535245
0.0,3,59.538147
0.0,3,59.54142
0.0,3,59.544107
0.0,4,59.547969
0.0,4,59.551681
0.0,2,59.553827
0.0,3,59.556643
0.0,2,59.558249
0.0,3,59.561012
0.0,2,59.562838
0.0,3,59.565443
0.0,2,59.567396
0.0,2,59.569223
0.0,3,59.571887
0.0,2,59.573832
-0.001607,2,59.57581
0.0,3,59.578503
0.0,2,59.580486
0.0,3,59.583174
0.0,3,59.585676
0.132857,3,59.588304
0.0,2,59.589982
0.0,3,59.592516
0.0,2,59.594274
0.0,3,59.597005
0.0,3,59.599609
0.0,5,59.6041
0.0,3,59.606645
0.0,3,59.609391
1.5,2,59.611097
-1.0,2,59.612805
0.0,3,59.615592
0.0,4,59.619409
0.0,3,59.62221
0.0,4,59.625764
0.0,3,59.628218
0.024062,4,59.63166
0.0,3,59.634139
0.0,4,59.637732
0.0,3,59.640538
0.0,5,59.644929
0.0,3,59.647537
0.0,2,59.649272
0.0,2,59.651116
0.0,3,59.653829
0.0,2,59.655649
0.0,3,59.658318
0.631027,2,59.660069
0.0,3,59.662508
0.0,3,59.665069
1.076387,2,59.666666
0.0,2,59.668253
0.0,3,59.670774
1.5,2,59.672561
0.0,3,59.675289
0.0,5,59.679721
0.0,4,59.683016
-1.000261,2,59.684778
0.0,3,59.687318
0.0,5,59.691311
0.0,4,59.694947
0.0,2,59.696715
0.0,2,59.698616
0.0,4,59.702091
0.0,4,59.705553
0.0,4,59.708819
0.0,5,59.713305
0.0,4,59.717878
0.0,4,59.721379
0.0,7,59.727572
0.0,3,59.730399
0.0,3,59.733084
0.0,4,59.736948
0.0,3,59.739677
0.0,2,59.741443
-0.086411,3,59.743841
-0.159974,4,59.747234
0.0,2,59.749031
0.0,5,59.753312
-0.325321,3,59.756087
0.0,3,59.758709
0.0,4,59.762266
0.0,2,59.763969
-0.781219,2,59.765568
0.0,4,59.769036
0.0,3,59.771496
0.0,3,59.773938
0.0,2,59.776423
0.0,2,59.778494
0.0,4,59.78198
0.0,2,59.783627
0.0,2,59.785279
0.0,2,59.78693
0.0,3,59.789356
0.0,2,59.791145
0.0,3,59.793696
0.0,3,59.796197
1.5,2,59.798004
-0.620418,4,59.801751
0.0,4,59.805435
0.0,3,59.808533
0.0,2,59.810625
0.0,3,59.813679
0.0,5,59.819366
0.0,3,59.822903
0.0,4,59.826566
0.0,3,59.829142
-0.106821,3,59.831925
0.0,3,59.834683
0.0,3,59.837488
0.0,4,59.841071
0.0,3,59.843615
0.0,2,59.845385
0.0,2,59.847336
0.0,5,59.851833
0.470369,2,59.853719
0.0,3,59.856466
0.0,3,59.859216
0.0,3,59.861701
0.0,3,59.864198
0.0,3,59.86665
0.0,4,59.869881
0.0,3,59.872385
0.0,4,59.87598
0.0,4,59.879375
0.0,3,59.881945
-0.270559,2,59.883598
0.0,4,59.886846
0.0,3,59.889313
0.0,2,59.890942
-1.0,3,59.893496
0.0,3,59.896022
0.0,3,59.898606
0.0,2,59.900635
0.0,2,59.9024
0.0,3,59.905147
0.0,3,59.907844
0.0,3,59.910447
0.0,2,59.91218
0.0,3,59.914741
1.5,2,59.916639
0.0,3,59.919656
0.0,3,59.922624
0.0,2,59.924386
1.5,2,59.926096
0.0,3,59.928776
0.0,2,59.930501
0.0,4,59.933821
0.0,2,59.935658
1.0,2,59.937592
0.0,4,59.941196
0.0,3,59.943908
0.0,3,59.94655
-0.102026,5,59.950979
0.0,2,59.952865
0.0,3,59.955506
0.0,3,59.958265
0.0,2,59.960161
0.0,4,59.963687
0.0,2,59.965401
0.0,4,59.968668
0.0,3,59.971355
0.0,4,59.974898
0.0,3,59.977548
-0.588875,2,59.979388
0.0,4,59.982664
-0.410432,3,59.985097
0.0,3,59.987532
0.0,3,59.990155
0.0,2,59.992044
0.0,4,59.995519
0.0,4,59.999245
0.0,3,60.001971
0.0,3,60.004586
-0.080966,2,60.006374
0.0,4,60.009729
0.0,3,60.012467
0.0,3,60.015296
0.0,4,60.018812
0.0,2,60.020598
0.900472,2,60.02249
0.0,3,60.025181
0.0,8,60.032014
0.0,2,60.033951
-0.09376,3,60.036479
0.0,3,60.039309
0.0,3,60.042239
0.0,3,60.045093
0.0,4,60.048736
0.0,3,60.051316
0.0,2,60.05302
1.5,2,60.055004
0.0,3,60.057711
0.0,3,60.060605
0.0,2,60.062551
0.0,3,60.065137
0.0,4,60.0688
0.0,4,60.072258
0.0,4,60.075822
0.0,2,60.077777
0.0,4,60.081429
0.0,3,60.083922
0.0,3,60.086549
0.0,2,60.088283
0.0,4,60.091571
0.0,3,60.094074
0.0,2,60.095903
0.735373,3,60.098867
0.0,2,60.100684
0.0,3,60.103492
0.0,3,60.106108
0.0,3,60.108709
0.0,3,60.111414
0.0,3,60.113997
0.0,3,60.116584
0.0,6,60.121799
0.0,3,60.124601
0.0,2,60.126467
0.0,3,60.129048
0.0,2,60.131148
0.0,2,60.133007
0.0,2,60.134664
0.0,5,60.138974
0.0,3,60.141448
-0.376507,5,60.14563
0.0,3,60.148823
0.0,3,60.151663
0.0,2,60.153435
1.5,2,60.155155
0.0,3,60.157874
0.0,5,60.162009
0.0,5,60.166106
1.5,2,60.16769
0.0,2,60.169301
0.0,2,60.170915
0.0,4,60.174548
0.0,2,60.176357
0.0,2,60.178297
0.0,2,60.18012
0.0,3,60.18265
0.0,2,60.184306
0.0,3,60.186864
0.0,3,60.189278
0.0,2,60.190985
0.0,3,60.19376
0.0,3,60.196462
0.0,3,60.199083
0.0,3,60.201872
0.0,3,60.204501
0.0,4,60.20805
0.0,3,60.210635
0.0,4,60.214018
1.5,2,60.215722
0.0,3,60.218557
0.0,4,60.222308
0.0,2,60.223993
0.0,2,60.225621
0.0,3,60.228135
0.0,3,60.230564
0.0,3,60.233122
0.0,2,60.234728
0.0,3,60.237401
0.221253,2,60.239202
0.0,4,60.24266
1.5,2,60.244375
0.0,2,60.246115
0.0,2,60.247724
0.0,3,60.250412
0.0,2,60.252157
0.0,4,60.255745
-0.179076,3,60.258392
0.0,3,60.260947
0.0,3,60.26374
0.0,5,60.267749
0.0,5,60.271879
0.0,3,60.274328
0.0,3,60.276873
-0.647656,4,60.280295
-0.33126,2,60.282096
0.0,4,60.285481
0.0,3,60.28793
0.0,2,60.289711
0.0,3,60.292415
0.0,4,60.295746
0.0,4,60.299204
0.0,4,60.302569
0.0,2,61.479805
0.0,3,61.483891
0.0,5,61.489748
0.0,3,61.49358
0.0,2,61.496232
0.752259,2,61.498942
0.0,3,61.503147
0.0,4,61.508187
0.0,3,61.511703
0.0,3,61.514464
0.0,2,61.51686
0.0,3,61.520046
-1.0,4,61.523738
0.0,4,61.527225
0.0,3,61.530236
0.0,3,61.532965
0.0,4,61.536695
0.0,3,61.53971
0.0,4,61.544992
0.0,3,61.548408
1.084778,2,61.551018
0.0,3,61.554969
0.0,2,61.557433
0.0,3,61.56008
0.0,2,61.561776
0.0,3,61.564469
0.0,3,61.567148
0.0,2,61.56895
0.0,3,61.571619
0.0,2,61.573602
0.0,3,61.576269
0.0,4,61.579877
0.0,2,61.581653
0.0,3,61.584516
0.179941,2,61.586377
0.0,3,61.588924
0.0,3,61.591521
-0.199391,5,61.59608
0.0,3,61.598741
0.0,3,61.601593
0.0,3,61.604279
0.0,5,61.608687
0.0,3,61.611273
0.0,2,61.613108
0.0,2,61.615006
0.0,2,61.616803
0.0,4,61.620367
0.0,2,61.622257
0.0,4,61.625824
0.0,2,61.627591
0.0,3,61.630296
0.0,5,61.634881
0.0,3,61.637528
-0.119714,2,61.639203
-0.238157,3,61.641763
0.0,2,61.643488
0.0,3,61.646007
0.0,3,61.648792
0.0,3,61.651371
0.0,2,61.653078
0.0,5,61.657351
0.0,2,61.659227
0.0,2,61.660993
0.0,2,61.66277
0.0,3,61.665171
0.0,3,61.667636
0.0,3,61.670261
0.911328,2,61.67196
0.0,2,61.673666
0.0,3,61.676414
0.0,2,61.678229
1.011819,2,61.679992
0.0,3,61.682658
0.0,3,61.685172
0.0,5,61.689254
0.0,3,61.69174
0.0,3,61.694263
0.0,3,61.696989
0.0,2,61.698853
0.0,3,61.701494
-1.0,3,61.70418
0.0,3,61.706705
0.0,3,61.709274
0.0,5,61.713692
0.0,3,61.716418
0.0,3,61.719196
0.0,6,61.724561
-1.0,5,61.728778
0.0,2,61.730583
-0.212203,4,61.734159
0.0,3,61.736817
0.0,2,61.73853
0.0,2,61.740303
0.0,5,61.744549
0.0,3,61.747364
0.0,4,61.75094
0.0,2,61.752887
0.0,2,61.754738
0.0,3,61.757377
0.0,2,61.759215
0.0,3,61.761787
0.101499,2,61.763479
0.0,3,61.766118
0.0,2,61.767901
0.0,3,61.770439
0.0,3,61.773172
1.5,2,61.775002
0.0,4,61.778505
0.0,2,61.78039
0.0,2,61.782137
0.0,3,61.784734
0.0,3,61.787368
0.0,5,61.791568
0.0,2,61.793446
0.0,2,61.79526
0.0,2,61.796983
0.0,4,61.800725
0.0,4,61.804422
0.0,3,61.807111
0.0,5,61.811412
0.0,2,61.813147
0.0,2,61.81496
0.0,5,61.819429
0.0,3,61.822134
1.5,2,61.824037
0.0,4,61.827977
0.0,3,61.830727
-0.240321,4,61.834231
0.0,2,61.836136
0.0,4,61.84046
0.0,3,61.843167
0.0,3,61.845809
0.0,3,61.84849
0.0,3,61.851344
0.0,3,61.854075
0.0,2,61.855827
0.0,3,61.858538
0.0,3,61.861218
0.0,3,61.863831
0.0,2,61.865541
0.147133,4,61.868897
0.0,3,61.871555
0.0,2,61.873371
0.0,4,61.876878
0.0,2,61.878638
0.0,2,61.880388
0.0,3,61.882937
0.0,2,61.884744
0.0,2,61.886412
1.5,2,61.88806
0.0,3,61.890553
0.0,4,61.894053
0.0,2,61.895815
0.0,3,61.898485
0.0,4,61.90198
0.0,3,61.904544
0.0,5,61.908674
0.0,3,61.911201
0.0,4,61.914676
0.0,2,61.916497
1.5,2,61.918145
0.0,2,61.920062
0.0,3,61.922748
0.0,4,61.926145
0.0,3,61.928779
0.0,4,61.932159
0.0,3,61.93489
0.0,4,61.938307
0.0,4,61.941774
0.0,3,61.944334
0.0,3,61.946877
0.0,4,61.950306
-0.723238,4,61.953636
1.5,2,61.955426
0.0,4,61.958711
1.5,2,61.960522
0.0,2,61.962269
-0.005802,5,61.966253
0.0,4,61.969543
0.0,4,61.972712
0.0,4,61.975899
0.0,6,61.980771
-0.418767,2,61.98258
0.0,2,61.984181
0.0,2,61.985801
0.0,2,61.987424
0.0,3,61.989999
0.0,4,61.993205
0.0,3,61.995709
0.0,6,62.00071
0.0,4,62.004298
0.0,2,62.006108
0.0,3,62.008593
0.0,2,62.010329
0.0,3,62.01278
1.5,2,62.01435
0.0,2,62.016065
0.0,6,62.02128
0.0,2,62.022999
0.0,3,62.025596
0.0,3,62.028086
0.0,4,62.031427
0.0,5,62.03569
0.0,3,62.038353
0.174105,2,62.040268
0.0,3,62.042918
0.0,3,62.045681
0.0,4,62.049244
0.0,3,62.052047
1.5,2,62.053786
0.065265,3,62.056409
0.0,4,62.059809
0.0,5,62.06409
0.0,3,62.066731
0.0,3,62.069424
0.0,2,62.071144
0.0,5,62.075529
0.0,3,62.078228
0.0,4,62.081472
0.0,6,62.086377
0.064782,2,62.087957
0.0,3,62.090388
0.0,2,62.092006
0.0,3,62.094506
0.0,2,62.09637
0.0,3,62.098855
0.0,3,62.101351
0.0,4,62.104673
0.0,2,62.106332
0.0,3,62.108787
0.0,3,62.111175
0.0,3,62.113587
0.0,2,62.115345
0.0,3,62.11794
0.0,3,62.120339
0.0,2,62.12205
0.0,5,62.126356
0.0,4,62.129685
0.0,3,62.132223
0.0,2,62.133877
0.0,3,62.136567
0.0,3,62.139106
0.0,3,62.141644
0.0,3,62.144198
0.0,3,62.146673
0.0,2,62.148336
0.0,4,62.151646
0.0,5,62.155725
0.0,2,62.157485
0.0,2,62.159153
0.0,2,62.16075
-0.3243,3,62.163431
0.0,4,62.16668
0.0,3,62.169185
0.0,2,62.170974
0.0,3,62.173527
0.0,4,62.176869
0.0,3,62.179295
0.0,2,62.18088
0.0,2,62.182596
0.0,3,62.1851
0.0,3,62.187564
0.0,3,62.189984
0.0,4,62.193403
1.0,3,62.195848
0.0,2,62.197654
0.0,3,62.200275
0.0,5,62.204322
0.0,4,62.207538
0.0,2,62.209238
-0.73977,4,62.212574
0.0,3,62.215098
0.0,2,62.216721
0.0,3,62.219399
1.5,2,62.221191
0.0,2,62.222918
0.0,4,62.226259
0.0,2,62.227913
0.0,3,62.230315
0.0,3,62.232764
0.0,4,62.236238
0.0,3,62.238858
0.0,2,62.240518
0.0,3,62.242865
0.0,4,62.246169
0.0,2,62.247938
0.0,3,62.250399
0.0,4,62.253682
0.0,3,62.256244
0.0,3,62.25875
0.0,3,62.261238
0.0,2,62.262863
-0.616911,4,62.265985
0.0,5,62.270009
0.0,2,62.271636
0.0,3,62.27405
0.0,2,62.275831
0.0,3,62.278278
0.0,2,62.279907
0.0,2,62.281603
0.0,2,62.283178
0.0,3,62.285614
0.0,2,62.287216
0.0,2,62.288792
0.0,4,62.291837
0.0,3,62.294164
0.0,2,62.295802
-1.0,2,62.297484
-0.136419,2,62.299034
1.5,2,62.30058
0.0,2,62.302189
0.0,2,62.303749
0.0,5,62.307524
0.0,5,62.311418
0.0,4,62.314474
0.0,2,62.316146
0.0,3,62.318814
0.0,4,62.322089
0.0,3,62.324724
0.0,3,62.327324
0.0,2,62.329042
0.0,2,62.330856
0.0,3,62.333374
-1.805443,2,62.334992
0.0,4,62.338222
0.0,2,62.339862
-0.032348,3,62.34226
0.0,4,62.345546
0.0,3,62.348038
0.0,3,62.350474
0.0,2,62.352136
0.0,4,62.355351
0.0,2,62.357129
0.0,4,62.360338
0.0,3,62.362784
0.0,3,62.365396
0.0,2,62.367209
0.0,2,62.368867
0.0,3,62.371375
0.0,2,62.373117
1.5,2,62.374772
0.0,4,62.378155
0.050644,3,62.38067
0.0,3,62.383088
0.0,3,62.385571
0.0,5,62.389501
0.0,2,62.391186
0.0,2,62.392918
0.0,3,62.395723
0.0,5,62.399877
0.0,2,62.401719
0.0,2,62.403449
0.0,2,62.405101
0.0,3,62.407487
-0.560875,4,62.410645
0.0,4,62.413899
0.0,3,62.416377
-0.425353,4,62.419645
0.0,2,62.421457
0.039688,2,62.423362
0.0,3,62.425969
1.5,2,62.427713
0.0,2,62.429348
0.0,2,62.430899
0.0,4,62.434254
0.0,3,62.436961
0.0,4,62.440335
0.0,2,62.442043
0.0,2,62.443668
0.0,3,62.446172
0.0,3,62.448714
0.0,4,62.452389
0.0,5,62.456643
0.0,5,62.460924
0.0,3,62.463586
-0.013605,3,62.466136
0.0,2,62.467807
0.0,2,62.46965
0.0,3,62.472167
0.0,3,62.474689
0.0,2,62.47655
1.5,2,62.478358
0.0,3,62.480986
0.0,3,62.483581
0.0,2,62.485331
0.0,2,62.486982
0.0,2,62.488724
0.0,2,62.490585
0.0,3,62.493255
0.0,2,62.495165
0.0,3,62.497874
0.0,2,62.499596
0.0,4,62.502991
0.0,2,62.504799
0.0,2,62.506428
0.0,3,62.508941
0.0,4,62.51251
0.0,2,62.514276
-0.544683,2,62.516016
0.0,2,62.517856
0.0,3,62.520475
0.0,2,62.522141
0.0,2,62.523802
0.0,4,62.527518
0.0,3,62.530196
0.0,2,62.532062
0.0,3,62.534652
0.0,3,62.537269
0.0,2,62.539195
0.0,3,62.542608
0.0,2,62.54429
0.0,4,62.547885
0.586501,2,62.549557
0.0,3,62.552454
0.0,3,62.555361
0.0,3,62.557981
0.0,3,62.560731
0.0,3,62.563314
0.0,3,62.565888
0.936807,4,62.569385
0.0,2,62.57106
0.0,2,62.572705
0.0,3,62.57535
0.0,4,62.578686
0.0,2,62.580574
0.0,3,62.583067
0.0,3,62.585512
0.0,3,62.587997
0.0,4,62.591161
0.0,2,62.592779
0.0,3,62.595359
0.0,3,62.597903
1.140164,2,62.599561
0.0,2,62.601392
0.0,2,62.603192
0.0,3,62.60564
0.0,2,62.607309
0.0,3,62.609808
0.0,2,62.611449
0.0,2,62.613102
0.0,2,62.61474
0.888674,2,62.616658
0.0,3,62.619258
0.0,2,62.620916
0.0,4,62.624317
-0.746488,5,62.628504
-0.710096,2,62.630364
0.0,2,62.631984
0.0,3,62.634643
0.0,4,62.638017
0.0,2,62.639756
0.0,4,62.643189
0.0,3,62.645786
0.0,3,62.648337
1.5,2,62.650059
0.135718,2,62.651835
0.0,2,62.653548
0.0,2,62.655329
0.0,4,62.658529
0.0,3,62.660982
0.0,2,62.662665
-0.017288,2,62.664321
-0.613327,2,62.665991
-0.270293,4,62.66915
0.035317,3,62.671674
0.0,3,62.674079
0.0,2,62.675789
0.0,5,62.679842
0.0,4,62.682993
0.0,3,62.685424
0.0,3,62.687743
0.0,2,62.689316
-0.321611,7,62.695063
0.0,2,62.696766
0.0,4,62.700171
0.0,5,62.704221
0.0,3,62.706705
0.0,3,62.709074
-0.709167,2,62.710688
0.0,4,62.714077
0.0,2,62.71577
0.0,3,62.718231
0.0,5,62.72257
0.0,5,62.726684
0.0,3,62.729192
0.0,6,62.734342
0.0,5,62.738548
0.0,3,62.741166
0.0,3,62.743609
0.0,3,62.746198
0.0,5,62.75047
0.0,2,62.752231
0.0,3,62.755011
0.0,3,62.757655
0.0,6,62.762618
1.5,2,62.764326
0.0,3,62.766824
0.0,2,62.768589
0.0,4,62.771759
0.0,4,62.775123
0.0,5,62.779278
0.0,3,62.781734
1.5,2,62.783366
0.0,4,62.786572
0.0,5,62.79058
0.0,3,62.792947
0.0,4,62.796287
1.5,2,62.798014
0.0,3,62.800649
0.0,4,62.804104
0.0,3,62.806519
0.0,3,62.809022
0.0,3,62.811539
0.0,2,62.813267
0.0,2,62.814984
0.0,3,62.817531
0.0,3,62.819959
0.0,2,62.82161
0.0,3,62.824146
0.0,4,62.827568
0.0,3,62.830255
0.0,3,62.832909
0.0,3,62.835516
0.0,3,62.838095
0.0,2,62.839821
0.0,3,62.842249
0.0,3,62.844861
0.0,3,62.847348
0.0,3,62.849773
0.0,4,62.853431
0.0,2,62.855166
0.0,4,62.85834
0.0,3,62.860938
0.0,3,62.863471
0.0,3,62.866032
0.0,3,62.868505
0.0,2,62.870151
0.0,3,62.872642
0.0,2,62.874407
0.0,3,62.876914
0.0,3,62.87945
0.0,2,62.881208
0.0,2,62.88285
0.0,3,62.885238
0.0,3,62.88767
0.0,3,62.889992
0.0,4,62.89317
0.0,4,62.89655
0.0,4,62.899852
1.5,2,62.90153
0.0,2,62.903332
0.0,5,62.907433
0.0,3,62.90993
1.5,2,62.911587
0.0,4,62.914918
0.0,2,62.916829
0.0,4,62.920488
0.0,3,62.923186
0.0,4,62.926891
0.0,2,62.928716
0.0,3,62.931264
0.0,2,62.932933
0.0,4,62.936618
0.0,4,62.940062
0.0,3,62.942602
1.175039,2,62.944373
0.0,2,62.946094
1.186643,2,62.94778
0.0,3,62.950545
0.0,3,62.953183
0.0,2,62.954919
0.0,3,62.957586
0.0,3,62.960108
0.0,3,62.962582
0.0,2,62.964366
0.0,2,62.965931
0.0,5,62.969993
0.0,3,62.972549
0.0,2,62.974222
0.0,3,62.976956
0.0,2,62.978532
0.0,3,62.980851
1.243207,2,62.982454
0.0,4,62.985591
0.0,4,62.988691
0.0,3,62.991096
0.0,5,62.995204
0.0,2,62.99697
0.0,3,62.999363
0.0,3,63.001743
0.0,2,63.003414
0.0,3,63.005911
-0.233941,3,63.008212
0.0,3,63.010486
0.0,3,63.012905
-0.517113,4,63.016139
0.0,5,63.020196
0.0,3,63.022606
0.0,3,63.025033
0.0,2,63.026652
0.0,3,63.029317
-0.570088,6,63.03432
0.0,4,63.038622
0.0,2,63.041893
0.0,3,63.045192
0.0,3,63.048174
0.0,4,63.051549
0.0,4,63.055233
0.0,3,63.057862
0.0,3,63.060471
0.0,2,63.062189
0.0,2,63.063877
0.0,3,63.066328
0.0,5,63.070727
0.0,2,63.072381
0.0,5,63.076726
0.0,3,63.079259
0.0,3,63.081854
0.0,2,63.083591
0.0,2,63.08534
0.0,3,63.087742
0.0,3,63.090214
0.0,4,63.093376
0.0,3,63.095876
0.0,3,63.098331
-0.940089,5,63.102454
0.0,3,63.104995
0.0,2,63.106561
0.0,3,63.108982
0.0,2,63.110562
0.0,3,63.112895
0.0,2,63.114533
0.0,4,63.117779
0.0,5,63.121863
1.5,2,63.123629
0.0,2,63.125511
0.0,3,63.128228
0.0,3,63.13095
0.0,2,63.132696
0.0,4,63.136625
0.0,5,63.142393
0.0,4,63.146079
0.0,3,63.14873
0.0,5,63.153055
0.0,5,63.15732
0.0,3,63.159818
0.0,3,63.162349
0.0,4,63.16567
0.0,2,63.167437
0.0,4,63.171015
0.0,3,63.173775
0.0,4,63.177295
0.0,4,63.180868
0.0,4,63.184292
0.0,4,63.187535
0.0,4,63.190718
0.0,2,63.192465
0.242992,2,63.194298
0.0,2,63.196013
0.0,4,63.199391
0.0,2,63.201257
0.0,4,63.204609
0.0,4,63.207887
0.0,3,63.21033
0.0,3,63.21283
1.5,2,63.214528
0.0,3,63.217133
0.0,4,63.22061
0.0,2,63.222516
0.0,3,63.225188
0.0,4,63.228644
0.0,3,63.231233
0.0,3,63.23364
1.5,2,63.235479
0.0,3,63.238175
0.0,2,63.239818
0.0,3,63.242417
-0.561278,3,63.245057
0.0,3,63.24771
0.0,2,63.249506
0.0,4,64.240372
0.0,2,64.242141
0.0,4,64.245384
0.0,3,64.247834
0.0,3,64.250323
0.0,4,64.253758
1.623405,2,64.255449
0.0,3,64.257921
0.0,4,64.261009
-1.0,2,64.26256
0.0,3,64.264942
0.0,3,64.267319
0.0,4,64.27038
0.0,3,64.272732
0.0,3,64.275168
-0.210939,3,64.2779
0.0,2,64.279908
0.0,4,64.283201
0.021759,3,64.285589
0.006137,2,64.287173
0.0,2,64.288723
0.0,2,64.290279
0.0,4,64.293419
0.0,4,64.296545
0.0,3,64.298993
0.0,3,64.301418
0.0,3,64.303856
0.0,2,64.305527
0.0,3,64.308082
0.0,2,64.30965
0.0,3,64.311922
0.0,3,64.314361
0.0,4,64.317545
0.0,4,64.320779
0.0,2,64.322439
0.0,2,64.32412
0.0,2,64.325736
1.5,2,64.327286
1.5,2,64.32892
0.0,3,64.331603
0.0,3,64.34812
0.0,4,64.351479
0.0,2,64.353151
0.0,3,64.355674
0.0,2,64.357293
0.0,3,64.359652
0.0,2,64.36136
1.5,2,64.362925
0.0,2,64.364526
1.5,2,64.366058
0.0,3,64.368405
0.0,3,64.370687
0.0,3,64.372904
1.5,2,64.374408
0.0,2,64.375975
0.0,3,64.378317
0.0,4,64.381615
1.5,2,64.38324
0.0,2,64.384807
0.0,4,64.387786
0.0,2,64.389348
0.0,3,64.391751
0.0,2,64.393366
0.0,2,64.394991
0.0,3,64.397499
0.0,3,64.399879
0.0,3,64.402245
0.0,2,64.403957
0.0,2,64.405542
0.0,2,64.407034
0.0,3,64.409342
0.0,4,64.412568
0.0,3,64.41495
0.0,3,64.41742
0.0,2,64.418992
0.0,2,64.420602
0.0,3,64.42295
0.0,4,64.42604
0.981589,2,64.427764
0.0,3,64.430174
0.0,4,64.433559
0.0,2,64.435226
0.0,3,64.437626
0.0,3,64.440573
0.0,3,64.443963
0.0,2,64.446087
0.0,2,64.448223
0.0,2,64.449969
0.0,3,64.453014
0.0,4,64.457361
0.0,3,64.460243
0.0,3,64.463004
0.0,2,64.464684
0.0,4,64.468408
0.0,3,64.470895
0.0,4,64.474216
0.0,2,64.47586
0.0,3,64.478322
0.0,2,64.479875
0.0,3,64.482713
0.0,2,64.484431
-0.638788,2,64.486022
0.0,4,64.48935
0.0,2,64.490877
0.0,2,64.492524
0.0,2,64.494089
0.0,3,64.49672
0.0,3,64.499344
0.0,3,64.502199
-0.601752,2,64.504078
0.0,4,64.507298
0.0,2,64.50901
0.0,2,64.510618
1.5,2,64.512208
0.0,4,64.515343
0.0,4,64.518669
0.0,2,64.520276
0.0,4,64.523733
0.0,3,64.526211
0.0,3,64.528594
0.0,3,64.531208
0.0,3,64.533844
0.0,3,64.536316
0.0,4,64.539768
0.0,3,64.542454
0.0,3,64.545583
0.0,4,64.549099
0.0,2,64.551002
0.0,2,64.552791
0.0,2,64.554438
0.0,2,64.55625
0.0,4,64.560321
0.0,3,64.562781
0.0,3,64.565485
-0.644912,4,64.568698
0.0,5,64.572922
0.0,3,64.575395
0.0,3,64.577922
0.0,6,64.582577
0.0,2,64.584167
0.0,2,64.58596
0.0,2,64.587665
0.0,2,64.589299
0.0,4,64.592505
0.0,3,64.594947
0.0,4,64.598086
0.0,2,64.600399
0.0,4,64.603746
0.0,4,64.607113
-0.229375,3,64.609543
0.0,3,64.611962
0.0,4,64.615334
0.0,2,64.617004
0.0,2,64.618618
0.0,5,64.62254
0.0,8,64.628788
0.0,3,64.63147
0.0,4,64.634779
0.0,3,64.637233
0.0,2,64.6389
0.0,3,64.641429
0.0,4,64.64446
0.0,3,64.64679
0.0,4,64.650066
0.0,3,64.652468
0.0,2,64.654201
0.0,5,64.658307
0.0,5,64.666269
0.0,3,64.671063
0.0,5,64.678212
0.0,3,64.682893
0.0,4,64.688425
0.0,4,64.692242
0.0,3,64.694701
1.5,2,64.696627
0.0,3,64.700376
0.0,5,64.705061
0.0,3,64.707446
-0.114496,4,64.710776
0.0,3,64.713188
0.0,3,64.715533
0.0,4,64.718685
0.0,3,64.721001
0.0,3,64.72324
0.0,3,64.725558
0.0,3,64.728206
0.0,2,64.72981
0.0,3,64.73243
1.5,2,64.734056
0.0,4,64.737189
0.0,3,64.739596
0.0,3,64.741932
0.0,3,64.744299
0.0,4,64.747696
0.0,3,64.750167
0.0,2,64.751807
0.0,3,64.754342
0.0,2,64.755927
0.0,3,64.758272
0.0,4,64.761689
0.0,3,64.764078
0.0,2,64.765685
0.0,4,64.76888
0.0,4,64.771946
0.0,2,64.77373
0.0,3,64.77624
0.0,3,64.778877
0.0,3,64.781637
0.0,2,64.783657
0.0,2,64.785391
-0.21498,2,64.78705
0.0,3,64.789859
0.0,2,64.791563
0.0,3,64.794337
0.0,3,64.79688
0.0,3,64.79942
0.0,2,64.801304
0.0,3,64.803992
0.0,3,64.806479
0.0,2,64.808456
0.0,3,64.811044
0.0,3,64.813545
0.0,3,64.816362
0.0,3,64.818953
1.452857,2,64.820555
0.0,4,64.82432
0.0,3,64.826836
0.0,2,64.828588
-0.271355,2,64.830374
0.0,2,64.832425
0.0,4,64.836071
0.0,3,64.838848
0.0,2,64.840638
0.0,4,64.844533
0.0,4,64.847988
0.0,3,64.850817
0.16432,3,64.853636
0.0,2,64.855388
0.0,3,64.858056
0.0,3,64.860987
0.0,4,64.864884
0.0,2,64.866766
0.622973,3,64.869367
0.0,3,64.872326
0.0,4,64.875795
0.0,3,64.878587
1.0,4,64.882258
1.5,2,64.883982
0.0,3,64.887109
1.5,2,64.888911
0.0,3,64.891672
0.0,4,64.895364
0.0,2,64.897131
0.0,3,64.899968
0.0,3,64.902534
0.0,4,64.906229
0.0,4,64.909757
0.0,3,64.912336
0.0,2,64.914243
0.0,3,64.916764
0.0,3,64.91942
-0.699134,5,64.923822
0.0,2,64.925634
0.0,2,64.927582
0.0,3,64.93054
0.0,2,64.9324
0.0,4,64.936285
0.0,3,64.938939
0.0,3,64.941624
0.0,3,64.944476
0.0,2,64.946406
0.0,2,64.948647
0.0,3,64.951895
0.0,4,64.955899
0.0,4,64.960084
0.0,3,64.963447
0.0,3,64.966021
0.0,4,64.969987
0.0,2,64.971704
0.0,3,64.974476
0.0,2,64.976624
0.0,2,64.978501
0.0,2,64.980263
0.0,2,64.98217
0.0,3,64.984721
0.0,3,64.987232
0.0,2,64.989299
0.0,2,64.991147
-0.248046,4,64.994574
0.142235,4,64.99834
0.0,4,65.001803
0.0,3,65.004486
0.0,3,65.007005
0.0,4,65.010638
0.0,3,65.013424
0.0,5,65.018015
0.0,3,65.020683
0.0,2,65.022415
0.0,4,65.02594
0.0,4,65.029238
0.0,4,65.03295
1.5,2,65.034738
0.0,3,65.037421
0.0,4,65.040802
0.0,5,65.045364
0.0,4,65.048814
1.5,2,65.050508
-0.010786,4,65.054254
0.0,4,65.057674
0.0,2,65.059674
0.0,3,65.062274
-0.579586,3,65.064871
0.0,3,65.067472
0.0,3,65.069969
0.0,3,65.072612
0.0,2,65.074589
0.589509,2,65.076309
-0.101433,3,65.078858
0.0,2,65.080563
0.0,2,65.082228
0.0,2,65.083845
0.0,2,65.085593
0.0,2,65.087256
0.0,3,65.089741
0.424288,2,65.091459
0.0,3,65.094185
0.0,2,65.095984
0.0,2,65.097677
0.0,4,65.101317
0.0,3,65.103866
0.0,4,65.107184
0.0,3,65.109694
0.0,5,65.11384
0.0,4,65.117353
0.0,3,65.119795
0.0,3,65.122346
0.0,3,65.124791
0.0,4,65.128072
0.0,4,65.131767
-0.242177,3,65.134421
0.0,4,65.137993
0.0,5,65.142468
0.572121,2,65.144269
0.0,4,65.147641
0.0,3,65.150493
0.0,3,65.153095
0.0,3,65.155862
0.0,3,65.158478
1.5,2,65.160544
0.0,5,65.166711
0.0,5,65.171492
0.0,2,65.17314
0.0,3,65.175674
0.0,4,65.179084
0.0,3,65.181703
0.0,2,65.183433
0.0,2,65.185307
1.5,2,65.186964
0.0,3,65.189452
0.0,3,65.192019
0.0,2,65.193756
0.0,2,65.195449
0.0,5,65.199694
-0.184158,2,65.201425
0.406124,3,65.203995
0.0,4,65.207299
0.0,3,65.209801
0.0,3,65.212331
0.0,3,65.214886
0.0,3,65.21745
0.0,3,65.219938
0.0,3,65.222401
0.0,3,65.224957
0.0,3,65.227603
0.0,2,65.229345
0.0,3,65.23193
-0.65966,2,65.233717
0.0,2,65.235518
0.0,2,65.237205
0.565964,2,65.238908
0.0,3,65.241352
0.0,6,65.246245
0.0,3,65.248802
0.0,3,65.251241
0.0,2,65.252861
0.0,2,65.25457
0.0,4,65.257962
-1.057651,2,65.259703
0.0,2,65.261472
0.0,3,65.263918
-0.02659,4,65.267302
1.5,2,65.268876
0.0,3,65.271305
1.5,2,65.27289
0.0,4,65.276207
0.0,3,65.278731
0.0,3,65.281276
0.0,2,65.282881
0.0,3,65.285358
1.5,2,65.286987
0.0,3,65.2894
0.0,2,65.291029
0.0,3,65.293379
0.0,3,65.295831
-0.115707,2,65.297482
0.0,3,65.299807
0.0,3,65.302205
0.0,2,65.303757
0.0,4,65.306769
0.0,3,65.309138
0.0,3,65.311564
0.0,2,65.313124
0.0,2,65.314657
0.0,3,65.317168
0.0,3,65.319518
0.0,3,65.321876
1.5,2,65.323535
0.0,3,65.32593
0.0,3,65.328281
0.0,2,65.329947
0.0,3,65.332525
0.0,2,65.334095
1.5,2,65.335761
0.0,2,65.337405
1.5,2,65.339159
0.0,3,65.341549
0.0,3,65.344055
0.0,4,65.347271
-0.066879,4,65.350754
0.0,2,65.352648
-0.002287,2,65.354752
0.0,2,65.356774
0.671236,3,65.359634
0.0,3,65.362572
0.0,3,65.365954
0.0,4,65.371646
0.0,2,65.374597
0.0,3,65.378407
0.0,4,65.382764
0.0,3,65.385478
0.0,3,65.388262
0.0,3,65.391054
0.0,3,65.394066
0.0,3,65.396771
0.0,3,65.399493
0.0,3,65.401917
0.0,3,65.404575
0.0,3,65.407261
1.5,2,65.408973
1.5,2,65.410657
0.0,4,65.414232
-0.50943,4,65.41785
0.0,2,65.419856
0.0,3,65.422374
0.0,4,65.42594
0.0,2,65.427649
0.0,3,65.43025
0.0,2,65.432109
0.0,3,65.434747
0.0,4,65.438154
0.0,5,65.442357
0.0,4,65.445745
0.0,2,65.447336
0.0,3,65.449851
0.0,3,65.452359
0.0,3,65.454885
0.0,2,65.456567
0.0,3,65.459257
0.0,4,65.463525
0.0,3,65.466029
0.0,3,65.46858
0.0,3,65.47108
1.5,2,65.47274
0.0,3,65.475135
0.0,4,65.478411
0.0,2,65.480105
0.0,4,65.483366
0.0,3,65.485725
0.0,5,65.489805
0.0,2,65.491433
0.0,2,65.493061
0.0,2,65.494679
0.0,3,65.497135
-0.21089,3,65.499521
0.0,3,65.502009
0.0,4,65.50526
0.0,2,65.506885
-0.787077,4,65.510182
0.0,2,65.511828
0.0,3,65.514302
0.0,2,65.515905
0.0,2,65.51757
0.0,3,65.520039
0.0,2,65.521796
0.0,5,65.525897
0.0,3,65.528514
0.94237,2,65.530221
0.0,3,65.532732
0.0,3,65.535315
0.0,3,65.537851
0.0,2,65.539535
0.0,3,65.542186
0.0,3,65.544688
0.0,3,65.547202
-0.114548,4,65.55057
1.5,2,65.55222
0.0,5,65.556343
0.0,4,65.559647
0.0,3,65.562367
0.0,4,65.565991
0.0,2,65.567676
0.0,4,65.570943
0.0,2,65.572614
0.0,3,65.575029
2.0,2,65.576671
0.0,2,65.578277
0.0,3,65.580735
0.0,3,65.583215
0.0,3,65.585682
0.0,4,65.588894
0.0,7,65.594516
-0.259766,3,65.596921
1.5,2,65.598532
0.0,4,65.601887
0.0,4,65.605186
0.0,2,65.606899
0.0,4,65.610109
0.0,3,65.612507
0.0,2,65.614193
0.0,4,65.618319
0.0,2,65.620137
0.0,3,65.622669
0.0,4,65.626458
0.0,3,65.629133
0.0,4,65.632425
0.272158,2,65.634292
0.0,2,65.636058
0.0,3,65.638452
0.0,2,65.64039
0.0,2,65.642309
-0.97252,2,65.644088
0.0,2,65.645807
0.0,5,65.649943
0.0,4,65.653374
0.0,3,65.655939
0.0,4,65.659365
0.0,2,65.661159
0.0,3,65.663787
0.0,2,65.665549
0.0,3,65.668127
0.598701,4,65.671491
0.0,3,65.674035
0.0,3,65.676587
0.0,2,65.678288
1.5,2,65.679961
0.0,3,65.682466
0.0,4,65.685766
0.0,3,65.688263
0.0,3,65.690751
0.0,3,65.693205
0.0,5,65.697356
0.0,3,65.699937
0.0,3,65.702511
0.0,2,65.704318
0.0,2,65.706095
1.5,2,65.7079
0.0,3,65.710706
0.0,4,65.71409
0.0,3,65.716633
0.0,2,65.718311
0.0,4,65.721634
0.0,3,65.724152
0.0,3,65.726643
0.0,2,65.728359
0.0,2,65.730005
0.0,3,65.732656
0.0,2,65.734516
0.0,4,65.737973
0.0,2,65.739788
0.0,3,65.742768
0.0,4,65.747058
0.0,3,65.751419
1.5,2,65.75342
0.0,4,65.75789
0.0,3,65.760948
0.0,2,65.763139
0.0,4,65.76807
0.0,3,65.771695
0.0,3,65.775128
0.0,3,65.778006
0.0,3,65.780868
0.0,3,65.783565
0.0,2,65.785387
0.0,3,65.788096
0.0,3,65.79084
-0.285133,2,65.792619
0.0,3,65.795252
0.0,3,65.797808
0.0,3,65.800585
0.0,5,65.804783
0.0,3,65.80744
0.0,5,65.811765
0.0,4,65.8153
0.0,2,65.817107
0.0,3,65.819656
0.721477,2,65.821462
0.567856,4,65.824934
0.0,3,65.827557
1.5,2,65.829435
0.0,3,65.832119
1.5,2,65.833745
0.0,2,65.835482
0.0,2,65.837233
0.0,2,65.839071
0.0,3,65.842488
0.0,3,65.845325
0.0,2,65.847045
0.0,2,65.848695
0.0,3,65.851291
0.0,2,65.853029
0.0,4,65.856385
-0.05963,2,65.970041
0.0,2,65.971834
0.0,5,65.976234
0.0,2,65.978029
0.0,5,65.982354
0.0,3,65.984979
-0.176374,4,65.988479
0.0,6,65.993982
1.5,2,65.996092
0.0,3,65.999519
0.0,2,66.001261
0.0,4,66.004612
0.0,4,66.008406
0.0,4,66.01183
1.0,2,66.013546
0.0,3,66.016049
0.0,4,66.019435
0.0,3,66.021959
0.0,3,66.02451
0.0,5,66.028615
0.0,2,66.030504
0.0,3,66.033089
0.0,4,66.036368
0.0,2,66.038061
0.0,3,66.040765
0.0,2,66.042487
0.0,2,66.04415
0.0,3,66.046862
0.0,4,66.05045
0.0,4,66.054586
0.0,3,66.057453
0.0,3,66.060247
0.0,3,66.062928
0.0,2,66.064771
0.0,4,66.068702
0.0,3,66.071725
0.0,3,66.074613
0.0,2,66.076505
0.0,3,66.079326
0.243083,2,66.08109
0.0,3,66.083792
0.0,3,66.08643
0.0,4,66.089982
0.0,2,66.091836
0.0,3,66.094543
0.0,3,66.097261
0.0,2,66.099046
0.0,2,66.100738
0.0,2,66.102736
0.0,3,66.105356
0.0,2,66.107043
0.0,4,66.11053
0.0,3,66.11323
0.0,3,66.115758
0.0,2,66.117543
0.0,2,66.119312
0.0,4,66.122773
0.0,5,66.127163
-1.0,5,66.131419
0.0,2,66.133143
0.0,4,66.136815
0.0,5,66.141208
0.0,2,66.142919
0.0,3,66.145547
0.0,2,66.147352
0.0,2,66.149095
0.0,4,66.152641
0.0,3,66.155307
0.0,3,66.157912
0.0,3,66.160444
0.0,3,66.163106
0.0,2,67.186355
0.0,2,67.188613
0.0,2,67.190675
0.0,4,67.194281
0.0,4,67.197754
0.0,3,67.200407
0.0,3,67.203128
0.0,2,67.204831
0.0,4,67.208328
0.0,2,67.210087
0.0,3,67.212779
0.0,4,67.216373
0.0,3,67.21898
0.0,3,67.221657
0.0,4,67.225169
0.0,2,67.22693
0.0,3,67.229531
0.0,2,67.231299
0.0,2,67.232972
0.0,5,67.237309
0.0,3,67.240071
0.0,2,67.241889
0.0,3,67.244587
0.0,2,67.246454
0.0,2,67.248225
0.0,3,67.250842
0.0,4,67.254249
0.0,3,67.256886
1.5,2,67.25866
-0.967947,2,67.260399
0.0,3,67.263021
0.0,2,67.264804
0.0,4,67.268163
0.0,3,67.270721
0.0,3,67.273344
0.0,4,67.276709
0.0,4,67.280192
0.0,3,67.282731
0.0,5,67.286982
0.0,3,67.28953
1.5,2,67.291219
0.0,4,67.294678
0.0,5,67.298934
-1.616745,2,67.300737
0.0,2,67.302529
0.0,4,67.30591
-0.722329,2,67.307592
0.0,2,67.309299
0.0,3,67.311863
0.0,3,67.314409
0.0,2,67.316234
0.0,3,67.318761
0.0,4,67.322079
0.0,3,67.324608
0.0,4,67.327912
1.5,2,67.329539
1.5,2,67.33119
0.0,2,67.332869
0.0,2,67.334542
0.0,3,67.337277
0.0,3,67.339831
0.0,5,67.344064
0.0,3,67.346549
0.0,3,67.34911
0.0,2,67.350847
0.0,3,67.353319
0.0,4,67.356706
0.0,4,67.360054
0.0,2,67.361794
-0.094485,2,67.363468
0.0,3,67.365991
0.0,2,67.367746
0.0,3,67.370263
0.0,4,67.373512
-0.677398,6,67.378512
-0.584599,3,67.380957
0.0,4,67.38449
0.0,3,67.386948
0.0,4,67.390297
0.0,3,67.392718
0.0,3,67.395135
0.0,5,67.399417
0.0,4,67.403181
0.0,2,67.404883
0.0,3,67.407543
0.0,3,67.410057
0.0,3,67.412957
-0.837078,5,67.417257
-0.841111,5,67.421746
1.5,2,67.423522
0.0,6,67.428624
0.0,4,67.43223
0.0,3,67.435166
0.0,3,67.437855
0.0,3,67.440603
0.0,2,67.442347
0.0,4,67.445802
0.0,3,67.448498
0.0,5,67.452878
0.0,2,67.454717
0.0,2,67.456454
0.0,2,67.458187
0.0,5,67.462429
0.0,3,67.465072
0.0,3,67.467719
0.0,3,67.470274
0.0,3,67.472848
0.0,2,67.474676
0.0,2,67.476366
0.0,3,67.478865
0.0,3,67.481359
0.0,3,67.48395
0.0,3,67.486494
0.0,3,67.48914
0.0,2,67.490858
0.0,2,67.492548
1.5,2,67.494194
0.0,6,67.499215
0.0,4,67.502654
0.0,2,67.504359
0.0,4,67.507707
0.0,3,67.510344
0.0,3,67.512847
0.0,2,67.514553
0.0,4,67.518018
0.0,6,67.522965
0.0,3,67.525513
0.0,3,67.528042
0.0,3,67.530604
0.0,3,67.533345
0.0,5,67.539671
0.430523,2,67.542152
0.0,4,67.545693
0.0,3,67.548243
0.0,2,67.550065
0.0,2,67.551906
0.0,3,67.554504
-0.137333,2,67.556232
0.0,3,67.55895
1.5,2,67.560673
0.0,2,67.562375
0.0,4,67.565922
-0.179304,3,67.568384
0.0,5,67.572665
0.0,3,67.575062
0.0,2,67.576844
0.0,3,67.579478
1.5,2,67.581203
2.0,2,67.582942
0.0,3,67.585554
-0.765038,3,67.58817
0.0,5,67.592376
-0.422707,5,67.596585
0.0,4,67.60008
0.0,3,67.602542
0.0,3,67.605145
0.0,4,67.60863
0.0,5,67.61289
0.0,3,67.615424
0.788468,3,67.618038
0.0,2,67.619912
0.0,2,67.62161
0.0,3,67.624112
0.0,2,67.62599
1.5,2,67.628097
0.0,2,67.630556
1.458126,2,67.632472
0.0,2,67.63448
0.0,3,67.637164
-0.313112,4,67.640738
-0.158908,2,67.642768
0.0,3,67.645463
-0.764186,3,67.64842
0.0,3,67.650961
0.0,3,67.653634
0.0,3,67.656339
0.0,2,67.658097
0.0,2,67.659788
1.5,2,67.661501
-0.491513,3,67.664183
0.0,4,67.667745
-0.668963,5,67.67217
0.0,3,67.67476
0.0,2,67.676627
0.0,3,67.679216
0.0,5,67.683635
0.0,2,67.685416
0.0,2,67.687201
0.0,2,67.689068
0.0,2,67.690896
0.0,3,67.69352
0.0,2,67.695305
0.0,4,67.698964
0.0,3,67.701639
0.0,3,67.70444
0.0,5,67.708864
1.5,2,67.710695
0.0,2,67.712632
0.0,4,67.716213
0.0,3,67.718955
0.0,3,67.721644
0.0,2,67.723445
0.0,2,67.725398
0.0,2,67.727206
0.0,2,67.728883
0.0,3,67.731704
0.0,5,67.736055
0.0,4,67.739884
0.0,4,67.743618
0.0,4,67.747307
0.0,3,67.749807
0.622111,3,67.752606
0.0,3,67.755247
0.0,2,67.757012
1.5,2,67.758771
-0.144583,3,67.761397
1.5,2,67.763071
0.0,3,67.765528
0.0,3,67.768217
0.0,3,67.77064
0.0,2,67.772296
0.0,3,67.775244
0.0,3,67.777746
0.0,3,67.780436
0.0,3,67.783007
0.0,3,67.785476
0.0,2,67.78737
0.0,4,67.790756
0.0,3,67.793243
0.0,3,67.796115
0.0,3,67.798599
0.0,4,67.80222
0.0,2,67.803941
0.0,4,67.807307
0.0,2,67.809262
0.0,3,67.811821
0.0,2,67.813581
1.5,2,67.815475
0.0,3,67.818105
0.0,4,67.821592
0.0,3,67.82452
0.0,4,67.828047
0.0,2,67.830044
0.0,3,67.832717
0.0,4,67.836349
0.0,4,67.840267
1.5,2,67.842091
0.0,3,67.844984
0.0,2,67.846729
0.0,5,67.85144
0.0,4,67.855001
0.0,4,67.858927
1.5,2,67.860777
0.0,3,67.863602
0.0,3,67.866405
0.0,3,67.869233
0.0,2,67.87155
0.0,4,67.876125
0.0,3,67.880108
0.0,3,67.88363
0.0,4,67.888156
0.0,3,67.89146
0.0,3,67.894617
0.0,2,67.896674
0.0,3,67.900043
0.0,4,67.903882
0.0,5,67.909105
-0.819689,4,67.913411
0.0,2,67.915514
0.0,4,67.919585
0.0,4,67.923601
0.0,3,67.926951
0.0,6,67.933496
0.0,3,67.936764
1.5,2,67.93906
0.0,2,67.941841
0.0,3,67.945512
0.0,2,67.948175
0.0,3,67.951862
0.0,2,67.954139
0.0,3,67.95718
0.0,5,67.962408
0.0,4,67.966308
0.0,5,67.971413
0.0,2,67.973295
0.727191,3,67.976277
0.0,2,67.978009
-0.262293,3,67.980542
0.0,3,67.983493
0.0,2,67.985333
0.0,3,67.988592
0.0,3,67.991714
0.0,3,67.994521
0.0,4,67.998795
0.0,2,68.000766
0.0,4,68.004939
1.5,2,68.006835
0.0,3,68.009846
0.0,3,68.012993
0.0,6,68.018977
0.0,2,68.020948
0.0,4,68.025278
0.0,2,68.027223
0.0,3,68.030089
0.0,5,68.035042
0.0,4,68.040234
0.0,3,68.043472
0.0,6,68.04951
0.0,5,68.05465
0.0,2,68.05658
0.0,5,68.061495
0.0,4,68.065417
0.0,3,68.06834
0.0,2,68.070317
0.0,4,68.074299
0.0,5,68.07917
0.0,2,68.081295
0.0,3,68.084096
0.0,2,68.086212
0.0,4,68.090003
0.0,2,68.091824
-0.260571,3,68.095098
0.0,2,68.09701
0.0,3,68.099864
0.0,2,68.102016
1.5,2,68.103905
0.0,2,68.105762
0.0,5,68.110641
0.0,3,68.113453
0.0,5,68.118334
0.0,5,68.123171
0.0,3,68.125838
0.0,3,68.129002
0.0,3,68.131845
0.0,3,68.134715
0.0,3,68.13781
0.0,3,68.140638
0.0,2,68.14275
1.5,2,68.145228
0.0,4,68.149774
0.0,3,68.152767
0.0,3,68.155853
0.0,2,68.157929
0.0,3,68.160755
0.0,3,68.164163
0.0,2,68.166155
0.0,3,68.168865
0.334568,2,68.171018
0.0,4,68.174747
0.0,3,68.177677
0.0,3,68.180451
0.0,2,68.182291
0.0,4,68.186159
0.0,2,68.187904
0.0,3,68.190815
0.0,3,68.194888
0.0,3,68.20102
0.0,3,68.20591
0.0,3,68.210732
0.0,5,68.218899
0.0,2,68.221795
-0.869092,3,68.224948
0.0,5,68.233238
0.72559,2,68.236333
0.0,5,68.243125
0.0,2,68.245474
0.0,6,68.253385
0.0,3,68.257315
0.0,2,68.2593
-0.578708,3,68.263559
0.0,4,68.267511
0.0,4,68.271802
0.0,5,68.278206
0.0,2,68.280298
0.0,4,68.285532
0.0,3,68.288975
0.0,3,68.292481
-0.987967,2,68.294605
0.0,2,68.297499
0.0,2,68.299844
0.0,3,68.30401
0.0,2,68.306358
0.0,2,68.308653
0.0,3,68.312603
0.0,3,68.316019
0.0,2,68.318603
0.0,3,68.322205
0.0,3,68.326269
0.0,2,68.328742
0.0,5,68.33533
0.0,2,68.338235
-0.444902,3,68.342114
0.0,2,68.344955
0.0,2,68.347579
0.0,3,68.351498
0.0,3,68.355651
0.0,4,68.361481
0.0,3,68.364959
0.0,2,68.368391
0.0,2,68.370504
1.0,2,68.373559
0.121063,3,68.377148
0.0,4,68.382909
0.835289,2,68.385162
0.0,4,68.390946
0.0,3,68.395526
0.0,2,68.397935
0.0,2,68.401141
0.0,5,68.408124
0.0,3,68.411261
0.0,4,68.415742
0.0,4,68.419856
0.0,4,68.42413
0.0,4,68.428251
0.0,3,68.431118
0.044372,2,68.433114
0.0,2,68.435322
0.601451,2,68.437533
0.0,3,68.440784
0.2469,2,68.443124
0.0,4,68.447583
0.0,2,68.449932
0.0,3,68.45303
0.0,2,68.455177
0.0,6,68.460929
0.0,3,68.464141
0.0,2,68.466201
0.0,4,68.470296
0.0,3,68.473163
0.0,3,68.476199
0.0,2,68.478261
0.0,4,68.482152
0.0,2,68.484438
0.0,3,68.487398
0.365991,2,68.489485
0.0,3,68.49246
0.0,3,68.4953
0.0,3,68.498511
0.0,2,68.500569
0.0,5,68.505476
0.0,3,68.508327
0.0,3,68.511305
0.0,2,68.513229
1.0,4,68.516976
0.0,4,68.521043
0.0,3,68.524084
0.0,3,68.526962
0.0,3,68.5298
0.0,2,68.531822
0.0,3,68.534867
0.0,3,68.538292
0.0,3,68.541961
0.0,2,68.54407
0.0,2,68.546349
0.0,3,68.549455
0.0,5,68.55464
0.0,3,68.557582
0.0,3,68.5606
0.0,3,68.56356
0.0,5,68.568496
0.0,4,68.572268
0.0,3,68.575175
0.0,4,68.578901
0.0,3,68.581932
0.0,3,68.584924
0.0,3,68.58787
0.0,2,68.589769
0.35967,2,68.591665
0.0,2,68.593661
1.0,3,68.596779
0.0,2,68.59892
0.0,5,68.603946
0.0,2,68.606032
0.0,3,68.608963
0.0,3,68.611792
0.0,3,68.614734
0.0,2,68.616647
-0.392784,2,68.618486
0.0,4,68.622137
0.0,3,68.625125
0.0,3,68.628061
0.0,4,68.631825
0.0,4,68.63559
0.0,2,68.637798
0.0,2,68.639837
0.0,2,68.641915
1.08208,2,68.644036
0.0,2,68.646415
0.0,4,68.650702
0.0,2,68.652864
0.0,3,68.655836
0.0,3,68.659236
0.0,2,68.661198
0.0,2,68.663297
0.0,2,68.665452
0.0,4,68.66934
0.0,3,68.672549
0.0,3,68.675331
0.0,3,68.678366
0.0,4,68.682286
1.5,2,68.68428
0.0,2,68.686574
0.0,3,68.68941
0.0,3,68.692554
-1.0,4,68.6965
0.004115,2,68.698683
0.0,4,68.702744
0.0,4,68.70676
0.0,5,68.711334
0.0,2,68.713372
0.0,2,68.715259
0.0,2,68.717144
0.0,3,68.719972
0.0,4,68.723969
0.0,2,68.725958
0.0,2,68.727993
0.0,3,68.730756
0.0,3,68.733667
0.0,3,68.736842
0.0,3,68.739782
1.5,2,68.741818
1.5,2,68.744053
0.0,2,68.74606
0.0,2,68.748244
0.0,4,68.752245
0.0,5,68.757007
0.0,2,68.759051
0.0,3,68.762152
0.0,3,68.765243
0.0,4,68.769298
0.0,2,68.771204
0.0,3,68.774071
0.0,2,68.776169
1.5,2,68.778019
0.0,2,68.779868
0.0,2,68.78174
0.0,4,68.785764
0.0,3,68.788724
0.0,3,68.791555
0.0,3,68.794402
0.0,2,68.796538
0.0,3,68.799736
0.0,3,68.802805
0.0,4,68.806646
0.0,4,68.810497
0.0,4,68.81415
0.0,3,68.816961
0.0,3,68.820173
0.0,5,68.824913
0.0,3,68.827816
0.0,4,68.831863
0.0,4,68.835801
0.0,3,68.838978
0.0,2,68.841325
0.0,4,68.845424
0.0,4,68.849501
0.0,2,68.851481
0.0,2,68.853364
0.0,5,68.858038
0.0,4,68.86207
0.0,3,68.86488
0.0,4,68.868618
0.0,3,68.871362
0.0,4,68.875159
-0.050965,3,68.877961
1.5,2,68.879929
0.0,3,68.88298
0.0,3,68.885894
0.0,2,68.888076
1.5,2,68.890108
0.0,5,68.895054
1.5,2,68.897042
0.0,3,68.899977
-0.023365,3,68.903235
0.0,5,68.908007
0.0,3,68.910792
0.0,3,68.913534
0.0,4,68.917289
0.0,2,68.919106
-0.411741,4,68.923062
0.0,4,68.926966
0.0,3,68.929935
0.0,4,68.933588
0.0,3,68.936671
-0.034769,3,68.939588
0.0,2,68.941641
0.0,4,68.945719
0.0,3,68.948996
0.0,4,68.953156
0.0,2,68.955221
0.0,3,68.958429
0.0,3,68.961393
0.0,3,68.964341
0.0,2,68.96629
0.0,3,68.969114
0.0,5,68.973889
0.0,3,68.976721
1.5,2,68.978877
0.0,2,68.980901
0.0,4,68.984977
0.0,4,68.989004
0.0,2,68.991057
0.0,3,68.993832
0.0,4,68.997511
0.0,3,69.000761
0.0,3,69.003679
0.0,2,69.005631
1.5,2,69.007504
0.0,2,69.009458
0.0,3,69.012299
0.395899,2,69.014179
0.0,3,69.01691
0.0,2,69.018703
0.0,2,69.020852
0.0,2,69.022733
0.0,3,69.025755
0.0,2,69.027711
1.5,2,69.029595
-0.391927,2,69.031615
1.5,2,69.033631
0.0,3,69.036692
0.0,4,69.041811
0.0,2,69.044245
0.0,3,69.047441
0.0,2,69.049595
0.0,3,69.052502
0.0,3,69.05553
0.0,4,69.059299
0.0,4,69.063349
0.0,2,69.065228
0.0,2,69.067384
0.0,4,69.071454
0.0,5,69.076205
0.0,4,69.079802
0.0,2,69.082105
-1.0,4,69.086094
0.0,2,69.088165
0.0,3,69.091166
0.0,4,69.094786
0.0,3,69.097778
0.0,3,69.100482
0.0,2,69.102497
0.0,4,69.106045
0.0,3,69.108624
0.0,4,69.112104
0.0,3,69.114776
0.0,4,69.118608
0.0,3,69.121339
0.0,3,69.124262
0.0,3,69.126865
0.0,3,69.129568
0.0,3,69.132568
0.0,4,69.136315
0.0,3,69.139432
0.0,3,69.142236
0.0,3,69.145339
0.0,2,69.14758
0.0,2,69.149753
0.0,6,69.155542
0.0,3,69.158343
0.0,3,69.161472
0.0,2,69.163433
0.0,2,69.165457
0.0,3,69.168069
-0.854681,3,69.170779
-0.940308,2,69.172713
0.0,3,69.17542
0.0,3,69.178002
0.0,2,69.179909
0.0,3,69.182774
0.0,4,69.186526
0.0,2,69.188576
0.0,3,69.191493
0.0,4,69.195515
0.0,4,69.199439
0.0,4,70.550407
0.0,2,70.552941
0.0,5,70.558375
0.375917,4,70.562703
0.0,2,70.564804
0.0,2,70.566895
0.0,2,70.5688
-0.094339,4,70.572594
0.630704,4,70.576204
0.0,3,70.579141
-1.0,5,70.583766
0.0,3,70.586734
0.0,3,70.589439
-0.234711,2,70.591264
0.0,4,70.595009
0.0,2,70.596763
0.0,2,70.598676
-0.070494,4,70.602594
0.0,5,70.607334
0.0,2,70.609099
0.0,3,70.612171
0.0,3,70.615268
0.0,3,70.618593
0.0,2,70.621176
0.0,3,70.624667
0.0,4,70.628776
0.0,3,70.631856
0.302987,2,70.63415
0.0,3,70.637711
0.0,2,70.640054
0.0,2,70.642347
0.0,4,70.646349
0.0,4,70.650836
0.0,4,70.654938
0.0,3,70.657944
0.0,4,70.662112
-0.06456,2,70.66432
0.0,3,70.667494
0.0,4,70.671579
0.0,3,70.674544
0.0,3,70.677831
0.0,4,70.681978
0.0,3,70.685199
0.0,2,70.687165
0.0,2,70.689358
0.0,2,70.691391
0.0,4,70.6954
0.0,4,70.69965
0.0,2,70.701739
0.0,2,70.703794
0.0,4,70.707622
0.0,4,70.711711
0.0,4,70.715519
0.0,3,70.718751
0.0,2,70.720907
0.0,2,70.723056
0.0,4,70.72715
0.0,5,70.732271
0.0,3,70.735379
0.0,4,70.739629
0.0,4,70.743809
0.0,4,70.748351
0.0,3,70.751516
0.0,3,70.754591
0.0,3,70.757389
0.0,3,70.76036
0.0,4,70.764409
0.0,4,70.768356
0.0,3,70.771358
0.0,2,70.773478
0.0,3,70.776364
0.0,4,70.780178
0.0,3,70.783319
0.0,2,70.785207
0.0,3,70.788145
0.0,3,70.790918
0.0,3,70.793557
0.0,3,70.796454
0.0,2,70.798344
0.0,5,70.803178
0.0,3,70.805973
0.0,5,70.810552
0.0,3,70.813319
0.0,3,70.815986
1.5,2,70.817704
0.0,2,70.819458
-0.074234,3,70.82215
0.0,2,70.824083
0.0,3,70.827083
0.490791,2,70.829044
0.0,4,70.832548
0.0,4,70.835997
0.0,4,70.839593
0.0,3,70.842476
0.0,4,70.846334
0.0,2,70.848206
0.394945,3,70.851511
0.0,4,70.855474
0.0,2,70.857576
0.0,3,70.860321
0.0,4,70.864137
0.0,3,70.866737
0.0,3,70.869447
0.0,4,70.872985
1.5,2,70.874738
0.0,3,70.877542
-0.236604,4,70.881308
0.0,3,70.88422
0.0,4,70.88799
0.0,3,70.891043
0.0,3,70.893993
0.0,2,70.896236
0.0,3,70.899307
0.0,2,70.901233
0.0,3,70.904057
0.0,5,70.9088
0.0,2,70.910711
0.092303,2,70.912558
1.5,2,70.914686
0.0,2,70.916613
0.0,3,70.919414
0.0,3,70.922575
0.0,4,70.926336
0.0,2,70.928689
0.0,4,70.932487
0.0,3,70.935955
0.0,2,70.937996
0.0,3,70.94147
0.0,2,70.943995
1.5,2,70.946162
0.0,3,70.949532
0.0,4,70.954058
1.5,2,70.956191
0.0,2,70.958346
0.0,4,70.962212
0.0,3,70.965619
0.0,4,70.970118
0.0,3,70.97327
0.0,3,70.976198
0.0,2,70.978824
0.0,2,70.981115
0.0,4,70.985437
0.0,3,70.988515
0.0,4,70.992946
0.0,3,70.996043
0.0,2,70.998657
0.0,4,71.002902
0.0,4,71.007666
0.0,3,71.010724
0.0,4,71.015457
0.0,3,71.019087
0.0,2,71.021394
0.0,4,71.025888
0.0,2,71.028176
0.0,3,71.03121
0.0,2,71.03388
0.0,4,71.038125
0.0,3,71.041859
1.5,2,71.043973
0.0,3,71.047451
0.0,4,71.05156
0.0,2,71.053898
0.0,3,71.057077
-0.928015,5,71.063019
0.0,4,71.067226
0.0,2,71.069509
0.0,2,71.071405
0.0,2,71.07341
0.0,4,71.07791
0.0,2,71.080109
0.0,2,71.082406
0.0,4,71.086619
0.0,3,71.09004
0.0,2,71.092058
1.5,2,71.094673
0.0,4,71.099087
0.0,2,71.101566
0.0,3,71.104736
0.0,4,71.109272
0.0,4,71.113083
0.0,2,71.115259
0.0,3,71.118463
1.0,2,71.120399
0.0,4,71.124902
0.0,2,71.126951
0.0,5,71.132365
0.0,2,71.134504
0.0,3,71.137884
0.0,4,71.141747
0.0,4,71.14589
0.0,2,71.147876
0.0,3,71.151184
0.0,4,71.155156
-2.0,2,71.157293
0.0,4,71.160884
-0.496672,2,71.162842
0.0,3,71.165751
0.0,3,71.168466
0.0,2,71.170549
0.0,2,71.172435
0.938791,2,71.174248
0.0,3,71.177082
0.0,3,71.180123
0.0,2,71.182146
0.0,2,71.184218
0.0,4,71.187994
0.0,4,71.191904
0.0,4,71.195611
-0.518042,4,71.200149
0.0,3,71.203224
0.0,3,71.206818
0.0,3,71.209752
0.0,4,71.213892
0.0,4,71.217683
-0.068034,2,71.220323
-0.193675,4,71.224684
0.0,4,71.228976
-1.0,4,71.232653
0.0,4,71.236413
0.0,3,71.23921
0.0,2,71.241471
0.0,3,71.24434
-0.916382,3,71.247298
0.0,4,71.251246
0.0,3,71.254194
0.0,5,71.258631
0.0,3,71.261671
0.0,2,71.263637
0.0,3,71.266378
0.0,2,71.268409
0.0,3,71.271016
0.0,3,71.273784
0.0,2,71.275864
0.0,3,71.278483
0.0,3,71.281299
0.526351,5,71.286022
-0.109515,3,71.289172
0.0,2,71.291018
0.0,4,71.294603
-1.825329,2,71.296905
0.0,2,71.298909
0.0,3,71.301614
0.0,4,71.305197
0.0,3,71.307811
0.0,3,71.310813
0.0,3,71.313538
0.367713,2,71.315389
-0.384602,3,71.318485
0.0,4,71.322148
0.0,3,71.32511
0.0,2,71.326975
0.0,3,71.329904
0.0,3,71.332877
0.404019,4,71.33674
0.0,3,71.339823
0.0,3,71.342626
0.0,3,71.345877
0.0,3,71.348896
0.0,2,71.350945
0.0,4,71.355242
0.0,4,71.3594
0.0,3,71.362275
-0.289377,2,71.364398
1.056913,2,71.366435
-0.32908,3,71.369254
0.0,2,71.371288
0.0,3,71.374233
0.0,3,71.377039
0.0,3,71.380124
0.0,2,71.382079
0.0,2,71.384112
0.0,2,71.386446
1.227333,2,71.388473
0.0,2,71.390436
0.0,4,71.394733
1.5,2,71.396724
0.0,4,71.40105
0.0,4,71.405126
0.0,2,71.407269
0.0,4,71.411333
0.0,3,71.41439
0.0,2,71.416346
0.0,3,71.419485
0.0,3,71.423223
0.0,3,71.426342
0.0,3,71.429537
0.0,2,71.431466
0.0,3,71.434745
0.0,2,71.43729
0.0,2,71.439308
0.0,4,71.443857
0.0,4,71.448776
0.0,5,71.455037
0.0,2,71.457368
0.0,3,71.460371
0.0,4,71.464923
0.0,3,71.467938
1.5,2,71.470182
0.0,3,71.472982
0.0,3,71.475947
0.0,2,71.478517
0.0,3,71.481571
0.0,2,71.483719
-0.118701,2,71.485782
0.0,3,71.48872
0.0,4,71.493036
0.0,3,71.49604
0.0,3,71.499392
0.0,4,71.503654
0.0,4,71.507962
0.0,3,71.511096
0.0,2,71.513204
0.0,4,71.516852
0.0,3,71.52016
0.0,3,71.523171
0.0,2,71.525151
0.0,3,71.527931
0.0,3,71.530638
0.0,3,71.533771
0.0,2,71.535617
0.0,2,71.537449
0.0,3,71.540642
0.0,2,71.542454
0.0,3,71.545225
0.0,2,71.547577
0.0,3,71.550484
0.397941,2,71.552392
0.0,3,71.555475
0.0,2,71.557282
0.0,4,71.561415
1.135078,2,71.563265
0.0,2,71.565049
0.0,3,71.568041
0.0,2,71.56981
0.0,3,71.572427
0.687416,3,71.575366
-0.854527,5,71.579552
0.0,2,71.581766
0.0,5,71.586256
1.5,2,71.588205
0.0,3,71.590807
0.0,2,71.592584
0.0,2,71.594384
-0.374772,3,71.597468
0.0,3,71.600293
0.0,4,71.604043
0.0,2,71.605763
0.0,2,71.607525
0.0,4,71.611197
0.0,3,71.613756
1.5,2,71.615661
0.0,2,71.617543
0.0,5,71.621675
0.0,4,71.625585
1.5,2,71.627318
0.0,2,71.629179
0.0,2,71.631112
0.0,2,71.632863
1.5,2,71.63473
-0.759808,2,71.637014
0.0,3,71.640104
0.0,3,71.642759
0.0,2,71.644881
0.0,3,71.647594
0.0,4,71.651833
0.0,3,71.655361
0.0,4,71.659331
1.5,2,71.661125
0.0,2,71.663008
0.0,3,71.666355
0.0,3,71.669176
0.0,2,71.670933
0.0,4,71.674796
0.0,2,71.676749
0.0,4,71.68148
-0.405335,3,71.684684
0.0,3,71.688253
0.0,2,71.690291
0.0,2,71.69253
0.0,2,71.695175
0.0,2,71.697211
0.0,3,71.700544
1.5,2,71.702587
0.0,3,71.705657
0.0,4,71.709993
0.0,2,71.712212
0.0,4,71.716398
0.0,6,71.72289
0.0,4,71.726831
0.0,2,71.728927
0.0,2,71.730836
0.0,4,71.735122
0.0,2,71.737329
0.0,2,71.739377
0.0,2,71.741539
0.0,4,71.745495
0.0,3,71.748632
0.0,2,71.750982
0.0,3,71.754162
0.0,4,71.758231
0.0,3,71.761374
0.0,3,71.76468
0.0,3,71.767689
0.0,3,71.770682
0.0,4,71.774436
0.0,2,71.776719
0.0,3,71.77956
0.0,2,71.781539
0.0,3,71.784876
-0.131065,2,71.786938
0.0,3,71.790172
0.0,3,71.793086
0.0,4,71.797066
0.0,4,71.801227
0.0,2,71.803158
0.0,3,71.806044
2.0,2,71.807898
0.0,2,71.809787
0.0,3,71.812761
0.0,3,71.815481
0.0,3,71.818427
0.0,3,71.821117
0.0,3,71.824116
0.0,2,71.825912
0.0,3,71.828399
0.0,3,71.831332
0.0,2,71.833179
0.0,2,71.834877
0.0,3,71.837674
0.0,3,71.840442
0.0,4,71.84394
0.0,4,71.848133
0.0,3,71.850861
0.0,3,71.85403
0.0,2,71.85642
-0.673245,2,71.858375
0.0,3,71.86149
0.0,2,71.86331
0.0,2,71.865212
0.0,4,71.868836
0.0,3,71.871654
0.0,3,71.874404
0.0,2,71.876101
-0.020063,3,71.87886
0.0,3,71.881992
0.0,4,71.885756
0.0,3,71.888471
0.0,4,71.892201
0.0,3,71.895208
-0.969079,3,71.897902
0.0,2,71.899968
0.0,4,71.904265
0.0,2,71.906331
0.0,2,71.90837
0.0,3,71.911212
0.0,5,71.916067
0.0,3,71.918695
0.0,4,71.922352
0.0,5,71.92702
0.0,4,71.930584
0.0,2,71.932399
0.0,2,71.934157
0.0,3,71.936844
0.0,3,71.939543
0.0,2,71.941468
-0.310226,2,71.943376
1.5,2,71.94517
0.0,2,71.946932
0.0,2,71.948838
0.0,3,71.951774
0.0,4,71.955351
0.0,3,71.95833
-0.538279,3,71.961088
0.0,3,71.963831
0.0,3,71.966615
0.0,3,71.969511
0.0,2,71.971376
0.0,3,71.974047
0.0,3,71.976952
0.0,3,71.979875
0.0,3,71.982858
0.0,5,71.987445
0.0,3,71.990082
0.0,2,71.991845
0.0,5,71.996127
0.0,3,71.999066
1.5,2,72.000904
1.0,2,72.002654
0.0,2,72.004489
0.155295,3,72.007367
0.0,3,72.009943
0.0,2,72.0116
0.0,3,72.014319
1.5,2,72.015995
0.0,3,72.018663
0.0,2,72.020784
0.0,4,72.024242
1.0,4,72.02773
0.0,4,72.030986
0.0,4,72.034657
-0.147,4,72.038246
0.0,2,72.040264
0.0,4,72.044232
0.0,5,72.049981
0.0,2,72.052121
0.0,3,72.054838
0.0,2,72.05672
0.0,4,72.06023
0.0,4,72.063986
0.0,5,72.068422
0.0,2,72.07019
0.0,4,72.073568
0.0,2,72.075339
1.5,2,72.077222
0.0,3,72.080184
0.0,2,72.081989
0.0,2,72.08382
0.0,2,72.085581
0.0,3,72.088354
0.0,2,72.090311
0.0,4,72.093812
0.0,3,72.096845
0.0,3,72.099677
0.0,4,72.1035
0.0,3,72.106495
0.0,3,72.109096
0.0,4,72.112925
0.0,4,72.116687
0.0,4,72.120847
0.0,3,72.123797
0.0,3,72.126668
0.506869,4,72.13027
0.0,7,72.138459
-0.480776,3,72.14179
0.0,3,72.145262
0.0,2,72.148279
0.0,2,72.150764
0.0,3,72.155833
0.0,4,72.161288
0.0,4,72.165369
0.0,2,72.167701
0.0,5,72.173065
0.0,4,72.177308
0.0,3,72.180727
0.0,2,72.182795
0.0,2,72.185294
0.0,3,72.188639
0.0,2,72.191076
0.0,3,72.194337
0.0,4,72.198485
0.0,2,72.200787
0.0,2,72.203682
0.0,3,72.207796
0.0,4,72.212055
0.0,3,72.214919
0.0,5,72.219545
0.0,2,72.221704
0.0,3,72.224539
0.0,4,72.22831
0.0,4,72.231837
0.0,3,72.235189
0.0,2,72.23764
0.0,2,72.240266
0.0,3,72.243795
1.5,2,72.245826
0.0,3,72.249039
0.0,4,72.253705
0.0,2,72.256648
0.0,4,72.262127
1.5,2,72.264868
0.0,5,72.27044
0.0,6,72.276367
1.5,2,72.278809
0.0,3,72.282169
0.0,3,72.285331
0.0,2,72.287454
0.0,3,72.290486
0.0,7,72.297347
0.0,3,72.300441
0.0,2,72.302571
0.0,2,72.304646
0.0,4,72.308423
0.0,4,72.312625
0.0,2,72.314546
0.0,3,72.317618
0.0,4,72.322178
0.0,3,72.325367
0.0,2,72.327813
0.0,3,72.331623
0.0,3,72.335669
0.0,4,72.340173
0.0,2,72.342208
0.0,5,72.34745
0.0,3,72.350414
0.0,3,72.353409
0.0,4,72.358788
0.0,3,72.362774
0.0,5,72.368412
0.0,4,72.372672
0.0,3,72.376178
0.0,3,72.379316
0.0,2,72.381552
-1.0,4,72.386043
-0.344304,2,72.38877
0.0,3,72.392522
0.0,3,72.396826
0.0,3,72.40047
1.5,2,72.402737
0.0,4,72.40747
0.19949,5,72.413398
0.0,3,72.417506
0.0,3,72.422106
0.0,2,72.424561
0.0,2,72.42808
0.0,3,72.432322
-1.652075,2,72.434758
0.0,3,72.438492
0.0,2,72.442145
0.0,3,72.449051
1.5,2,72.452993
0.0,2,72.457939
0.0,3,72.462669
0.0,2,72.468557
0.0,2,72.471111
0.0,3,72.475648
0.0,2,72.478337
0.0,3,72.482127
0.0,4,72.487323
0.0,3,72.491236
0.0,4,72.496275
0.0,2,72.49889
0.0,3,72.503167
0.0,4,72.508201
0.0,2,72.510463
0.0,4,72.514878
0.0,2,72.517258
0.0,4,72.521378
0.0,2,72.523962
0.0,3,72.527217
0.0,3,72.530718
1.5,2,72.532831
0.0,3,72.536151
1.5,2,72.538463
0.0,3,72.542256
0.0,4,72.54738
0.0,5,72.554492
0.0,3,72.558412
0.0,2,72.560608
0.0,4,72.565527
0.0,2,72.567999
0.0,4,72.572942
0.0,3,72.576275
0.0,3,72.580118
0.0,2,72.582551
0.0,3,72.586715
1.5,2,72.588904
0.0,3,72.593035
0.0,2,72.595477
0.0,2,72.597565
0.0,3,72.601274
0.0,3,72.605009
0.0,2,72.607235
0.0,3,72.610174
0.0,4,72.614752
0.0,3,72.617944
0.0,3,72.621535
0.0,2,72.623715
1.433484,2,72.626064
0.0,4,72.630136
0.0,3,72.633783
0.0,4,72.637747
0.0,3,72.64184
0.0,3,72.645105
0.402952,2,72.647823
1.5,2,72.650225
0.0,4,72.655163
0.0,4,72.660155
0.0,3,72.664073
0.0,2,72.666402
0.0,3,72.669938
0.0,3,72.673162
0.0,3,72.676553
0.0,5,72.682141
0.0,2,72.684583
0.0,3,72.687822
0.0,6,74.212586
0.0,2,74.217892
0.0,4,74.22556
0.0,4,74.23203
0.0,2,74.236565
1.5,2,74.240072
0.0,2,74.243783
0.0,3,74.249951
0.0,2,74.253434
0.0,4,74.259335
0.0,3,74.263083
0.0,2,74.266936
0.0,4,74.273011
0.0,5,74.280478
0.0,3,74.285985
1.5,2,74.289057
0.635821,2,74.291151
0.0,3,74.296297
0.0,3,74.299696
0.0,3,74.304181
0.0,4,74.308745
0.0,3,74.31214
0.0,3,74.315104
0.0,3,74.318456
0.0,2,74.320367
0.0,3,74.323378
0.0,3,74.32719
0.0,3,74.331455
0.0,3,74.335167
0.0,3,74.338587
0.0,3,74.342805
0.0,4,74.347836
0.0,3,74.353516
0.0,5,74.358824
0.0,3,74.364065
0.0,6,74.370512
-0.253309,3,74.373604
0.0,3,74.376739
1.5,2,74.378662
0.0,3,74.382204
0.0,4,74.387431
-0.237544,4,74.391778
0.0,2,74.394104
0.0,2,74.396888
0.0,3,74.400321
0.0,3,74.403648
0.111758,3,74.407137
0.0,2,74.409516
0.0,3,74.412636
0.0,2,74.414883
0.0,3,74.417947
0.0,4,74.422402
0.0,2,74.424572
0.0,5,74.429883
0.0,3,74.432956
0.0,4,74.436894
0.0,4,74.440677
0.0,2,74.443068
0.622344,2,74.445058
0.0,4,74.449172
0.0,2,74.451132
0.0,3,74.453797
0.0,3,74.456727
0.0,3,74.460405
0.0,5,74.466597
0.0,3,74.469837
0.0,6,74.475503
0.0,4,74.479893
0.0,2,74.481844
0.0,3,74.484923
0.0,4,74.488629
0.0,4,74.492544
0.0,3,74.495159
0.0,6,74.500011
0.0,5,74.504465
0.0,4,74.507775
1.5,2,74.509416
0.0,2,74.511085
0.0,2,74.512615
0.0,3,74.514976
0.0,2,74.516644
0.0,3,74.519178
0.0,2,74.521118
0.247132,2,74.523917
0.395385,3,74.528549
0.0,2,74.530831
0.0,3,74.533764
0.104258,4,74.538375
0.0,4,74.543549
0.0,4,74.548527
0.0,5,74.554702
0.0,2,74.556897
0.0,5,74.564646
0.0,3,74.568172
-0.294803,2,74.570359
0.0,2,74.572237
0.0,4,74.578526
0.0,2,74.581182
0.0,3,74.584598
-0.124819,4,74.58856
0.0,2,74.591795
0.0,2,74.594244
0.0,3,74.597733
1.5,2,74.599636
0.0,3,74.602777
0.0,3,74.60568
0.0,2,74.607638
1.5,2,74.609721
0.0,4,74.613175
0.0,4,74.617218
0.0,2,74.61909
0.0,2,74.620983
0.0,2,74.622888
0.0,4,74.626611
0.0,3,74.62934
0.0,4,74.632834
0.0,3,74.635481
1.5,2,74.637419
0.0,4,74.641048
0.0,3,74.64405
0.0,3,74.647013
0.0,3,74.649812
0.0,2,74.65187
0.0,3,74.654548
0.0,2,74.656502
0.348882,2,74.658674
0.0,2,74.660795
0.0,4,74.66448
0.0,2,74.666283
0.0,5,74.670511
0.0,3,74.673249
0.0,4,74.676641
0.0,2,74.678415
0.0,4,74.681723
0.0,4,74.68521
1.5,2,74.687111
0.0,2,74.688874
0.0,2,74.690534
0.0,2,74.692378
0.0,3,74.695154
0.0,2,74.697018
0.0,4,74.700694
0.0,2,74.702545
1.191324,2,74.704423
-0.20612,5,74.708902
0.0,2,74.710632
0.0,4,74.714018
0.0,2,74.715601
-0.02913,2,74.717324
0.0,3,74.719938
0.0,2,74.721654
0.0,2,74.723366
0.0,2,74.72508
0.0,4,74.728394
0.0,2,74.730097
0.0,2,74.731795
0.0,3,74.734652
0.0,4,74.737958
0.0,4,74.741367
0.0,2,74.743248
1.5,2,74.744901
0.0,3,74.748018
0.0,2,74.750116
0.0,2,74.751828
0.0,3,74.75441
0.0,3,74.757008
0.0,4,74.760464
0.0,2,74.76233
0.0,2,74.764012
1.5,2,74.765704
0.0,3,74.768484
0.0,3,74.771029
-0.386117,3,74.77359
0.0,4,74.776873
0.29289,3,74.779341
0.0,4,74.782801
0.585166,2,74.784585
0.0,4,74.788177
0.0,4,74.791598
0.0,2,74.793301
0.0,3,74.795805
0.0,3,74.798315
-0.739564,4,74.801901
0.399785,3,74.804475
1.5,2,74.806115
0.0,2,74.807758
0.0,2,74.80945
0.0,3,74.811888
0.0,4,74.815049
0.0,3,74.817508
0.0,3,74.820047
0.0,4,74.823263
0.0,4,74.826464
0.0,5,74.830443
0.0,3,74.833054
0.0,3,74.83588
0.0,2,74.83761
-0.292212,5,74.841815
0.0,4,74.845284
0.0,2,74.847357
0.0,2,74.849181
0.0,2,74.850945
0.0,3,74.854407
0.0,2,74.856303
0.0,2,74.858039
0.0,4,74.862143
0.0,2,74.864092
-0.065662,3,74.866623
0.0,2,74.868357
0.0,3,74.87077
0.0,4,74.87431
0.0,3,74.876834
0.0,3,74.87937
0.0,3,74.881932
0.0,2,74.883606
0.0,4,74.886905
0.0,4,74.890234
0.0,4,74.893486
0.867862,3,74.895985
0.28884,2,74.897681
0.0,2,74.899364
1.5,2,74.901017
0.0,4,74.904333
0.0,5,74.90846
0.0,3,74.910946
1.5,2,74.912526
-0.382978,2,74.91428
-0.989894,2,74.915907
0.0,3,74.918355
0.0,3,74.92081
-0.113792,3,74.923336
1.0,2,74.924991
0.0,6,74.92991
0.0,3,74.932409
0.0,4,74.935693
0.0,4,74.939132
0.0,2,74.940846
0.0,2,74.942886
0.0,3,74.951872
0.0,2,74.953704
0.0,4,74.957253
0.0,2,74.959555
-1.0,2,74.961375
0.0,4,74.964723
0.0,3,74.967236
0.556477,3,74.969969
0.0,2,74.971712
0.0,2,74.973318
0.0,4,74.97664
0.0,4,74.980295
0.0,4,74.983554
0.0,3,74.986136
0.0,3,74.988765
0.0,3,74.991333
0.0,2,74.992999
0.0,3,74.995528
-0.912052,2,74.997278
0.0,2,74.999085
0.0,4,75.002401
0.0,2,75.004167
0.0,4,75.007636
0.0,4,75.011037
0.0,3,75.013683
0.0,2,75.015419
0.0,3,75.017964
1.5,2,75.019779
0.0,3,75.022542
0.0,4,75.025902
0.0,3,75.028435
0.0,3,75.031036
0.0,3,75.033533
0.0,5,75.037772
0.0,3,75.041395
0.0,4,75.046241
0.0,3,75.050342
0.0,3,75.054499
0.0,2,75.057088
0.0,3,75.060505
-0.079309,3,75.064599
-0.889195,2,75.067269
0.0,3,75.070318
0.0,2,75.072314
1.5,2,75.07407
0.0,4,75.077452
-1.0,2,75.079123
0.0,4,75.082462
0.0,4,75.085868
0.240881,3,75.088383
0.0,4,75.091746
0.0,4,75.095155
0.0,4,75.098668
0.0,3,75.101275
0.0,3,75.103782
0.0,3,75.106416
0.0,3,75.10901
0.0,3,75.111582
0.0,4,75.114951
0.0,2,75.11668
0.0,2,75.118541
-0.268141,2,75.120351
0.0,2,75.122085
0.0,4,75.125515
0.0,2,75.127264
0.0,2,75.128972
0.0,2,75.130743
-0.229009,4,75.134264
0.0,3,75.136828
0.0,2,75.13854
0.0,5,75.142728
0.0,3,75.145302
0.0,2,75.147086
0.0,3,75.149725
0.0,3,75.152291
-0.949466,3,75.154796
0.0,2,75.156615
1.5,2,75.15836
0.0,2,75.160292
0.0,4,75.164004
0.0,4,75.167481
1.0,3,75.169949
0.0,4,75.173281
0.0,2,75.174955
0.0,2,75.176696
0.0,4,75.179953
0.0,2,75.181685
0.0,3,75.184076
0.0,2,75.185683
0.0,4,75.189022
0.0,4,75.192318
0.0,4,75.195761
0.0,2,75.197831
0.0,2,75.200645
0.0,5,75.206388
0.0,4,75.210653
0.0,3,75.213802
0.0,3,75.217679
0.0,4,75.222695
0.0,3,75.226411
0.0,4,75.231263
0.0,2,75.233544
0.0,2,75.235826
0.0,2,75.238576
0.0,2,75.241053
0.0,2,75.243653
0.0,3,75.246756
0.982692,2,75.248766
0.0,3,75.252812
0.0,3,75.256635
-0.28241,4,75.262084
0.0,3,75.265522
-0.076686,3,75.269077
0.0,4,75.27301
0.0,2,75.274997
0.0,2,75.277149
0.0,3,75.280215
0.0,4,75.284311
0.0,3,75.28805
-0.30798,4,75.293176
0.0,2,75.301303
0.0,3,75.304117
0.0,4,75.307632
0.0,3,75.310176
0.0,2,75.312007
0.0,2,75.313951
1.399472,2,75.315789
0.0,3,75.319902
0.0,2,75.322191
0.0,5,75.326959
0.0,2,75.329234
0.0,4,75.333778
0.0,2,75.335841
0.0,2,75.338326
0.0,5,75.34476
0.0,4,75.349594
0.0,3,75.352561
0.0,2,75.35484
0.0,3,75.357642
0.0,4,75.361885
0.0,4,75.366149
0.0,3,75.369263
0.0,3,75.371893
0.0,4,75.375838
0.0,3,75.378523
0.0,4,75.38238
0.0,5,75.386998
1.333101,2,75.389132
0.0,2,75.391167
0.0,2,75.392885
0.0,5,75.397806
0.0,4,75.401729
0.0,5,75.407224
0.0,3,75.410577
0.0,3,75.413573
0.0,3,75.416471
0.0,3,75.419843
0.0,2,75.421995
0.0,5,75.427304
0.0,3,75.430225
0.0,3,75.433414
0.0,3,75.436535
0.0,4,75.441506
0.0,2,75.44366
0.0,5,75.449443
0.0,4,75.454743
0.0,3,75.458746
0.0,4,75.465724
0.0,3,75.471009
0.0,2,75.474578
0.0,3,75.479277
0.0,4,75.484286
0.0,2,75.486951
0.0,2,75.489333
0.0,3,75.494002
0.0,2,75.497936
0.0,5,75.506337
0.0,3,75.510821
0.0,3,75.514999
0.0,3,75.518859
0.0,3,75.523318
0.0,4,75.530503
0.0,4,75.538968
0.0,3,75.543585
0.0,3,75.546787
0.0,2,75.549052
0.0,4,75.55425
0.0,5,75.56056
0.0,3,75.565867
0.0,2,75.569562
0.0,3,75.574418
0.0,3,75.57813
0.0,3,75.581353
0.0,3,75.584836
-0.506982,5,75.590084
0.0,3,75.593723
0.0,3,75.596996
0.0,2,75.599502
-0.428429,2,75.601588
0.340947,2,75.603954
0.0,3,75.607293
0.0,4,75.611574
0.0,2,75.614331
0.0,3,75.617538
0.0,2,75.620181
0.0,2,75.622322
0.0,4,75.627182
0.0,3,75.630445
0.938858,2,75.632545
0.0,3,75.63604
0.0,2,75.638108
0.0,6,75.644488
0.0,5,75.649649
0.0,5,75.65476
0.0,3,75.658032
0.0,4,75.662714
1.863237,2,75.664936
0.0,3,75.66843
0.0,2,75.670433
0.0,2,75.672236
-1.0,4,75.675663
0.0,3,75.67847
0.0,2,75.68042
1.5,2,75.682215
0.0,3,75.684916
0.0,2,75.686916
0.0,3,75.68995
0.0,5,75.694258
0.0,2,75.696169
0.0,2,75.697898
0.0,3,75.700628
0.0,3,75.703614
0.0,5,75.707869
0.0,2,75.709667
0.0,2,75.711232
-0.154567,2,75.712867
0.0,2,75.714574
0.0,4,75.718004
0.0,3,75.720555
0.0,2,75.722406
0.0,3,75.724946
0.0,6,75.730117
0.0,2,75.731783
0.0,4,75.735129
0.0,4,75.738541
0.0,4,75.741872
-0.289247,3,75.744678
0.0,3,75.747179
2.0,2,75.748989
0.0,3,75.751683
0.0,4,75.754976
0.0,5,75.759293
0.0,3,75.761881
0.0,2,75.76366
0.0,2,75.765569
0.0,3,75.768194
0.0,3,75.771016
0.0,3,75.773604
0.062705,3,75.776464
0.0,2,75.778345
0.0,3,75.780868
0.0,3,75.783373
0.0,2,75.785214
0.0,4,75.788707
0.0,3,75.791381
0.0,5,75.795942
0.0,4,75.799368
-0.839693,5,75.803412
0.0,3,75.806049
0.0,2,75.807766
0.0,4,75.811107
0.0,5,75.815396
0.0,3,75.818085
0.0,2,75.819815
0.0,3,75.822479
0.443805,4,75.825925
1.5,2,75.827648
0.0,4,75.830888
1.5,2,75.832599
0.0,4,75.835993
0.0,4,75.839465
0.0,4,75.842763
0.0,4,75.846122
0.0,2,75.847878
0.0,2,75.849651
0.0,3,75.852116
0.0,3,75.855144
0.0,3,75.857714
0.0,3,75.860471
0.0,2,75.862319
0.829357,2,75.864278
0.0,3,75.867176
0.0,4,75.8713
0.0,3,75.874111
0.0,3,75.878168
1.5,2,75.88037
0.0,2,75.8828
0.0,3,75.886569
0.0,2,75.88915
0.0,3,75.892392
0.0,4,75.89706
1.5,2,75.899567
0.0,3,75.905354
0.0,3,75.909446
0.0,4,75.913925
0.0,4,75.918505
0.0,4,75.924272
0.0,3,75.927737
0.0,2,75.930038
0.0,3,75.93345
0.0,4,75.937778
0.0,2,75.940363
0.0,2,75.942784
0.0,4,75.950673
0.0,4,75.956799
0.429577,2,75.959402
1.5,2,75.961905
0.330467,3,75.965756
0.0,3,75.969848
0.0,2,75.973568
0.0,3,75.977295
0.0,2,75.979657
0.0,2,75.982279
0.0,2,75.984385
0.0,3,75.987859
0.0,3,75.992299
0.0,2,75.995872
-0.133168,4,76.000763
0.0,3,76.004506
0.0,2,76.006806
0.0,2,76.009258
-0.21158,4,76.014002
0.0,2,76.018221
0.0,3,76.022278
0.0,2,76.024562
0.0,2,76.026706
0.0,4,76.031477
0.0,3,76.034966
0.0,3,76.039818
0.0,5,76.046507
0.0,4,76.052121
0.0,3,76.057734
-0.946265,5,76.063212
0.0,3,76.069699
0.0,3,76.074203
0.0,2,76.077812
0.0,3,76.081611
0.0,3,76.085153
-0.442187,2,76.087468
1.5,2,76.090706
0.0,4,76.096318
1.5,2,76.0985
0.0,2,76.100632
0.0,3,76.104196
0.0,4,76.108462
0.0,4,76.114692
0.0,2,76.117393
0.713355,3,76.120905
0.0,3,76.124364
0.0,2,76.126783
0.0,3,76.129908
0.0,3,76.134886
0.0,3,76.139507
0.0,2,76.1422
0.0,2,76.144401
0.0,2,76.14676
0.0,5,76.152166
0.0,2,76.154426
0.0,2,76.156466
0.0,3,76.161381
0.0,3,76.165292
-0.52986,2,76.168066
0.0,2,76.170455
0.0,3,76.174424
0.0,3,76.178044
0.0,2,76.182372
0.0,2,76.185514
0.0,5,76.19123
0.0,2,76.193381
0.0,4,76.198003
0.0,3,76.20151
0.0,3,76.206681
0.0,3,76.210503
0.0,3,76.213631
0.0,2,76.215673
0.0,2,76.218468
0.0,3,76.222676
0.0,4,76.228694
0.0,5,76.234496
0.0,2,76.236646
0.0,2,76.239043
0.0,2,76.241148
0.0,2,76.24343
1.5,2,76.245876
0.0,3,76.250944
0.0,2,76.253413
0.0,3,76.256881
0.0,4,76.261332
0.0,3,76.264606
0.0,4,76.269298
0.0,3,76.273696
0.0,2,76.276243
0.0,3,76.280225
1.5,2,76.282372
0.0,3,76.285932
1.5,2,76.288402
0.0,3,76.291683
0.0,5,76.298484
0.0,2,76.301121
0.0,4,76.30592
0.0,3,76.309408
0.0,3,76.31257
0.0,3,76.316205
0.0,3,76.321183
0.0,4,76.326396
0.0,2,76.3291
0.0,2,76.331248
0.0,3,76.334937
-0.606766,2,76.33774
0.0,4,76.342325
0.0,2,76.345619
0.0,2,76.348193
0.0,3,76.352046
0.0,4,76.356923
0.0,2,76.35908
0.0,2,76.361369
0.0,4,76.365906
0.0,2,76.369263
0.0,3,76.373093
0.0,2,76.375329
0.0,3,76.378453
0.0,4,76.382794
0.0,4,76.388391
1.5,2,76.391373
-0.593987,4,76.395915
0.0,2,76.3982
0.0,2,76.400273
0.0,3,76.403418
0.0,5,76.410442
0.0,3,76.414061
0.0,3,76.417822
0.0,5,76.425265
0.0,2,76.427797
0.176521,3,76.431086
0.0,3,77.548727
1.5,2,77.550653
0.0,5,77.555209
0.0,3,77.557745
0.0,3,77.560623
0.0,2,77.563082
0.0,4,77.567339
0.0,3,77.570797
0.0,4,77.57441
0.0,3,77.577174
1.5,2,77.578866
1.5,2,77.580627
0.0,4,77.58468
0.0,4,77.588513
0.0,3,77.591249
0.0,2,77.592972
-0.682502,3,77.595984
0.0,4,77.59971
0.0,5,77.604604
0.0,3,77.607251
0.0,4,77.610761
0.0,2,77.612646
0.0,4,77.616142
0.0,3,77.61894
0.0,3,77.62151
1.5,2,77.623352
0.0,2,77.625255
0.0,2,77.626927
1.5,2,77.628652
0.0,4,77.632713
0.0,4,77.63609
0.0,2,77.638186
0.0,2,77.640053
0.0,3,77.642674
0.0,3,77.645724
0.0,3,77.648489
0.0,3,77.651491
0.0,4,77.655242
0.0,3,77.657994
0.0,4,77.661723
0.0,4,77.665456
0.0,3,77.668428
1.5,2,77.670345
0.0,3,77.673021
0.0,3,77.675665
0.0,2,77.677377
0.0,2,77.679303
0.0,2,77.681069
0.0,2,77.682803
0.0,5,77.687316
0.0,3,77.689943
0.0,2,77.691725
0.0,4,77.695617
0.0,3,77.698144
0.0,3,77.700885
0.0,2,77.702621
1.5,2,77.704285
0.0,4,77.707934
0.0,4,77.711329
0.0,2,77.713127
0.0,2,77.714872
0.0,3,77.717406
0.0,4,77.721035
0.0,2,77.722898
0.0,4,77.726315
0.0,2,77.728162
0.0,2,77.729841
0.0,3,77.732338
0.0,3,77.735057
0.0,2,77.736805
1.5,2,77.738508
1.5,2,77.740187
0.0,3,77.742986
0.0,2,77.744756
0.0,3,77.747426
0.0,4,77.751005
0.0,2,77.752707
1.5,2,77.754502
0.0,3,77.757111
0.0,3,77.759598
0.0,4,77.763181
0.0,4,77.766584
0.0,3,77.769628
0.0,4,77.773866
0.0,4,77.778945
0.0,2,77.781649
-0.497609,4,77.785914
0.0,4,77.790748
-0.111064,3,77.794212
0.0,3,77.798649
1.5,2,77.800751
0.0,3,77.804486
0.0,3,77.807775
0.0,3,77.810534
1.5,2,77.8123
0.0,2,77.814211
-0.681742,4,77.818006
0.0,3,77.821041
0.0,3,77.823871
0.0,4,77.829309
1.5,2,77.832143
0.0,4,77.836797
0.0,3,77.840307
0.0,2,77.842448
0.0,2,77.845013
1.5,2,77.84772
0.0,3,77.851485
0.0,3,77.855494
0.0,2,77.857865
0.0,4,77.862957
0.0,3,77.867982
0.0,3,77.871493
0.0,3,77.874705
0.0,2,77.876696
0.0,3,77.880059
0.0,3,77.883437
0.0,3,77.88658
0.0,4,77.8908
0.0,2,77.892663
1.0,3,77.896022
0.0,6,77.90245
0.0,3,77.907365
0.0,2,77.909994
0.0,5,77.915865
0.0,3,77.91931
0.0,5,77.925822
0.0,2,77.927918
0.0,4,77.931789
0.089467,2,77.933569
0.0,3,77.936277
0.0,4,77.940049
0.0,3,77.942657
0.0,2,77.944708
0.0,3,77.947358
0.0,4,77.951006
0.0,3,77.953766
0.0,2,77.955498
0.0,2,77.957837
0.0,3,77.962137
0.0,2,77.964439
0.0,4,77.968975
0.0,5,77.974501
0.0,3,77.977174
0.0,2,77.979727
1.460639,2,77.981594
0.0,2,77.983457
0.0,3,77.986697
0.0,3,77.989349
0.0,4,77.992981
0.0,3,77.995655
-1.634645,2,77.997468
-1.091582,2,77.99958
0.081256,2,78.001458
0.0,7,78.00754
0.0,3,78.010126
0.0,2,78.011868
0.0,3,78.014649
1.5,2,78.01633
0.0,4,78.020125
0.0,5,78.024642
0.0,3,78.027364
0.0,3,78.029864
0.0,2,78.03159
0.0,4,78.03528
0.0,4,78.038821
0.0,4,78.042636
0.0,4,78.046108
0.0,2,78.048361
0.0,3,78.051151
0.0,4,78.054729
0.0,3,78.057253
0.0,3,78.059886
1.5,2,78.06185
0.0,3,78.06459
0.0,4,78.06808
-1.0,2,78.070293
0.0,2,78.072236
1.5,2,78.073936
0.0,3,78.076722
0.0,3,78.079346
0.0,2,78.08117
0.0,4,78.085704
0.0,3,78.088984
0.0,3,78.092186
0.0,2,78.093983
1.5,2,78.095747
0.0,4,78.09977
0.0,2,78.101773
0.0,3,78.105338
0.0,3,78.108282
0.0,3,78.111774
0.0,3,78.114873
0.0,3,78.118376
0.0,3,78.121437
0.0,3,78.126183
0.0,3,78.129434
0.0,2,78.131645
0.0,5,78.137338
0.0,2,78.139877
0.0,4,78.143857
0.0,2,78.146387
0.0,2,78.148526
0.0,5,78.153409
0.0,5,78.159114
0.0,3,78.162078
0.0,3,78.164816
0.0,5,78.170374
0.0,3,78.1738
0.0,4,78.177955
0.0,2,78.180199
0.0,3,78.183264
0.0,3,78.18577
0.0,2,78.187972
0.0,2,78.189866
0.0,2,78.191624
0.0,2,78.193498
0.0,4,78.197197
0.0,3,78.199749
0.0,4,78.203547
0.0,3,78.206156
0.0,4,78.209929
0.0,3,78.212677
0.56491,3,78.215881
0.0,3,78.218784
0.0,2,78.220455
0.0,2,78.222637
0.0,4,78.225973
0.0,4,78.229657
0.0,4,78.233082
0.0,3,78.235998
0.0,3,78.238709
0.0,3,78.242411
0.0,2,78.245074
0.0,4,78.248761
-0.692216,4,78.252836
0.0,4,78.257521
0.0,3,78.260391
0.0,4,78.264572
0.0,2,78.267587
0.0,3,78.271613
0.0,3,78.275833
0.0,5,78.280801
0.0,2,78.282619
0.0,4,78.286436
0.0,3,78.290138
0.0,2,78.293069
0.0,4,78.298376
0.0,4,78.30259
1.5,2,78.304544
0.0,2,78.306485
0.0,2,78.309044
0.0,2,78.312421
1.0,5,78.31893
0.0,3,78.322208
0.0,2,78.324218
0.0,3,78.327164
0.0,4,78.33267
0.0,3,78.336036
0.0,2,78.338326
0.0,2,78.341445
0.0,3,78.344488
0.0,4,78.348569
0.0,2,78.350591
0.0,2,78.352603
0.0,2,78.35594
0.0,3,78.359436
0.0,4,78.365202
0.0,3,78.368525
0.0,2,78.370653
0.0,4,78.37548
0.0,3,78.378947
0.0,4,78.383161
1.5,2,78.385717
0.0,3,78.38892
0.0,5,78.393665
0.0,4,78.398795
-0.312896,3,78.402324
-0.449379,2,78.404429
0.0,4,78.409286
0.0,4,78.41325
0.0,2,78.415154
-0.869312,3,78.418443
0.0,2,78.4217
0.0,2,78.424057
0.0,2,78.426084
0.0,2,78.428004
0.0,3,78.432199
0.070766,2,78.434246
0.0,4,78.437922
0.0,4,78.442198
0.0,3,78.446163
0.0,3,78.449317
0.0,3,78.452346
0.0,4,78.457437
0.0,3,78.460633
0.0,3,78.463605
0.0,2,78.466421
0.0,2,78.469724
0.0,2,78.471942
0.0,2,78.474163
0.0,4,78.479755
0.0,4,78.484107
0.0,3,78.487426
0.0,2,78.490717
0.0,4,78.495065
0.0,2,78.497215
0.0,3,78.501168
0.915653,2,78.503293
0.0,3,78.506114
-1.0,2,78.508176
0.0,3,78.511386
-0.009612,2,78.513624
0.0,3,78.518156
0.0,4,78.522898
0.0,2,78.525055
0.0,2,78.527056
0.0,4,78.530781
0.0,3,78.535298
1.5,2,78.537622
0.0,3,78.540775
0.0,2,78.543107
0.0,3,78.545956
1.5,2,78.54808
0.0,2,78.550285
0.0,4,78.5554
0.0,5,78.560385
0.0,2,78.562559
0.0,2,78.564639
0.0,2,78.566615
0.0,5,78.57199
0.0,4,78.577109
0.0,3,78.580328
0.0,2,78.582442
0.0,2,78.584486
0.0,3,78.587381
0.0,4,78.591354
0.0,4,78.596374
0.0,4,78.600928
0.0,3,78.604155
0.0,2,78.60621
0.0,2,78.608213
0.0,3,78.611381
0.0,3,78.615496
0.0,2,78.61779
0.0,4,78.622163
0.0,3,78.625262
0.0,4,78.629426
0.0,3,78.633978
1.5,2,78.636127
0.0,5,78.641364
1.321305,2,78.643385
0.0,2,78.645416
0.0,2,78.647594
0.0,4,78.653059
0.0,3,78.656373
0.0,5,78.661587
0.0,2,78.663625
0.0,2,78.665668
0.0,3,78.669222
0.0,3,78.673605
0.0,3,78.676671
0.0,2,78.678512
1.5,2,78.680467
0.0,3,78.683705
0.0,4,78.687941
0.0,6,78.695275
0.0,3,78.698408
0.0,3,78.701284
0.0,2,78.703296
0.0,2,78.705589
0.0,3,78.709936
0.0,2,78.71225
0.0,3,78.715379
0.0,2,78.717583
0.0,4,78.722822
0.0,2,78.725629
0.0,4,78.729743
0.0,2,78.731802
0.0,6,78.737796
0.0,2,78.74061
0.0,4,78.745512
0.0,2,78.747553
0.0,3,78.750599
0.0,3,78.753449
0.0,3,78.756289
0.0,3,78.759454
0.0,3,78.763983
0.0,2,78.765853
-0.717046,4,78.769795
-0.321922,3,78.773067
0.0,5,78.778339
0.0,3,78.781206
0.0,2,78.78299
0.0,3,78.78562
0.0,3,78.788217
0.0,4,78.791588
0.0,3,78.794297
0.0,3,78.796827
0.599658,3,78.799446
0.0,3,78.802113
0.0,4,78.805546
0.0,2,78.807231
1.5,2,78.808887
0.0,3,78.811421
0.0,2,78.813133
0.0,3,78.815702
0.0,6,78.820657
0.0,4,78.823984
0.0,2,78.825774
1.0,4,78.829159
0.0,2,78.830933
0.0,2,78.832646
0.0,4,78.836059
0.0,4,78.839463
0.0,3,78.842048
0.0,3,78.844525
0.0,4,78.847923
0.0,2,78.849695
-0.497787,2,78.851449
0.0,2,78.853195
-0.107417,3,78.855729
0.249837,2,78.857445
0.0,5,78.861676
0.0,2,78.863363
-1.0,2,78.865076
0.0,2,78.866769
0.0,2,78.868506
0.0,3,78.871146
0.0,3,78.873652
0.0,2,78.875378
0.0,3,78.877967
0.0,5,78.882103
0.0,4,78.88573
0.027911,2,78.887417
0.0,2,78.889219
0.0,4,78.892587
0.0,2,78.894247
0.0,3,78.896823
0.0,4,78.900192
0.0,3,78.902795
-0.526399,2,78.904552
0.0,4,78.907943
0.0,2,78.909648
0.0,2,78.911296
0.0,2,78.912911
0.0,2,78.914606
0.0,2,78.916333
0.0,2,78.918011
0.0,5,78.922142
0.0,3,78.924678
2.0,2,78.92641
0.0,3,78.928955
0.0,3,78.931461
0.0,5,78.935753
0.831882,3,78.938389
0.0,3,78.940984
0.0,3,78.943455
0.0,4,78.946819
0.0,2,78.948536
0.0,5,78.952845
0.0,2,78.954593
0.0,5,78.958874
0.0,4,78.962451
0.0,4,78.965839
0.0,5,78.970407
0.0,5,78.97506
0.0,4,78.978504
0.0,2,78.980339
0.0,4,78.983837
0.0,2,78.985541
0.0,3,78.98824
0.0,3,78.990873
-0.293881,3,78.993491
0.0,4,78.997055
0.0,2,78.998899
0.0,2,79.000685
0.0,2,79.002542
0.0,3,79.005165
0.0,3,79.007766
1.227484,2,79.009533
0.0,3,79.012126
0.0,4,79.015629
0.0,3,79.018216
0.0,2,79.020122
0.0,2,79.021916
0.0,4,79.025516
0.0,3,79.028223
0.0,4,79.031849
0.0,3,79.034478
0.0,2,79.036368
0.0,2,79.03842
0.0,2,79.040317
0.0,2,79.04216
0.0,2,79.044136
0.0,3,79.046844
0.0,3,79.049801
0.0,2,79.051821
0.0,3,79.054504
0.0,3,79.057556
-1.0,5,79.062159
0.0,4,79.066127
0.0,2,79.068695
0.0,3,79.072421
0.0,3,79.07567
0.0,3,79.078557
0.0,3,79.081454
0.0,2,79.083348
0.0,2,79.085403
0.0,3,79.088412
0.0,4,79.092164
0.0,3,79.094809
0.0,2,79.096564
0.0,3,79.099374
0.0,4,79.103124
0.0,3,79.105899
0.0,4,79.10938
0.0,3,79.11203
0.0,2,79.113854
0.0,3,79.11657
0.0,3,79.119278
0.0,3,79.122035
0.0,3,79.124591
0.0,3,79.127273
0.0,2,79.129082
0.0,2,79.130808
0.0,2,79.132602
0.0,4,79.136307
0.0,3,79.138962
1.5,2,79.14086
0.0,3,79.143477
0.0,3,79.146144
0.0,2,79.148223
0.0,2,79.150119
-0.450737,4,79.153638
0.0,3,79.156234
0.0,4,79.159624
0.0,3,79.162227
0.0,4,79.165694
0.0,3,79.168535
0.0,3,79.171391
0.0,2,79.173263
-0.71533,3,79.175898
0.0,4,79.179346
0.0,2,79.181021
0.0,2,79.182817
0.0,4,79.186148
0.0,3,79.188694
0.0,4,79.192038
0.0,3,79.19455
0.0,5,79.198905
0.0,3,79.201528
0.0,3,79.204096
0.0,2,79.205867
0.0,2,79.207513
0.0,3,79.210067
0.0,3,79.212686
0.0,4,79.216019
0.0,3,79.218675
0.0,2,79.220422
0.0,3,79.223085
0.0,3,79.225744
-0.059723,3,79.228302
0.0,2,79.230049
0.0,2,79.231838
0.0,5,79.236165
1.5,2,79.23794
0.0,3,79.240526
0.0,3,79.243181
0.0,5,79.247452
0.0,3,79.250068
0.0,4,79.253434
0.0,5,79.257605
0.0,2,79.259442
0.0,5,79.263755
0.0,3,79.266575
0.0,3,79.269434
0.0,2,79.271196
-0.17197,3,79.274019
0.0,3,79.276715
0.0,4,79.280371
0.0,3,79.283007
0.0,3,79.285584
0.0,3,79.288398
0.0,2,79.290277
1.5,2,79.291937
0.0,2,79.293774
0.0,3,79.296388
0.0,2,79.298112
0.0,3,79.301189
0.0,2,79.303266
0.0,5,79.307801
0.0,2,79.309631
-0.171469,3,79.312332
0.0,3,79.315259
0.0,4,79.318873
0.0,2,79.320798
0.0,3,79.323729
0.0,3,79.326474
0.0,2,79.328446
0.0,4,79.331964
0.0,4,79.33559
0.0,3,79.338234
0.0,2,79.340223
0.0,4,79.344334
0.0,3,79.347095
0.0,2,79.349022
0.0,3,79.351794
0.639807,4,79.355306
0.0,4,79.359006
0.0,2,79.360814
-1.0,4,79.364486
0.0,3,79.366999
0.0,2,79.368803
0.0,4,79.372542
0.0,3,79.375139
0.0,2,79.377021
0.0,3,79.379714
0.0,4,79.383176
0.0,4,79.386584
-0.056716,3,79.389139
0.0,2,79.390848
0.0,4,79.394107
0.0,3,79.396656
0.0,3,79.399356
0.0,3,79.401863
0.0,3,79.404477
0.0,3,79.407044
0.0,6,79.411986
0.0,3,79.414474
0.0,4,79.417832
0.0,3,79.420566
0.0,3,79.423196
0.0,4,79.426706
0.0,4,79.429963
0.0,2,79.431672
0.0,3,79.434571
1.0,4,79.43821
0.0,2,79.440356
0.0,3,79.44305
0.0,3,79.445925
0.0,2,79.447802
0.725504,4,79.451136
0.0,3,79.453857
0.0,3,79.456432
0.0,2,79.458211
0.0,4,79.461681
0.0,3,79.464266
0.0,2,79.466067
0.0,3,79.468791
0.0,2,79.470563
0.0,3,79.473128
0.0,3,79.475811
0.0,5,79.481046
0.0,3,79.484268
0.0,4,79.487784
0.0,4,79.491227
0.0,5,79.495743
0.0,3,79.498861
0.0,5,79.503592
0.0,3,79.506233
0.0,2,79.507974
0.0,3,79.510693
-0.047778,5,79.515191
0.0,3,79.518082
0.0,5,79.522501
0.0,4,79.525978
0.0,4,79.529578
0.0,4,79.533155
1.5,2,79.5349
0.0,4,79.538544
1.5,2,79.540577
0.0,2,79.542465
0.0,3,79.545395
0.0,4,79.54898
0.0,4,79.552648
0.0,2,79.554363
0.0,5,79.558918
0.0,2,79.56074
1.5,2,79.562526
1.5,2,80.630485
0.0,3,80.633174
0.0,3,80.635774
0.0,4,80.639492
0.0,2,80.641245
1.5,2,80.642937
0.0,3,80.645932
0.0,3,80.64879
-0.268228,2,80.650533
0.0,2,80.652468
0.0,3,80.655238
0.0,2,80.657104
0.0,4,80.661091
0.0,2,80.662934
0.0,3,80.665834
0.0,2,80.667726
0.0,2,80.669577
0.0,5,80.674877
1.5,2,80.676821
0.0,2,80.678899
-0.149274,4,80.682607
0.0,4,80.686283
0.0,3,80.689312
0.0,2,80.691049
0.0,5,80.695719
-0.226041,2,80.697487
0.0,3,80.700299
0.0,3,80.703272
0.0,3,80.706514
0.0,2,80.708648
0.0,3,80.711622
0.0,2,80.713589
0.0,3,80.716888
0.0,3,80.721321
-0.646785,2,80.724174
0.0,4,80.729299
0.0,5,80.735093
0.0,3,80.738285
0.0,3,80.741108
0.0,4,80.74505
0.0,5,80.750049
1.5,2,80.752215
0.0,2,80.754139
0.0,3,80.757113
0.0,4,80.761698
0.0,4,80.766458
0.0,4,80.770367
0.0,5,80.775473
0.0,4,80.780187
-1.0,5,80.786397
0.0,3,80.789972
0.0,5,80.797924
1.5,2,80.80135
0.0,2,80.805534
0.0,3,80.810932
0.0,5,80.817032
0.0,5,80.822959
0.0,4,80.827379
0.0,3,80.830004
0.0,3,80.833088
-1.0,5,80.837983
0.0,2,80.84041
0.0,4,80.844922
0.0,6,80.851739
-1.046823,2,80.85359
0.0,3,80.856594
0.0,4,80.860564
0.0,3,80.863994
0.0,2,80.866038
0.0,2,80.868077
0.0,5,80.873221
-0.052181,3,80.877253
0.0,2,80.879399
0.0,5,80.884585
0.0,5,80.890761
0.0,3,80.894932
0.0,2,80.897448
0.682618,3,80.900794
0.0,4,80.905244
0.0,2,80.907218
0.0,3,80.91014
0.0,2,80.912304
0.0,4,80.915743
0.0,3,80.918434
0.0,4,80.921866
1.5,2,80.924037
0.0,2,80.925993
0.0,4,80.929446
-0.890922,4,80.933292
0.0,3,80.935967
-0.3737,4,80.939793
0.0,4,80.943324
0.0,5,80.948132
0.0,4,80.95191
0.0,3,80.954773
0.0,4,80.9589
0.0,3,80.962426
0.0,2,80.965872
-0.136737,2,80.968185
0.0,2,80.970167
0.0,3,80.973459
0.0,3,80.976331
0.0,3,80.97925
0.0,3,80.982718
0.0,2,80.984562
0.0,3,80.987427
0.0,3,80.990434
0.0,3,80.993226
0.0,3,80.997548
0.0,3,81.001863
0.0,4,81.005784
1.492592,2,81.007708
0.0,3,81.010473
0.0,3,81.013031
0.0,4,81.016644
0.0,2,81.018382
0.0,3,81.021064
0.0,4,81.025009
0.0,3,81.027649
0.0,5,81.032163
0.0,3,81.034888
0.0,2,81.036814
0.0,2,81.038719
0.0,2,81.040825
0.0,3,81.04386
0.0,3,81.046484
0.0,3,81.049384
0.0,3,81.05236
0.0,3,81.055092
0.0,4,81.058837
0.0,4,81.062411
0.0,4,81.066079
0.0,2,81.067854
0.0,4,81.07155
0.0,3,81.074273
0.0,3,81.077066
0.0,3,81.080237
0.0,3,81.083046
0.0,3,81.086031
0.0,2,81.087831
0.0,2,81.089779
0.0,2,81.091586
0.0,3,81.094367
0.0,3,81.097223
-1.0,2,81.099311
0.0,2,81.101046
0.0,5,81.105635
0.0,4,81.109176
0.0,4,81.112787
0.0,4,81.116272
1.5,2,81.118238
0.0,4,81.122128
0.0,3,81.124888
0.0,2,81.126834
0.0,4,81.130484
1.5,2,81.132455
0.0,3,81.135375
0.0,2,81.137212
0.583959,2,81.139308
0.0,3,81.142236
0.0,3,81.145016
0.0,3,81.147989
0.0,3,81.150701
0.0,3,81.153323
0.0,3,81.156288
0.0,2,81.158047
0.0,4,81.161713
0.0,3,81.164964
0.0,3,81.168341
0.0,3,81.171182
1.5,2,81.173559
0.0,3,81.176902
0.0,2,81.178659
0.0,3,81.181491
-0.572207,3,81.185302
0.0,2,81.187517
0.0,3,81.190451
0.0,3,81.193004
0.0,2,81.195018
0.0,4,81.198526
0.0,4,81.202238
0.0,3,81.204807
0.0,2,81.20656
0.0,3,81.209175
0.0,2,81.210848
0.0,5,81.215055
0.0,3,81.217561
0.0,3,81.220073
0.173366,2,81.222003
0.0,4,81.225495
0.0,2,81.227249
0.0,2,81.228973
0.0,2,81.230678
0.0,4,81.23393
0.0,2,81.23579
0.0,2,81.237537
0.0,3,81.240061
0.0,3,81.242732
0.03008,4,81.246121
0.0,4,81.249573
0.0,4,81.25295
0.0,3,81.255465
0.0,3,81.258145
0.0,2,81.259862
0.0,2,81.261546
0.0,3,81.264141
0.0,3,81.266603
0.0,2,81.268277
0.0,2,81.269993
-0.551728,2,81.271733
0.0,3,81.274252
0.0,4,81.277586
0.0,4,81.281428
0.0,3,81.284114
0.0,5,81.288352
0.0,3,81.290896
0.0,2,81.292555
0.0,2,81.294207
0.0,3,81.296704
0.0,3,81.29936
0.0,5,81.303458
0.0,4,81.306887
0.0,5,81.310956
0.0,2,81.312682
0.0,3,81.315214
0.0,4,81.318603
0.0,2,81.32035
0.0,3,81.322876
0.0,3,81.325425
0.0,4,81.328686
0.0,2,81.330353
1.0,2,81.332006
0.0,2,81.333885
0.0,2,81.335567
0.0,2,81.337265
0.0,5,81.341582
0.0,3,81.344086
0.0,5,81.348378
1.105395,2,81.350048
0.0,3,81.352471
0.0,2,81.354203
0.0,3,81.356682
0.0,2,81.358393
0.0,3,81.361061
0.0,3,81.363581
0.0,5,81.367908
0.0,3,81.3704
0.0,2,81.372133
0.0,3,81.374602
0.0,4,81.378617
1.5,2,81.380332
0.0,2,81.382168
1.5,2,81.384058
0.0,3,81.386659
0.0,3,81.389262
1.5,2,81.39098
0.0,3,81.393433
0.0,5,81.397834
0.0,4,81.40134
0.0,3,81.404114
0.0,2,81.405854
0.0,2,81.407574
0.214025,2,81.409279
0.0,4,81.412703
0.0,2,81.414386
0.0,5,81.418646
0.413282,2,81.420397
0.0,3,81.423019
0.0,2,81.424775
0.0,2,81.426431
0.0,3,81.428977
0.0,3,81.431804
0.0,2,81.433634
0.0,2,81.435363
0.0,2,81.437287
0.0,3,81.439966
0.0,5,81.444377
0.0,2,81.446193
0.0,2,81.447945
1.5,2,81.449648
0.0,2,81.451417
0.0,4,81.454734
0.0,4,81.458236
0.0,2,81.46003
0.0,3,81.46256
0.0,5,81.466824
0.0,3,81.46931
0.0,3,81.471871
0.0,4,81.475245
0.0,3,81.477718
0.0,3,81.480595
0.0,2,81.482721
0.0,3,81.485459
0.0,3,81.488225
0.0,4,81.491999
0.168847,3,81.495628
0.0,3,81.498268
0.0,2,81.500166
0.0,3,81.502859
0.0,3,81.505499
0.0,3,81.508098
0.0,5,81.512186
0.0,3,81.514669
0.0,2,81.516302
0.0,3,81.518794
0.0,2,81.520423
0.0,5,81.524613
0.0,3,81.527099
1.5,2,81.528767
0.0,2,81.530451
0.0,3,81.532939
0.0,3,81.535432
0.0,2,81.537106
-0.545836,3,81.539726
0.0,4,81.543146
0.0,2,81.544809
0.0,3,81.547266
0.0,2,81.549083
0.0,3,81.551592
0.0,3,81.554292
0.0,2,81.556288
0.0,4,81.559875
-0.262406,4,81.563898
0.0,3,81.566499
0.0,4,81.570083
0.0,2,81.571913
0.0,3,81.574643
0.0,2,81.576634
0.0,2,81.57897
0.0,2,81.580941
0.0,3,81.58392
0.0,3,81.586885
0.0,3,81.589388
-1.0,5,81.593614
0.0,2,81.595214
0.0,3,81.597881
0.0,3,81.600758
0.0,2,81.602468
0.0,2,81.604256
0.0,2,81.605978
0.0,3,81.608664
0.0,3,81.612092
0.0,3,81.6146
0.0,3,81.617065
0.0,4,81.62073
0.0,3,81.623221
0.0,3,81.625845
0.0,3,81.628245
0.0,3,81.630677
0.0,2,81.632534
0.0,3,81.635134
0.0,3,81.637583
0.0,4,81.641182
0.0,3,81.643605
0.0,3,81.646346
0.0,5,81.650499
0.0,2,81.652184
0.0,4,81.655535
0.0,5,81.659548
0.0,4,81.663007
0.0,5,81.66706
0.0,5,81.671105
-0.730265,2,81.672747
0.0,3,81.675534
0.0,3,81.67821
0.0,2,81.679942
0.0,4,81.683581
0.0,3,81.686224
0.0,2,81.687952
0.0,4,81.691602
0.0,3,81.694433
0.0,2,81.696645
0.0,5,81.701066
0.0,4,81.705102
1.5,2,81.706859
0.0,3,81.709346
0.0,4,81.712936
0.0,3,81.71562
1.5,2,81.717495
0.0,2,81.719256
-0.016046,2,81.721088
0.0,2,81.722769
0.0,4,81.726304
0.0,3,81.733804
1.5,2,81.735489
0.0,3,81.73813
0.0,3,81.740745
0.0,2,81.742517
0.0,3,81.745577
0.0,4,81.749104
0.0,4,81.752703
0.039274,3,81.755251
0.0,3,81.757929
0.0,4,81.765201
0.0,3,81.767868
1.5,2,81.769575
0.0,3,81.772237
0.0,5,81.776668
1.5,2,81.778408
0.0,5,81.783335
0.0,4,81.787016
0.0,3,81.789621
1.161405,2,81.791301
0.0,2,81.793348
0.0,2,81.795248
0.0,5,81.799796
0.0,5,81.804353
0.0,4,81.807898
0.0,2,81.809825
0.0,3,81.812421
0.0,3,81.815266
0.0,3,81.817846
-0.098235,3,81.820844
0.0,2,81.822839
0.0,2,81.82454
0.0,4,81.827984
0.0,3,81.830496
0.0,3,81.832961
0.0,3,81.835813
0.0,2,81.837493
0.0,3,81.839983
0.0,2,81.84192
0.0,2,81.843756
1.200849,2,81.845413
0.0,2,81.847097
0.0,2,81.849053
0.0,3,81.851672
0.0,3,81.854167
0.0,2,81.856076
0.0,4,81.859443
0.0,3,81.89587
0.0,3,81.899423
0.0,2,81.901804
0.0,3,81.905132
0.0,2,81.90731
0.0,2,81.909242
0.0,3,81.912189
0.0,2,81.914502
0.0,3,81.917503
0.0,2,81.919558
0.0,2,81.921352
0.0,2,81.9232
0.0,3,81.926233
0.0,3,81.929141
0.0,3,81.932119
0.0,3,81.934993
-2.0,2,81.936904
0.0,2,81.938991
-0.801484,5,81.943667
0.0,3,81.94689
0.0,2,81.949247
0.0,2,81.951356
-0.232155,2,81.95377
0.0,3,81.957845
0.0,3,81.963665
0.0,2,81.967156
0.0,4,81.974005
0.0,4,81.978302
1.5,2,81.9806
1.5,2,81.984719
0.0,4,81.989247
0.0,4,81.993839
1.5,2,81.996634
0.0,3,82.001689
0.0,4,82.006558
0.0,3,82.009634
0.0,2,82.011703
0.0,4,82.016283
0.0,2,82.018471
0.0,3,82.021301
0.0,4,82.025569
0.0,3,82.028252
-0.64081,2,82.03037
1.5,2,82.032465
0.0,4,82.036433
0.0,4,82.040899
1.5,2,82.043015
0.0,4,82.047209
0.0,3,82.050642
0.0,3,82.054233
0.0,4,82.059282
0.0,2,82.0613
0.0,4,82.065463
0.0,2,82.067771
0.0,4,82.071618
1.5,2,82.073557
0.0,4,82.077065
1.5,2,82.079008
0.0,3,82.082047
-0.589589,4,82.085536
0.0,3,82.088141
0.0,3,82.090629
0.0,4,82.094109
0.0,4,82.097503
0.0,2,82.099238
0.0,3,82.101812
0.0,2,82.103503
0.0,4,82.106856
0.0,3,82.109464
0.0,5,82.113607
0.0,3,82.116178
0.0,3,82.118679
0.0,2,82.120414
0.0,2,82.122191
0.0,3,82.124623
0.0,2,82.126355
0.0,2,82.128095
0.0,2,82.12978
0.0,3,82.132211
0.0,3,82.134826
0.0,2,82.136536
0.0,4,82.139793
0.0,3,82.142555
0.0,2,82.144263
0.0,3,82.146742
0.0,2,82.148643
0.0,3,82.15123
0.0,5,82.155485
0.0,4,82.158846
0.0,2,82.160552
-0.913481,2,82.162301
0.0,3,82.164832
0.0,4,82.168088
0.0,5,82.172408
0.0,4,82.176118
0.0,3,82.179573
0.0,4,82.183358
0.0,2,82.185282
0.0,4,82.188807
0.0,3,82.191469
0.0,4,82.194896
0.0,2,82.196919
0.0,3,82.199679
0.0,3,82.202228
0.0,2,82.204066
0.0,2,82.205873
0.0,2,82.207692
0.0,3,82.210316
0.0,3,82.212999
0.0,2,82.214766
0.0,4,82.218399
0.0,5,82.22265
0.0,3,82.225315
0.0,3,82.227897
-0.331968,3,82.230651
0.535212,3,82.233555
0.0,3,82.236207
0.0,5,82.240763
0.0,3,82.243543
0.0,4,82.247239
0.0,3,82.249926
0.0,5,82.254264
0.0,3,82.256876
0.0,3,82.25971
1.5,2,82.261702
0.0,3,82.264285
0.0,5,82.268669
0.0,2,82.270412
0.0,4,82.273883
0.0,3,82.27662
-0.257459,3,82.279191
1.0,2,82.280969
0.0,3,82.284245
0.0,2,82.286211
0.0,2,82.288236
0.0,3,82.290933
0.0,3,82.293515
0.0,2,82.295435
0.0,4,82.29896
0.0,3,82.301747
0.0,4,82.305486
-0.830118,4,82.309132
-0.369327,2,82.311051
-0.227435,3,82.313652
0.0,4,82.317075
0.0,4,82.320438
0.0,2,82.322103
0.0,2,82.323925
0.0,2,82.325634
0.0,4,82.328939
0.0,3,82.331537
0.0,4,82.334852
0.0,3,82.337514
0.0,2,82.339268
0.0,2,82.340982
0.0,4,82.344821
0.0,3,82.347413
0.0,3,82.355112
0.0,2,82.35716
0.0,3,82.359812
0.0,2,82.361498
0.0,3,82.364105
-0.578987,2,82.365859
0.0,3,82.368369
0.0,3,82.370965
0.0,4,82.374315
0.0,4,82.377794
0.0,4,82.381703
0.0,2,82.383551
0.0,3,82.386333
0.0,3,82.388772
0.0,2,82.390586
0.0,5,82.394797
0.0,3,82.401426
1.5,2,82.403153
0.0,2,82.404933
0.0,3,82.407934
0.0,2,82.409576
0.0,4,82.41297
0.0,4,82.416189
0.0,3,82.419031
0.0,4,82.422588
1.0,3,82.42514
0.0,3,82.427737
0.0,3,82.430232
0.0,2,82.431857
0.0,3,82.434785
0.0,2,82.436478
0.0,3,82.438897
0.0,2,82.448935
0.0,2,82.451075
0.0,2,82.453131
0.0,2,82.455003
0.0,2,82.46363
0.0,5,82.469748
0.0,4,82.473695
-0.724076,2,82.475908
0.0,2,82.477834
0.0,3,82.480726
0.0,2,82.483736
0.0,3,82.487858
0.0,3,82.490966
0.0,2,82.492796
-2.0,2,82.494766
0.0,2,82.50475
0.0,3,82.508943
0.0,3,82.511802
0.0,2,82.51349
0.0,2,82.515303
0.0,3,82.518577
0.0,2,82.520416
0.0,3,82.523356
0.0,2,82.525675
0.0,4,82.531063
0.0,3,82.53405
0.0,3,82.536991
0.0,4,82.54167
0.0,3,82.550622
0.0,3,82.553756
0.0,3,82.556364
0.0,3,82.559474
0.0,3,82.562104
0.0,2,82.563954
0.0,4,82.568846
0.0,2,82.571119
0.0,3,82.574355
0.0,5,82.580508
1.5,2,82.58275
0.0,2,82.58627
0.0,3,82.590162
0.0,2,82.592009
0.0,2,82.59435
0.0,6,82.600093
0.0,3,82.603092
0.0,4,82.609127
0.0,2,82.628169
0.0,2,82.630125
0.0,3,82.633191
0.0,3,82.636498
0.0,2,82.638591
0.0,4,82.644252
0.0,3,82.647265
0.561021,4,82.65133
0.0,4,82.655148
1.5,2,82.657228
0.0,4,82.660835
0.0,2,82.66259
0.0,2,82.664532
0.0,3,82.68254
0.0,4,82.686192
0.0,2,82.687957
0.0,4,82.691334
0.0,4,82.694973
1.0,4,82.698655
0.0,2,83.7336
0.0,3,83.738482
0.0,4,83.744362
0.0,3,83.747871
0.0,3,83.752604
0.0,3,83.756131
0.0,2,83.758391
0.0,3,83.761554
0.0,4,83.765728
0.0,3,83.768866
0.0,3,83.771757
0.0,2,83.773839
0.0,3,83.776981
0.0,3,83.780205
0.0,5,83.785578
0.0,3,83.788803
0.0,2,83.790976
0.0,2,83.793242
0.0,3,83.796404
1.5,2,83.798399
0.0,3,83.801611
0.0,3,83.804644
0.0,2,83.806661
0.0,3,83.809617
0.0,5,83.814656
0.0,3,83.817892
0.0,3,83.821112
0.0,3,83.824366
0.0,4,83.82878
0.0,2,83.830884
0.0,3,83.834206
0.0,4,83.838613
0.0,2,83.840952
0.0,3,83.844353
0.0,3,83.847721
0.0,4,83.852185
0.0,3,83.855159
0.0,3,83.85857
0.0,5,83.864278
0.0,3,83.867092
0.0,3,83.870015
0.0,3,83.872799
0.0,3,83.87542
0.0,3,83.878437
0.0,3,83.881238
0.0,5,83.886317
0.0,5,83.890609
0.0,4,83.895015
0.0,4,83.89883
0.0,3,83.901597
0.0,5,83.906288
0.0,4,83.909809
0.0,2,83.911547
0.0,3,83.914565
0.0,4,83.917954
0.0,2,83.919973
0.0,3,83.922729
0.0,4,83.926481
0.0,5,83.930905
0.0,2,83.932647
0.0,4,83.936476
0.0,2,83.938276
0.0,4,83.941996
0.0,2,83.943789
-0.924271,4,83.947505
0.0,3,83.950233
0.0,4,83.953785
0.166158,2,83.955871
0.0,4,83.959431
0.0,3,83.96246
0.0,2,83.96433
0.0,4,83.96769
0.0,3,83.970664
0.0,3,83.973301
0.0,5,83.977915
0.0,2,83.979762
0.0,3,83.982628
0.0,3,83.985356
0.0,2,83.98709
0.0,3,83.990128
0.0,3,83.992721
0.0,5,83.997258
0.0,5,84.001405
0.0,4,84.005036
0.0,2,84.006794
0.0,2,84.008543
0.0,2,84.01077
0.0,3,84.013493
0.0,2,84.015176
0.0,3,84.01828
0.0,3,84.02104
0.0,3,84.023777
0.0,5,84.028059
0.0,3,84.031229
0.0,2,84.033001
0.0,4,84.03644
1.5,2,84.038326
0.0,2,84.040206
0.0,2,84.04192
0.0,3,84.04448
0.0,4,84.047817
0.0,4,84.051134
0.0,5,84.055485
0.0,2,84.057202
0.0,3,84.059712
0.0,3,84.062177
0.0,3,84.064731
0.665453,4,84.067997
-0.019425,5,84.07209
0.0,3,84.074559
0.0,2,84.076221
0.0,3,84.078722
0.0,4,84.082125
0.0,4,84.085736
0.0,4,84.089132
0.0,3,84.091608
1.5,2,84.093643
0.0,2,84.095443
0.0,4,84.100736
0.0,3,84.10377
0.0,2,84.105597
0.0,2,84.107536
0.0,3,84.110232
0.0,3,84.113161
-0.724252,4,84.118678
0.002886,3,84.121647
0.0,2,84.123461
0.0,3,84.126255
0.0,3,84.128808
0.0,3,84.133082
0.0,2,84.135632
-0.146261,2,84.137678
0.0,5,84.142411
0.0,4,84.146315
0.0,3,84.150347
0.0,2,84.152295
0.0,2,84.154143
0.0,3,84.156859
0.0,4,84.160846
0.0,4,84.164566
0.0,4,84.169503
0.0,2,84.171659
0.0,3,84.17454
0.0,4,84.178288
0.0,2,84.180388
0.0,3,84.184792
0.0,2,84.186709
0.0,2,84.188659
0.0,4,84.192119
0.0,3,84.194823
0.0,3,84.197482
0.0,3,84.199952
0.0,5,84.206053
0.0,2,84.208168
0.0,2,84.210175
0.0,2,84.211873
0.0,3,84.214662
0.156065,2,84.216604
0.0,2,84.218727
0.0,4,84.223702
0.0,2,84.225563
0.0,5,84.230318
0.0,3,84.233875
0.0,3,84.239264
0.0,4,84.24412
0.0,3,84.247278
0.0,4,84.251878
0.0,3,84.254775
0.0,3,84.259113
0.0,4,84.265002
0.0,3,84.26835
0.0,2,84.270351
0.0,3,84.273267
0.0,5,84.279417
0.0,3,84.283127
0.0,2,84.28539
0.0,2,84.287509
0.0,2,84.289548
1.5,2,84.291423
0.0,3,84.294441
0.0,5,84.301657
0.0,4,84.305769
0.0,3,84.308627
0.0,4,84.312425
0.0,3,84.315447
0.0,4,84.321107
0.0,2,84.323169
0.0,3,84.326047
0.0,3,84.328825
0.0,3,84.340754
0.0,3,84.343788
0.0,4,84.347815
0.0,3,84.350648
0.0,2,84.352426
-0.007709,3,84.355193
0.0,5,84.36124
0.0,3,84.364975
0.0,5,84.369712
0.0,3,84.372316
0.0,4,84.376568
0.0,2,84.385165
0.0,3,84.388109
0.0,2,84.389983
0.0,3,84.392664
0.0,2,84.394738
1.5,2,84.397901
0.0,2,84.400169
0.0,4,84.404003
-0.293985,3,84.406744
0.0,2,84.408621
0.543309,3,84.411378
0.0,3,84.414021
0.0,2,84.415814
0.0,4,84.42125
0.0,2,84.423386
0.0,3,84.426323
0.0,3,84.429019
1.0,2,84.431066
0.0,5,84.435848
0.0,2,84.439058
0.0,4,84.443697
0.0,2,84.4457
0.0,3,84.448566
1.5,2,84.450467
0.0,3,84.483893
0.0,3,84.487468
0.273695,3,84.49107
0.0,2,84.493345
0.0,3,84.49625
0.0,2,84.498166
0.0,3,84.501054
0.0,4,84.504696
0.0,4,84.508508
0.0,2,84.511557
0.0,2,84.514101
0.0,3,84.517077
1.5,2,84.518779
0.0,3,84.521269
-0.162724,3,84.523793
0.0,4,84.527145
0.0,3,84.5297
-1.039616,2,84.531521
0.0,2,84.533408
0.0,3,84.536159
0.0,3,84.539311
0.0,5,84.544162
0.0,4,84.547543
-1.0,4,84.551057
0.0,3,84.553738
0.0,2,84.555468
-0.565912,2,84.557236
-0.05376,3,84.560252
0.0,2,84.563018
0.0,5,84.567887
0.0,4,84.571301
0.0,2,84.573065
0.0,3,84.575563
0.0,2,84.577284
0.0,3,84.579881
0.0,4,84.583634
1.5,2,84.585475
0.0,4,84.589054
0.0,4,84.592407
0.0,2,84.594059
1.367326,2,84.595733
0.0,3,84.598249
0.0,5,84.602564
0.0,3,84.605177
0.0,2,84.607179
1.5,2,84.60889
0.0,3,84.611498
0.0,3,84.613973
0.0,5,84.618197
0.0,2,84.619871
0.0,2,84.62165
0.0,4,84.625054
0.0,3,84.627516
0.0,2,84.629218
0.0,3,84.631679
0.0,2,84.633362
0.0,2,84.635044
0.0,3,84.637485
0.0,4,84.64092
0.0,3,84.643483
0.0,2,84.645137
0.0,3,84.647641
0.0,4,84.650893
0.0,3,84.65336
0.0,3,84.655894
0.0,4,84.659134
0.0,3,84.661613
0.0,3,84.664124
0.0,4,84.667512
0.0,3,84.670055
0.0,4,84.674186
0.0,3,84.677329
0.0,4,84.681186
0.0,4,84.706861
0.0,4,84.710229
0.0,2,84.711945
0.0,3,84.714386
0.0,3,84.716915
0.0,3,84.719415
0.0,4,84.722693
0.0,6,84.727588
0.0,2,84.729216
0.0,2,84.73089
1.5,2,84.732534
0.0,2,84.734187
0.0,4,84.737582
0.0,5,84.741672
0.0,2,84.743442
0.0,2,84.745096
0.0,2,84.746707
0.0,2,84.748404
0.0,5,84.752486
0.0,2,84.754141
0.0,3,84.756475
0.0,4,84.759752
0.0,2,84.761496
0.0,2,84.763087
0.0,3,84.765508
0.0,4,84.768822
0.0,3,84.771169
0.0,3,84.773574
0.0,5,84.777569
0.0,3,84.779988
0.0,3,84.782749
0.0,3,84.785405
0.0,4,84.789198
0.0,2,84.790911
1.5,2,84.79255
0.0,2,84.794289
0.0,4,84.797591
0.0,2,84.799255
0.0,2,84.800937
0.0,2,84.802594
0.0,4,84.805941
0.0,3,84.808471
0.0,2,84.810051
0.0,4,84.813284
0.0,2,84.814919
0.0,3,84.817286
0.0,3,84.819679
0.0,3,84.822208
0.0,3,84.824612
0.0,2,84.82634
0.0,3,84.829105
0.0,3,84.831922
0.0,4,84.836099
0.0,5,84.840403
0.0,2,84.84217
0.0,3,84.844829
0.0,4,84.848738
0.0,5,84.85329
0.0,3,84.85579
0.43373,2,84.857518
0.0,5,84.861634
0.0,2,84.863489
0.0,2,84.865286
1.5,2,84.866913
0.0,2,84.868595
0.0,3,84.871074
0.0,2,84.872747
0.0,5,84.87695
0.0,2,84.878753
0.0,2,84.880377
0.0,3,84.883261
0.0,3,84.886368
0.0,3,84.888992
0.0,4,84.892342
0.0,2,84.894036
0.0,5,84.898183
0.0,3,84.900767
0.088646,3,84.90332
0.0,4,84.906638
0.0,2,84.90831
0.0,2,84.910048
0.0,3,84.912581
0.0,3,84.915131
0.0,4,84.91881
0.0,4,84.922859
0.0,2,84.924703
0.0,4,84.928575
0.0,2,84.930384
-0.194287,2,84.932226
-0.20873,3,84.935323
1.0,2,84.937863
0.0,3,84.942454
0.0,5,84.948188
0.0,3,84.951399
0.0,3,84.953975
0.0,2,84.956169
0.0,2,84.958114
0.0,4,84.961543
0.0,2,84.963727
0.0,2,84.965715
-0.022483,2,84.967454
0.0,2,84.969363
0.0,3,84.972129
0.0,3,84.974665
0.867029,2,84.97636
0.0,3,84.979334
0.0,3,84.981999
0.0,3,84.985133
0.0,3,84.988018
0.0,2,84.99018
0.0,2,84.992304
0.0,3,84.995029
0.783833,5,85.00051
0.0,3,85.003445
0.0,2,85.00552
0.0,3,85.008633
0.0,3,85.011175
-0.018166,3,85.014013
0.0,2,85.015662
0.0,5,85.020136
0.0,2,85.021806
-0.433002,4,85.025087
0.0,3,85.02801
0.0,3,85.030558
0.0,3,85.033367
0.0,3,85.035928
0.0,2,85.037643
0.0,5,85.042239
0.0,4,85.045643
0.0,3,85.048774
0.0,3,85.051455
0.0,4,85.055058
0.0,2,85.056787
0.384956,2,85.058482
0.0,4,85.062008
0.0,3,85.064499
0.0,2,85.066176
0.0,3,85.068691
0.0,7,85.074462
0.0,3,85.076944
0.593754,2,85.078639
0.0,3,85.081184
0.0,5,85.085217
0.0,3,85.087979
0.0,5,85.092135
0.0,2,85.093776
0.0,3,85.09629
0.043336,2,85.097913
0.0,2,85.099563
1.5,2,85.101236
0.0,3,85.103889
1.5,2,85.105488
0.0,2,85.107174
0.0,2,85.108848
0.0,4,85.112127
-0.333265,6,85.116909
0.0,3,85.119321
0.0,3,85.121736
0.0,3,85.124242
-0.398012,4,85.12745
0.0,4,85.13057
0.0,2,85.132162
0.0,2,85.133742
0.0,3,85.136101
0.0,2,85.137767
0.0,4,85.140977
0.0,5,85.144978
0.0,3,85.147462
0.0,4,85.150594
0.0,4,85.153965
0.0,2,85.155787
0.0,3,85.158673
0.0,2,85.160493
0.0,2,85.16241
0.0,3,85.165672
0.0,3,85.169051
1.321121,2,85.171633
0.0,4,85.175711
0.0,2,85.177769
0.0,3,85.180902
0.0,3,85.183787
0.0,2,85.185989
0.0,2,85.188041
0.0,3,85.190815
0.0,3,85.193779
0.0,4,85.197493
0.0,2,85.199508
0.0,3,85.202652
0.0,3,85.20543
0.0,3,85.208275
0.0,2,85.210019
0.0,4,85.213554
0.0,3,85.216785
0.0,2,85.218915
0.0,3,85.22212
0.0,3,85.225173
1.5,2,85.227908
0.0,4,85.23318
0.0,4,85.23803
0.0,3,85.242198
0.0,3,85.246923
0.0,3,85.252006
0.0,3,85.256123
0.0,3,85.261093
0.0,4,85.265472
0.0,4,85.269394
0.436279,2,85.271362
0.0,3,85.274417
0.0,3,85.277165
0.0,3,85.279899
0.0,2,85.281818
0.0,3,85.285005
0.0,2,85.28687
0.0,3,85.290509
0.0,4,85.294519
0.0,4,85.29842
0.0,3,85.301051
1.5,2,85.303018
0.0,2,85.305236
0.0,3,85.308148
0.0,3,85.311335
0.0,3,85.314239
0.0,3,85.316967
0.0,2,85.319679
0.0,5,85.325632
0.0,5,85.330457
0.0,5,85.335297
0.271656,2,85.336982
0.0,2,85.339175
0.0,3,85.341989
0.02744,2,85.344124
0.0,4,85.347849
0.0,2,85.34956
0.0,2,85.351371
0.0,3,85.353981
0.0,3,85.356676
0.0,4,85.361429
-0.140283,2,85.363493
0.0,2,85.365388
0.0,3,85.368114
0.0,3,85.371594
0.0,4,85.375571
0.948088,2,85.37764
0.0,3,85.380514
0.0,3,85.384082
0.0,4,85.389594
0.0,3,85.393198
0.0,2,85.395853
-0.33564,3,85.398789
0.0,2,85.400599
0.0,2,85.402438
1.5,2,85.404224
0.0,2,85.407236
0.0,2,85.409562
0.0,4,85.413482
0.0,2,85.415623
0.0,3,85.419326
0.0,3,85.422304
0.0,4,85.426126
0.0,3,85.430069
0.0,4,85.434344
0.0,2,85.436435
0.0,2,85.438357
0.0,4,85.443443
0.0,4,85.447084
0.0,3,85.450088
0.0,2,85.45204
0.0,4,85.457735
0.0,3,85.460909
0.0,3,85.464378
0.0,3,85.467424
0.0,2,85.469291
0.0,3,85.472127
0.0,5,85.478201
0.532249,2,85.480451
0.0,2,85.482755
0.0,2,85.484758
0.0,3,85.488164
0.0,2,85.490869
0.0,3,85.493943
0.0,2,85.496032
0.0,5,85.500762
1.5,2,85.503835
0.0,2,85.506092
0.0,4,85.509972
0.0,4,85.513763
0.0,2,85.516446
0.0,2,85.518461
0.012997,3,85.521304
0.0,3,85.523962
0.0,3,85.527351
0.0,2,85.52981
0.0,3,85.532983
1.5,2,85.534943
0.0,2,85.53686
0.0,2,85.539262
0.0,4,85.543889
0.0,2,85.546004
0.0,3,85.548604
0.0,4,85.552314
0.0,2,85.555387
0.0,5,85.560718
0.0,5,85.566218
0.0,2,85.568095
0.0,2,85.569898
0.0,3,85.572619
0.0,4,85.57778
0.0,2,85.579984
0.0,4,85.584362
0.330778,2,85.586787
0.0,4,85.590838
0.0,4,85.594525
0.0,3,85.598518
0.0,4,85.602665
0.0,3,85.605391
-0.227742,4,85.610872
0.0,2,85.613006
0.0,4,85.616863
0.0,4,85.622124
0.0,4,85.625958
0.0,5,85.631488
0.0,2,85.633276
0.0,3,85.636486
0.0,2,85.639725
0.0,4,85.643718
0.0,5,85.649406
0.0,4,85.65287
0.0,4,85.656606
0.0,3,85.660314
0.0,4,85.664631
0.0,4,85.668327
0.0,2,85.670249
0.0,3,85.672959
0.0,3,85.676811
-0.569956,3,85.679998
0.0,3,85.682907
0.0,4,85.686963
0.0,2,85.689019
0.0,5,85.693416
0.0,4,85.696923
0.0,2,85.698682
0.0,5,85.702651
0.282813,2,85.704386
0.0,5,85.70845
0.0,2,85.710036
0.0,2,85.711882
0.0,3,85.714315
0.0,3,85.716704
1.5,2,85.71852
0.0,3,85.721244
0.0,3,85.723872
0.0,3,85.72655
1.5,2,85.728261
0.0,3,85.731582
0.0,3,85.734491
0.0,3,85.737046
0.0,3,85.739715
0.0,3,85.742417
0.0,2,85.744188
0.0,3,85.74702
0.0,2,85.748708
0.0,5,85.752747
0.0,4,85.75628
0.0,3,85.758758
0.0,3,85.761739
0.0,3,85.764311
0.0,3,85.767981
0.0,4,85.771458
0.0,3,85.774148
0.0,3,85.77665
0.0,3,85.77909
0.0,2,85.780777
0.0,3,85.783458
0.0,3,85.78597
0.0,4,85.789707
1.5,2,85.791639
0.0,2,85.793381
0.0,3,85.79604
