#{"t_start": 1779969978.3836508, "env_id": "Blackjack4game-v1"}
r,l,t
-0.19412,3,1.561795
0.0,4,1.566288
-0.783202,3,1.569214
0.0,3,1.572809
-0.284549,2,1.574835
-0.644291,3,1.577913
0.0,4,1.581551
0.0,4,1.585584
-0.157082,3,1.588251
0.0,3,1.591264
-0.960643,3,1.594062
-0.145983,3,1.596891
0.0,4,1.60067
0.0,3,1.603494
0.0,3,1.606488
0.0,3,1.609129
0.0,2,1.611283
-1.0,2,1.613368
0.0,5,1.618067
0.014399,3,1.620942
0.0,4,1.624638
0.0,2,1.626507
-0.576105,3,1.629328
0.0,3,1.6323
-0.145144,3,1.635165
0.0,2,1.636896
-1.0,4,1.641906
0.0,5,1.646432
0.168106,3,1.64944
-1.0,2,1.65122
0.207401,3,1.653987
-1.0,3,1.656759
-0.842331,6,1.662082
-0.283089,4,1.66568
0.0,3,1.668417
-0.259219,4,1.672513
0.0,2,1.674487
0.0,4,1.678274
-0.344375,4,1.681987
0.0,4,1.685615
-0.900502,3,1.688335
0.0,2,1.690201
0.0,3,1.692786
-1.0,3,1.695551
-0.487835,5,1.70049
0.019662,4,1.704211
-0.284041,4,1.707734
0.0,2,1.70964
0.837772,2,1.711453
0.0,3,1.714123
0.0,4,1.717721
0.0,3,1.720407
0.315098,2,1.722222
0.0,4,1.725853
0.0,4,1.729379
-1.0,3,1.732136
0.0,4,1.735578
0.854081,3,1.738308
0.0,3,1.740968
-1.0,2,1.742759
0.0,2,1.744665
0.989633,5,1.749083
-0.237012,4,1.752706
0.0,3,1.755326
0.0,4,1.758844
0.0,3,1.761589
-1.0,4,1.765203
0.0,4,1.768728
-1.0,3,1.771559
-0.363114,3,1.77449
0.0,3,1.777144
1.0,3,1.779967
-1.0,3,1.782616
-0.63417,4,1.786157
-0.697959,3,1.788866
0.699942,3,1.791626
0.561858,2,1.793479
0.0,4,1.79703
-0.016091,4,1.80056
0.0,3,1.803324
0.0,3,1.806003
0.0,2,1.807833
0.0,3,1.810586
-0.520156,4,1.814169
-0.630214,2,1.815981
-0.267983,4,1.81944
0.0,4,1.823039
-1.0,3,1.825654
-1.0,3,1.828448
0.0,2,1.830317
-1.0,2,1.832106
1.5,2,1.833936
0.0,2,1.835876
0.0,3,1.838745
-1.0,3,1.841704
-0.544687,5,1.84654
0.0,3,1.849556
0.0,2,1.851557
-0.256514,3,1.854208
0.0,2,1.856111
1.0,2,1.858076
-1.0,4,1.861801
0.0,4,1.865905
-0.433508,3,1.869089
0.0,4,1.873482
-0.272079,2,1.875472
-1.0,4,1.879416
0.693933,2,1.881235
0.0,3,1.883989
-1.0,4,1.887467
0.0,4,1.891307
0.0,2,1.893168
-0.41321,5,1.897533
0.0,4,1.901057
0.0,3,1.903695
0.0,4,1.907294
-0.517808,3,1.909871
-1.0,3,1.912601
-0.494544,3,1.915198
0.0,3,1.917874
0.0,4,1.921342
-1.0,2,1.923119
-0.054895,3,1.925952
0.351376,3,1.928881
-0.160767,3,1.931543
0.0,2,1.93327
-0.29416,3,1.936171
0.0,3,1.938762
-0.145363,3,1.94166
-1.0,2,1.94336
-0.784255,5,1.947907
0.0,5,1.952101
0.0,3,1.9549
0.0,3,1.95741
-0.707264,3,1.960106
0.0,3,1.962934
0.0,7,1.969039
0.0,3,1.971546
0.0,4,1.975178
-0.027423,5,1.979896
0.0,5,1.983993
0.0,2,1.986148
-0.650081,4,1.99016
1.0,4,1.993701
0.0,3,1.996397
-1.0,2,1.998205
-0.950639,2,1.999854
0.0,3,2.002597
-0.682499,4,2.006113
-0.825216,6,2.012527
-0.277786,4,2.017158
0.0,4,2.020916
-1.304706,2,2.022921
-1.0,3,2.026147
0.159394,3,2.029095
-0.877277,4,2.032786
-0.337458,3,2.035671
-0.815063,4,2.039369
-0.321576,3,2.042026
0.0,2,2.043926
0.0,3,2.047007
0.0,3,2.049788
0.0,6,2.055669
-0.67713,2,2.057886
-1.0,3,2.061088
0.08511,3,2.064169
-0.780737,5,2.069503
0.0,5,2.075123
0.0,2,2.077426
-0.638373,4,2.081997
1.5,2,2.084077
0.0,5,2.089392
0.0,2,2.091448
0.0,4,2.09574
-1.0,4,2.099614
0.0,4,2.103643
0.0,4,2.107631
0.0,4,2.111545
0.0,4,2.115602
0.0,4,2.119348
-1.0,6,2.125028
0.0,2,2.126869
-0.599458,4,2.130468
0.412489,3,2.133082
0.0,3,2.13581
-0.815485,2,2.137556
-0.700638,3,2.140208
0.0,3,2.143632
0.0,4,2.147311
0.0,4,2.150754
-0.01389,3,2.153466
0.0,3,2.156129
0.0,3,2.158679
0.0,3,2.161265
-0.001895,6,2.169577
0.0,5,2.176291
0.0,6,2.181709
0.0,5,2.185972
-1.0,5,2.190088
0.0,2,2.191773
0.0,4,2.195073
1.0,2,2.196873
0.0,3,2.199322
1.0,3,2.201799
-1.0,3,2.204361
-1.0,4,2.207692
1.0,4,2.210959
0.0,4,2.214147
-0.240238,3,2.216572
-0.843537,4,2.21983
0.0,2,2.221456
-0.318862,4,2.224766
-0.280249,4,2.227983
0.0,3,2.230387
-0.046749,5,2.234375
-0.431043,4,2.237552
1.5,2,2.239243
-1.0,5,2.243212
0.0,2,2.244899
-0.265796,3,2.247375
0.0,2,2.249013
0.0,4,2.252401
0.0,3,2.254817
0.200348,3,2.257244
0.0,3,2.259774
-0.377024,2,2.261413
0.0,3,2.263834
0.0,4,2.267183
0.0,4,2.270399
-0.541254,3,2.272857
0.0,3,2.275641
0.005323,2,2.277346
0.0,5,2.281795
-0.30625,3,2.284344
0.0,2,2.28602
0.846416,2,2.287729
-0.632556,4,2.290893
0.0,3,2.29334
0.0,3,2.295889
-1.0,3,2.298547
0.0,4,2.301818
0.0,2,2.303406
0.0,3,2.305804
0.0,2,2.30739
1.0,3,2.3099
0.0,4,2.313094
-1.0,4,2.316406
-1.0,5,2.320387
0.0,3,2.322874
0.0,5,2.326785
0.0,5,2.330968
-0.063589,2,2.332551
-1.0,3,2.334969
-1.0,4,2.33816
0.0,3,2.340539
-0.109559,4,2.34376
0.0,3,2.346304
0.0,2,2.347872
-0.258561,3,2.350463
0.0,3,2.352794
-0.841989,4,2.355918
0.0,2,2.357581
0.0,2,2.359211
0.0,2,2.360809
-1.0,4,2.364185
0.0,2,2.365771
-1.0,3,2.368217
-0.977712,6,2.373253
-0.73236,4,2.376596
-0.346718,2,2.37864
0.0,2,2.380469
1.5,2,2.382187
-0.367394,3,2.385043
0.0,3,2.387672
-0.285045,3,2.39036
-0.921321,3,2.393345
0.0,3,2.396026
0.0,4,2.399755
0.0,2,2.401594
0.0,3,2.404247
0.0,4,2.407584
-0.467923,4,2.410864
-0.463643,3,2.413359
-0.783419,3,2.415674
-0.984392,2,2.417235
0.0,3,2.419673
0.0,2,2.421232
-0.339027,5,2.425138
-1.0,3,2.427598
0.0,4,2.430727
-0.703797,2,2.432275
0.0,3,2.434933
-0.451511,3,2.437342
-1.0,4,2.440646
0.0,3,2.443101
0.0,4,2.446281
-1.0,3,2.448774
0.419182,4,2.451886
-0.199729,3,2.454327
0.0,4,2.457463
-2.0,2,2.459095
1.5,2,2.460665
0.0,3,2.463149
-0.032261,2,2.464747
-0.084165,4,2.513226
1.5,2,2.514939
1.0,4,2.518385
-1.0,4,2.52167
0.0,3,2.524329
0.0,3,2.526828
-0.09649,5,2.531054
-1.0,2,2.880505
-0.105087,3,2.884464
0.0,3,2.888486
0.0,3,2.891671
0.0,4,2.896146
0.0,3,2.899363
0.0,5,2.905347
-0.11843,4,2.909986
0.038652,2,2.91218
-1.0,3,2.915021
0.0,2,2.917021
0.0,4,2.921031
0.0,3,2.924003
-0.174606,5,2.92905
0.116212,3,2.932124
-0.079089,3,2.935412
-0.398964,3,2.938547
-0.434114,5,2.944251
0.0,2,2.946384
0.0,3,2.949389
0.0,4,2.953382
-0.282691,4,2.957296
-0.64935,4,2.961183
0.0,2,2.963106
0.0,4,2.966971
0.0,3,2.97002
0.383113,3,2.97312
0.0,3,2.976163
-0.016353,3,2.97949
-0.928351,3,2.982464
0.607026,5,2.987234
0.0,3,2.990175
-0.539827,2,2.992288
-0.706456,2,2.994235
0.50813,3,2.997156
0.0,4,3.001109
-1.0,2,3.0031
-1.0,3,3.005962
-0.593433,3,3.008835
0.0,3,3.012079
0.0,3,3.015662
-0.378603,3,3.018708
0.0,3,3.021857
0.0,2,3.024013
0.0,4,3.027923
-0.66444,3,3.030958
0.0,5,3.035708
0.0,4,3.039628
-0.467594,4,3.04372
0.0,3,3.046617
-0.413431,4,3.050941
0.010663,2,3.053004
0.0,2,3.055016
0.0,4,3.058964
0.0,3,3.061956
0.0,2,3.063866
0.0,3,3.066917
0.0,4,3.07097
-0.103955,2,3.073115
0.0,2,3.075315
0.0,2,3.077559
-0.176881,4,3.081451
0.0,2,3.083698
0.0,4,3.087699
-0.523782,2,3.089791
0.807145,3,3.093
1.5,2,3.094922
0.0,2,3.097048
0.0,4,3.101118
0.0,3,3.104254
-1.0,3,3.107354
0.0,4,3.111431
-0.496499,3,3.11451
-1.0,3,3.117536
0.0,4,3.121621
-1.0,4,3.125756
0.0,2,3.128049
0.0,3,3.131162
-0.584462,4,3.135232
0.0,2,3.137085
0.0,3,3.140278
-0.131281,3,3.14339
0.0,4,3.14745
0.082662,3,3.150408
-1.0,3,3.153521
-1.0,3,3.156626
0.0,4,3.161861
-1.0,3,3.165513
-0.095108,2,3.167773
1.0,3,3.171581
0.0,4,3.176195
0.0,4,3.180635
-0.005874,2,3.182909
-0.253734,4,3.187684
0.0,4,3.192346
-0.442442,3,3.195705
0.0,4,3.199819
-0.995483,3,3.203093
0.0,3,3.206178
0.0,3,3.209457
0.0,4,3.213313
0.0,6,3.219435
0.0,2,3.221388
0.0,3,3.224568
1.5,2,3.226607
0.0,4,3.230682
0.829165,2,3.232735
0.0,3,3.235756
1.0,3,3.238995
-0.138392,4,3.243113
0.0,4,3.247121
0.0,4,3.251309
0.218358,2,3.25338
0.5528,4,3.257465
0.0,4,3.261539
0.0,2,3.263566
0.0,2,3.265867
0.0,2,3.26798
0.0,3,3.271294
0.0,4,3.275435
0.0,2,3.277926
-1.0,5,3.283179
0.0,2,3.285355
0.122108,2,3.28754
0.0,4,3.291522
-0.26873,4,3.295628
-0.405138,4,3.299675
0.0,3,3.302796
0.155674,4,3.306922
-0.927436,3,3.310094
-0.390576,3,3.313317
0.0,5,3.318906
0.0,4,3.323178
-1.0,3,3.326352
0.0,4,3.330525
0.0,4,3.334623
0.0,3,3.337751
-0.720169,3,3.340878
0.0,5,3.345856
0.0,2,3.348188
0.0,3,3.351253
0.0,2,3.353244
0.0,5,3.358394
0.0,3,3.361842
0.0,4,3.366216
-1.0,3,3.369623
0.0,4,3.374078
0.0,4,3.378894
0.0,5,3.384095
0.0,3,3.387203
-0.139666,2,3.389466
0.613372,2,3.391653
-0.063146,5,3.396949
0.0,5,3.404626
0.0,3,3.409741
0.0,3,3.413721
0.570012,2,3.415709
-0.479475,2,3.41806
0.0,2,3.420354
0.332219,3,3.423485
0.0,4,3.428068
0.0,4,3.432277
0.0,4,3.436816
0.0,3,3.440175
0.0,2,3.442463
0.313638,3,3.44568
-0.795015,3,3.449068
-0.207151,6,3.455403
0.856657,3,3.458345
0.0,4,3.46279
-0.928422,4,3.467086
0.0,2,3.469484
0.0,2,3.471504
-0.047933,4,3.476062
1.5,2,3.478311
0.0,3,3.482254
-0.211987,3,3.485309
0.0,3,3.488726
0.0,4,3.492773
0.0,3,3.496436
0.0,2,3.498734
0.359277,4,3.50316
0.0,3,3.506279
-0.618145,3,3.50982
0.0,2,3.512018
0.722855,5,3.517587
0.0,3,3.52061
-0.14862,5,3.526312
0.0,5,3.531924
0.0,2,3.533954
0.0,5,3.53974
0.0,4,3.544527
0.0,2,3.546765
-0.457885,4,3.551368
0.0,2,3.553765
0.0,5,3.560781
0.0,3,3.565408
-0.379978,4,3.570416
-0.784074,5,3.577038
0.0,2,3.57983
0.0,3,3.583465
0.0,3,3.587327
-0.898048,3,3.590647
0.0,4,3.595424
0.0,3,3.599147
0.0,3,3.602978
0.219113,3,3.606457
0.0,3,3.610145
0.0,6,3.616738
0.0,2,3.618957
-1.0,3,3.622877
0.0,4,3.62744
0.0,3,3.631283
-1.0,3,3.634659
0.257167,2,3.637275
0.0,3,3.641028
0.0,3,3.644845
0.0,3,3.64853
0.161894,2,3.651163
0.0,3,3.65498
-0.843751,5,3.662656
0.0,3,3.666313
0.0,4,3.672198
-0.575875,2,3.675477
0.0,3,3.679418
0.0,5,3.68583
0.0,3,3.689604
0.530506,3,3.693648
0.0,2,3.696227
0.92726,2,3.698876
1.0,2,3.701877
0.0,3,3.706325
0.706502,3,3.710218
0.0,3,3.714206
0.0,3,3.718462
0.0,3,3.722053
0.639992,3,3.72597
0.0,4,3.730298
0.104572,3,3.733973
0.0,3,3.73701
0.0,3,3.740878
0.0,2,3.743314
0.0,6,3.750252
0.0,4,3.755087
-0.046097,4,3.759593
0.0,4,3.763855
1.5,2,3.766327
-0.112388,5,3.771552
0.0,4,3.776239
-0.164577,2,3.77838
0.0,3,3.782473
-0.172529,2,3.784562
0.0,2,3.78703
0.0,4,3.791466
-0.027032,5,3.797151
0.0,3,3.80044
-1.0,3,3.803925
0.643575,2,3.806064
1.0,3,3.809464
0.0,4,3.813701
0.0,2,3.81618
0.0,3,3.819418
0.0,3,3.822961
0.0,3,3.826212
0.0,2,3.828638
0.0,3,3.832132
0.0,3,3.835485
-1.0,4,3.839995
0.070046,4,3.844435
0.0,2,3.846586
0.0,2,3.848767
-1.0,4,3.853102
0.0,4,3.857421
0.0,4,3.861467
-0.143412,4,3.865772
-0.433824,2,3.86787
0.0,3,3.871161
-0.060503,3,3.874239
-0.573967,4,3.878895
-0.244741,4,3.883111
-0.182617,2,3.885515
0.0,2,3.887566
0.0,2,3.889655
0.0,5,3.895028
0.0,3,3.898213
0.0,2,3.900367
0.0,4,3.904515
0.0,5,3.909648
-0.747729,4,3.914217
0.689617,2,3.916287
-0.252893,3,3.919637
-0.882534,3,3.922725
0.0,2,3.924766
-0.89544,3,3.928061
0.0,6,3.934451
0.0,3,3.937949
0.396401,4,3.942362
-0.71637,3,3.946454
-0.285705,4,3.950802
-0.552715,4,3.955129
0.0,3,3.958461
-1.0,5,3.963708
1.5,2,4.015121
0.0,3,4.019897
0.0,3,4.025494
-0.094025,3,4.03031
0.0,3,4.034857
-0.404353,3,4.039793
-0.935155,4,4.045993
0.0,3,4.049538
0.0,5,4.055251
0.0,2,4.057708
0.56155,4,4.061916
0.0,3,4.065566
0.0,4,4.06969
0.0,3,4.073363
0.0,4,4.175067
0.898641,4,4.180427
0.0,3,4.184344
0.0,4,4.188904
0.0,2,4.191465
-0.513167,3,4.194696
0.0,4,4.199323
-0.424565,2,4.201781
0.0,4,4.206652
0.0,4,4.210957
-1.0,6,4.21719
0.0,2,4.219622
-0.221332,2,4.221705
-0.678533,3,4.224919
-1.0,4,4.229092
-0.122068,3,4.232411
0.0,4,4.23652
0.0,4,4.240801
0.0,2,4.242796
0.0,2,4.244828
1.0,4,4.249316
0.0,5,4.254584
-0.215334,3,4.257751
0.0,3,4.261168
-0.202426,2,4.263228
-0.244611,3,4.266321
0.951169,2,4.26853
0.0,3,4.271628
-0.021171,4,4.275963
-1.0,5,4.281542
-0.344048,3,4.285332
-0.370484,4,4.290044
0.0,5,4.295627
0.0,5,4.300909
0.0,3,4.304226
0.0,3,4.307309
0.0,3,4.310667
0.0,3,4.313741
0.0,4,4.318231
0.0,2,4.320277
1.011944,2,4.32242
-0.739499,3,4.325663
-1.0,2,4.327646
0.0,2,4.329821
0.0,2,4.33215
0.0,3,4.335185
0.0,4,4.339334
0.0,5,4.344493
0.0,3,4.347868
0.0,3,4.351222
0.0,2,4.353343
-1.0,3,4.356302
0.0,3,4.359543
-0.991962,5,4.364883
0.396472,3,4.368096
0.0,4,4.37216
0.0,2,4.374236
-1.0,3,4.377172
0.0,3,4.380701
0.0,4,4.384952
0.0,4,4.389307
-1.0,4,4.3936
0.0,2,4.395888
0.109602,2,4.397976
0.0,4,4.402378
0.0,3,4.405509
-1.0,2,4.407913
1.813252,2,4.410072
0.0,3,4.413383
-0.534712,3,4.416635
0.0,4,4.420826
0.0,4,4.425118
0.0,2,4.427265
0.0,5,4.43223
-0.666362,3,4.436104
0.0,5,4.442044
-0.270977,4,4.446301
-0.928806,3,4.449677
0.0,4,4.453972
-0.658172,4,4.458504
0.0,2,4.460555
0.0,3,4.464059
0.0,3,4.467081
-0.244409,3,4.470446
0.0,3,4.473261
-0.207719,4,4.477311
0.0,5,4.48237
-0.684604,4,4.486964
0.0,3,4.490365
-1.0,5,4.495422
0.0,3,4.498843
-0.347581,3,4.501952
0.0,4,4.506507
0.0,3,4.509647
-1.0,3,4.513177
-0.969439,4,4.517265
0.0,2,4.519658
0.0,3,4.5231
0.0,3,4.527138
0.0,3,4.530794
0.0,4,4.535578
0.0,4,4.539718
0.0,2,4.541839
0.0,4,4.546043
1.461325,2,4.548355
0.0,4,4.55322
1.5,2,4.555538
0.0,3,4.558679
0.0,2,4.561238
0.0,2,4.563668
0.0,2,4.565983
0.0,3,4.57017
0.0,2,4.572641
0.0,3,4.576819
-0.305925,3,4.580637
-0.82948,5,4.586589
0.0,4,4.591316
0.0,3,4.594911
0.0,3,4.598131
2.0,2,4.600259
0.0,2,4.602803
1.0,3,4.606337
0.0,4,4.6109
1.5,2,4.612843
0.0,4,4.617459
0.0,3,4.620641
-1.0,4,4.625615
0.0,3,4.629218
0.0,2,4.631475
0.0,5,4.636956
-0.95153,3,4.640448
0.0,2,4.643039
-0.970272,5,4.648566
0.0,3,4.652197
0.0,3,4.655456
0.0,2,4.65788
0.0,3,4.661131
0.0,3,4.664683
-1.0,2,4.66704
-0.746364,2,4.669247
0.0,3,4.67295
0.0,2,4.675008
-0.18591,4,4.679568
-1.0,4,4.68413
0.0,4,4.688693
0.0,3,4.692297
0.0,3,4.695737
-0.578247,3,4.699074
-0.13826,4,4.703293
0.249889,3,4.706816
1.0,3,4.710154
-1.0,3,4.713632
1.5,2,4.715879
0.0,3,4.719121
0.0,4,4.723324
0.0,4,4.727742
0.0,5,4.733108
0.0,3,4.736193
0.0,4,4.740301
-1.0,4,4.744256
0.0,4,4.7482
0.0,4,4.752858
-1.0,5,4.75826
0.0,3,4.761293
0.0,2,4.763475
0.545118,2,4.765543
-0.476211,2,4.767563
-0.502685,4,4.771814
0.0,3,4.774889
0.0,6,4.780841
0.0,4,4.785359
1.0,2,4.787428
0.0,2,4.789964
0.0,3,4.793396
0.0,3,4.796774
0.0,3,4.79992
0.0,3,4.802763
0.0,2,4.804982
0.0,2,4.807054
0.0,4,4.811117
0.0,2,4.813302
0.0,3,4.816267
0.314596,2,4.818706
0.0,2,4.820878
0.0,3,4.824099
0.698732,2,4.826404
-0.516742,4,4.830316
0.0,4,4.834657
-0.862343,6,4.84103
0.0,3,4.84406
0.0,3,4.847409
0.0,3,4.850577
0.565849,3,4.854045
0.0,3,4.857093
0.0,3,4.860539
0.0,4,4.864524
1.0,4,4.868641
0.0,4,4.872518
1.0,4,4.876894
0.032037,4,4.880956
0.0,6,4.887743
0.0,3,4.891296
0.0,3,4.894973
-1.0,4,4.899842
0.0,3,4.903616
-0.11527,2,4.905764
-0.141415,4,4.910239
1.0,3,4.91374
0.0,4,4.918207
-1.0,3,4.921556
0.0,2,4.923821
-0.961509,4,4.927888
0.0,4,4.932155
-0.415423,4,4.936542
0.0,4,4.940652
0.0,4,4.944821
0.0,5,4.950405
0.0,2,4.952839
0.0,3,4.956695
1.0,3,4.960275
-0.117212,3,4.963833
0.0,2,4.966526
0.0,2,4.968919
0.0,3,4.972567
-0.099401,2,4.974744
0.381221,3,4.979044
0.0,3,4.982328
-0.030402,4,4.986866
0.0,4,4.990736
0.0,5,4.996025
0.0,3,4.999732
0.0,3,5.003366
0.0,3,5.007349
-0.741387,5,5.014337
0.0,5,5.020361
-0.503325,2,5.022753
-0.773021,4,5.027313
0.0,2,5.029554
-1.155659,2,5.031713
-0.848541,5,5.037463
0.0,2,5.039604
0.0,2,5.041945
0.0,2,5.044128
0.0,2,5.046361
0.0,2,5.049146
0.0,4,5.053907
-0.326778,2,5.056657
0.0,3,5.059969
0.0,2,5.062628
-2.0,2,5.064834
0.0,3,5.068095
-1.0,3,5.071568
0.0,3,5.074753
0.0,2,5.077307
0.0,3,5.0804
-1.0,2,5.082521
0.0,3,5.086231
0.0,4,5.091161
0.0,4,5.095614
0.0,3,5.099459
0.0,3,5.102862
0.0,4,5.107667
0.0,3,5.111538
0.0,3,5.115317
0.0,2,5.117769
0.0,4,5.122649
-0.349831,4,5.127692
-0.402389,2,5.129955
-1.0,3,5.133654
0.0,4,5.138367
-0.030133,3,5.141726
0.0,2,5.143964
0.0,4,5.148452
0.0,5,5.154355
0.0,3,5.157492
-0.800963,3,5.161065
0.0,3,5.164174
0.0,3,5.167823
0.557192,2,5.170015
0.0,4,5.174801
0.0,3,5.177973
-0.375074,2,5.180425
-0.142663,3,5.1837
0.0,3,5.187241
0.0,2,5.189449
-0.350205,2,5.191615
-0.003999,4,5.195988
0.835317,2,5.198008
-0.028874,4,5.202395
1.0,2,5.204684
0.0,5,5.21084
0.0,3,5.21454
-0.055587,2,5.216971
0.0,3,5.220021
0.0,4,5.224287
-0.355582,4,5.227823
-0.579871,3,5.231256
-0.205299,5,5.236623
-0.261315,7,5.28937
1.0,3,5.292776
0.0,3,5.295716
-0.008941,3,5.299015
0.0,2,5.301064
-1.0,3,5.304105
0.0,2,5.306653
0.0,3,5.30962
0.0,3,5.312927
-0.623339,3,5.316072
0.0,5,5.321519
-0.284524,2,5.323481
0.0,2,5.32548
-0.188004,4,5.329788
1.0,2,5.331903
-0.601257,3,5.335484
0.0,3,5.338439
1.0,2,5.340953
0.0,3,5.343956
0.0,2,5.345894
0.0,2,5.34842
0.124865,2,5.350572
0.0,3,5.354022
0.0,3,5.357282
0.0,5,5.458797
0.0,2,5.46141
0.0,2,5.463698
0.0,3,5.467446
0.0,4,5.471258
0.0,3,5.47479
0.0,4,5.478641
0.0,3,5.482095
-0.195935,3,5.485658
-0.939949,4,5.490195
-0.901905,3,5.494191
0.0,3,5.497336
-1.0,3,5.500908
0.0,3,5.503893
0.0,3,5.507313
0.0,2,5.509592
-1.0,5,5.514985
-0.808167,2,5.517006
0.0,4,5.521538
-1.0,3,5.524605
-0.067428,4,5.529012
-0.520136,3,5.532077
-0.057623,3,5.535677
0.0,3,5.539052
-0.965742,5,5.544799
0.0,6,5.551165
0.0,3,5.554161
0.0,4,5.558715
0.0,3,5.561632
-0.167657,2,5.564109
0.0,3,5.567179
-1.0,3,5.570461
-0.248117,3,5.573639
0.0,3,5.576701
0.0,2,5.578996
-0.740607,3,5.58199
0.0,3,5.585635
0.0,3,5.588705
0.0,3,5.592319
-1.0,2,5.594756
0.0,2,5.597002
-0.795307,2,5.599509
-0.148411,6,5.605546
0.0,4,5.609612
0.0,2,5.611951
0.0,4,5.616234
-0.189286,2,5.618989
0.0,4,5.623231
0.0,4,5.627575
0.0,2,5.629458
-0.355312,2,5.631247
-0.883073,2,5.633736
-0.039853,4,5.637582
0.0,4,5.641986
0.181149,3,5.644954
0.0,2,5.647444
0.0,3,5.650468
0.0,3,5.653783
-1.0,3,5.656976
0.0,2,5.6589
0.0,4,5.66341
0.704595,2,5.665345
0.0,2,5.667802
-1.0,5,5.672817
0.0,2,5.675331
-0.49392,4,5.679307
0.0,2,5.681784
0.0,3,5.684978
0.0,2,5.686909
0.354016,2,5.689473
0.0,2,5.691773
-0.688725,2,5.693859
0.0,2,5.696527
0.0,2,5.698647
0.0,2,5.700578
0.93546,2,5.703215
0.0,4,5.707249
0.091177,2,5.709648
-1.0,2,5.71184
-0.481132,3,5.714753
0.0,5,5.720073
0.0,3,5.723205
0.0,2,5.725425
0.0,3,5.72821
0.0,4,5.732702
0.0,3,5.735685
0.0,2,5.738403
0.0,3,5.74157
-0.503405,5,5.747232
-0.41789,2,5.749279
0.0,2,5.751818
0.0,4,5.755671
0.0,4,5.760073
0.0,2,5.76205
0.0,3,5.765271
-1.0,3,5.768385
0.0,4,5.773097
0.0,3,5.77596
0.0,4,5.780366
-0.440044,4,5.78435
0.0,3,5.788309
0.0,3,5.791456
0.0,3,5.795077
0.0,3,5.79805
1.0,2,5.800651
-0.810066,3,5.803713
0.0,2,5.805567
1.5,2,5.808166
-0.293965,5,5.813236
0.0,3,5.81645
0.0,5,5.821538
0.0,2,5.823408
0.0,2,5.825253
0.084518,3,5.828475
0.0,4,5.832087
-0.840086,3,5.835861
0.0,3,5.839075
0.0,3,5.842504
0.0,3,5.845462
0.0,5,5.850669
-1.0,3,5.853496
0.688575,3,5.856758
0.0,2,5.85882
0.0,5,5.864073
0.0,3,5.867051
0.0,4,5.871323
-0.623194,3,5.874224
0.0,4,5.878491
-0.670427,3,5.881379
0.0,2,5.883664
0.0,2,5.885787
-0.349753,3,5.888688
-0.34518,4,5.893059
0.0,5,5.898405
1.0,4,5.9021
-0.072847,5,5.907228
-1.0,4,5.911135
0.0,3,5.914437
0.0,2,5.916319
-0.838576,2,5.91862
-0.81023,3,5.921663
-0.352653,4,5.926224
0.0,2,5.928427
0.0,4,5.93242
0.0,3,5.935555
1.5,2,5.937469
0.0,4,5.941739
0.0,3,5.944806
0.0,6,5.950649
0.971199,2,5.952675
-0.336197,3,5.955973
-1.0,4,5.960351
0.0,3,5.963501
0.0,3,5.966789
-0.625369,3,5.969976
-0.775223,3,5.972921
0.0,4,5.976771
0.0,4,5.98154
-0.341048,5,5.987061
1.0,4,5.991698
-0.856874,3,5.995367
-0.568723,3,5.99857
0.0,3,6.002246
0.0,3,6.005583
-0.35886,2,6.00756
0.0,3,6.010988
0.0,5,6.015976
-0.2198,3,6.019318
0.0,4,6.023872
0.0,4,6.02805
0.0,5,6.033951
0.0,4,6.038401
-0.944822,3,6.041619
0.0,3,6.044955
1.5,2,6.047022
0.0,4,6.051114
-1.0,3,6.054287
0.0,4,6.058716
0.0,3,6.062045
0.0,4,6.066389
-0.892317,5,6.071695
-0.365326,3,6.0751
-0.966966,2,6.077252
-0.22686,3,6.080717
0.0,2,6.08298
-0.56154,3,6.086343
-1.0,3,6.089712
-1.0,2,6.091954
0.0,4,6.096007
0.0,5,6.100986
0.0,3,6.103917
0.0,6,6.109796
0.0,3,6.112893
-0.072632,4,6.116978
0.0,2,6.119015
-1.0,2,6.121165
-0.049442,4,6.125049
0.0,3,6.128336
-1.0,3,6.131263
0.0,2,6.133422
-0.422692,3,6.136607
-0.153716,3,6.139484
0.0,3,6.143032
-0.07123,2,6.145077
0.0,4,6.149225
0.0,4,6.15311
-0.559548,3,6.156436
0.712081,3,6.159385
0.0,3,6.162673
0.0,2,6.164692
0.0,3,6.167815
0.0,4,6.171867
0.0,4,6.176061
0.0,3,6.17911
0.0,2,6.181286
0.0,2,6.183798
-1.0,5,6.189362
0.0,3,6.192627
0.0,3,6.195488
0.0,3,6.198657
0.0,2,6.200667
1.5,2,6.20262
0.0,3,6.205739
0.0,2,6.207727
0.0,2,6.209771
0.0,3,6.213052
-0.233448,7,6.22044
0.0,3,6.223625
-0.676699,3,6.226969
-0.224598,5,6.232325
0.0,4,6.23662
0.0,2,6.239044
-0.441599,3,6.242138
0.0,6,6.247651
0.0,3,6.25094
0.0,3,6.254098
-0.081,5,6.259271
-0.192093,3,6.262321
0.0,3,6.265908
0.0,3,6.269207
0.0,4,6.273926
-0.315193,3,6.277233
0.0,6,6.283618
0.0,2,6.286015
0.0,3,6.289315
0.0,3,6.292629
0.0,2,6.29475
-1.0,2,6.296618
-0.586405,3,6.299515
-0.841917,3,6.302469
-1.0,3,6.305446
0.0,2,6.307486
0.0,3,6.310268
0.0,2,6.31224
0.0,4,6.316224
-1.0,4,6.320281
0.0,3,6.323224
0.311327,4,6.327514
0.0,3,6.330916
0.0,3,6.334474
-0.217754,2,6.33673
0.0,4,6.341054
0.0,3,6.344103
-0.054108,3,6.347202
0.008211,3,6.350134
-1.0,4,6.354199
-0.236746,3,6.357543
0.0,4,6.361625
-0.80161,3,6.365025
0.0,2,6.367337
0.0,3,6.370739
-1.0,2,6.372778
0.0,3,6.375856
0.0,3,6.379192
0.0,4,6.383618
0.0,3,6.387325
0.0,4,6.391618
0.0,2,6.393631
0.0,3,6.396784
0.0,3,6.399771
0.0,2,6.401661
1.0,3,6.404632
0.0,4,6.408726
0.0,2,6.411106
0.0,3,6.414204
0.0,5,6.419089
0.0,5,6.423673
0.0,2,6.425823
0.0,3,6.428933
-1.0,4,6.433537
0.0,3,6.43693
0.0,2,6.439258
0.0,2,6.441743
-1.0,5,6.4475
0.0,3,6.497938
0.550364,2,6.500066
0.0,4,6.503985
-0.178857,4,6.5079
0.0,3,6.51056
-1.0,3,6.513212
-1.0,4,6.517141
-0.710181,2,6.518977
0.067161,3,6.522034
-1.0,3,6.524928
-0.457635,2,6.526729
-0.335549,3,6.529973
0.0,2,6.531834
0.0,3,6.53489
-0.913656,2,6.537047
0.0,3,6.539901
0.0,3,6.542809
-1.0,4,6.546645
0.0,4,6.550528
0.44202,4,6.554047
0.15647,3,6.557037
0.0,2,6.558884
0.0,2,6.56075
0.0,2,6.562624
0.0,3,6.565491
-0.706206,3,6.568148
-1.0,4,6.571975
0.0,2,6.573914
0.0,2,6.576062
0.0,3,6.579182
0.0,3,6.581917
0.0,3,6.584932
0.0,4,6.588488
0.422288,5,6.680248
0.0,3,6.684768
0.0,3,6.688978
0.0,4,6.694411
0.0,4,6.700651
0.0,3,6.704502
0.0,2,6.706475
0.0,3,6.709468
0.0,5,6.714198
0.0,4,6.718529
-0.020962,4,6.722211
-0.940443,3,6.725505
0.0,2,6.727489
-0.44565,2,6.729337
0.0,3,6.732475
-1.0,2,6.734378
1.0,3,6.737317
-0.067967,3,6.740174
0.0,4,6.743836
0.0,6,6.749325
0.0,5,6.754019
0.0,4,6.757601
0.386559,3,6.76065
0.0,4,6.764346
0.0,4,6.768268
0.876375,2,6.770015
-0.218876,5,6.774694
-0.248725,3,6.777341
0.0,4,6.781263
0.0,2,6.783137
-0.0086,3,6.785935
-0.714062,4,6.789631
0.0,3,6.792378
0.0,3,6.795413
-0.198942,3,6.798084
-0.385828,2,6.800192
0.0,3,6.803279
0.0,4,6.807049
0.0,3,6.80997
0.0,3,6.812521
0.0,3,6.815583
0.0,4,6.819201
0.0,4,6.823145
-0.157213,3,6.825791
0.0,2,6.82784
0.0,3,6.830646
0.0,2,6.832466
0.0,2,6.83459
0.0,2,6.836564
0.0,3,6.839299
0.0,2,6.84129
0.0,5,6.845801
0.0,3,6.848651
-0.656917,2,6.850599
0.0,3,6.853271
0.0,4,6.857085
0.0,6,6.862468
0.0,4,6.866103
0.0,2,6.867829
0.0,4,6.871495
0.0,3,6.874114
0.0,3,6.876945
0.0,4,6.880455
1.5,2,6.882193
0.0,3,6.885024
0.0,2,6.88688
0.0,3,6.889584
0.0,3,6.892471
0.0,4,6.896013
1.0,3,6.899217
-0.537581,2,6.901182
0.0,3,6.90402
-0.235691,3,6.906915
0.0,3,6.909659
0.0,2,6.911579
0.0,3,6.914678
0.0,5,6.919662
0.0,4,6.923566
0.84328,3,6.926516
-0.457718,4,6.930454
0.0,4,6.934342
-0.390894,6,6.940944
0.021954,2,6.942982
0.0,2,6.945012
0.0,5,6.949635
-0.140604,3,6.952546
-0.140019,3,6.955453
0.0,2,6.957425
0.0,3,6.960474
0.0,2,6.962394
0.0,3,6.96525
0.0,4,6.969535
0.0,4,6.973436
-0.134475,4,6.977102
0.0,5,6.983293
-0.011786,3,6.988168
0.0,3,6.993174
0.0,4,6.999293
-0.552204,2,7.0025
0.990047,2,7.005744
-0.478342,3,7.01075
-0.798835,4,7.017513
-1.0,3,7.020658
0.0,2,7.022692
0.0,4,7.026721
0.0,3,7.029572
0.0,3,7.032274
-0.881988,5,7.037001
0.0,3,7.039736
0.0,4,7.043582
0.0,3,7.046237
-0.033639,3,7.049098
0.0,4,7.052895
0.0,3,7.055825
0.929709,2,7.057874
0.0,2,7.059741
0.0,3,7.06264
0.0,2,7.064622
-0.084453,3,7.067302
0.0,3,7.070226
0.0,2,7.072094
0.0,2,7.073922
-0.421271,2,7.075783
1.0,4,7.079343
0.0,4,7.08301
0.0,5,7.087548
0.0,5,7.091972
-0.151143,4,7.095493
0.61053,2,7.097341
0.0,4,7.10138
0.0,2,7.103306
0.0,3,7.105996
-1.0,4,7.109455
-0.798059,3,7.112186
-0.304176,3,7.115098
0.0,3,7.11789
0.0,6,7.123097
-0.898566,3,7.125866
0.0,2,7.127756
0.0,4,7.131415
0.0,3,7.134169
0.0,3,7.136781
1.086246,2,7.138704
-1.0,5,7.143174
0.0,5,7.147779
-0.262999,3,7.150361
0.0,3,7.153177
0.0,2,7.154997
0.391661,5,7.159378
-0.33508,2,7.161181
-0.337814,2,7.163023
0.0,5,7.167338
-0.028157,5,7.171512
0.0,2,7.173386
0.0,5,7.177914
-0.32678,5,7.182323
0.0,2,7.184358
0.0,4,7.187878
1.0,3,7.190751
0.0,2,7.192546
0.0,2,7.194391
0.0,4,7.198065
0.0,2,7.199798
0.0,3,7.202511
0.0,2,7.204453
0.507088,3,7.207394
-1.0,3,7.210173
0.0,3,7.213509
0.0,5,7.218823
0.0,2,7.220767
0.0,2,7.222893
0.0,4,7.226744
-0.359002,2,7.228695
0.0,3,7.231487
0.0,2,7.233397
-0.948404,3,7.236107
0.0,3,7.238894
0.0,6,7.244138
0.0,3,7.247024
0.0,3,7.249761
0.0,3,7.252563
-0.826281,3,7.255268
0.0,2,7.257069
0.0,4,7.260757
0.0,4,7.264268
-0.89601,3,7.267172
0.0,2,7.269082
-0.878596,3,7.271887
0.0,2,7.273988
0.0,3,7.276832
-0.57726,5,7.281513
0.0,3,7.284221
0.0,3,7.287027
0.0,3,7.289814
0.0,3,7.292502
-0.09996,2,7.294638
0.0,3,7.297352
0.0,2,7.299308
0.532182,3,7.304413
0.0,2,7.307941
0.0,5,7.314662
0.0,5,7.321306
-1.0,2,7.323861
0.0,2,7.326565
0.0,3,7.330938
0.0,4,7.336815
-0.978421,2,7.339535
0.0,4,7.344344
0.0,2,7.347059
0.0,3,7.352594
0.0,3,7.358238
0.0,2,7.360543
0.0,2,7.36236
0.0,2,7.364323
0.0,3,7.367132
-1.0,4,7.370671
0.0,2,7.372615
0.0,2,7.374427
0.058349,2,7.376201
-0.664883,3,7.379006
-0.54715,3,7.381965
0.0,3,7.384695
-0.47218,2,7.386538
0.0,2,7.388413
0.0,2,7.390199
0.0,5,7.395131
0.0,6,7.400994
0.0,3,7.403816
0.0,2,7.405717
-0.096654,3,7.408388
0.0,3,7.411163
0.0,3,7.414678
0.0,2,7.417409
0.667006,2,7.419653
0.0,4,7.424024
-0.936539,4,7.428547
0.0,3,7.432078
-0.13186,3,7.436636
1.5,2,7.439015
-1.0,5,7.444275
0.0,4,7.448681
0.0,2,7.450822
-0.823605,4,7.455099
0.0,2,7.457013
0.0,3,7.459726
-1.0,3,7.462665
0.0,3,7.465454
0.0,2,7.467644
0.0,3,7.470477
0.0,4,7.474122
-1.0,4,7.477927
0.0,3,7.480577
0.0,2,7.482868
-0.11717,3,7.485999
0.470306,2,7.487824
-1.228567,2,7.489865
0.0,2,7.491884
0.0,2,7.493808
-1.0,2,7.495549
1.5,2,7.497669
0.0,4,7.501474
0.0,4,7.505602
0.0,2,7.507463
-0.663888,3,7.510325
0.0,3,7.513081
0.0,5,7.517376
0.0,2,7.519501
0.0,6,7.524911
0.0,4,7.528638
0.0,2,7.530384
0.0,2,7.532561
0.0,6,7.537987
0.0,2,7.539996
0.0,3,7.542675
0.0,5,7.547233
0.0,2,7.549071
-0.731541,3,7.551721
0.0,4,7.555558
-0.403742,3,7.558082
0.0,4,7.562393
0.0,3,7.565042
-0.91075,3,7.568199
0.0,3,7.571051
0.0,2,7.573033
0.117524,2,7.575059
-0.356019,3,7.577885
0.0,3,7.580864
0.0,2,7.582731
0.0,3,7.637407
0.0,3,7.640339
0.0,3,7.643327
-1.0,3,7.646257
-1.0,6,7.651489
-0.20771,2,7.653457
0.0,3,7.65609
-0.810655,4,7.660017
0.0,4,7.663424
0.0,5,7.668075
-0.069904,3,7.670771
0.0,4,7.67455
0.0,2,7.676316
0.0,4,7.680147
0.0,4,7.683603
0.0,3,7.686447
-0.636914,2,7.688412
0.0,3,7.691062
0.0,3,7.693958
0.0,3,7.696821
0.0,4,7.700642
0.0,2,7.702624
-0.201476,5,7.707618
-0.166607,4,7.711523
-1.0,3,7.714376
-0.085066,3,7.717175
0.0,2,7.718994
0.0,2,7.720999
0.0,3,7.723807
0.0,3,7.726565
0.0,4,7.730322
-0.344187,5,7.73476
0.0,3,7.737455
0.0,5,7.741995
0.0,3,7.744725
0.0,4,7.837134
-0.625496,3,7.840483
-1.0,5,7.845037
-0.157371,5,7.849479
0.0,3,7.85222
0.0,4,7.855713
0.0,4,7.859212
0.0,4,7.862646
0.770751,3,7.865209
0.0,2,7.867152
0.0,4,7.870524
0.0,3,7.874073
0.0,3,7.877193
0.0,4,7.881314
-0.434994,2,7.88316
1.5,2,7.884854
0.0,2,7.88678
0.0,3,7.889729
0.0,4,7.893206
0.0,4,7.897392
0.0,2,7.899578
-0.231646,2,7.901644
0.0,4,7.90539
0.0,3,7.90837
0.0,2,7.910256
0.0,3,7.912829
0.0,3,7.91589
0.0,3,7.918863
0.0,4,7.922729
-0.068606,4,7.926597
0.0,3,7.929614
1.5,2,7.931533
0.0,4,7.935341
0.0,2,7.937633
0.0,3,7.940268
0.0,3,7.943614
-0.264239,4,7.9477
0.0,5,7.952589
0.0,4,7.956625
0.0,3,7.959765
0.367638,2,7.961524
0.0,4,7.965906
-0.145855,3,7.968835
0.0,3,7.972224
0.0,2,7.97426
0.0,4,7.978152
0.0,2,7.980158
0.0,3,7.982782
0.0,2,7.98492
0.0,2,7.986884
0.0,2,7.988602
0.0,3,7.99147
0.0,2,7.993588
0.0,5,7.998318
0.0,4,8.00221
0.0,3,8.005507
0.0,3,8.008726
0.0,2,8.010598
0.0,2,8.01254
-0.576836,2,8.014459
0.0,4,8.018204
0.0,3,8.021033
0.0,2,8.023015
-0.868256,3,8.025681
-0.890627,2,8.02759
0.0,2,8.029495
0.0,2,8.031282
0.0,3,8.033996
0.0,2,8.036052
1.0,3,8.038662
0.0,4,8.042398
0.0,3,8.045117
0.0,2,8.046825
0.207125,3,8.04973
0.0,3,8.053423
0.0,4,8.057787
0.0,4,8.061522
0.0,3,8.064212
0.0,3,8.067227
0.0,2,8.069171
-1.0,2,8.071076
0.0,4,8.07476
-0.963354,3,8.077544
-0.757436,4,8.081249
0.0,2,8.083318
0.0,3,8.086392
0.0,3,8.089319
0.974787,2,8.091221
0.0,3,8.093835
-0.614001,2,8.095911
0.0,2,8.098128
1.036749,2,8.100031
0.0,3,8.103209
-0.226198,3,8.106028
1.0,5,8.110404
0.0,3,8.113163
0.0,2,8.114986
0.0,4,8.118911
0.0,2,8.12084
0.001418,2,8.122869
-0.207611,3,8.125916
0.0,3,8.128683
0.0,2,8.130565
-0.068956,3,8.133353
0.0,2,8.135176
-0.571622,2,8.137148
0.0,3,8.139922
-0.232536,3,8.142841
0.0,3,8.145743
0.0,3,8.14857
0.0,2,8.150389
1.5,2,8.15233
1.0,3,8.155019
0.0,3,8.157861
0.0,3,8.160783
0.858359,2,8.162595
0.0,2,8.164527
0.0,3,8.1675
0.0,3,8.170312
0.0,2,8.172341
0.0,3,8.175154
0.0,4,8.1788
0.0,4,8.182493
0.542201,4,8.186141
-0.746222,3,8.188954
0.0,4,8.192566
0.0,2,8.194399
0.0,4,8.198098
0.0,3,8.200886
0.0,5,8.205487
0.0,2,8.207457
0.0,3,8.210179
0.0,2,8.211973
0.0,4,8.215594
0.0,3,8.218331
0.102757,2,8.220162
-0.316556,3,8.222981
-1.0,5,8.227444
0.0,2,8.229322
-0.746739,3,8.232054
0.0,2,8.233906
0.0,2,8.235791
0.8882,4,8.239435
0.0,4,8.243169
0.0,2,8.245062
0.0,3,8.247776
0.0,3,8.250589
0.0,2,8.252382
-0.007742,4,8.256105
0.0,2,8.258011
-0.234717,3,8.260693
0.0,4,8.264336
-1.0,3,8.267029
0.0,3,8.269893
0.0,3,8.272603
-0.039968,4,8.276226
0.854662,5,8.280721
0.0,3,8.283478
1.5,2,8.285364
0.0,4,8.288979
-1.0,2,8.290923
0.0,4,8.294527
0.0,4,8.298255
0.0,3,8.301098
-1.0,2,8.302916
-0.059777,2,8.30478
-1.0,2,8.306722
-0.110904,5,8.311295
0.0,3,8.314073
0.0,3,8.316716
-1.0,2,8.318528
0.0,3,8.321409
0.0,4,8.324893
0.0,2,8.326909
0.0,3,8.329652
-0.146052,5,8.334202
-0.234806,4,8.337736
0.0,3,8.340559
0.0,2,8.342381
-1.0,2,8.344158
-0.22593,2,8.345979
0.0,3,8.348831
0.0,3,8.351521
0.0,3,8.354345
0.0,3,8.357115
-0.021046,4,8.36069
0.224882,3,8.363503
-0.125396,3,8.366115
1.5,2,8.368016
-0.608748,2,8.369865
-1.0,3,8.372556
0.0,3,8.375507
-0.61843,4,8.379411
0.0,2,8.381342
0.0,4,8.385134
0.0,3,8.387878
0.0,3,8.390701
0.0,2,8.392479
0.0,3,8.395267
0.0,3,8.398146
0.954499,4,8.401842
0.0,4,8.405515
0.0,4,8.409197
0.0,5,8.413744
0.0,3,8.416539
0.0,2,8.418505
0.0,3,8.42121
-1.0,3,8.424115
-0.249255,3,8.426886
-0.35617,4,8.43051
-0.178159,3,8.433278
0.0,3,8.435988
-0.008438,2,8.438253
-0.462361,2,8.440199
0.0,3,8.442817
0.0,2,8.444776
0.0,3,8.447573
0.0,3,8.45019
0.0,3,8.453354
0.0,2,8.455311
-1.0,3,8.458466
0.0,5,8.463302
0.0,4,8.46741
-0.722526,4,8.471465
0.0,5,8.476218
0.0,3,8.479048
-1.0,3,8.481901
0.927073,2,8.48371
-1.0,3,8.486705
-0.219212,3,8.489407
0.0,4,8.492879
0.0,3,8.495724
0.0,4,8.49945
0.0,2,8.501597
0.0,4,8.505275
0.0,5,8.509884
-0.217147,3,8.512539
0.0,2,8.514544
1.5,2,8.5163
0.0,3,8.518902
0.0,3,8.521761
0.0,2,8.523533
0.0,2,8.525328
0.0,2,8.527174
-0.205962,2,8.529228
0.0,2,8.531005
0.0,4,8.534589
0.0,3,8.537467
0.0,3,8.540126
0.0,3,8.54305
-0.727018,5,8.547405
0.0,3,8.55033
0.0,3,8.553004
0.0,2,8.554776
0.501691,3,8.557717
0.0,3,8.560691
0.0,3,8.563755
0.491277,3,8.56654
0.0,2,8.568377
0.0,3,8.571215
-0.203452,4,8.574672
-0.503353,2,8.576392
0.0,2,8.578344
-1.0,5,8.582645
-0.166892,4,8.586251
-0.152315,2,8.588009
0.0,3,8.590921
0.0,4,8.594516
0.0,2,8.59648
0.0,4,8.600369
-0.478275,5,8.604891
0.0,5,8.609425
0.0,4,8.61314
0.0,3,8.615649
0.0,3,8.618416
1.0,4,8.621861
0.0,4,8.625444
0.0,3,8.628523
0.0,2,8.630683
1.0,4,8.635013
0.0,3,8.638182
0.0,2,8.64019
-1.0,2,8.642134
0.0,3,8.64497
0.0,2,8.646853
-1.0,3,8.649478
0.0,3,8.6521
1.0,5,8.656837
0.0,3,8.659672
0.0,3,8.662355
1.0,3,8.665407
0.0,4,8.711522
0.334372,3,8.714662
0.0,5,8.719331
0.0,3,8.72232
0.0,2,8.724251
0.230422,2,8.726239
0.0,4,8.72981
0.0,3,8.732634
0.0,2,8.734431
0.0,2,8.736293
0.0,5,8.740784
0.197244,4,8.744389
0.0,3,8.747177
-1.0,5,8.751579
0.0,5,8.755984
0.0,3,8.758909
0.0,4,8.763252
-0.511921,3,8.766467
0.0,4,8.771066
0.0,3,8.773829
0.0,5,8.778513
0.0,5,8.783176
0.0,3,8.785959
0.0,5,8.79031
0.0,4,8.793817
-0.164981,2,8.795532
-0.66844,2,8.797447
0.0,2,8.799295
0.0,4,8.802719
0.0,2,8.804799
0.0,2,8.806652
0.0,2,8.808467
0.0,3,8.811081
0.0,3,8.813785
0.0,3,8.81632
0.0,2,8.818356
0.0,4,8.821866
0.0,4,8.825373
-0.397025,3,8.828056
0.0,4,8.831413
0.0,5,8.835801
0.0,2,8.837459
0.0,3,8.840377
0.0,4,8.92513
0.0,4,8.929723
1.5,2,8.931839
0.0,3,8.935013
0.0,3,8.938515
-0.744637,4,8.942198
0.277616,2,8.944079
0.0,2,8.945954
0.0,3,8.948717
-1.0,3,8.951531
0.0,2,8.953381
0.0,2,8.955193
0.0,2,8.95727
0.0,4,8.960902
-0.232134,2,8.962678
0.455869,4,8.966342
0.0,4,8.970241
-1.0,2,8.972112
0.0,2,8.973977
-0.286839,3,8.976608
0.0,3,8.979431
0.0,3,8.982081
0.0,4,8.985619
0.0,3,8.988252
0.0,2,8.989946
-0.099701,2,8.991795
0.0,4,8.995414
0.0,2,8.997217
-0.096305,3,9.000605
-0.556097,5,9.005204
0.0,3,9.007923
-1.0,3,9.010492
1.5,2,9.012364
0.0,4,9.015961
0.0,2,9.017663
0.0,5,9.022164
0.0,4,9.025773
0.0,3,9.028463
0.0,5,9.032949
0.0,3,9.035793
-1.0,3,9.038386
-0.070485,2,9.040342
0.0,3,9.043026
0.0,3,9.045587
0.0,4,9.049212
0.0,3,9.052086
0.0,2,9.053983
-0.187946,3,9.056698
-0.258356,4,9.061197
-0.256718,3,9.063916
-0.694077,4,9.067383
0.0,3,9.070096
0.0,3,9.072702
0.0,2,9.074825
0.0,3,9.077609
0.0,3,9.080212
0.0,4,9.083845
-0.425685,2,9.085731
0.0,2,9.087463
0.0,5,9.092033
0.0,3,9.094637
0.0,3,9.097467
0.0,3,9.100214
0.0,4,9.104
-0.152956,2,9.105877
0.0,4,9.109478
0.0,2,9.111345
-0.354439,6,9.116382
0.0,2,9.118161
-0.031438,5,9.122231
-1.0,4,9.125556
0.0,2,9.12729
0.0,4,9.130611
0.0,2,9.132429
0.0,3,9.134953
0.0,4,9.138437
1.5,2,9.140195
-0.484861,4,9.143538
0.0,3,9.146309
-1.221205,2,9.148065
-1.0,5,9.152276
0.0,2,9.154079
0.0,4,9.157397
0.0,2,9.159334
0.0,4,9.162824
0.0,2,9.164584
-0.133987,4,9.168041
0.0,4,9.171634
0.0,2,9.173496
0.0,4,9.17696
0.0,5,9.181366
0.0,2,9.183142
0.0,2,9.184816
0.0,3,9.187651
0.0,3,9.19028
0.937649,2,9.191943
0.0,2,9.193781
0.0,2,9.195521
0.0,3,9.198171
0.0,3,9.201124
-0.122755,5,9.206094
-0.984778,2,9.207991
0.0,3,9.210724
0.0,2,9.21254
0.0,2,9.214536
0.0,2,9.216379
0.0,2,9.218351
-0.51187,2,9.220161
-0.017372,2,9.222017
0.0,3,9.224734
-0.511986,3,9.22742
0.0,2,9.229284
0.0,2,9.231002
-0.129457,2,9.232783
0.0,2,9.234684
-0.245239,4,9.238239
0.0,3,9.240754
0.0,3,9.243538
-0.095187,3,9.246186
0.0,3,9.248835
0.0,4,9.25238
-0.113328,5,9.256775
0.0,2,9.258607
0.0,3,9.261242
0.0,2,9.26311
-0.009388,4,9.266679
0.0,3,9.269368
0.0,3,9.272112
0.0,2,9.273855
0.0,3,9.276496
0.0,2,9.278345
0.0,3,9.281026
0.0,4,9.284546
2.0,2,9.286438
1.5,2,9.288208
0.0,2,9.290093
0.0,3,9.292842
0.0,2,9.294672
0.0,3,9.297292
-0.51773,3,9.30021
0.0,2,9.301961
0.0,3,9.304646
0.0,5,9.309551
0.0,3,9.312484
0.0,3,9.315136
0.0,3,9.317791
0.0,4,9.321379
-1.0,3,9.32396
0.0,4,9.327695
0.0,3,9.330382
0.0,3,9.333149
0.0,2,9.334933
0.0,2,9.336736
0.0,3,9.339436
0.0,3,9.34217
0.0,2,9.343964
0.0,3,9.346737
-1.0,4,9.350332
0.0,3,9.353037
0.0,3,9.355732
0.0,3,9.358692
0.0,3,9.361588
0.0,2,9.363443
1.5,2,9.365206
0.0,3,9.367975
0.0,3,9.370653
0.0,4,9.374321
0.0,2,9.376541
-1.0,4,9.380235
0.0,4,9.38426
0.0,4,9.388613
-0.732145,4,9.392631
0.0,2,9.395119
0.0,3,9.398724
-1.0,5,9.403926
1.5,2,9.405695
1.0,5,9.409857
-1.0,4,9.413422
0.0,5,9.418285
0.963062,2,9.420437
0.0,5,9.425483
0.0,3,9.428094
0.0,2,9.42993
0.0,4,9.433793
0.0,3,9.437126
0.487708,2,9.439164
0.0,2,9.441051
0.0,2,9.442905
0.0,3,9.445626
0.0,2,9.447434
0.0,2,9.449228
0.0,3,9.452247
0.0,5,9.45661
0.0,2,9.458439
0.0,2,9.460222
0.0,2,9.461922
0.0,3,9.464451
1.5,2,9.466123
0.0,3,9.468584
0.0,3,9.47144
0.0,3,9.474276
0.794287,2,9.476336
0.0,4,9.480471
0.0,4,9.484246
0.0,4,9.487926
0.0,5,9.49255
-0.278435,2,9.494494
0.0,2,9.496232
0.0,2,9.497972
0.052643,2,9.499969
-0.508206,4,9.50373
0.0,3,9.506488
0.0,2,9.508492
0.0,3,9.511077
0.0,3,9.513754
1.5,2,9.515583
0.0,2,9.517387
-0.331263,3,9.520076
0.0,2,9.521936
0.0,2,9.523766
0.0,3,9.526473
0.0,2,9.528421
0.0,4,9.531834
0.0,4,9.535433
0.0,4,9.538845
0.0,2,9.540864
-0.140524,3,9.54352
0.0,3,9.546294
0.0,4,9.550037
0.0,3,9.552709
0.272816,2,9.554504
0.0,4,9.557969
-1.0,4,9.561489
0.0,3,9.56418
0.0,3,9.566809
0.0,4,9.57019
0.0,4,9.573466
0.0,2,9.575255
-0.498438,3,9.577704
0.0,2,9.579374
0.0,4,9.582714
0.0,4,9.586017
-1.0,2,9.587603
0.0,3,9.590078
0.0,2,9.591706
0.0,4,9.594957
0.0,3,9.597464
0.0,2,9.599175
0.0,2,9.60082
0.362649,2,9.602431
0.0,3,9.604964
0.0,2,9.606814
0.0,2,9.608586
0.0,3,9.611118
0.0,3,9.613769
0.322185,2,9.61544
0.0,3,9.617977
1.0,3,9.620549
0.0,2,9.622169
0.392302,4,9.625577
0.0,2,9.6273
-0.330591,4,9.630488
0.225301,4,9.633889
-1.0,3,9.63638
0.0,5,9.640485
0.0,6,9.645344
0.0,3,9.647969
-0.877733,2,9.649652
0.0,5,9.653682
0.0,4,9.656951
0.0,3,9.659355
0.0,4,9.662801
0.87202,2,9.664507
0.0,3,9.667045
0.0,4,9.670345
-1.0,4,9.673617
0.0,3,9.67638
0.0,2,9.678036
0.0,2,9.679638
-0.380285,4,9.682989
0.0,3,9.685424
0.0,2,9.687069
0.0,4,9.690419
0.0,3,9.692839
-1.0,4,9.696193
0.0,2,9.697823
0.0,2,9.742367
0.0,3,9.74509
-1.0,5,9.749126
-1.0,2,9.750859
0.347152,4,9.754214
0.0,2,9.755814
0.0,3,9.758419
0.0,3,9.76096
0.0,2,9.762542
-1.0,4,9.765942
0.0,4,9.769196
0.0,2,9.770894
0.0,3,9.773505
0.0,5,9.777552
0.0,4,9.780979
-0.595736,5,9.785069
-0.735637,4,9.788457
1.5,2,9.79006
-0.826831,7,9.796174
-0.287147,4,9.800002
-0.120275,3,9.802873
0.0,3,9.805948
-1.0,4,9.810172
0.0,3,9.812927
0.0,2,9.815007
0.0,3,9.817651
0.0,3,9.820242
0.852415,2,9.822185
0.0,5,9.826504
0.0,2,9.828332
0.0,2,9.830064
0.0,4,9.833238
0.0,2,9.835003
0.0,2,9.836625
0.138917,3,9.839102
0.0,3,9.84163
0.0,3,9.84472
0.0,2,9.846645
0.0,2,9.84842
0.0,2,9.850214
-0.341345,2,9.851824
0.0,2,9.853563
1.5,2,9.855314
-0.995923,2,9.857031
0.0,3,9.859532
-0.556408,3,9.862208
0.0,2,9.864204
0.0,3,9.866763
0.0,3,9.869386
0.067067,3,9.872044
-0.777215,3,9.874515
0.0,2,9.876251
0.957434,2,9.878011
0.0,4,9.881177
0.0,3,9.883702
-0.514471,2,9.885459
1.0,2,9.887105
0.0,3,9.956383
0.0,3,9.95901
-1.0,2,9.960819
0.0,5,9.964858
-0.429489,4,9.968267
0.256035,3,9.970787
-0.462332,2,9.972379
0.0,3,9.974921
0.0,3,9.97743
0.0,3,9.979938
0.0,3,9.982413
0.0,2,9.984002
0.0,4,9.987315
0.0,2,9.989034
0.0,3,9.991469
0.0,2,9.993045
1.5,2,9.994813
0.104476,2,9.996503
0.0,3,9.998938
0.0,4,10.002283
0.0,4,10.005602
0.0,3,10.00834
0.0,3,10.011227
0.0,3,10.013787
0.0,4,10.01757
0.0,4,10.020863
-0.312528,2,10.022719
0.0,3,10.025267
-0.212263,3,10.027734
0.0,3,10.030338
0.910263,2,10.032059
0.0,3,10.034619
0.0,2,10.036377
0.0,3,10.038811
0.0,2,10.040519
0.0,3,10.043107
0.0,2,10.044872
-0.638839,4,10.048192
-1.0,4,10.051727
0.0,3,10.054241
0.0,2,10.055891
-0.786391,3,10.058414
0.0,3,10.061296
-0.64547,4,10.064817
0.0,4,10.068286
0.0,3,10.070821
0.0,3,10.073401
1.5,2,10.075154
-1.0,4,10.078718
-0.482413,3,10.081168
0.0,5,10.085309
0.0,2,10.087042
0.0,3,10.089587
-0.273659,5,10.093984
-0.940158,6,10.099121
0.0,4,10.102677
0.0,3,10.10528
0.0,4,10.109057
0.0,4,10.11244
0.0,2,10.114444
0.0,3,10.117318
0.0,3,10.120081
-0.179517,2,10.121903
0.0,2,10.123642
1.5,2,10.125399
0.0,3,10.128261
-0.450537,4,10.13161
0.0,4,10.135241
-0.513498,3,10.137906
0.0,3,10.140547
-0.032528,2,10.142449
0.0,3,10.14513
1.5,2,10.146806
0.0,4,10.150457
0.0,3,10.153042
0.0,4,10.156715
0.0,4,10.160197
0.0,4,10.163826
0.0,2,10.16572
0.0,6,10.171549
-0.428395,3,10.174538
0.0,2,10.176887
-1.0,4,10.180537
-0.731325,3,10.18343
0.0,3,10.186654
-1.0,2,10.188761
1.0,3,10.192329
0.0,2,10.194402
0.0,4,10.198317
0.0,3,10.201194
0.0,4,10.205274
0.0,2,10.207242
1.5,2,10.209089
1.5,2,10.211182
0.013893,3,10.214411
0.0,3,10.217454
0.0,2,10.219445
0.0,2,10.221284
-0.384805,4,10.224972
0.0,4,10.228662
0.0,3,10.231635
-0.193771,4,10.235478
0.0,4,10.239398
0.0,4,10.243042
0.0,2,10.245003
0.0,2,10.246948
0.0,6,10.252421
-2.0,2,10.254395
0.0,2,10.25633
-0.097062,5,10.260973
0.0,4,10.264719
0.0,3,10.267744
0.293658,2,10.269652
0.0,3,10.272272
0.0,4,10.276101
0.0,2,10.277894
0.0,3,10.280806
-0.941037,2,10.282652
0.0,2,10.284443
0.0,3,10.287207
0.0,2,10.289113
0.0,4,10.292587
0.0,3,10.295567
0.0,2,10.297454
0.0,2,10.29924
0.0,3,10.302117
-1.0,3,10.304827
0.0,3,10.307835
0.790777,2,10.310236
1.5,2,10.312188
0.0,3,10.315221
-0.353718,2,10.317242
2.0,2,10.319229
0.0,2,10.32109
0.0,2,10.323229
-0.996419,3,10.326056
-1.0,5,10.331128
0.0,4,10.334704
-0.816456,3,10.337847
-0.19946,3,10.340586
0.0,3,10.343552
0.0,3,10.346318
0.0,2,10.348051
-1.0,4,10.352072
0.0,2,10.353996
0.0,3,10.357185
0.253727,3,10.360256
0.0,3,10.363098
0.0,4,10.36712
0.0,3,10.369986
0.0,2,10.372107
0.0,5,10.376827
-0.416138,3,10.379946
-0.72086,4,10.383906
-0.288752,4,10.389856
0.0,3,10.394476
0.0,2,10.397165
1.0,2,10.400467
0.0,5,10.408077
0.0,3,10.412533
-0.292396,3,10.41789
0.0,3,10.421691
0.0,3,10.42503
0.0,2,10.427128
-0.579364,4,10.431012
0.0,3,10.434315
0.0,4,10.438806
-1.0,6,10.444979
0.0,2,10.447116
0.0,2,10.449217
0.0,4,10.453329
1.5,2,10.455844
0.0,2,10.458123
-0.300162,2,10.460185
0.0,4,10.464627
0.0,2,10.466651
0.0,2,10.46896
0.205235,2,10.471143
0.0,2,10.473145
-0.40891,4,10.477311
1.0,3,10.48034
0.0,4,10.484464
0.0,2,10.486556
0.0,2,10.488678
0.0,5,10.494004
0.0,4,10.498697
0.0,4,10.503013
0.06103,4,10.507551
0.71045,2,10.50977
0.0,5,10.515614
0.0,2,10.518183
0.0,2,10.520416
0.0,2,10.522566
-0.654717,3,10.525944
0.0,4,10.530691
0.0,2,10.533042
0.0,4,10.537447
0.0,2,10.53988
0.0,3,10.543363
0.0,2,10.545858
0.0,6,10.55269
0.0,4,10.556823
0.0,3,10.560161
0.0,2,10.562441
0.038194,2,10.565585
0.0,5,10.570667
-0.353863,3,10.574006
0.0,5,10.579314
0.0,3,10.582469
0.0,3,10.585722
0.0,2,10.587907
-0.670664,4,10.591877
1.5,2,10.594117
0.0,3,10.597146
0.0,3,10.600508
1.5,2,10.602491
0.0,4,10.606626
0.0,4,10.610703
0.0,4,10.615263
0.0,3,10.618662
0.0,2,10.620873
1.0,2,10.623076
0.0,3,10.626117
0.0,3,10.629437
0.0,3,10.632504
0.0,3,10.635739
0.0,3,10.638819
-0.105324,4,10.643058
0.014157,4,10.647095
0.0,3,10.650285
-1.0,4,10.654423
0.0,2,10.656668
0.0,2,10.658628
1.5,2,10.660746
0.0,3,10.664136
0.0,4,10.668218
0.0,4,10.672511
0.0,6,10.679214
0.0,5,10.684731
0.0,3,10.687837
0.0,2,10.690032
0.0,3,10.693082
0.0,3,10.696276
0.0,3,10.699366
0.0,3,10.702567
1.0,3,10.705745
-0.40222,2,10.707703
0.0,3,10.711269
0.0,3,10.714494
0.0,3,10.717886
-0.005401,3,10.720782
0.0,3,10.724061
0.0,3,10.727119
0.0,4,10.731214
-0.42847,4,10.735339
0.0,5,10.74062
-0.49924,2,10.742664
0.0,2,10.744856
0.0,2,10.747072
1.5,2,10.749044
-0.131314,4,10.753351
0.0,3,10.756371
0.0,2,10.758537
0.0,4,10.762642
0.0,4,10.767148
0.0,4,10.771354
-0.296927,3,10.774406
1.5,2,10.776382
0.0,3,10.779513
0.0,2,10.781667
0.0,4,10.785769
1.5,2,10.842505
0.0,2,10.84473
1.468262,2,10.846738
0.0,3,10.850129
0.0,2,10.852201
0.0,3,10.855481
0.0,3,10.858786
0.0,2,10.860886
0.0,3,10.864261
0.0,3,10.867328
0.0,4,10.87168
0.0,2,10.87371
0.0,2,10.87592
0.0,3,10.879138
-1.0,3,10.882374
0.604187,3,10.885617
-0.059911,3,10.888697
0.0,3,10.892043
0.0,2,10.894055
0.0,5,10.899434
0.0,2,10.901456
0.0,2,10.903651
-0.62347,2,10.905986
-2.0,2,10.908568
0.0,3,10.912359
0.0,2,10.915118
0.0,3,10.918533
0.0,6,10.924809
0.0,2,10.927087
0.0,2,10.929106
0.0,2,10.931211
-0.142835,5,10.936807
0.0,4,10.941301
0.898752,3,10.944893
0.0,3,10.948722
0.0,3,10.952547
0.0,2,10.955128
-0.486804,4,10.959389
-1.0,3,10.962666
0.0,3,10.965857
0.0,4,10.970231
1.5,2,10.972322
0.0,4,10.976707
0.0,2,10.978599
0.0,2,10.980689
-0.045283,3,10.983784
0.0,3,10.986912
0.0,3,10.990306
0.0,3,10.993421
1.5,2,10.995558
-0.470709,2,10.997769
0.0,2,10.999806
0.0,2,11.002007
1.396348,2,11.004237
0.0,3,11.007359
-0.065428,4,11.01193
-0.908601,2,11.014011
0.0,4,11.018706
0.0,3,11.022129
0.0,4,11.02649
0.0,2,11.028533
0.0,2,11.030717
0.0,2,11.032984
0.0,2,11.034996
0.0,2,11.037227
-0.892796,3,11.040412
0.0,4,11.044616
0.0,3,11.047793
0.0,5,11.141682
0.0,3,11.145352
0.0,6,11.152035
0.0,4,11.156431
0.0,2,11.15876
0.0,3,11.161932
0.0,3,11.165357
0.0,4,11.1698
0.177109,3,11.173198
0.0,3,11.176818
0.0,3,11.180251
-0.203983,2,11.182565
0.0,3,11.185966
0.0,2,11.188066
0.0,2,11.190305
0.0,2,11.19257
0.0,5,11.197949
-0.529399,3,11.201201
0.0,3,11.204488
0.0,4,11.208923
0.0,5,11.214807
0.0,4,11.219416
0.0,3,11.222593
0.0,3,11.225976
0.0,3,11.229201
-0.6923,2,11.231487
0.0,2,11.23384
0.0,2,11.235869
0.0,4,11.240204
0.0,3,11.243313
0.0,2,11.2455
1.0,4,11.249808
-0.526264,3,11.253025
0.0,2,11.255317
0.0,5,11.260877
0.0,3,11.264017
0.0,3,11.267254
0.0,3,11.270757
-0.385605,3,11.274138
0.0,2,11.276351
0.0,3,11.279506
0.0,4,11.283916
-0.247482,3,11.286983
-0.020148,3,11.290124
0.0,3,11.293162
0.0,3,11.296487
0.344073,2,11.29855
0.0,3,11.301759
0.0,3,11.30508
0.0,3,11.30817
0.0,4,11.312354
0.0,4,11.316406
-0.992964,4,11.321265
0.0,3,11.324607
0.0,3,11.327945
0.0,4,11.33252
0.0,2,11.334573
0.0,2,11.336783
0.0,2,11.339087
0.0,3,11.342254
0.0,4,11.346824
0.0,5,11.35208
-0.387159,3,11.355096
0.0,4,11.359512
0.0,2,11.361474
0.0,2,11.363637
-0.671104,2,11.365921
-0.588088,4,11.370045
0.205844,2,11.372552
0.0,3,11.375529
0.0,3,11.378598
0.0,2,11.380738
0.0,2,11.382721
0.711466,2,11.384942
1.5,2,11.387105
0.0,2,11.389167
0.0,2,11.39122
0.0,3,11.3944
0.0,3,11.397383
0.0,4,11.401536
-0.346438,2,11.403478
-0.170331,4,11.407734
1.0,4,11.411657
0.0,2,11.413809
-1.0,4,11.418778
1.0,3,11.422218
-0.25517,4,11.42691
0.0,3,11.430207
-0.031496,5,11.435688
0.0,3,11.439156
1.5,2,11.441573
0.0,2,11.444064
0.0,3,11.447453
0.0,3,11.451007
0.0,3,11.454121
0.0,3,11.457108
0.0,3,11.460104
-0.333638,2,11.462246
0.027724,2,11.464513
0.360977,3,11.467487
0.0,3,11.470723
-0.000892,2,11.472673
0.0,3,11.475718
0.0,3,11.478832
1.5,2,11.480775
0.0,4,11.485112
0.0,2,11.487152
0.0,3,11.490427
0.0,2,11.492611
0.0,3,11.495709
0.0,3,11.498983
0.0,2,11.501148
0.0,4,11.505488
0.758102,3,11.508538
0.0,3,11.512121
-0.302173,4,11.516135
0.003622,5,11.521097
0.0,2,11.523238
-0.793619,2,11.525459
0.0,4,11.529679
0.0,2,11.531812
0.0,4,11.536086
0.0,2,11.538363
-0.241317,3,11.541689
0.0,2,11.543739
-0.757133,3,11.546765
0.0,4,11.551011
0.436364,3,11.554355
-0.196925,3,11.557336
0.0,3,11.560779
-1.0,5,11.566329
0.0,2,11.568791
-0.081485,4,11.573317
0.0,4,11.57786
0.0,3,11.581289
0.0,2,11.583439
0.0,5,11.588836
-0.391403,4,11.593001
-0.370416,5,11.598227
0.0,2,11.6009
0.0,2,11.603369
-0.285971,4,11.60746
-1.0,3,11.610543
0.0,3,11.613434
-0.362272,3,11.617471
0.0,2,11.619818
1.5,2,11.622105
0.0,3,11.625504
0.0,4,11.629604
0.0,2,11.631699
0.0,3,11.63464
0.0,2,11.636905
-0.756553,2,11.638952
0.0,2,11.641027
0.0,4,11.645222
-1.0,4,11.649198
0.0,3,11.652338
0.0,3,11.655242
0.0,2,11.657286
-0.19852,4,11.661323
-0.292009,4,11.665478
0.0,3,11.668535
0.0,3,11.671677
0.0,4,11.676086
0.0,2,11.678675
0.0,3,11.681777
0.0,3,11.684895
0.0,4,11.689305
0.0,2,11.691475
0.0,3,11.694675
0.0,4,11.698694
0.0,4,11.703065
-0.441715,4,11.707634
0.0,3,11.710967
0.0,2,11.713188
-0.045523,2,11.715717
0.0,3,11.719305
0.0,3,11.722695
0.0,3,11.726022
0.0,3,11.729474
0.0,3,11.732656
0.0,2,11.735131
0.0,5,11.740215
0.0,5,11.745423
0.0,2,11.747609
-1.0,4,11.751777
-0.888489,2,11.753949
0.0,3,11.757298
0.0,3,11.760542
-0.358327,2,11.762837
-0.159904,2,11.764901
-0.065517,4,11.769089
0.0,3,11.772187
0.0,4,11.776513
0.0,2,11.778527
-0.12632,3,11.781677
0.0,3,11.784971
0.0,3,11.788214
-0.247009,3,11.791549
0.0,4,11.795804
0.0,3,11.799169
0.0,3,11.802386
1.5,2,11.804608
0.0,4,11.808582
0.0,2,11.810761
0.18419,3,11.813763
0.0,2,11.815749
0.0,4,11.82037
0.0,2,11.822945
0.0,4,11.827466
0.0,3,11.830696
0.0,2,11.832913
0.0,2,11.834858
0.0,3,11.838049
0.0,2,11.840284
0.0,3,11.843316
0.0,3,11.846369
0.0,2,11.84844
0.0,3,11.851394
0.0,2,11.85345
0.0,3,11.856221
-0.462024,2,11.858338
-0.202086,4,11.862479
0.0,2,11.864596
0.0,2,11.866586
0.0,3,11.869415
0.0,4,11.873432
0.0,2,11.875392
0.0,2,11.877649
0.0,2,11.879887
0.0,4,11.884024
-0.231366,2,11.886152
0.0,3,11.889474
0.0,3,11.892581
0.0,3,11.895988
0.0,6,11.902159
0.0,3,11.905118
0.0,4,11.909421
0.0,3,11.912311
0.0,3,11.915282
0.0,2,11.917435
-0.21268,2,11.919638
0.0,3,11.92293
0.0,3,11.926547
0.0,2,11.928829
0.0,3,11.932191
0.0,5,11.938143
-0.243287,3,11.941399
0.0,3,11.944877
1.5,2,11.947
0.0,3,11.950277
0.0,3,11.953314
0.0,3,11.95644
0.0,3,11.959678
0.0,3,11.9629
0.0,3,11.966151
0.0,4,11.97009
0.0,3,11.973311
0.0,2,11.975377
0.0,4,11.979562
0.0,3,11.982731
0.0,5,11.987609
0.0,3,11.990594
0.0,2,11.992832
-1.0,3,11.996029
0.0,4,12.000323
0.0,3,12.003399
0.0,3,12.006652
0.0,4,12.010588
0.0,2,12.058834
0.313238,2,12.061093
0.0,3,12.064261
0.0,3,12.067425
0.0,3,12.070715
-1.0,4,12.07545
0.0,3,12.079348
-0.281516,3,12.084827
0.0,4,12.092208
0.0,2,12.095888
0.0,2,12.099126
0.0,2,12.102829
0.0,2,12.106476
0.371359,2,12.110271
-0.735677,2,12.114115
-0.011344,3,12.119596
0.231306,3,12.125461
0.0,3,12.130232
-1.0,4,12.134837
0.0,2,12.137018
0.0,4,12.141324
0.0,4,12.145623
0.0,4,12.149772
0.0,2,12.152111
0.0,2,12.154202
0.0,4,12.158219
-0.851123,4,12.162524
0.0,4,12.167026
0.0,4,12.171088
-0.021524,3,12.174288
0.0,2,12.176859
0.0,2,12.179437
0.0,3,12.182733
0.0,4,12.187114
-1.0,2,12.189245
0.0,2,12.191334
0.0,2,12.19354
-0.998104,3,12.196623
0.0,3,12.199981
0.0,4,12.204166
0.0,3,12.207534
0.0,3,12.210686
0.0,4,12.21505
0.0,2,12.217285
0.0,3,12.220618
0.0,3,12.223982
0.0,3,12.227108
-1.0,6,12.23347
0.0,3,12.236644
0.0,2,12.238618
0.0,3,12.24178
0.0,2,12.244025
0.0,3,12.247229
-0.527472,4,12.251333
1.0,3,12.254315
-0.300899,2,12.25644
0.0,2,12.258707
0.0,3,12.261857
0.0,3,12.265288
0.433179,2,12.267483
0.0,3,12.270818
0.0,2,12.273005
0.0,2,12.275132
0.0,2,12.277301
0.0,3,12.280189
0.0,3,12.283145
0.0,2,12.28542
-0.050384,3,12.28836
-0.517717,5,12.293382
0.0,2,12.295383
-0.718253,3,12.29842
0.0,4,12.302898
0.0,3,12.30622
0.625443,4,12.3103
0.53761,2,12.400841
0.0,3,12.404602
0.0,3,12.408243
0.0,5,12.41396
0.0,2,12.416355
0.0,3,12.420583
0.0,3,12.423922
0.0,2,12.426055
0.0,2,12.428635
-0.02638,3,12.432167
0.0,3,12.435993
-0.882538,3,12.439811
0.0,2,12.442392
0.0,5,12.448189
0.0,2,12.450718
0.0,5,12.456342
0.0,3,12.459698
-1.0,4,12.464647
0.0,3,12.468788
0.0,4,12.473804
0.0,3,12.477628
0.0,4,12.482434
0.236561,3,12.486021
1.5,2,12.488329
-1.0,4,12.493091
0.0,3,12.496552
0.0,2,12.49932
-0.245356,4,12.504358
0.0,2,12.506714
0.0,3,12.510132
0.05724,2,12.512576
0.0,3,12.516168
-0.865796,2,12.518934
-0.247032,4,12.524181
0.0,3,12.527887
-0.056052,5,12.533832
-0.35846,3,12.537458
0.0,4,12.542155
0.0,4,12.546786
0.0,4,12.55114
0.0,3,12.554725
0.50556,2,12.557054
1.5,2,12.559064
-0.201692,3,12.562561
0.0,2,12.564893
0.0,3,12.568383
0.0,2,12.570806
0.0,5,12.576338
0.183461,3,12.579663
0.0,2,12.582109
0.0,3,12.585454
-0.00171,2,12.587711
-1.0,3,12.591217
0.0,4,12.59546
-0.379653,4,12.599508
0.0,4,12.60367
0.0,3,12.606833
-1.0,3,12.610305
0.0,4,12.61464
0.0,2,12.617001
0.0,2,12.619582
0.0,2,12.622008
1.5,2,12.624479
-0.748033,3,12.627822
0.0,2,12.630227
0.0,2,12.632529
0.0,4,12.637086
0.0,4,12.641398
0.0,4,12.645861
-0.945274,3,12.649228
0.0,3,12.652878
-0.13561,3,12.656194
0.0,2,12.658564
-0.718975,3,12.661703
-0.050696,5,12.667325
0.0,3,12.670654
0.0,3,12.674122
0.0,3,12.67747
0.394809,2,12.680076
-0.801576,5,12.685644
0.0,3,12.689208
0.0,3,12.692748
0.0,2,12.695092
-0.414665,2,12.697378
0.0,2,12.699648
0.0,3,12.702953
1.0,2,12.705078
0.0,3,12.708594
0.0,3,12.712121
0.460605,2,12.714528
0.0,3,12.718485
0.0,2,12.720936
0.0,3,12.724163
0.0,4,12.728466
-1.0,3,12.731647
0.0,3,12.734913
0.0,2,12.737012
0.0,3,12.7402
0.0,3,12.743512
0.0,2,12.745745
0.0,6,12.751938
1.0,5,12.75728
0.0,2,12.759716
-0.10633,3,12.763082
0.0,2,12.765118
-0.078228,2,12.767303
0.0,3,12.771839
-0.704494,2,12.774838
0.0,4,12.780984
0.0,4,12.786521
0.0,3,12.789795
0.0,3,12.792893
0.0,2,12.795073
0.0,3,12.798103
-2.0,2,12.800379
0.0,4,12.80448
0.0,4,12.808533
0.0,3,12.811638
0.0,3,12.814761
0.0,2,12.816759
0.0,2,12.819078
0.0,3,12.822506
0.0,3,12.825696
0.0,3,12.828813
1.118973,2,12.830934
0.0,2,12.833178
0.0,2,12.835217
-0.357615,4,12.839337
0.0,3,12.842501
0.0,4,12.846569
0.0,2,12.848778
0.036489,3,12.851708
0.0,2,12.853868
0.0,2,12.856034
0.0,3,12.859159
0.0,2,12.861328
0.0,3,12.864428
0.0,2,12.866543
0.0,3,12.8696
-0.215044,3,12.872569
0.0,3,12.8757
0.0,4,12.879754
0.0,2,12.881941
1.5,2,12.883986
-0.948864,4,12.888098
0.0,4,12.892096
0.0,2,12.894134
1.5,2,12.896216
0.0,2,12.898401
0.0,3,12.901501
0.0,3,12.904572
0.0,4,12.908605
0.0,4,12.912624
0.0,4,12.916678
0.0,3,12.91993
0.878285,2,12.922094
0.0,2,12.924223
0.0,4,12.928363
0.0,3,12.931399
0.0,2,12.93356
0.0,5,12.938838
0.0,3,12.942153
-0.076142,3,12.945165
0.0,3,12.948164
0.739511,3,12.951128
0.0,2,12.953003
0.0,4,12.957185
0.0,3,12.960186
0.0,2,12.96234
0.0,3,12.965477
0.579959,2,12.967822
0.0,3,12.971058
1.5,2,12.972981
0.0,4,12.976878
0.0,4,12.980797
-0.748436,4,12.984749
0.0,3,12.98782
1.5,2,12.989951
0.0,2,12.991911
0.0,3,12.994921
0.0,4,12.998983
0.0,3,13.001854
0.0,3,13.004855
-0.098086,3,13.007931
-0.565712,2,13.009887
0.0,2,13.011885
0.0,3,13.014897
0.390814,2,13.016937
0.439352,4,13.020892
-0.331942,3,13.024145
-0.221096,2,13.026103
0.0,4,13.030177
0.0,3,13.033181
0.0,3,13.036059
0.094655,2,13.038125
0.0,3,13.04117
0.305505,2,13.043154
0.0,3,13.046291
-1.0,2,13.048357
0.032554,4,13.05229
-0.102111,2,13.054343
1.5,2,13.056339
0.0,3,13.059335
0.0,4,13.063214
0.020451,3,13.066249
0.0,2,13.068282
0.0,3,13.071198
0.0,2,13.073174
0.0,4,13.076931
0.09626,2,13.078838
0.0,2,13.080825
0.0,3,13.083841
0.0,4,13.087663
0.0,3,13.090775
0.0,3,13.093733
0.0,3,13.096724
0.0,2,13.098691
0.0,3,13.101812
0.0,3,13.104803
0.0,3,13.107787
0.0,3,13.110617
0.0,3,13.113465
0.0,2,13.115491
0.0,2,13.117611
0.486821,2,13.119705
0.0,2,13.121834
-0.767184,2,13.123935
1.5,2,13.125837
0.0,3,13.128813
0.0,2,13.131114
-0.020865,4,13.135116
0.0,2,13.137259
0.0,2,13.13932
-0.505221,5,13.144168
0.0,4,13.148209
0.0,3,13.151261
0.0,3,13.154186
0.0,3,13.157155
0.0,2,13.15922
0.0,5,13.163997
0.0,3,13.166998
0.0,4,13.170952
-0.512563,3,13.173951
-0.580966,3,13.176801
0.0,3,13.179765
-0.37397,3,13.182749
0.0,2,13.184707
0.0,3,13.187699
0.0,2,13.189698
0.0,3,13.192828
0.0,2,13.19494
0.0,3,13.197875
0.0,3,13.200974
0.0,3,13.203776
0.538653,3,13.206746
-0.658457,7,13.213254
0.0,3,13.216448
0.0,2,13.218829
0.0,3,13.221745
1.0,3,13.224426
0.0,2,13.226426
0.0,3,13.229345
0.0,3,13.23214
0.0,3,13.235123
0.0,2,13.237008
0.0,4,13.240651
0.0,3,13.243513
0.0,3,13.246195
0.0,2,13.290542
0.0,4,13.294353
0.0,2,13.296339
0.0,2,13.298348
0.0,2,13.300199
-0.975999,2,13.302032
-0.340226,3,13.30506
-0.402676,2,13.307077
0.0,4,13.310652
0.0,2,13.312674
0.0,2,13.314596
0.0,3,13.31746
0.0,3,13.320409
0.0,2,13.322401
0.0,3,13.325329
0.0,2,13.327317
0.0,3,13.329966
0.0,3,13.333747
-1.0,3,13.336836
0.0,3,13.340077
1.0,3,13.343095
0.0,2,13.345161
0.0,4,13.349659
0.0,3,13.352945
0.0,3,13.356265
0.0,2,13.358485
0.0,2,13.360911
0.0,2,13.36309
0.0,5,13.368702
0.0,4,13.372716
0.0,2,13.375012
0.0,2,13.377002
0.0,4,13.381241
0.0,2,13.383417
0.0,2,13.385472
0.0,3,13.389009
0.0,4,13.393068
0.0,2,13.395507
0.0,2,13.397685
0.049602,3,13.400716
0.0,3,13.404058
0.0,3,13.406999
0.0,2,13.409281
0.0,3,13.412256
0.0,2,13.414329
0.0,2,13.416534
0.0,2,13.418707
0.0,3,13.421855
0.0,4,13.425786
0.0,3,13.428653
0.0,3,13.431602
0.0,3,13.43473
0.0,2,13.436831
0.0,3,13.440084
0.0,3,13.443263
0.0,3,13.446548
0.0,3,13.449569
1.5,2,13.451977
0.0,2,13.453964
0.0,3,13.457051
0.0,3,13.460298
0.149458,2,13.462288
0.294322,2,13.464427
0.0,4,13.468599
-0.452686,4,13.47312
0.0,3,13.476048
0.0,2,13.478197
0.0,3,13.481499
0.0,3,13.484547
0.0,3,13.487731
-1.0,2,13.489662
0.0,5,13.494869
0.0,3,13.497846
0.283973,3,13.500979
0.0,3,13.503794
0.0,2,13.505795
-0.91559,4,13.510033
0.0,3,13.513136
0.0,2,13.515516
0.0,2,13.51745
0.0,3,13.52052
0.0,2,13.522534
0.0,2,13.525256
0.0,2,13.527518
0.0,4,13.531558
0.0,3,13.534899
0.0,2,13.537008
-0.814229,4,13.630276
-0.06548,3,13.633885
0.0,3,13.637047
0.0,3,13.64021
0.0,3,13.643131
0.0,3,13.646059
-1.0,4,13.649973
0.0,2,13.651856
0.0,5,13.657047
0.0,3,13.659935
1.5,2,13.662032
0.620328,2,13.664357
0.0,2,13.666342
0.0,2,13.668589
-1.0,3,13.671353
0.0,2,13.673292
0.0,4,13.676997
0.0,3,13.679786
0.0,2,13.681742
0.0,2,13.683639
0.0,3,13.686433
0.0,4,13.690089
0.0,3,13.692929
0.0,4,13.696599
0.0,3,13.69939
0.0,3,13.702412
0.0,3,13.70512
0.0,3,13.707992
0.0,3,13.711006
1.5,2,13.71276
0.0,4,13.716648
0.0,3,13.720294
0.0,3,13.723677
0.0,2,13.725521
0.0,2,13.727602
0.0,4,13.73164
0.0,2,13.733493
0.0,3,13.736552
0.0,3,13.739493
0.0,2,13.741439
0.0,2,13.743388
0.0,2,13.745491
0.0,4,13.749584
0.0,3,13.752724
0.0,4,13.756512
0.0,5,13.761433
0.0,3,13.764509
0.0,3,13.767348
0.0,2,13.769239
0.0,4,13.773088
0.0,3,13.775867
-1.0,3,13.778898
0.0,3,13.78155
-0.349271,3,13.784439
1.5,2,13.786301
0.0,3,13.789168
1.5,2,13.791142
0.0,2,13.793311
0.0,3,13.796038
0.0,2,13.798077
0.0,4,13.801817
0.0,3,13.804766
0.0,3,13.807632
0.0,4,13.811117
0.0,4,13.814765
-0.104601,3,13.817518
0.0,4,13.821263
0.211473,3,13.824129
0.0,3,13.827065
0.0,2,13.828956
0.0,3,13.831823
-0.56448,4,13.835715
0.0,2,13.837507
0.0,2,13.839283
0.0,5,13.843856
1.5,2,13.845616
0.0,3,13.848392
1.5,2,13.850325
0.0,2,13.852204
0.0,4,13.855844
0.079422,5,13.86056
-0.547014,2,13.862544
0.0,4,13.866255
0.0,2,13.868157
0.0,2,13.8703
0.0,3,13.873016
0.0,2,13.874881
0.0,2,13.876831
0.0,3,13.879679
0.414896,3,13.882469
0.0,2,13.884485
0.0,3,13.887242
0.0,2,13.889091
0.0,4,13.892868
0.30038,2,13.894773
0.0,2,13.896657
0.0,3,13.899606
0.0,3,13.902295
0.0,3,13.905504
0.0,4,13.909168
0.0,4,13.912951
0.0,6,13.918518
0.0,2,13.920354
0.0,2,13.922207
0.0,2,13.924162
0.0,2,13.925993
1.5,2,13.927742
0.0,4,13.9313
0.0,5,13.936241
0.0,3,13.939028
0.0,3,13.941913
0.0,4,13.945554
0.0,3,13.94849
0.0,3,13.951161
0.0,2,13.953099
-0.100935,2,13.955018
0.0,5,13.959483
0.0,4,13.963326
-0.018694,3,13.966167
-0.02334,3,13.969057
0.0,3,13.97183
0.0,2,13.973648
0.0,4,13.977347
0.0,2,13.979195
0.0,3,13.982147
0.0,3,13.984846
1.037228,2,13.986665
0.0,3,13.989584
0.0,3,13.992258
0.0,4,13.996053
0.0,5,14.000469
0.0,4,14.004296
-1.0,4,14.007981
0.0,3,14.010906
0.646152,2,14.012662
0.0,3,14.015409
0.0,3,14.018168
0.0,3,14.020883
-1.0,4,14.024472
0.0,3,14.02722
0.0,3,14.029971
0.0,3,14.032812
0.0,3,14.035622
-0.835839,3,14.038505
0.0,2,14.040291
0.0,3,14.043017
0.0,3,14.045921
0.0,3,14.048592
0.0,2,14.050543
0.0,2,14.052605
0.0,2,14.054443
0.0,2,14.056337
-0.695892,2,14.05842
0.0,2,14.060266
0.0,4,14.064016
0.0,2,14.066114
0.0,3,14.068701
0.0,3,14.071533
0.0,2,14.07352
0.0,3,14.076232
1.5,2,14.078184
0.0,5,14.082762
-0.015878,3,14.085623
0.0,3,14.088381
0.0,3,14.091177
0.0,3,14.094136
0.0,3,14.096776
-0.319443,4,14.100541
0.0,3,14.103183
0.677157,2,14.105138
0.0,3,14.108041
0.0,2,14.109862
0.0,2,14.111674
0.0,2,14.113715
0.0,3,14.116522
0.72765,3,14.119196
-0.894623,5,14.1251
0.0,4,14.130202
-0.767592,4,14.136338
0.0,2,14.138878
0.0,4,14.144129
-0.171876,3,14.148222
1.5,2,14.15111
0.317745,3,14.155195
0.0,2,14.157211
0.0,3,14.160109
0.0,3,14.163077
0.0,2,14.165105
0.0,2,14.167213
-0.318128,3,14.170033
0.0,2,14.171773
0.0,3,14.174464
0.0,5,14.179019
0.0,3,14.181769
0.0,3,14.184682
1.5,2,14.186402
0.0,3,14.189187
0.0,3,14.192056
0.0,3,14.194916
0.0,2,14.19698
0.0,4,14.200636
0.0,4,14.204565
-0.036059,3,14.207264
-0.104918,3,14.210159
0.0,5,14.214755
0.0,4,14.218799
0.0,3,14.221979
0.0,2,14.223936
0.0,3,14.226649
1.0,4,14.230095
0.0,2,14.23208
0.0,3,14.234841
0.0,3,14.237619
0.0,4,14.241469
0.0,2,14.243274
0.0,2,14.245248
0.0,2,14.247235
0.0,5,14.251619
0.0,2,14.253656
0.0,3,14.256346
0.0,3,14.259101
0.0,3,14.261914
0.0,2,14.263732
0.0,2,14.265587
0.046407,3,14.268531
0.0,2,14.270317
0.0,3,14.273289
0.0,2,14.275173
0.0,2,14.276957
0.0,2,14.278753
0.0,2,14.280903
-0.095189,3,14.283552
0.0,2,14.285417
-0.227891,2,14.28738
0.0,2,14.289325
0.0,3,14.292094
0.0,2,14.294124
0.0,2,14.296077
-0.274019,4,14.299617
0.0,3,14.302586
0.0,2,14.304433
0.0,3,14.307218
0.0,5,14.311692
0.646265,5,14.316079
0.0,3,14.318708
0.0,2,14.320464
0.0,2,14.322557
0.0,2,14.324597
0.0,3,14.327389
0.0,3,14.330236
0.0,2,14.332027
0.0,2,14.333764
0.0,4,14.337439
0.0,3,14.340073
0.0,2,14.341958
0.0,2,14.343991
0.0,2,14.345899
0.0,2,14.347671
0.0,4,14.351566
0.0,3,14.354183
0.0,3,14.356874
0.0,3,14.359637
0.0,2,14.406027
1.5,2,14.407933
-0.064692,2,14.40979
0.371349,5,14.414463
0.0,3,14.417252
0.0,4,14.421047
1.0,3,14.423925
1.5,2,14.425855
0.0,3,14.42871
0.983506,4,14.432434
0.0,2,14.434566
0.0,2,14.436618
1.5,2,14.438378
0.0,3,14.441291
0.0,3,14.443944
0.0,4,14.447558
0.0,2,14.449499
0.0,2,14.45126
0.0,3,14.454392
0.0,2,14.456198
0.0,2,14.458066
0.0,2,14.459857
0.0,2,14.462103
0.0,3,14.464866
0.0,3,14.467877
0.0,5,14.472296
-0.332247,5,14.477278
0.0,3,14.479892
-0.141776,2,14.482052
0.0,3,14.484825
1.5,2,14.486608
0.0,3,14.489646
0.0,4,14.493341
0.0,3,14.496354
0.0,2,14.498263
0.0,2,14.500052
0.0,2,14.502017
0.0,3,14.505153
0.0,3,14.50778
0.0,4,14.511761
0.0,3,14.514374
0.0,3,14.517598
0.0,5,14.522075
0.0,5,14.527333
-0.045317,4,14.531417
0.0,2,14.53325
0.0,3,14.535904
0.0,5,14.540707
-1.0,2,14.542433
0.0,4,14.546598
0.775349,4,14.550563
0.0,2,14.552795
0.0,4,14.556299
0.0,3,14.559606
0.0,2,14.561933
0.0,4,14.566063
0.0,3,14.568868
0.0,3,14.571618
1.0,3,14.574752
0.0,2,14.576554
0.0,2,14.578346
0.0,2,14.580584
0.0,2,14.582589
0.0,3,14.585363
1.363647,2,14.587698
0.0,2,14.589535
0.0,3,14.592385
0.0,2,14.594641
-0.266413,4,14.59826
0.0,2,14.60056
0.0,4,14.604203
0.0,4,14.608098
0.088144,3,14.610737
0.0,5,14.615676
0.0,5,14.620301
0.0,3,14.623083
0.0,2,14.625263
0.0,2,14.627121
0.0,3,14.630142
0.0,3,14.632871
0.0,3,14.635874
0.0,3,14.638956
0.0,3,14.641677
0.0,3,14.64428
0.0,2,14.646062
0.0,4,14.649429
-0.083312,3,14.652144
0.0,3,14.65472
0.0,4,14.739254
0.0,3,14.742465
0.0,3,14.745238
0.0,2,14.74703
0.0,3,14.749873
0.0,3,14.752599
0.0,3,14.755303
0.0,3,14.758071
0.0,3,14.760864
0.0,3,14.763786
0.0,4,14.767286
0.0,3,14.770116
0.0,4,14.773645
0.0,3,14.776427
0.0,2,14.778389
0.0,2,14.78019
0.0,2,14.782322
0.0,3,14.785267
0.0,2,14.787083
0.0,2,14.78883
0.0,5,14.793501
0.0,3,14.7964
1.165022,2,14.798315
-0.354476,3,14.800956
0.0,2,14.802908
1.5,2,14.804827
0.0,3,14.807563
1.488222,2,14.809674
0.0,2,14.811534
0.221595,3,14.814261
0.0,4,14.817905
0.0,3,14.820663
0.0,3,14.823379
0.0,4,14.827239
0.0,2,14.829214
0.0,3,14.832232
1.0,3,14.835504
0.0,3,14.839182
0.0,3,14.843206
0.0,2,14.845959
0.0,6,14.852766
0.0,2,14.854812
0.0,5,14.85929
0.0,5,14.864073
0.0,3,14.867019
-0.299371,3,14.86973
1.409104,2,14.871645
0.0,2,14.873784
0.0,2,14.875681
0.0,2,14.877496
0.049556,2,14.879289
1.5,2,14.881384
0.0,5,14.885867
1.5,2,14.887946
0.0,2,14.889935
0.0,2,14.891876
0.0,2,14.893696
0.0,2,14.895787
0.0,3,14.898535
0.0,2,14.900353
0.0,2,14.902516
0.0,3,14.905365
0.0,3,14.908158
0.0,4,14.911823
0.0,4,14.915814
0.0,3,14.918587
0.0,2,14.920423
0.0,3,14.923332
0.0,2,14.92576
0.163907,2,14.9278
0.0,4,14.931736
0.0,5,14.937027
0.0,4,14.940694
0.0,3,14.943385
0.616428,4,14.947245
0.0,4,14.95073
0.0,2,14.952675
0.0,2,14.954568
-1.0,4,14.95803
0.0,3,14.960872
0.0,5,14.965278
1.5,2,14.967169
1.5,2,14.969024
0.505327,2,14.970811
1.0,2,14.972886
0.0,3,14.975829
0.0,4,14.979613
0.0,2,14.981677
0.0,2,14.983729
0.0,2,14.985676
0.0,2,14.987841
1.5,2,14.989724
0.0,2,14.991488
0.0,2,14.993361
0.0,2,14.995197
0.0,3,14.997845
0.0,3,15.000619
1.5,2,15.002464
1.5,2,15.004344
0.0,4,15.008037
0.0,4,15.011564
-0.555366,3,15.014257
0.0,3,15.016955
0.0,2,15.018707
0.0,2,15.020626
0.0,3,15.023471
1.5,2,15.025387
0.0,3,15.028896
-0.229497,2,15.030921
0.0,3,15.033583
0.0,5,15.038573
0.0,3,15.041255
0.0,2,15.043314
0.359227,2,15.045161
-0.731996,5,15.049809
0.0,4,15.053379
0.0,2,15.055211
0.0,3,15.05835
0.30515,2,15.060156
0.0,3,15.063057
0.0,4,15.066541
0.0,2,15.068191
0.0,2,15.070298
0.0,2,15.072287
0.0,2,15.074128
0.927717,2,15.075914
0.0,5,15.080769
0.0,2,15.082658
0.0,5,15.087342
1.5,2,15.089007
0.0,2,15.091209
-0.307298,2,15.093112
1.5,2,15.094885
-0.347723,3,15.09776
0.0,4,15.101314
0.0,3,15.103898
0.0,3,15.106918
0.0,3,15.109484
1.5,2,15.111641
0.0,3,15.114547
0.0,2,15.116279
0.0,3,15.119434
0.0,4,15.123366
-0.178457,5,15.128709
0.0,4,15.132548
0.0,3,15.135453
-0.015199,2,15.137196
0.0,3,15.140247
0.0,3,15.143094
0.0,3,15.145888
1.5,2,15.147836
1.5,2,15.14969
-0.359286,4,15.153439
0.0,2,15.155346
0.0,2,15.157117
0.0,4,15.16104
0.0,2,15.162914
0.738551,2,15.164739
0.0,2,15.166769
0.0,2,15.16881
0.0,3,15.171466
0.0,3,15.174366
0.0,2,15.176176
1.222658,2,15.177981
1.5,2,15.179695
1.5,2,15.181793
0.0,3,15.184548
0.0,2,15.186278
0.0,3,15.18934
0.0,2,15.191365
0.0,2,15.193165
0.0,2,15.195316
0.0,3,15.198123
0.0,2,15.199819
-0.210871,2,15.201892
0.0,3,15.204672
0.0,2,15.206516
0.0,3,15.209626
0.0,3,15.212337
0.0,2,15.21403
0.0,3,15.216935
-1.0,4,15.220459
0.0,5,15.225246
0.0,2,15.227106
0.0,3,15.230026
0.754334,3,15.232644
0.0,3,15.235196
0.446109,2,15.237377
-0.637481,6,15.242769
0.0,3,15.245806
0.0,3,15.248397
1.5,2,15.250356
0.0,5,15.254794
0.0,2,15.256608
-0.760451,3,15.259623
-0.529619,4,15.263053
0.0,2,15.26524
-0.384685,2,15.267129
0.985963,2,15.268919
0.0,4,15.272734
-0.669801,3,15.275331
0.0,3,15.277989
0.0,2,15.279857
1.5,2,15.281652
0.0,3,15.28503
0.0,3,15.28801
0.0,2,15.28983
0.0,3,15.292589
0.0,3,15.295173
0.0,4,15.298558
0.0,3,15.301232
0.0,3,15.303859
0.0,3,15.306643
-0.334243,2,15.308346
0.0,3,15.310921
0.0,4,15.314457
-1.0,2,15.31627
0.0,3,15.318761
0.0,3,15.321492
-0.979913,2,15.323266
0.0,4,15.327124
0.0,5,15.331445
0.0,2,15.333238
-0.457189,3,15.335909
0.0,3,15.338463
0.0,4,15.342006
0.0,3,15.344625
0.0,2,15.346236
0.0,2,15.348175
0.0,2,15.350043
-0.692241,4,15.353542
0.0,2,15.355517
0.748639,2,15.357305
0.0,3,15.359879
0.0,3,15.362607
0.0,2,15.36438
0.0,3,15.366996
0.0,4,15.370742
0.0,2,15.372541
0.0,2,15.374252
0.0,2,15.376153
-0.073764,2,15.377972
0.0,3,15.380541
0.0,4,15.384199
0.0,3,15.386901
-1.0,5,15.391309
0.0,3,15.394096
0.0,4,15.397771
0.0,3,15.400461
0.0,2,15.402149
0.0,4,15.40586
0.0,3,15.40852
0.0,2,15.410483
0.0,4,15.413945
0.0,3,15.41653
1.5,2,15.418338
0.0,3,15.421126
1.0,2,15.422953
0.0,3,15.425936
0.0,3,15.428639
0.0,4,15.467841
1.0,4,15.471494
0.0,3,15.474393
0.0,2,15.476296
0.0,4,15.479624
0.0,3,15.482605
0.0,2,15.484481
0.0,2,15.486107
0.803849,2,15.488082
1.5,2,15.48993
0.0,2,15.491737
0.0,3,15.494423
0.0,3,15.497154
0.0,2,15.498933
0.0,3,15.501742
-0.890185,4,15.505208
0.107492,3,15.507725
0.0,4,15.5114
0.0,4,15.514966
-0.118302,3,15.517635
0.0,3,15.520289
0.0,3,15.523033
0.0,4,15.526671
-1.0,4,15.530452
0.0,2,15.532272
-0.75771,4,15.535787
0.0,3,15.538518
0.0,4,15.542055
-0.735637,3,15.54474
0.0,3,15.547287
0.0,3,15.549867
1.0,2,15.5517
1.5,2,15.553445
0.0,3,15.556028
0.0,4,15.559517
0.0,2,15.561372
0.0,2,15.563127
0.0,3,15.56587
0.0,2,15.567715
1.5,2,15.569371
-0.482015,2,15.57128
0.0,4,15.574881
0.0,3,15.577408
0.0,3,15.580167
0.0,3,15.582749
-0.531746,2,15.584435
1.5,2,15.58632
0.0,2,15.588161
0.0,2,15.589859
0.0,2,15.591615
0.0,3,15.59429
1.0,2,15.596008
0.0,2,15.597701
0.0,3,15.600391
0.0,2,15.602291
-0.470407,4,15.605726
0.0,3,15.608465
0.0,3,15.610973
-0.297365,4,15.614464
0.0,3,15.617192
0.714724,4,15.620789
0.0,3,15.623446
0.0,6,15.628903
0.0,2,15.6307
-1.0,3,15.633192
0.0,2,15.635007
-0.908483,5,15.639297
0.0,3,15.642043
0.0,2,15.643742
0.0,5,15.648054
-0.417603,3,15.650939
0.0,4,15.654296
0.0,3,15.657151
0.0,4,15.660565
-0.744601,3,15.663414
0.0,4,15.666889
0.0,3,15.669746
0.0,5,15.674044
0.0,2,15.675955
0.0,4,15.680289
0.0,3,15.683281
0.0,3,15.685958
0.0,3,15.688517
0.0,3,15.691262
0.0,4,15.694797
0.0,2,15.696729
0.293416,3,15.699544
0.0,3,15.702085
0.0,2,15.704062
0.0,4,15.70768
0.0,2,15.709428
0.0,3,15.712226
0.0,4,15.715803
0.0,2,15.717639
0.0,3,15.72051
-0.707108,5,15.724843
1.0,2,15.808131
0.0,2,15.810621
0.0,2,15.812797
0.0,2,15.814923
0.0,2,15.816946
0.0,3,15.819938
0.0,3,15.822836
0.0,3,15.825883
0.0,4,15.829896
0.0,2,15.831925
0.0,5,15.83645
0.0,2,15.838343
0.0,3,15.840968
0.0,3,15.843928
0.0,4,15.847609
0.0,3,15.850411
0.0,3,15.853722
0.0,3,15.856668
0.0,3,15.85953
0.0,2,15.861374
0.0,4,15.865163
0.0,3,15.867941
0.0,2,15.869717
-1.0,5,15.874474
0.0,4,15.878161
0.0,2,15.880119
0.0,3,15.882718
0.0,2,15.884707
0.0,2,15.88676
0.0,2,15.888606
0.0,3,15.891344
0.0,3,15.894241
1.5,2,15.896006
0.0,3,15.898776
0.0,2,15.900711
0.0,3,15.903331
0.0,2,15.905327
0.0,2,15.907318
1.5,2,15.909269
0.0,3,15.912036
0.637118,2,15.914043
0.0,3,15.916699
0.0,5,15.921364
0.0,3,15.924272
-1.0,3,15.927296
0.0,3,15.929988
0.0,2,15.931774
0.0,4,15.935875
-0.156979,3,15.938563
0.860251,2,15.940466
0.0,2,15.942457
0.0,2,15.944337
0.0,3,15.9471
1.0,2,15.949057
1.5,2,15.950927
0.0,3,15.953662
0.0,2,15.955572
0.0,2,15.957458
0.0,2,15.959145
0.0,2,15.961038
0.0,4,15.964633
0.0,4,15.968151
0.0,2,15.970046
0.0,2,15.971879
0.0,2,15.9735
0.0,2,15.975504
0.029797,3,15.978203
0.0,2,15.979928
0.0,4,15.9835
0.0,2,15.985388
0.0,3,15.987929
-0.447098,2,15.989908
0.0,3,15.992646
0.0,2,15.99435
0.0,3,15.997159
0.0,2,15.999033
0.0,4,16.002516
-0.65312,2,16.00439
1.785893,2,16.006305
0.0,2,16.008002
0.0,2,16.009973
0.0,2,16.011781
0.0,2,16.013587
0.0,3,16.016222
-0.613894,4,16.019922
0.0,4,16.023577
1.0,2,16.025412
1.5,2,16.027148
0.0,5,16.031828
0.0,2,16.033719
1.268146,2,16.035527
0.0,2,16.037382
0.0,2,16.039191
-0.015895,3,16.04182
0.0,2,16.043607
0.0,4,16.047302
0.0,4,16.05067
1.5,2,16.05257
0.0,3,16.05518
0.0,6,16.060331
0.0,3,16.062976
0.0,2,16.064624
0.0,4,16.068359
0.343796,2,16.070095
-0.247981,2,16.071829
0.0,4,16.075439
0.0,4,16.078996
-0.134284,2,16.080918
-1.0,2,16.082694
0.0,2,16.084427
0.0,2,16.086294
0.0,4,16.089919
0.0,2,16.091599
0.0,3,16.094339
0.0,4,16.097869
0.0,3,16.100587
0.0,2,16.102443
0.0,3,16.105208
0.0,3,16.108403
0.0,2,16.110603
0.0,2,16.112603
1.5,2,16.115951
0.739035,4,16.120213
0.0,3,16.123241
0.0,3,16.126177
0.51394,4,16.130063
0.0,3,16.132804
0.0,4,16.136441
0.999392,2,16.13836
0.0,2,16.140163
0.0,2,16.141977
0.0,2,16.14391
0.0,3,16.146671
0.0,2,16.148534
-1.0,4,16.152193
0.0,5,16.15688
0.092574,5,16.161361
0.0,3,16.16427
0.0,3,16.167089
-0.245989,2,16.168821
0.0,4,16.172534
1.0,5,16.177141
0.0,4,16.180831
1.5,2,16.1826
0.0,3,16.185419
0.0,3,16.188232
-0.154346,3,16.190987
0.0,3,16.193759
0.0,3,16.196424
-0.911476,5,16.201171
0.0,2,16.203281
0.0,4,16.207062
0.087058,3,16.209845
0.0,2,16.2119
1.437218,2,16.213763
0.0,3,16.216661
-0.745691,3,16.21946
-0.076807,2,16.221374
0.0,4,16.225146
0.0,2,16.227009
0.0,3,16.229938
0.0,3,16.233147
0.0,2,16.235284
0.0,4,16.238992
0.0,3,16.241994
1.0,2,16.243828
-1.782687,2,16.245785
0.0,2,16.247963
0.0,2,16.249806
0.0,3,16.252569
0.0,2,16.254557
-0.975497,4,16.258079
0.0,4,16.261938
0.0,3,16.264604
-0.414937,4,16.268213
0.0,2,16.270229
0.0,4,16.273798
0.0,2,16.275657
1.0,2,16.277772
1.5,2,16.279515
0.0,2,16.281402
0.0,2,16.283295
0.0,2,16.285137
0.0,2,16.286801
0.0,4,16.290442
-0.709799,4,16.293831
0.0,3,16.296607
0.0,2,16.298501
0.0,3,16.301023
0.0,5,16.305628
1.5,2,16.307647
0.0,2,16.309623
1.5,2,16.311422
0.0,3,16.314028
0.0,2,16.315811
-1.0,2,16.317697
0.0,2,16.319561
1.0,3,16.322158
0.0,2,16.324026
0.0,4,16.327642
0.128298,2,16.329621
0.0,4,16.333232
0.0,4,16.336625
0.0,3,16.339369
0.0,2,16.341143
0.0,2,16.342786
0.0,4,16.346421
0.0,3,16.34897
0.0,3,16.351903
0.0,4,16.356163
0.0,4,16.359876
0.0,3,16.362555
0.0,2,16.364314
0.0,4,16.36788
0.0,3,16.370489
0.0,3,16.373272
0.000825,3,16.375968
1.5,2,16.377714
0.153108,3,16.38055
0.0,4,16.383975
0.0,2,16.385867
0.0,4,16.389502
0.0,3,16.39225
0.0,3,16.394954
1.5,2,16.396688
0.0,3,16.399341
0.0,2,16.401229
0.007671,3,16.403878
0.0,2,16.405565
0.0,2,16.407424
0.0,2,16.409259
0.0,3,16.411886
1.240234,2,16.413769
0.0,3,16.416551
0.038876,2,16.41831
-1.0,4,16.421959
0.0,5,16.428571
0.0,3,16.433398
0.0,2,16.43732
0.302538,2,16.440623
0.0,2,16.443995
0.0,2,16.447228
0.0,2,16.45097
1.5,2,16.454384
0.0,2,16.458028
0.0,2,16.461135
-1.0,2,16.464033
-1.0,4,16.467988
0.0,4,16.471758
0.0,2,16.473616
0.0,3,16.476245
0.0,5,16.480837
0.901307,3,16.483528
0.0,2,16.485409
0.0,5,16.527398
0.0,4,16.531277
0.0,4,16.534976
-1.0,6,16.540147
0.0,3,16.542959
0.0,4,16.546412
1.389609,2,16.548318
0.0,4,16.551733
-0.589887,2,16.553605
0.0,2,16.555525
0.0,3,16.558082
0.0,2,16.559763
0.0,2,16.561977
0.0,4,16.565537
0.0,4,16.569196
0.0,3,16.571826
-0.999149,4,16.575279
0.0,3,16.577964
0.0,3,16.580406
0.0,2,16.582363
0.0,3,16.585406
0.0,4,16.589741
0.0,4,16.593781
0.0,3,16.596561
0.0,2,16.598425
0.0,2,16.600165
0.0,4,16.604011
0.0,2,16.605802
0.0,3,16.608364
0.0,3,16.611468
1.0,2,16.613262
1.0,2,16.615217
0.225595,2,16.617128
0.0,2,16.620395
0.0,2,16.623409
0.0,3,16.628237
0.0,3,16.63349
0.0,4,16.638022
-0.883366,3,16.640811
0.0,4,16.644264
0.312048,4,16.647686
0.0,3,16.650265
1.5,2,16.652134
0.0,3,16.654788
0.0,3,16.657497
0.0,3,16.660229
0.0,2,16.661943
-0.027164,5,16.666537
0.0,2,16.668533
0.0,5,16.672904
1.5,2,16.674718
-0.361502,3,16.677287
0.0,2,16.679204
-1.0,2,16.681056
0.0,3,16.683689
-0.66686,4,16.687118
0.0,3,16.689715
0.0,2,16.691442
0.0,4,16.695095
0.0,4,16.698414
0.0,2,16.70028
0.0,4,16.703664
0.0,3,16.70622
0.0,3,16.708817
0.0,4,16.712219
0.0,4,16.715613
0.076589,2,16.717354
0.0,4,16.720692
0.0,3,16.723253
-1.0,3,16.725703
0.0,4,16.729025
0.0,4,16.732462
0.0,3,16.735035
0.037943,2,16.736808
0.0,4,16.7401
0.0,2,16.741902
-0.287042,5,16.745991
0.0,4,16.749624
0.0,3,16.752231
-1.0,4,16.755546
0.0,3,16.758085
0.0,4,16.761373
0.0,2,16.763132
-1.0,5,16.767149
0.0,3,16.769672
0.0,2,16.771339
0.0,2,16.772955
1.5,2,16.774502
0.0,3,16.777044
0.0,2,16.778722
0.0,3,16.781133
0.0,2,16.782824
-1.0,4,16.786118
0.0,4,16.789244
0.0,3,16.79175
0.0,2,16.793434
0.0,2,16.79513
0.0,2,16.796801
-1.0,3,16.799322
0.0,2,16.800921
0.0,4,16.804224
0.0,4,16.807491
0.0,2,16.880747
0.0,3,16.883625
-0.048955,3,16.886073
-0.380269,3,16.888615
1.5,2,16.890336
0.0,2,16.891989
0.0,3,16.894501
0.006086,3,16.897017
0.0,3,16.899458
0.175553,3,16.902013
0.0,2,16.903698
0.0,4,16.906962
0.0,4,16.910298
0.0,4,16.913519
-0.567058,6,16.918342
0.0,3,16.920751
0.0,3,16.923427
0.0,2,16.925196
0.0,4,16.928811
0.0,3,16.931456
1.5,2,16.9331
0.0,2,16.935144
0.0,4,16.938868
0.0,3,16.941279
0.0,3,16.943937
0.0,2,16.945724
0.0,2,16.947372
-0.186598,3,16.949923
0.0,3,16.952505
0.0,3,16.954952
0.0,2,16.956586
-1.0,2,16.958336
0.0,3,16.960837
0.0,2,16.962509
0.0,6,16.967544
0.0,3,16.970049
0.0,3,16.972664
0.0,4,16.975937
0.0,4,16.979334
0.0,2,16.980993
0.0,2,16.982639
-0.051611,2,16.984258
0.0,3,16.986813
0.0,3,16.989287
-0.201931,2,16.99101
0.0,4,16.994643
1.5,2,16.99636
0.0,2,16.998104
0.0,4,17.002026
-0.227556,5,17.006274
0.0,2,17.008021
0.0,3,17.010618
-0.193,5,17.014857
0.0,3,17.017406
0.0,3,17.019941
0.0,2,17.021655
0.0,2,17.023367
0.0,4,17.026704
0.0,3,17.029367
0.0,3,17.032089
0.0,2,17.033868
0.0,2,17.035614
0.0,3,17.038157
0.0,4,17.041542
0.0,2,17.043308
0.0,3,17.045841
0.0,2,17.047577
0.0,3,17.050029
0.0,4,17.053269
0.0,3,17.055795
0.0,2,17.057535
0.0,3,17.059937
0.0,2,17.061585
0.0,2,17.063282
0.0,3,17.065693
-1.0,3,17.068192
-1.0,3,17.070673
-0.345653,3,17.073108
0.0,4,17.076459
0.0,3,17.079017
1.5,2,17.080589
0.0,3,17.083116
0.0,4,17.086328
0.0,2,17.087896
1.5,2,17.089614
0.0,3,17.092076
0.0,2,17.093672
0.073081,3,17.096127
-1.0,3,17.098641
0.0,3,17.100992
-1.0,4,17.104269
-1.0,3,17.106655
0.0,3,17.109081
0.0,2,17.110838
0.0,2,17.11245
-0.377467,2,17.114089
0.0,2,17.115976
0.0,3,17.119051
0.0,4,17.122618
0.0,3,17.125489
0.0,2,17.127355
1.5,2,17.12994
0.0,3,17.133341
0.0,3,17.136551
1.5,2,17.138619
0.0,2,17.140693
0.0,5,17.145062
0.0,2,17.147027
0.0,2,17.149081
0.0,5,17.154064
-1.650561,2,17.1562
0.0,2,17.158001
-0.31131,5,17.162442
0.0,2,17.164381
0.0,5,17.168458
-0.177146,4,17.171634
0.0,2,17.173342
1.0,2,17.174968
0.0,4,17.178192
0.0,3,17.180697
0.0,5,17.18469
1.5,2,17.186349
1.0,3,17.188959
0.0,4,17.192118
0.0,2,17.193731
0.0,4,17.197051
0.0,2,17.198647
0.0,3,17.201046
0.0,2,17.202671
0.0,3,17.205117
0.0,3,17.20752
1.5,2,17.209217
1.0,3,17.21162
-0.31465,4,17.214788
0.0,3,17.217301
0.0,3,17.219732
0.344627,3,17.222332
2.0,2,17.224159
0.626741,3,17.226813
0.0,2,17.228499
0.0,2,17.230285
0.0,3,17.232889
0.0,2,17.234621
0.0,4,17.238235
0.0,3,17.240703
-0.805336,4,17.244164
0.0,3,17.246738
0.0,2,17.248391
0.0,4,17.251884
0.0,4,17.255156
0.790277,2,17.256969
-0.129442,3,17.259648
0.0,3,17.262169
0.0,2,17.26393
0.0,3,17.266611
0.0,2,17.268337
0.0,5,17.272623
0.0,4,17.276058
-1.0,2,17.277796
0.0,2,17.27969
0.0,3,17.282197
1.010564,2,17.283836
0.0,4,17.287276
0.0,3,17.289771
1.5,2,17.291522
0.0,2,17.293288
0.0,2,17.29502
0.0,5,17.29921
0.0,2,17.301082
0.0,3,17.303622
0.0,3,17.306259
0.0,4,17.30963
0.0,3,17.312265
-0.725074,3,17.314893
1.0,2,17.316605
0.0,2,17.31834
0.0,2,17.320195
0.0,3,17.322854
0.0,2,17.324616
0.0,3,17.327242
0.0,5,17.331774
1.5,2,17.333821
0.0,3,17.33662
0.0,3,17.339117
0.0,3,17.342119
0.0,3,17.344744
0.95948,2,17.346469
0.0,3,17.349243
0.0,4,17.352566
0.0,2,17.354423
0.0,4,17.357997
0.0,2,17.359767
0.934981,2,17.361691
0.0,3,17.364348
0.0,3,17.366881
0.0,2,17.368798
0.0,3,17.371443
0.0,3,17.374
1.0,3,17.376824
0.0,3,17.379456
0.0,5,17.383941
0.0,2,17.385892
0.0,3,17.388707
0.0,3,17.391572
0.0,2,17.393371
0.0,3,17.396054
0.0,2,17.398002
0.0,3,17.400666
0.0,2,17.402546
1.5,2,17.404477
0.0,2,17.406473
0.0,3,17.409008
0.0,2,17.410923
-2.0,2,17.412854
0.0,2,17.414584
0.0,3,17.417328
0.0,3,17.420052
1.0,2,17.421787
0.0,2,17.423586
0.0,3,17.426532
0.0,2,17.429312
0.010461,2,17.432091
0.0,5,17.438044
0.0,2,17.440319
-1.0,5,17.445006
-0.966802,2,17.447045
0.0,2,17.448788
0.0,3,17.451646
0.0,3,17.454714
0.289399,2,17.456506
0.0,4,17.460201
0.0,3,17.462855
0.0,4,17.466643
0.0,2,17.468622
0.0,3,17.471504
0.0,5,17.47625
-1.0,3,17.478904
0.0,3,17.481835
-0.167577,2,17.483648
0.0,2,17.485463
1.5,2,17.526318
0.0,4,17.530587
0.272107,2,17.532811
-0.22795,2,17.534909
0.0,3,17.538013
0.0,2,17.539863
-0.343831,3,17.542978
0.0,5,17.547627
0.0,3,17.550844
-1.0,3,17.553594
0.0,4,17.557566
0.0,3,17.560456
-1.0,5,17.565387
0.0,2,17.567235
0.0,2,17.569115
0.0,3,17.572216
0.0,3,17.575007
1.5,2,17.577026
0.0,2,17.579271
-1.0,3,17.582058
0.0,3,17.585152
0.0,3,17.588034
0.0,2,17.589857
0.0,2,17.592058
0.0,3,17.594929
0.0,2,17.596774
0.0,3,17.600014
0.0,4,17.60375
0.0,2,17.605954
0.0,3,17.608876
0.0,3,17.612017
0.0,4,17.616047
0.0,4,17.62017
0.0,3,17.623007
-0.621344,2,17.624958
-0.433134,2,17.627225
0.0,4,17.631857
-0.144658,3,17.635342
0.0,2,17.637284
0.0,2,17.63938
0.0,4,17.643449
0.0,2,17.645376
0.0,3,17.648636
0.0,3,17.651528
0.0,2,17.653665
0.0,3,17.656803
-0.594964,2,17.658677
-0.651432,3,17.661809
1.5,2,17.663822
0.0,2,17.665689
0.0,2,17.667799
0.0,3,17.670846
0.0,2,17.672741
0.0,3,17.675959
0.0,3,17.678897
0.0,2,17.680979
1.0,3,17.684171
0.0,2,17.68624
1.5,2,17.688317
1.0,4,17.692398
0.0,7,17.699496
0.0,3,17.702494
0.0,2,17.704774
0.0,2,17.706661
-0.628341,3,17.709769
0.0,3,17.712881
0.0,2,17.71473
0.0,3,17.71801
0.0,2,17.720008
0.0,3,17.72304
0.0,2,17.725343
0.0,2,17.727309
0.0,3,17.730279
0.0,2,17.732584
-0.051809,3,17.735789
0.0,2,17.738086
0.0,3,17.741138
0.0,2,17.743136
-0.308964,2,17.745349
0.0,3,17.748278
0.124291,2,17.750188
0.0,4,17.754431
0.0,5,17.759486
0.0,2,17.761491
0.0,5,17.766669
0.0,4,17.77046
0.0,2,17.772734
0.0,4,17.776681
0.0,2,17.778774
0.785621,2,17.781035
0.0,3,17.784064
0.0,3,17.787264
0.0,2,17.789345
0.0,2,17.791232
0.445232,4,17.795477
0.0,3,17.798308
0.0,3,17.801656
0.0,3,17.80453
-0.990284,2,17.806566
0.0,3,17.809821
0.0,2,17.811845
0.260705,2,17.814159
0.0,4,17.818378
0.0,4,17.822608
0.0,4,17.826533
0.0,3,17.830292
0.0,4,17.835185
1.181872,2,17.837538
0.0,3,17.84067
0.0,3,17.843936
0.0,3,17.846991
0.0,3,17.850148
0.0,4,17.854146
0.0,3,17.857233
1.0,2,17.85944
0.0,3,17.862421
0.0,2,17.864683
0.0,3,17.86757
0.0,2,17.869674
-0.167654,5,17.959782
-0.202785,3,17.963181
0.0,3,17.966182
-1.0,5,17.97155
0.0,2,17.973606
-1.0,4,17.977892
0.0,2,17.979988
0.0,3,17.983304
0.0,3,17.986268
-0.465381,3,17.989572
0.0,4,17.993671
0.0,4,17.998077
0.0,2,18.000082
0.0,4,18.004441
0.0,3,18.007364
-0.090366,3,18.010713
1.0,2,18.012741
0.0,5,18.018002
0.0,2,18.020128
0.0,2,18.022111
0.0,2,18.024492
0.0,2,18.026618
0.0,4,18.03084
0.0,2,18.033192
0.0,2,18.035505
0.0,3,18.038809
0.0,2,18.040964
0.0,2,18.043019
0.0,3,18.046356
0.268134,5,18.051662
0.0,2,18.053909
0.0,3,18.056939
0.0,4,18.061256
0.0,3,18.064267
0.0,3,18.067629
0.0,3,18.070605
0.0,2,18.072927
0.329407,3,18.075931
0.0,3,18.079453
0.0,2,18.081913
0.0,4,18.089339
1.5,2,18.092185
0.0,3,18.095796
0.0,2,18.097975
0.0,2,18.100437
0.0,2,18.102572
-1.0,5,18.107832
0.0,3,18.111031
0.0,3,18.114285
0.0,3,18.117521
0.0,2,18.119601
-0.341902,4,18.123975
-0.975747,2,18.126212
0.0,5,18.131484
1.5,2,18.13372
0.0,4,18.137991
-0.455711,4,18.14211
0.0,3,18.145459
0.0,2,18.147618
0.0,4,18.152076
0.0,4,18.156175
0.0,3,18.159366
0.0,2,18.161529
0.0,2,18.163789
0.0,2,18.166058
0.0,2,18.168133
0.554698,3,18.171463
0.0,2,18.173562
0.0,3,18.176787
0.0,2,18.17906
0.0,2,18.181304
0.0,2,18.183283
0.0,2,18.185607
0.0,2,18.187844
0.0,3,18.191146
-0.129133,2,18.193276
0.0,2,18.195271
0.0,3,18.19857
0.0,3,18.201707
0.0,2,18.203862
0.0,2,18.206132
0.0,5,18.211102
0.0,2,18.213523
0.0,4,18.217589
0.0,3,18.220882
0.0,3,18.223951
0.0,4,18.228398
-0.431681,4,18.233065
0.0,4,18.237044
0.0,2,18.239283
0.0,3,18.242417
0.0,2,18.244305
0.0,3,18.247629
1.5,2,18.249636
0.0,2,18.251603
0.0,2,18.253892
0.0,3,18.257016
1.0,3,18.259984
0.0,2,18.262288
0.0,2,18.26443
1.5,2,18.266729
0.0,2,18.268929
0.0,3,18.271915
0.0,2,18.274105
0.0,3,18.277468
0.0,3,18.280676
0.0,3,18.283932
-0.034054,3,18.286826
0.0,2,18.28905
0.094014,4,18.293048
0.0,4,18.297293
0.0,4,18.3013
-0.568823,5,18.306403
0.0,2,18.308334
0.0,3,18.311693
0.0,3,18.314731
0.0,4,18.318976
-0.922757,5,18.324195
1.5,2,18.326268
0.0,2,18.328331
0.0,2,18.330572
-0.409484,2,18.332957
0.008408,2,18.33541
0.0,3,18.338785
0.0,2,18.340871
0.0,2,18.342811
0.0,3,18.34621
0.0,2,18.348287
0.0,2,18.350505
-0.499317,2,18.352859
-1.0,3,18.3559
0.0,3,18.359244
0.003273,2,18.361461
0.0,2,18.363566
0.165165,2,18.365814
0.0,4,18.369664
0.0,3,18.372939
0.0,3,18.375811
0.0,2,18.377936
1.5,2,18.38012
0.0,2,18.382191
0.0,4,18.386361
0.0,3,18.389236
-1.0,2,18.391211
0.0,2,18.393366
0.0,3,18.396532
0.0,3,18.3998
0.0,2,18.401871
0.0,2,18.403732
0.0,3,18.406712
0.0,3,18.409951
0.0,3,18.413265
0.0,4,18.417279
0.0,4,18.421174
0.0,4,18.425117
-0.093151,3,18.428639
0.0,2,18.431197
0.0,4,18.436056
0.0,4,18.440413
0.0,4,18.444642
0.0,4,18.448714
0.21968,3,18.451779
0.0,3,18.454872
0.0,4,18.459322
0.0,2,18.461415
0.0,2,18.463844
2.0,2,18.465985
0.0,5,18.472294
0.0,4,18.476949
0.931984,2,18.479069
0.0,3,18.482278
0.0,3,18.485596
0.0,3,18.488724
0.0,3,18.491868
1.5,2,18.493841
0.0,2,18.495963
0.0,3,18.499635
0.0,2,18.501831
-1.0,2,18.5041
0.0,4,18.508124
0.0,5,18.513593
0.0,2,18.515654
0.0,3,18.51917
0.0,2,18.521327
0.0,2,18.52345
0.0,4,18.527673
0.0,3,18.530757
0.0,5,18.536372
0.0,2,18.538627
0.0,2,18.540735
0.0,4,18.544809
-0.064014,3,18.548033
-0.684794,5,18.553135
-0.666347,3,18.556333
0.0,2,18.558496
0.0,7,18.565545
-0.132139,4,18.569701
0.0,2,18.571785
1.5,2,18.574045
0.0,3,18.577225
0.0,2,18.579399
0.0,5,18.58451
0.0,5,18.589569
0.0,3,18.592497
0.0,3,18.595736
0.0,4,18.599874
0.0,3,18.603297
0.0,3,18.60641
0.0,2,18.608706
0.0,2,18.611152
0.0,2,18.613321
-0.375331,2,18.615611
0.0,2,18.61796
0.0,4,18.622142
-0.587485,3,18.625488
0.0,4,18.629924
-0.540826,2,18.632562
0.0,4,18.636843
0.0,2,18.638967
0.0,2,18.64109
-1.847085,2,18.64335
-0.787975,5,18.648548
0.386358,3,18.651684
0.0,3,18.65473
0.0,2,18.65677
0.068356,2,18.659292
0.0,4,18.66346
0.0,3,18.666908
0.0,2,18.668944
0.0,2,18.714036
-0.193604,2,18.716133
0.0,2,18.718153
0.0,3,18.721417
0.0,4,18.725539
0.483577,2,18.727875
0.0,4,18.731757
0.0,3,18.735151
0.0,2,18.73764
1.0,4,18.741887
0.0,2,18.744115
0.0,2,18.746298
0.0,3,18.74964
1.0,2,18.75178
0.0,2,18.753898
0.0,4,18.758166
0.0,2,18.760117
0.0,3,18.763521
-0.475602,4,18.767386
0.068223,7,18.774321
0.0,2,18.776549
0.0,4,18.780595
-0.185357,2,18.782765
0.0,3,18.786019
-0.204762,4,18.790207
0.0,3,18.793279
0.0,2,18.795294
0.0,2,18.797472
0.0,2,18.799678
0.0,4,18.803777
0.0,5,18.808834
0.0,3,18.812128
0.0,3,18.815097
0.0,6,18.821348
0.0,2,18.823291
0.0,3,18.826694
0.0,3,18.830071
0.0,4,18.834562
0.0,2,18.836756
0.0,3,18.840189
0.0,3,18.843314
0.075622,5,18.848564
0.0,3,18.85152
0.0,2,18.854016
0.964906,3,18.857067
0.0,3,18.860502
0.0,4,18.864495
0.0,2,18.866668
0.0,2,18.868822
0.0,3,18.871922
1.5,2,18.874345
-0.026873,3,18.877407
0.078085,4,18.881699
0.0,2,18.883903
0.0,2,18.886099
-0.911375,3,18.889596
0.0,3,18.893027
0.0,3,18.896577
0.0,2,18.898841
0.0,2,18.901031
0.0,4,18.905336
0.0,3,18.908731
0.0,6,18.915146
0.192222,4,18.919392
0.0,3,18.922724
0.0,2,18.924918
0.0,2,18.926917
0.0,2,18.929441
0.0,2,18.931796
0.0,3,18.935263
0.0,3,18.938924
0.0,2,18.941041
0.0,2,18.943218
0.0,4,18.947398
0.941729,2,18.949674
0.0,4,18.953619
-1.0,3,18.956651
0.0,3,18.959612
0.0,3,18.962529
0.0,2,18.964842
0.0,2,18.966891
0.0,3,18.969738
0.0,2,18.972089
0.0,3,18.975055
-0.398103,3,18.978355
1.426582,2,18.980447
0.0,2,18.982491
0.0,4,18.986737
0.0,3,18.989757
-0.239701,3,18.993164
0.0,4,18.99699
0.0,3,19.000787
-1.0,3,19.004477
0.0,2,19.006919
0.0,3,19.010272
0.0,3,19.01393
0.0,2,19.016424
0.0,2,19.019106
0.0,5,19.02454
-0.550169,2,19.026943
0.0,2,19.029299
0.0,2,19.031486
0.0,4,19.03601
0.0,3,19.039224
-1.0,4,19.043478
0.0,3,19.046681
-0.237794,3,19.049921
0.0,3,19.052944
0.0,4,19.057192
0.0,2,19.059264
-2.0,2,19.061424
0.0,2,19.06352
0.0,4,19.067495
0.0,2,19.069844
0.0,2,19.071916
-0.521986,3,19.074915
0.971075,2,19.077236
0.0,3,19.080271
0.0,4,19.084794
0.0,3,19.087991
0.0,4,19.092206
0.0,3,19.095085
0.0,2,19.097633
0.0,2,19.099653
0.0,2,19.190964
-0.718986,3,19.194883
-0.889181,4,19.199181
0.0,3,19.202747
0.0,3,19.205791
0.0,4,19.210319
0.0,2,19.212429
0.0,3,19.216035
0.0,2,19.218162
0.0,3,19.221322
0.0,2,19.223737
0.0,3,19.227711
1.0,3,19.231614
0.0,2,19.233806
0.0,4,19.239272
0.0,2,19.241928
0.0,2,19.244384
0.0,2,19.246471
0.0,3,19.250013
0.0,4,19.254261
0.0,2,19.256691
0.0,3,19.259954
0.0,2,19.261999
0.0,3,19.265779
0.0,2,19.267771
0.0,3,19.27143
0.0,2,19.273473
0.0,2,19.275389
0.0,3,19.278885
0.0,2,19.28097
0.0,2,19.283263
-2.0,2,19.286042
0.0,3,19.289306
0.0,3,19.292921
0.0,3,19.296156
0.0,2,19.298638
1.0,3,19.301694
-0.939298,4,19.306297
0.0,2,19.308546
0.0,2,19.31084
0.0,2,19.313392
0.0,3,19.316437
0.0,4,19.321025
-1.0,3,19.324132
0.0,3,19.327649
1.420716,2,19.329768
0.0,2,19.331827
0.0,3,19.335487
0.0,2,19.3382
0.0,4,19.342845
0.0,4,19.347319
0.0,2,19.349445
-0.213353,2,19.351506
1.5,2,19.354001
0.0,2,19.35629
0.0,2,19.358355
0.0,2,19.360779
0.0,3,19.363972
0.0,2,19.366078
1.5,2,19.368436
0.0,4,19.372597
0.0,2,19.374994
0.0,2,19.377249
0.0,4,19.381708
0.0,4,19.385939
-0.008731,3,19.389745
0.0,2,19.392003
0.0,5,19.397648
0.0,3,19.400637
0.0,2,19.403174
0.0,2,19.405349
0.819336,3,19.408587
0.0,3,19.411907
-0.343742,3,19.414811
1.5,2,19.417325
0.0,2,19.419564
0.0,3,19.422982
0.0,2,19.425259
0.0,2,19.42728
0.0,2,19.429501
0.0,2,19.432075
0.0,5,19.438684
0.0,3,19.441938
0.0,3,19.445427
0.0,3,19.44865
0.0,2,19.450782
0.0,2,19.453444
0.0,3,19.456705
0.0,4,19.461377
0.0,3,19.464701
0.0,2,19.467243
0.0,3,19.470441
0.446851,2,19.473532
0.0,2,19.475814
0.0,2,19.478138
0.0,3,19.481546
0.0,2,19.483554
0.0,2,19.485799
-0.029746,2,19.488272
-0.132852,2,19.490288
0.0,2,19.49286
0.0,2,19.495015
0.0,2,19.49714
0.0,2,19.499348
0.0,3,19.502895
-1.0,4,19.507359
0.0,2,19.509556
0.0,2,19.511546
0.0,3,19.514976
0.0,4,19.519074
0.0,2,19.521592
0.0,4,19.525761
0.0,2,19.52808
0.0,3,19.531531
0.0,2,19.533764
0.0,4,19.538807
0.0,2,19.540975
-0.063185,3,19.544285
0.0,2,19.546444
0.0,3,19.550011
0.0,2,19.552154
0.0,3,19.555459
-0.54701,3,19.558658
1.0,2,19.560594
-0.028276,5,19.566186
-0.156503,2,19.568268
0.0,2,19.570951
0.0,3,19.574004
-0.925114,3,19.577508
-0.916173,2,19.579645
0.0,3,19.582704
-0.654025,2,19.585201
0.0,4,19.589127
0.0,3,19.592704
0.0,3,19.595865
1.5,2,19.598312
0.0,2,19.600479
0.0,3,19.603706
-0.006028,4,19.607945
0.0,2,19.609912
0.0,2,19.612433
0.0,2,19.614635
0.584282,2,19.616794
0.0,3,19.620295
0.0,2,19.622356
-0.567906,3,19.625885
-0.017715,2,19.62808
-0.023553,2,19.630217
0.0,4,19.634618
0.0,3,19.638092
1.5,2,19.640501
0.0,3,19.64351
0.0,3,19.647063
-0.409259,3,19.650114
0.0,3,19.653601
1.0,2,19.655758
0.0,2,19.657859
0.0,5,19.663296
0.0,3,19.666275
0.0,2,19.668499
0.0,3,19.671378
0.0,2,19.673425
0.0,3,19.676653
0.0,2,19.678622
0.0,3,19.682045
0.0,2,19.68424
0.0,4,19.688863
0.0,5,19.69382
0.0,4,19.698101
0.0,3,19.701096
0.0,2,19.703573
-1.0,4,19.707588
0.0,3,19.71066
0.0,4,19.714392
1.0,3,19.717624
0.0,3,19.72066
0.0,2,19.722926
0.0,3,19.726099
0.0,3,19.729573
0.0,3,19.733073
0.0,3,19.736365
0.451671,6,19.742136
0.0,3,19.745161
0.0,3,19.748118
1.5,2,19.750048
0.346598,2,19.75223
0.0,4,19.756006
0.0,2,19.758232
0.0,2,19.760296
0.0,3,19.763374
0.0,4,19.76789
0.0,4,19.772096
0.0,2,19.774244
0.0,3,19.777384
0.0,2,19.779817
0.0,3,19.782759
0.0,3,19.786332
0.0,2,19.788462
-0.2734,2,19.79055
0.0,2,19.793092
0.0,4,19.797166
0.0,2,19.79967
1.5,2,19.80175
0.0,3,19.804698
0.0,2,19.807116
0.0,3,19.81013
0.0,4,19.814607
0.0,3,19.817684
-0.515557,4,19.82232
0.0,3,19.825352
0.0,2,19.827798
0.0,2,19.829936
0.0,3,19.832981
0.0,3,19.836712
0.0,2,19.839163
0.760726,2,19.841808
1.5,2,19.843972
0.0,4,19.848266
0.0,3,19.851352
0.261516,2,19.853339
1.34927,2,19.855878
0.0,4,19.859917
-0.919133,4,19.864324
0.0,2,19.866283
0.0,3,19.869828
0.0,4,19.873832
0.0,5,19.879136
0.497492,3,19.882059
0.0,4,19.886241
0.0,3,19.889259
1.075102,2,19.891866
0.0,2,19.893955
0.0,2,19.896006
0.0,2,19.898471
0.0,2,19.940659
0.0,3,19.943586
1.0,5,19.94853
0.0,2,19.950481
0.644122,2,19.952721
0.0,3,19.955593
0.0,2,19.957395
0.0,3,19.960403
0.0,4,19.964336
0.0,4,19.968466
0.0,2,19.970479
0.0,3,19.973659
0.0,3,19.976703
0.0,3,19.980085
0.0,2,19.982148
0.0,5,19.987043
1.5,2,19.989122
0.0,3,19.992088
0.0,3,19.995274
0.0,5,20.000069
-0.606177,4,20.00433
0.0,4,20.008313
-1.0,5,20.013213
0.0,2,20.015501
0.0,2,20.017483
0.0,2,20.019556
-0.139886,4,20.023694
0.0,3,20.026702
1.5,2,20.028803
1.5,2,20.031035
0.0,4,20.034906
0.0,4,20.038861
0.0,2,20.041417
0.0,2,20.043792
0.0,4,20.04756
0.0,3,20.050865
0.0,2,20.052758
0.0,3,20.055747
0.0,2,20.057794
0.0,3,20.060565
0.0,3,20.063742
0.0,3,20.066612
0.0,5,20.071617
0.0,2,20.073542
0.0,4,20.077641
0.0,2,20.079778
0.013857,2,20.081785
0.0,2,20.084228
0.0,3,20.087343
0.336421,2,20.089552
0.0,2,20.091766
0.0,3,20.094748
0.0,2,20.096992
0.0,4,20.101187
0.0,2,20.103259
0.0,6,20.109759
0.0,4,20.114221
0.0,2,20.116171
0.0,2,20.118447
0.0,3,20.122123
0.0,2,20.125137
0.0,3,20.129846
0.0,2,20.133301
0.0,2,20.136716
0.0,4,20.142531
0.0,3,20.146789
0.340161,2,20.149947
0.0,3,20.154404
0.0,3,20.158725
0.0,3,20.163134
0.0,2,20.165319
0.0,3,20.168901
0.0,3,20.172012
-1.0,3,20.175598
0.0,2,20.17774
-0.849774,2,20.17994
0.0,3,20.183185
0.0,2,20.18509
0.0,3,20.18817
0.0,2,20.190257
1.0,4,20.194667
0.0,3,20.19797
0.0,3,20.201097
0.0,4,20.205053
0.0,2,20.206954
0.0,2,20.209192
0.0,2,20.21145
0.0,4,20.215333
0.0,4,20.21951
0.653497,2,20.221536
0.0,3,20.224731
0.0,3,20.227551
0.0,4,20.232242
0.0,5,20.237621
0.0,2,20.240013
0.0,2,20.242698
1.5,2,20.245003
0.0,2,20.247311
0.0,3,20.250639
0.0,2,20.253202
0.0,3,20.256527
0.0,3,20.260075
-0.536514,4,20.264301
0.879794,4,20.268763
0.0,3,20.272264
0.0,3,20.2756
0.0,2,20.277883
0.0,2,20.280094
1.5,2,20.282062
0.0,2,20.284318
0.0,2,20.286561
0.0,3,20.289758
0.0,2,20.292012
-0.013295,2,20.294466
-0.021899,2,20.296587
0.0,2,20.298927
-0.730257,4,20.303096
0.0,3,20.306261
-0.795637,2,20.308674
0.0,5,20.314058
0.0,2,20.3164
0.0,3,20.320466
0.0,4,20.325952
0.0,3,20.33022
0.0,2,20.333101
0.0,3,20.337513
0.0,2,20.340689
-0.559766,2,20.343698
0.0,2,20.346429
1.5,2,20.349332
-0.334519,3,20.353717
-0.222355,3,20.357736
0.0,3,20.361797
1.5,2,20.364701
0.0,3,20.368592
0.0,3,20.37177
0.0,2,20.467611
0.0,3,20.471101
0.0,3,20.474799
0.0,4,20.479162
0.0,4,20.483375
0.0,4,20.487384
0.0,3,20.490636
1.5,2,20.49257
0.0,4,20.49641
0.0,2,20.4985
0.0,2,20.500686
-1.0,3,20.503665
0.0,4,20.507502
0.144859,3,20.510599
0.0,3,20.513598
0.0,3,20.516553
0.0,3,20.519567
0.0,2,20.521493
0.0,3,20.524397
0.0,3,20.527248
0.0,2,20.529143
0.0,3,20.5323
0.0,2,20.534246
0.0,2,20.536257
0.0,2,20.538467
0.0,4,20.542714
0.0,2,20.544701
0.0,2,20.546683
0.0,4,20.550188
0.0,4,20.554163
0.0,2,20.55605
0.0,3,20.558803
0.0,3,20.56161
0.0,2,20.563383
0.0,2,20.56532
-0.204839,2,20.567281
0.0,2,20.569157
-0.895003,3,20.572225
0.0,2,20.574312
0.0,2,20.576225
0.0,3,20.579166
0.0,3,20.582056
0.0,2,20.583913
0.0,4,20.587791
-0.229448,5,20.592594
0.0,3,20.595635
-0.746886,5,20.600107
0.0,3,20.602861
0.0,3,20.605532
0.0,4,20.609268
0.0,2,20.611194
0.0,4,20.615046
0.0,4,20.618961
0.0,2,20.620937
0.0,3,20.623827
0.0,2,20.625746
-0.366912,2,20.627548
0.0,2,20.629532
0.0,3,20.632532
0.0,2,20.634367
0.0,2,20.636488
2.0,2,20.638646
0.0,4,20.642486
0.0,4,20.64628
0.0,5,20.651138
-1.0,4,20.654839
-0.362418,3,20.658009
1.5,2,20.65995
0.0,3,20.662817
0.0,2,20.664839
0.0,2,20.666791
0.0,2,20.668862
0.0,2,20.670969
0.0,4,20.674843
0.316713,2,20.676806
0.0,4,20.680595
0.0,4,20.684377
0.0,2,20.686192
-0.932741,4,20.689971
-0.314047,3,20.692914
0.0,2,20.694868
0.0,2,20.696762
0.0,2,20.698671
0.0,2,20.700557
0.0,2,20.702296
0.0,2,20.704285
0.0,2,20.706177
0.0,4,20.709641
0.0,3,20.712554
0.0,5,20.717134
1.5,2,20.719328
0.126433,2,20.72132
0.0,3,20.724245
0.154494,2,20.726221
0.0,3,20.729064
0.0,2,20.730845
0.0,4,20.735021
0.0,3,20.737832
0.0,2,20.739794
0.0,2,20.74188
0.0,4,20.745981
-0.26927,6,20.751679
0.0,2,20.753949
0.0,2,20.756024
0.0,5,20.760725
0.0,2,20.76276
1.5,2,20.764605
0.0,2,20.766645
-0.070637,6,20.77237
0.0,4,20.776356
0.0,4,20.780023
0.0,3,20.782794
-0.02145,5,20.787489
0.0,2,20.789673
0.0,2,20.791593
0.0,2,20.793531
0.0,3,20.796447
-0.956911,3,20.799184
0.0,3,20.802055
0.0,4,20.805733
0.0,4,20.809813
-0.10901,3,20.81263
0.0,4,20.816743
0.0,3,20.819651
0.0,4,20.823407
0.0,4,20.827028
0.0,3,20.830129
1.693578,2,20.832225
0.0,2,20.834184
0.0,2,20.836073
0.0,4,20.840345
0.0,2,20.842367
0.0,2,20.844694
0.0,3,20.847587
0.0,3,20.850657
-2.0,2,20.852763
0.0,3,20.855562
0.0,2,20.857496
0.0,2,20.859548
0.0,3,20.862313
-1.0,2,20.864451
0.0,2,20.86656
-0.054096,4,20.87023
0.0,4,20.874433
0.0,2,20.87641
0.0,2,20.878461
0.0,3,20.881389
0.0,3,20.884207
-0.547164,2,20.886483
-0.485812,2,20.888392
0.0,3,20.891179
0.0,3,20.894393
0.0,3,20.897193
0.0,3,20.89995
0.0,4,20.903626
1.5,2,20.905488
0.0,2,20.907454
-1.17358,2,20.909374
0.0,4,20.913227
0.0,2,20.915431
0.0,4,20.919076
0.0,3,20.922036
0.0,2,20.923781
0.0,2,20.925622
0.0,2,20.927561
0.0,2,20.929471
1.5,2,20.931317
-2.0,2,20.933461
0.0,4,20.93804
0.0,4,20.941921
0.0,4,20.945627
0.0,4,20.949436
1.149214,2,20.951326
1.5,2,20.95311
0.0,2,20.955032
0.0,3,20.957816
0.0,2,20.959605
0.0,2,20.961563
0.0,3,20.96454
0.0,2,20.96642
0.0,3,20.969328
0.0,4,20.973196
0.0,2,20.975151
-0.559516,4,20.978901
-0.705253,2,20.980773
0.0,3,20.983728
0.0,5,20.988359
0.0,2,20.990317
1.0,2,20.992337
0.0,2,20.994227
0.0,3,20.997111
0.0,3,21.00022
-1.888802,2,21.002212
0.0,2,21.004133
0.0,4,21.007807
0.0,4,21.01155
0.0,3,21.014548
0.0,2,21.0164
0.0,2,21.018417
0.0,2,21.020561
0.0,4,21.024396
0.0,4,21.028219
0.0,2,21.030122
0.0,3,21.033618
0.0,4,21.037877
0.0,2,21.03997
0.0,2,21.042149
0.0,2,21.0442
0.0,5,21.04895
0.0,5,21.053983
-1.268421,2,21.055984
0.0,4,21.060281
0.0,2,21.06234
0.0,2,21.064306
0.0,3,21.067432
0.0,3,21.10728
1.0,4,21.111564
0.0,2,21.113589
0.0,3,21.116932
0.0,3,21.119679
0.0,2,21.121541
0.0,2,21.123397
0.0,2,21.125281
0.0,4,21.129055
0.0,2,21.131149
0.0,3,21.134
0.0,3,21.136959
0.0,2,21.139243
0.0,2,21.141221
0.0,2,21.143371
0.0,3,21.146234
0.0,3,21.149076
0.0,2,21.151227
0.0,2,21.153166
0.0,4,21.156763
0.0,2,21.158612
0.0,3,21.161243
0.0,2,21.163318
0.0,2,21.165415
0.0,3,21.168321
0.0,2,21.170432
0.0,2,21.172453
0.0,2,21.174313
0.0,2,21.1763
0.0,6,21.181846
0.0,6,21.187773
0.0,2,21.189731
0.0,3,21.192894
0.0,3,21.19568
0.0,2,21.197594
0.0,2,21.199447
0.0,3,21.202242
0.0,2,21.204043
0.0,2,21.206012
0.0,2,21.208068
-0.899084,2,21.210057
0.0,2,21.212192
0.0,2,21.214371
-0.341194,5,21.219101
0.0,2,21.22093
0.0,2,21.222755
0.036191,3,21.225457
0.0,3,21.228268
0.0,3,21.230954
0.0,2,21.233059
0.0,3,21.236158
0.0,2,21.238014
0.0,2,21.239993
0.0,2,21.241992
0.0,4,21.245915
0.0,3,21.249025
0.0,2,21.251011
0.0,4,21.25498
0.093197,3,21.257892
0.0,4,21.261868
0.0,4,21.265669
0.0,2,21.267585
0.0,4,21.271536
-1.0,5,21.276149
0.0,4,21.279968
0.0,3,21.282945
0.0,3,21.28566
0.0,4,21.289396
0.0,2,21.291368
0.0,3,21.294052
0.479559,5,21.298514
0.0,5,21.302899
-0.092552,4,21.306435
0.0,3,21.30907
0.0,2,21.311111
0.0,5,21.315648
0.0,3,21.318756
0.0,2,21.320567
0.0,3,21.323227
0.0,3,21.325881
0.0,2,21.327576
0.0,2,21.329341
0.0,2,21.331457
0.0,4,21.335237
0.022452,3,21.338145
0.0,3,21.341371
0.0,5,21.345845
0.0,2,21.347872
0.0,4,21.351593
0.0,2,21.353601
0.0,3,21.356331
0.0,3,21.359228
0.0,3,21.362031
0.0,2,21.363846
0.0,3,21.366912
0.0,2,21.368785
0.0,2,21.370617
-0.397581,2,21.372664
0.0,3,21.375562
0.0,2,21.37744
0.0,3,21.380205
1.0,4,21.383919
-1.158606,2,21.385888
0.0,2,21.38802
0.0,2,21.389976
0.0,2,21.39242
-0.22572,3,21.396074
0.0,4,21.399779
-0.243893,2,21.401571
0.0,5,21.406124
1.5,2,21.408676
0.0,2,21.410702
0.0,4,21.414739
0.0,2,21.416765
0.0,2,21.418518
1.5,2,21.420424
0.0,2,21.422294
0.0,6,21.427779
0.0,3,21.431006
0.0,2,21.432923
0.0,3,21.436117
0.0,2,21.438438
0.0,3,21.441528
1.5,2,21.443699
0.0,4,21.447438
0.0,2,21.449563
0.0,2,21.451642
1.5,2,21.453449
0.0,3,21.456347
0.0,4,21.460074
0.0,3,21.462974
1.5,2,21.465058
0.0,2,21.466856
0.0,3,21.469779
0.885654,2,21.471824
0.0,5,21.47683
0.0,3,21.479742
0.0,2,21.481478
0.0,2,21.483308
0.0,2,21.485493
0.0,2,21.487402
0.0,2,21.489268
0.0,5,21.494436
0.0,4,21.498168
-1.0,4,21.50241
0.0,4,21.58658
0.54882,2,21.588833
0.0,2,21.590904
0.0,2,21.59294
0.0,4,21.596685
0.0,4,21.600235
0.0,2,21.602192
0.0,2,21.604071
0.0,3,21.606748
0.0,2,21.608667
0.0,2,21.610707
0.0,2,21.612727
0.0,2,21.614765
0.0,3,21.617658
0.0,2,21.619549
0.0,3,21.622199
0.0,2,21.624051
0.0,2,21.62602
0.0,3,21.628767
0.0,3,21.631978
0.0,2,21.633972
0.0,3,21.636756
0.0,3,21.639682
0.0,4,21.64359
0.0,2,21.645488
0.0,3,21.648149
0.0,4,21.652183
0.0,2,21.654094
0.0,2,21.65577
0.0,3,21.658743
0.0,4,21.662649
0.0,4,21.666519
0.0,2,21.668393
0.0,2,21.670276
0.0,2,21.672304
0.0,3,21.675218
0.0,2,21.677033
0.0,2,21.678927
-0.197511,3,21.681601
0.0,4,21.685157
-0.395428,2,21.687128
0.0,4,21.69071
0.0,2,21.692519
0.0,2,21.694596
0.0,4,21.698187
0.0,5,21.702591
0.0,2,21.704389
-0.278276,3,21.707087
0.0,2,21.70893
0.0,3,21.711555
0.0,2,21.71345
0.0,2,21.715512
0.0,2,21.717344
0.0,4,21.720884
0.0,3,21.723672
1.5,2,21.725444
0.0,3,21.728243
0.0,4,21.731889
0.0,4,21.735457
0.0,2,21.737358
0.0,3,21.739996
0.0,2,21.741831
0.0,2,21.743766
0.0,2,21.745945
0.0,2,21.747794
0.0,2,21.749638
0.0,2,21.751465
0.0,3,21.754045
0.0,2,21.755969
0.0,3,21.758708
0.0,2,21.760526
0.0,2,21.762315
0.0,3,21.765165
0.0,3,21.76786
0.0,3,21.770745
0.0,2,21.772602
0.0,2,21.774448
0.0,4,21.778061
-0.291635,2,21.779801
0.0,2,21.781566
0.0,2,21.783482
0.0,4,21.787131
0.0,3,21.789879
0.0,2,21.791914
0.0,2,21.793691
0.0,3,21.796283
0.0,3,21.798971
0.0,3,21.801591
0.0,2,21.803431
1.5,2,21.805151
0.0,3,21.807836
0.0,2,21.809578
0.0,2,21.81157
0.0,3,21.814429
0.0,2,21.816287
0.0,4,21.819963
0.0,2,21.821766
-0.938109,3,21.824481
0.0,2,21.826243
0.0,4,21.829695
0.0,3,21.832561
0.0,3,21.835319
0.0,3,21.837934
1.5,2,21.839904
-0.0497,3,21.842932
0.272979,2,21.844831
0.0,4,21.848414
0.0,2,21.850219
0.0,2,21.85197
0.0,3,21.854801
0.0,2,21.85657
0.0,2,21.858343
0.0,2,21.860193
-1.0,3,21.862845
0.0,3,21.865478
0.0,3,21.868421
0.0,3,21.870978
0.0,3,21.873653
-0.927157,2,21.875633
0.0,3,21.87842
-0.42728,3,21.881358
1.5,2,21.883169
0.0,3,21.885857
1.5,2,21.887788
0.0,4,21.891575
0.0,2,21.893463
0.0,4,21.897
0.0,4,21.900347
0.0,5,21.904708
0.0,3,21.907388
0.0,2,21.909368
0.0,3,21.912022
0.0,3,21.914681
0.0,2,21.91676
-0.053752,3,21.919346
0.0,3,21.921943
0.0,2,21.923891
0.0,4,21.927302
0.0,2,21.9291
0.0,2,21.931059
0.0,3,21.933731
1.5,2,21.936068
0.0,2,21.938342
-0.339917,4,21.942156
0.0,3,21.94499
0.0,3,21.947773
0.0,3,21.950574
0.0,2,21.952436
0.0,2,21.954286
0.0,2,21.956069
0.0,4,21.959649
0.0,5,21.964145
0.0,3,21.966973
0.0,4,21.970573
0.0,4,21.974357
0.0,4,21.97789
-0.46999,2,21.979773
0.0,3,21.982484
0.0,3,21.985237
0.0,2,21.987187
0.0,2,21.98909
0.0,2,21.990819
0.0,3,21.993738
0.0,2,21.99564
0.0,2,21.99758
1.5,2,21.999399
0.0,3,22.002175
0.0,2,22.004022
1.5,2,22.005836
0.0,2,22.007745
0.0,3,22.010499
0.0,2,22.012342
0.0,2,22.014269
-1.0,4,22.017976
0.0,2,22.019805
0.0,3,22.022523
0.0,2,22.024304
0.0,4,22.027924
0.0,3,22.03066
0.0,4,22.034365
0.0,2,22.036284
0.0,5,22.040785
0.0,3,22.0437
0.0,3,22.046499
0.0,2,22.048476
0.0,4,22.052099
0.0,4,22.055676
0.0,3,22.05834
0.0,4,22.061935
0.0,2,22.063886
-0.549017,6,22.069209
0.0,4,22.072863
0.0,5,22.077278
0.0,2,22.079082
0.0,2,22.080854
0.0,2,22.082747
0.0,2,22.084661
0.0,2,22.086447
0.0,3,22.089159
0.0,3,22.092004
0.0,2,22.093799
-0.469509,3,22.096499
0.0,3,22.09923
0.0,3,22.101912
0.0,2,22.10375
0.0,4,22.10727
0.0,2,22.109069
0.0,2,22.111051
1.5,2,22.112916
0.0,2,22.114805
-1.0,5,22.119357
0.0,6,22.124544
0.0,5,22.129
0.0,2,22.167001
0.0,2,22.169175
0.0,3,22.172381
0.0,2,22.17464
0.0,4,22.178699
0.0,3,22.181746
0.0,2,22.183697
0.0,2,22.185622
-0.178975,2,22.187494
0.0,4,22.19124
0.0,2,22.193298
0.0,3,22.19638
0.0,2,22.198484
0.0,3,22.201531
-0.852206,2,22.203516
0.0,3,22.206306
0.0,4,22.210186
0.450041,2,22.212017
0.0,2,22.213777
0.0,2,22.215708
0.0,2,22.217578
0.0,3,22.220142
0.0,2,22.221923
0.0,3,22.224505
0.0,2,22.226406
0.0,3,22.229183
0.0,2,22.230991
0.0,4,22.234453
0.0,2,22.236478
0.0,3,22.239245
-1.0,2,22.24105
0.0,2,22.242868
0.0,4,22.246863
0.0,3,22.2498
-0.685384,2,22.251679
0.0,2,22.253502
0.0,2,22.255296
0.0,2,22.257144
-0.390273,4,22.260777
0.0,2,22.262547
0.0,2,22.264575
0.0,3,22.267298
0.0,2,22.269074
0.0,2,22.270919
0.0,2,22.272788
0.0,2,22.274607
0.0,3,22.277313
0.0,2,22.279054
0.0,2,22.280899
0.0,3,22.283577
0.0,4,22.287253
0.0,4,22.290805
0.0,3,22.293617
0.0,3,22.296315
0.0,4,22.299839
1.5,2,22.301696
0.041017,3,22.304343
0.0,3,22.307048
0.0,3,22.309762
0.0,3,22.312506
1.5,2,22.314379
0.0,4,22.317999
0.702878,2,22.319818
0.0,3,22.32256
0.0,3,22.325173
0.0,3,22.327881
0.0,2,22.329746
0.0,2,22.331585
0.0,2,22.333465
0.0,2,22.33539
0.0,2,22.337205
0.0,2,22.339033
0.0,4,22.342783
0.0,3,22.345641
1.5,2,22.347472
-0.041367,2,22.349252
0.0,3,22.351917
0.0,2,22.353762
0.0,4,22.357435
0.0,2,22.359242
0.0,5,22.3638
0.0,3,22.366466
0.0,2,22.368361
1.102814,2,22.370178
0.0,2,22.372005
0.0,3,22.374738
0.958398,2,22.376482
0.0,3,22.379262
0.0,2,22.381029
0.0,2,22.382925
0.0,3,22.385839
0.0,2,22.387706
-0.055549,4,22.391388
1.0,2,22.393243
0.0,2,22.395057
0.160765,5,22.399447
0.0,4,22.40297
0.0,3,22.405644
0.0,2,22.407521
0.0,4,22.411311
1.5,2,22.413153
0.0,3,22.415729
0.0,3,22.418482
0.0,2,22.420388
0.0,4,22.42382
0.0,2,22.425649
0.0,2,22.427466
0.0,3,22.430134
0.0,3,22.432895
0.0,2,22.434932
0.0,4,22.438825
-0.336679,2,22.440907
2.0,2,22.442834
1.5,2,22.444617
0.0,3,22.447227
0.0,2,22.449041
0.0,3,22.451712
0.0,2,22.453514
0.0,2,22.45524
0.0,3,22.457907
0.0,4,22.461578
0.0,3,22.464254
0.0,2,22.466078
0.0,2,22.467903
0.0,2,22.469667
1.5,2,22.47144
0.0,3,22.474164
0.0,3,22.477017
0.0,3,22.479975
0.0,4,22.483732
0.0,3,22.486356
1.0,3,22.489125
0.0,2,22.490952
1.5,2,22.492786
0.0,4,22.496434
0.0,4,22.5001
0.0,3,22.502867
-0.320282,2,22.504634
0.0,2,22.506462
-0.655635,3,22.509156
-0.219291,3,22.51181
0.0,4,22.515563
0.0,3,22.518344
1.0,3,22.520982
0.0,2,22.523074
0.0,3,22.526676
-0.99641,2,22.52883
0.0,3,22.531648
0.0,3,22.534312
1.5,2,22.536256
0.0,3,22.539168
0.0,2,22.541057
1.5,2,22.543024
-0.889348,2,22.545257
0.0,3,22.548203
0.0,2,22.550229
0.224152,2,22.552249
-0.159617,4,22.555744
0.0,2,22.557502
0.0,2,22.559366
0.0,3,22.561982
0.0,3,22.564929
0.0,2,22.566884
0.0,4,22.651731
0.0,4,22.655715
0.0,3,22.658472
1.5,2,22.660373
0.0,2,22.662235
0.0,3,22.664987
0.0,2,22.666773
1.5,2,22.668689
0.0,2,22.670632
-1.0,5,22.675201
0.0,4,22.678874
0.80782,3,22.681584
0.0,3,22.684221
0.0,3,22.686863
0.0,2,22.688927
0.0,2,22.690739
0.0,2,22.692545
0.0,4,22.696099
0.0,2,22.69801
0.0,3,22.700594
0.394712,2,22.702436
0.0,2,22.704296
0.0,5,22.708734
0.0,3,22.711534
0.0,4,22.715096
0.0,2,22.716963
0.0,2,22.7189
0.0,3,22.721579
0.0,3,22.724208
0.0,3,22.72702
0.0,2,22.728875
0.0,2,22.730751
0.0,3,22.733575
0.0,3,22.736395
-0.712006,3,22.7393
0.0,2,22.74116
0.0,3,22.743811
0.0,2,22.745741
0.0,2,22.747843
0.0,3,22.750707
0.0,3,22.753516
0.0,3,22.756156
0.0,2,22.757923
0.0,2,22.759794
0.0,4,22.763326
0.0,3,22.766186
0.0,2,22.768118
0.026538,2,22.769937
0.0,4,22.773655
-0.676369,2,22.775525
0.0,3,22.77818
0.0,2,22.779981
0.0,3,22.78278
0.0,2,22.784746
0.0,2,22.786862
0.0,3,22.789712
0.035766,2,22.791537
0.0,4,22.795148
0.0,5,22.799487
0.0,4,22.802971
1.5,2,22.804685
0.0,2,22.806567
0.0,2,22.808335
0.0,2,22.810091
0.0,2,22.8118
-0.807827,2,22.813714
0.0,3,22.816384
0.0,3,22.819073
0.0,4,22.822601
0.0,2,22.824265
0.957395,2,22.825971
1.5,2,22.82778
-0.461838,6,22.833135
0.0,3,22.835819
0.0,4,22.839372
-0.361061,3,22.842068
0.0,2,22.843956
0.0,4,22.847627
0.0,4,22.851301
0.0,2,22.853223
0.0,2,22.855062
0.0,2,22.856738
0.0,3,22.859336
0.0,4,22.862896
0.0,2,22.864687
-0.635673,4,22.868256
0.0,3,22.871102
0.0,4,22.874662
0.0,2,22.876512
0.0,3,22.879176
0.0,4,22.882721
0.0,4,22.886562
-1.0,4,22.890374
0.0,2,22.892201
0.0,6,22.897507
0.0,3,22.900154
0.0,4,22.903645
0.0,2,22.905477
0.0,2,22.907255
0.0,2,22.909044
0.0,3,22.911867
0.0,3,22.914418
0.0,3,22.9171
0.0,4,22.920748
0.0,3,22.923432
0.0,2,22.925199
0.0,3,22.92786
0.0,2,22.929595
-0.828485,4,22.933111
0.0,2,22.935041
0.0,3,22.938046
0.0,2,22.939974
0.0,4,22.943939
0.0,2,22.945797
0.0,3,22.948482
0.0,3,22.951109
0.0,3,22.95386
0.0,2,22.955631
0.0,2,22.957474
0.0,4,22.96103
0.0,2,22.962844
0.0,2,22.964614
0.0,4,22.96818
0.247629,4,22.971706
0.0,4,22.975224
0.0,2,22.977074
0.0,4,22.980501
0.0,2,22.982263
0.0,4,22.9857
-0.496172,3,22.988394
0.0,2,22.990174
0.0,3,22.992939
0.0,3,22.995562
0.0,4,22.999
0.0,2,23.000767
0.0,2,23.002507
0.0,4,23.006034
0.0,3,23.008803
0.0,3,23.01157
0.0,2,23.01344
0.0,3,23.016176
-0.12694,3,23.018837
0.0,2,23.020641
0.0,2,23.02242
0.0,4,23.025876
0.0,5,23.030324
0.0,3,23.033102
0.0,4,23.036754
0.0,2,23.038661
0.0,4,23.042317
0.0,3,23.04523
0.0,3,23.048446
0.571124,3,23.051537
0.0,2,23.053687
0.0,2,23.055656
0.0,2,23.057486
0.0,3,23.060128
0.0,5,23.064636
0.0,2,23.066494
0.0,2,23.068315
0.0,3,23.071105
0.0,3,23.073816
0.0,2,23.075667
0.0,3,23.078332
0.0,3,23.080976
0.0,4,23.084598
0.0,2,23.086486
1.5,2,23.088369
0.0,2,23.090317
0.0,3,23.093375
0.0,3,23.096564
1.5,2,23.098522
0.0,2,23.100438
0.0,2,23.102431
0.0,2,23.104445
0.0,3,23.107376
0.0,2,23.10945
1.5,2,23.111413
0.0,3,23.114614
0.0,2,23.116959
0.0,5,23.121607
0.0,4,23.12515
0.0,3,23.127909
0.0,2,23.129719
0.0,2,23.131767
0.0,2,23.133799
0.0,4,23.137762
0.0,3,23.14103
0.0,2,23.143343
0.0,2,23.145811
0.0,3,23.149358
0.0,4,23.153796
0.0,3,23.15689
0.0,2,23.158806
-0.155067,3,23.161609
0.0,2,23.163583
0.0,2,23.165514
0.0,2,23.167421
0.0,3,23.170074
0.0,3,23.172706
0.0,2,23.174475
0.0,2,23.212693
0.0,2,23.214663
0.0,3,23.217544
0.0,3,23.220117
0.0,3,23.222825
0.0,5,23.227095
0.0,2,23.228886
0.0,3,23.231677
0.244949,2,23.23351
0.0,2,23.235332
0.0,3,23.238187
0.0,3,23.240855
0.0,3,23.243714
0.0,3,23.246457
0.0,4,23.25043
0.0,4,23.254137
0.0,2,23.256035
0.0,2,23.257864
0.0,2,23.259854
0.0,2,23.261583
0.0,2,23.263505
0.0,2,23.265461
0.0,4,23.269025
0.0,2,23.270943
-1.0,4,23.274746
0.0,2,23.276585
0.0,2,23.278515
0.0,2,23.280414
0.0,3,23.283136
0.0,3,23.285808
0.0,2,23.287914
-0.541383,4,23.291536
0.0,2,23.293522
0.0,3,23.296265
0.0,3,23.299049
0.0,3,23.301676
0.0,2,23.303389
1.5,2,23.305287
0.439035,2,23.307125
1.5,2,23.309065
0.043497,3,23.31175
0.0,2,23.313638
0.0,2,23.31554
0.0,3,23.318253
0.0,2,23.320062
-0.619824,2,23.321853
0.0,5,23.326028
0.0,2,23.327924
0.0,4,23.331707
0.0,2,23.333649
0.0,2,23.33567
0.0,5,23.340232
1.5,2,23.342008
1.0,4,23.345705
0.0,2,23.347583
0.0,4,23.35132
0.0,3,23.35405
0.0,3,23.356709
0.0,5,23.361022
0.0,3,23.363727
-1.0,4,23.367199
0.0,2,23.369048
0.0,2,23.371026
1.0,2,23.372816
0.0,2,23.374702
0.0,2,23.376499
0.0,2,23.378288
-0.207225,2,23.380061
0.0,2,23.381973
-2.0,2,23.38393
0.0,2,23.385946
0.0,4,23.389534
0.0,3,23.392228
0.0,2,23.394034
0.0,3,23.39677
0.0,2,23.398515
0.0,4,23.402028
0.768353,2,23.403954
1.5,2,23.40583
0.0,3,23.408714
0.0,3,23.411629
0.0,2,23.413543
0.0,2,23.41532
0.0,2,23.417257
0.191657,4,23.420791
0.0,2,23.422643
0.0,3,23.4254
0.0,3,23.427903
0.0,2,23.429705
1.5,2,23.431543
0.0,2,23.433438
0.0,2,23.435391
0.0,3,23.438281
0.0,4,23.442077
0.0,2,23.443983
0.0,2,23.445823
0.0,3,23.448614
0.0,2,23.450657
0.0,2,23.452515
0.0,3,23.455178
0.0,2,23.45698
0.0,4,23.460571
0.0,3,23.463223
-0.860517,5,23.467742
0.0,2,23.469567
0.0,4,23.473174
0.162214,2,23.474965
1.5,2,23.476701
0.0,4,23.480275
0.0,2,23.482061
-0.35672,4,23.485561
0.0,3,23.488294
0.0,2,23.490155
0.0,3,23.493106
0.0,2,23.494935
0.0,2,23.496687
0.0,2,23.498569
0.0,4,23.502488
0.0,2,23.504316
-1.0,4,23.507919
0.0,2,23.509879
0.0,4,23.513535
0.0,3,23.516414
0.0,3,23.519101
0.0,3,23.521914
0.0,2,23.523722
-0.029348,4,23.527259
0.0,5,23.531698
0.0,3,23.534396
0.0,2,23.53618
0.0,2,23.538104
0.0,2,23.53989
0.0,2,23.541858
0.0,3,23.544654
0.0,5,23.549209
0.0,3,23.551944
0.0,2,23.553753
0.0,3,23.556585
-1.0,2,23.55845
0.0,4,23.562031
0.0,4,23.565534
-0.690481,3,23.568403
0.0,4,23.571948
1.5,2,23.573843
0.0,2,23.576011
0.0,3,23.579213
0.0,5,23.584217
-0.102835,2,23.586135
0.0,2,23.588198
0.0,4,23.592284
0.0,3,23.595185
0.0,3,23.597728
-1.0,5,23.601947
0.0,2,23.603641
0.0,3,23.606321
0.0,4,23.609608
0.090143,2,23.611365
0.0,2,23.613153
0.0,2,23.615043
0.0,2,23.61684
-1.0,5,23.621064
0.0,6,23.626071
0.0,5,23.70734
0.0,2,23.709362
0.0,2,23.711509
0.0,2,23.713366
0.0,2,23.715069
0.0,3,23.717504
0.0,4,23.721052
0.0,2,23.722665
0.0,2,23.724365
0.0,4,23.727541
0.0,3,23.730002
0.0,3,23.732495
-1.0,4,23.735737
0.0,3,23.73818
0.0,2,23.740062
0.0,3,23.742602
0.0,4,23.745827
0.0,4,23.749564
0.0,3,23.75207
0.0,2,23.753804
0.0,6,23.758637
0.80614,3,23.761218
0.0,2,23.762832
0.0,3,23.765243
0.0,4,23.768581
0.0,4,23.771798
0.0,3,23.774284
0.0,4,23.777557
-1.655784,2,23.779217
0.0,3,23.781608
0.0,2,23.783228
-0.785246,4,23.786378
0.0,2,23.788073
0.0,5,23.792075
0.0,5,23.79608
0.0,2,23.797709
0.0,2,23.799274
1.0,4,23.802468
0.0,3,23.804828
0.0,3,23.80722
-0.087345,2,23.8089
0.0,4,23.812233
0.0,3,23.814741
0.0,5,23.81892
-0.359691,2,23.820606
0.0,6,23.82535
0.0,2,23.82699
0.0,3,23.829445
0.0,2,23.831075
0.0,2,23.832707
0.0,3,23.83516
0.0,2,23.83693
1.5,2,23.838624
0.0,2,23.840426
0.0,3,23.842976
0.168723,2,23.844779
0.0,3,23.847617
0.0,3,23.850291
0.0,3,23.852773
0.0,2,23.854415
0.04816,2,23.856076
0.0,2,23.857655
0.0,3,23.860132
0.0,4,23.863325
0.0,2,23.865092
0.0,2,23.866853
0.0,4,23.870061
0.0,3,23.872628
0.0,2,23.874295
0.0,2,23.875926
0.0,2,23.877571
0.0,2,23.879226
-0.617706,3,23.881547
1.5,2,23.883178
0.0,4,23.886405
0.0,4,23.889628
0.0,3,23.89209
0.0,3,23.894656
0.0,2,23.896276
0.0,4,23.899535
0.0,2,23.901211
0.0,2,23.902792
0.0,2,23.90444
0.0,4,23.907586
0.0,3,23.909939
0.464867,2,23.911547
0.0,2,23.913321
0.0,3,23.915824
-0.07024,2,23.917459
0.0,4,23.920667
0.0,2,23.922308
0.0,2,23.923943
0.0,3,23.926326
0.0,4,23.929422
0.0,5,23.933329
0.0,3,23.936147
0.0,3,23.938698
0.0,4,23.942078
0.0,3,23.944886
0.0,3,23.947451
0.0,3,23.950105
0.0,2,23.951759
0.0,2,23.95347
-0.00263,4,23.95693
0.0,2,23.958555
0.0,3,23.961058
0.0,2,23.962929
0.136184,2,23.964638
0.0,2,23.966345
0.0,2,23.968023
0.0,2,23.969773
0.0,2,23.971468
0.0,2,23.973163
0.0,4,23.976422
0.0,3,23.978876
0.0,3,23.981306
0.0,4,23.984638
0.0,2,23.98633
0.0,2,23.988009
0.0,4,23.991335
1.5,2,23.992965
-0.873284,2,23.994675
1.5,2,23.996316
0.0,3,23.998765
0.0,3,24.001185
0.0,3,24.003599
0.0,2,24.005262
0.0,3,24.007688
-0.735042,3,24.0101
0.0,2,24.011799
1.5,2,24.013492
0.0,3,24.015929
0.0,4,24.019231
0.0,3,24.02168
0.0,5,24.025633
0.0,3,24.028045
1.5,2,24.02964
0.0,2,24.031252
0.0,5,24.035298
0.0,2,24.036943
0.0,3,24.039488
0.0,2,24.041208
0.0,3,24.043611
0.0,3,24.046027
0.0,3,24.048679
1.5,2,24.050361
0.0,2,24.05203
0.0,2,24.053694
0.0,2,24.055396
-0.172678,3,24.057776
0.0,2,24.059501
0.0,2,24.061136
0.0,2,24.062754
0.0,3,24.065179
0.0,2,24.067017
0.0,5,24.071079
0.0,2,24.072767
0.0,3,24.075245
0.0,3,24.077644
0.0,3,24.0801
0.0,4,24.083292
0.0,2,24.084965
0.0,3,24.087362
0.0,2,24.089067
0.0,2,24.090663
0.0,4,24.093892
0.0,2,24.095547
0.0,4,24.098738
0.0,2,24.100369
0.0,4,24.103504
0.0,4,24.106674
0.0,2,24.108377
0.0,2,24.110069
0.0,2,24.111718
0.0,3,24.114174
0.0,5,24.11818
1.5,2,24.119796
0.0,3,24.122175
0.0,2,24.123778
0.0,3,24.126192
0.0,2,24.127875
0.0,3,24.13039
0.0,3,24.132802
0.295208,2,24.134463
0.0,2,24.136155
0.0,3,24.138641
0.0,3,24.141098
0.0,2,24.142789
0.0,2,24.144637
0.0,3,24.147286
0.0,4,24.150559
0.0,2,24.152276
0.0,3,24.154723
1.5,2,24.156322
-0.418152,4,24.190128
1.5,2,24.192026
0.0,4,24.195449
0.0,2,24.197087
1.5,2,24.198761
0.0,4,24.202013
0.0,3,24.204646
0.946542,3,24.207325
0.0,7,24.212972
0.0,2,24.214723
0.0,4,24.217955
0.0,4,24.221093
0.0,3,24.223498
0.0,3,24.226024
0.0,5,24.230136
0.0,3,24.232612
0.0,2,24.234329
-0.454842,2,24.236083
0.0,2,24.237798
1.5,2,24.239426
0.0,3,24.242038
0.0,2,24.243795
1.5,2,24.245432
0.0,3,24.247941
0.0,5,24.252452
0.0,2,24.254199
0.0,2,24.255992
0.0,2,24.257654
0.0,2,24.259339
0.0,2,24.260992
0.0,5,24.265211
0.0,3,24.267681
0.0,4,24.271157
-1.0,3,24.273705
0.0,3,24.276353
0.0,3,24.27881
1.0,3,24.281256
0.0,2,24.282964
0.0,2,24.284835
0.0,2,24.286562
0.0,2,24.288254
0.0,4,24.291722
1.5,2,24.29342
0.0,3,24.296012
0.0,4,24.299432
0.0,5,24.303497
0.0,2,24.305258
0.0,5,24.309335
0.0,3,24.312035
0.0,4,24.315492
0.0,3,24.318277
-0.267515,4,24.321726
-0.027306,2,24.323414
0.0,4,24.326765
0.0,4,24.330161
0.0,2,24.331991
0.0,2,24.33388
0.0,3,24.336491
0.0,3,24.33929
0.0,4,24.342737
0.0,3,24.345497
0.0,2,24.347739
0.0,2,24.349817
0.0,3,24.352747
0.423794,3,24.355487
0.0,2,24.357285
0.0,2,24.359157
0.0,3,24.361963
-0.639378,2,24.363718
0.0,3,24.366453
0.0,2,24.368417
0.0,4,24.371867
0.0,3,24.3747
0.0,2,24.376516
0.0,2,24.378261
0.0,4,24.381796
0.0,2,24.383497
0.0,3,24.386116
0.0,3,24.388887
0.0,3,24.39149
0.0,4,24.395242
0.0,2,24.397108
0.0,2,24.399001
0.0,2,24.400778
0.0,3,24.40358
0.0,2,24.405354
0.0,4,24.409071
1.5,2,24.411201
0.0,3,24.414228
0.0,2,24.416214
0.0,2,24.417994
0.0,2,24.419792
0.0,3,24.422496
-1.0,4,24.42584
0.0,4,24.42942
0.0,4,24.433136
-2.0,2,24.435619
0.0,3,24.438719
0.0,2,24.440522
0.0,3,24.44348
1.5,2,24.445596
0.0,2,24.447633
1.5,2,24.449586
0.0,4,24.45329
0.0,5,24.457936
-0.596017,3,24.460462
0.0,3,24.463055
0.0,2,24.464996
0.0,2,24.466779
0.0,4,24.470381
0.0,3,24.473206
0.0,2,24.475058
0.0,2,24.476846
0.0,3,24.479465
0.0,3,24.481986
0.0,6,24.487212
0.0,3,24.48993
-1.0,4,24.493983
0.0,2,24.495845
0.0,2,24.497638
0.0,3,24.501203
0.0,4,24.504942
0.0,3,24.507629
0.0,2,24.509592
0.0,2,24.511555
0.0,2,24.513572
0.0,2,24.515567
0.0,2,24.517502
-0.298001,3,24.520668
0.0,3,24.523669
0.0,3,24.526559
-0.144843,3,24.52934
-1.0,2,24.531118
0.0,3,24.534141
-0.016982,3,24.537066
0.0,5,24.54202
0.0,2,24.543954
0.0,3,24.546916
0.0,3,24.550264
0.0,5,24.555465
0.0,3,24.558512
0.0,2,24.560488
0.0,2,24.56266
0.0,2,24.564568
0.0,2,24.56644
0.0,2,24.568535
0.0,2,24.570583
0.0,2,24.572575
0.178002,2,24.574533
0.0,2,24.576612
0.0,2,24.578477
0.0,2,24.580373
0.0,2,24.582234
0.043032,2,24.584297
0.0,2,24.586212
0.0,3,24.589119
0.0,2,24.591207
0.0,3,24.594139
0.0,2,24.59609
-0.406143,4,24.599884
0.0,3,24.602664
0.0,2,24.604661
1.5,2,24.606535
0.0,4,24.610411
0.0,3,24.613487
0.0,2,24.615469
1.5,2,24.617658
0.0,2,24.619693
0.0,3,24.622685
0.0,4,24.626593
0.0,2,24.710436
-0.576537,2,24.712713
0.0,2,24.715401
0.0,3,24.71869
0.0,2,24.720795
0.0,3,24.723853
0.0,2,24.725829
0.0,2,24.728138
-0.651982,2,24.730406
0.0,3,24.733385
0.0,3,24.736879
0.0,3,24.73997
0.0,2,24.74251
0.0,3,24.745771
0.0,3,24.748953
0.0,2,24.751865
1.5,2,24.754153
0.0,3,24.75738
0.0,2,24.75931
0.0,2,24.761285
0.0,2,24.763874
0.0,2,24.766005
0.0,2,24.768194
0.0,3,24.771769
0.0,2,24.773841
0.0,2,24.775992
0.0,3,24.77897
0.0,3,24.781783
0.0,2,24.784102
0.0,3,24.787147
0.0,3,24.790522
-2.0,2,24.792772
0.0,3,24.795743
0.0,3,24.798836
0.0,2,24.800798
0.0,4,24.804641
0.0,3,24.807582
0.0,2,24.809452
0.0,2,24.811802
0.055632,2,24.813993
0.0,2,24.816067
0.0,2,24.818398
0.0,2,24.820696
0.0,3,24.823696
0.0,3,24.826824
0.0,2,24.828881
-0.265607,2,24.830919
0.0,2,24.833313
0.0,4,24.837664
0.0,4,24.842265
0.0,2,24.844421
0.0,5,24.850427
0.0,3,24.853991
0.0,3,24.857085
1.0,2,24.859216
0.0,2,24.861831
0.0,2,24.863972
0.0,2,24.866148
0.0,2,24.868723
0.125864,2,24.870834
0.0,2,24.872916
0.0,2,24.875431
0.0,3,24.878469
0.0,3,24.881592
0.0,2,24.8837
0.046458,2,24.885697
-0.890135,3,24.889091
0.0,2,24.891247
0.0,3,24.894422
1.5,2,24.896529
0.0,4,24.900519
0.0,2,24.902575
0.0,2,24.904629
0.0,2,24.906547
0.0,2,24.908873
0.0,2,24.911164
0.0,2,24.9134
0.0,3,24.916828
0.0,3,24.920092
0.0,2,24.922202
0.0,5,24.927225
0.0,4,24.931746
0.0,3,24.935224
-0.081587,3,24.938928
0.0,3,24.942102
0.0,3,24.945646
-0.023402,3,24.949531
0.0,2,24.95217
-1.0,3,24.955712
0.0,4,24.959795
0.0,3,24.962728
0.0,2,24.965176
0.0,2,24.96737
0.0,5,24.972857
0.0,4,24.976906
0.0,2,24.978961
0.0,3,24.982025
0.0,3,24.985287
0.0,3,24.988602
-0.830678,2,24.990839
0.0,2,24.993349
0.0,2,24.995543
-0.249973,2,24.99776
0.0,2,24.99982
1.5,2,25.001947
0.0,3,25.004911
0.0,2,25.007057
0.0,3,25.010092
0.0,4,25.014572
0.0,4,25.018841
1.457051,2,25.020875
0.0,3,25.023901
0.0,3,25.026922
-1.0,3,25.030051
0.0,2,25.032051
0.0,3,25.035649
0.0,4,25.039753
0.0,2,25.04238
0.837243,2,25.044681
0.0,2,25.046831
0.0,2,25.048973
0.0,2,25.051176
0.0,3,25.054803
0.0,2,25.0572
-0.173905,3,25.060558
0.0,2,25.063424
0.0,3,25.066971
0.0,2,25.070079
0.0,2,25.072634
0.0,2,25.074885
0.0,3,25.078062
0.0,3,25.081121
0.0,3,25.084758
0.0,3,25.087946
0.0,4,25.0927
0.0,2,25.094944
0.0,2,25.097047
0.0,2,25.099161
0.0,2,25.101239
0.0,4,25.105373
0.0,3,25.108264
1.5,2,25.110454
0.0,2,25.1128
0.0,2,25.114878
0.0,2,25.117034
1.0,3,25.120497
0.0,6,25.126704
0.0,4,25.130657
0.0,2,25.133251
0.0,2,25.135345
0.0,3,25.138717
1.0,2,25.14103
0.0,3,25.144129
0.0,3,25.147403
0.0,4,25.152488
0.0,4,25.156672
0.0,3,25.160187
0.0,3,25.163472
-0.231896,2,25.165535
0.0,3,25.169246
0.0,2,25.1713
0.0,2,25.173695
0.0,4,25.178013
0.0,3,25.181068
0.0,2,25.18323
-0.722376,4,25.187437
0.0,2,25.18976
0.0,2,25.191913
-0.114884,2,25.194264
0.0,4,25.19862
0.0,3,25.201827
0.0,2,25.204173
-0.004045,2,25.206597
0.167254,3,25.210326
0.0,4,25.214633
0.0,3,25.218951
1.529293,2,25.221933
0.0,3,25.226197
0.0,2,25.22919
0.0,2,25.232345
0.0,2,25.23534
0.0,3,25.239736
0.0,2,25.242462
0.0,4,25.24696
0.0,3,25.250144
0.0,2,25.252543
0.051972,3,25.256095
0.0,4,25.260323
0.0,3,25.263376
0.0,4,25.267684
0.0,2,25.269784
0.0,2,25.272321
-0.143884,2,25.274517
0.0,2,25.276842
1.025844,2,25.279065
0.0,2,25.281209
0.0,2,25.283316
0.0,2,25.285667
0.0,2,25.28797
0.0,4,25.327727
0.0,4,25.331802
0.0,3,25.335099
0.0,3,25.338234
0.0,3,25.341576
0.0,2,25.343601
0.0,2,25.345691
0.0,3,25.348989
0.0,2,25.35123
0.0,4,25.355666
0.0,3,25.358767
0.0,2,25.360828
-1.27289,2,25.363162
0.0,5,25.368104
0.0,3,25.371458
0.0,2,25.373492
-1.0,4,25.377596
0.0,2,25.379472
-0.306159,2,25.381526
0.0,2,25.383607
0.0,2,25.385578
0.0,3,25.388611
0.0,2,25.390898
1.5,2,25.392994
1.5,2,25.395081
0.0,3,25.398223
0.0,2,25.400177
0.0,2,25.402187
0.0,3,25.405147
0.0,2,25.407079
0.0,2,25.409117
0.399207,3,25.412381
0.0,2,25.414588
0.0,3,25.417686
0.0,2,25.419889
0.0,3,25.423
0.0,2,25.425018
0.0,2,25.427187
0.289101,4,25.431508
0.0,5,25.437065
1.5,2,25.439182
-0.288225,2,25.44148
0.187586,2,25.443715
0.0,3,25.4475
0.0,4,25.451925
-0.121965,2,25.454465
0.0,3,25.457837
0.0,3,25.461044
0.0,2,25.463136
0.0,3,25.466238
0.0,2,25.468461
0.0,2,25.47062
0.0,4,25.474773
0.0,2,25.476768
1.5,2,25.478822
0.0,3,25.481747
-0.376163,4,25.485567
0.0,2,25.487769
1.5,2,25.489861
0.0,3,25.493119
-0.041205,3,25.496325
0.0,2,25.498446
-0.1622,3,25.501396
0.0,3,25.504734
1.5,2,25.506821
0.0,3,25.51006
0.0,3,25.512932
0.0,3,25.516141
0.0,2,25.518399
0.532807,4,25.522469
0.0,2,25.524675
0.0,2,25.526872
-0.1735,3,25.53031
0.0,2,25.532637
0.0,2,25.534951
0.0,2,25.537152
0.0,3,25.540312
0.0,2,25.542513
0.0,4,25.546821
0.0,2,25.549077
0.0,4,25.553987
0.0,2,25.55625
0.0,2,25.558404
0.0,3,25.56143
0.0,3,25.564725
-0.111914,2,25.566871
0.0,3,25.569909
0.0,3,25.57312
0.0,3,25.576208
0.0,2,25.578186
0.0,3,25.581192
0.0,3,25.584236
0.0,2,25.586386
-1.0,4,25.590573
0.0,2,25.592859
0.0,2,25.594901
0.0,4,25.598843
0.0,5,25.603646
-1.0,3,25.606675
0.0,3,25.609668
0.0,3,25.612721
1.5,2,25.614821
0.0,3,25.617943
0.0,2,25.620089
0.0,3,25.623197
0.0,2,25.625161
0.0,2,25.627138
0.0,2,25.629261
0.0,3,25.632215
0.0,2,25.634418
0.0,3,25.637574
0.0,2,25.639673
0.0,3,25.642854
0.0,3,25.645913
0.0,3,25.649526
0.0,2,25.652454
0.0,4,25.657345
0.0,4,25.661482
0.0,3,25.664718
0.0,4,25.668902
0.0,2,25.671102
1.5,2,25.673168
0.0,2,25.675186
0.0,3,25.678343
0.0,3,25.681399
0.309305,4,25.68525
-1.483905,2,25.687249
0.0,2,25.689462
0.0,3,25.692482
0.512908,3,25.69553
0.0,2,25.697636
0.0,3,25.700559
0.0,4,25.704789
0.0,2,25.707331
0.0,2,25.709613
0.0,3,25.712839
1.5,2,25.714908
0.0,3,25.718124
0.0,4,25.722086
0.0,2,25.72406
0.0,3,25.726867
0.0,2,25.728842
0.0,2,25.731179
-0.095642,5,25.736199
0.0,3,25.739481
0.0,2,25.741539
0.0,2,25.743597
0.0,3,25.746905
0.0,2,25.748905
0.0,2,25.751057
0.0,2,25.753398
0.0,2,25.755892
0.0,2,25.757985
0.0,3,25.76097
0.0,2,25.762902
0.0,3,25.766025
0.0,3,25.769211
0.0,2,25.771234
0.0,2,25.773357
0.0,2,25.775382
0.0,3,25.778279
0.0,3,25.781317
0.0,2,25.783213
1.5,2,25.785145
-0.941413,3,25.78832
-0.378092,2,25.790328
1.5,2,25.792351
1.5,2,25.79447
0.0,3,25.797508
0.0,3,25.800359
-0.99163,3,25.803229
-0.168128,4,25.806942
0.0,4,25.810577
0.0,2,25.812516
-0.293465,3,25.815624
0.0,2,25.817541
0.0,2,25.819651
-0.586101,3,25.8225
0.0,2,25.824471
0.0,2,25.82634
0.0,3,25.829389
1.5,2,25.831296
0.0,2,25.833316
0.0,2,25.835407
0.658817,2,25.837533
0.0,2,25.839516
-1.0,3,25.842646
0.0,2,25.844846
0.0,5,25.850016
0.0,2,25.852553
0.0,4,25.93812
0.0,3,25.941688
0.0,5,25.947141
-0.160934,4,25.952308
0.0,3,25.956084
0.0,2,25.958207
0.0,3,25.961723
0.0,4,25.965809
0.0,5,25.971284
0.0,2,25.973668
1.5,2,25.975885
0.0,4,25.980271
0.0,2,25.982782
0.0,3,25.986034
0.0,2,25.988553
0.0,2,25.990796
0.0,2,25.993044
0.0,5,25.998075
-0.195555,3,26.001066
0.0,3,26.004017
0.0,2,26.005932
0.0,2,26.008276
0.0,3,26.011446
1.5,2,26.013395
0.0,3,26.016567
0.0,3,26.01967
0.0,2,26.021753
0.0,3,26.024578
0.0,2,26.026445
0.0,4,26.030604
1.0,2,26.032755
0.0,2,26.034939
0.0,3,26.038357
0.0,2,26.040281
0.0,2,26.042371
-0.124059,2,26.044588
0.0,2,26.047062
0.0,3,26.050322
0.0,2,26.053183
0.0,2,26.055647
0.0,2,26.05789
0.0,2,26.060141
0.0,2,26.062207
0.0,4,26.066591
0.0,3,26.069617
0.0,3,26.073362
0.0,5,26.078678
0.0,2,26.080772
0.0,4,26.084992
0.0,5,26.090017
0.0,3,26.093325
0.0,3,26.096405
0.0,4,26.100456
1.0,3,26.103369
0.0,3,26.106307
0.0,2,26.108229
1.5,2,26.110066
0.0,2,26.112129
0.0,3,26.115372
0.0,3,26.118379
-1.0,2,26.120448
0.0,6,26.12618
0.0,3,26.129042
0.0,3,26.13188
0.0,3,26.135108
1.31195,2,26.137126
0.0,3,26.140265
0.0,3,26.143569
0.0,2,26.14564
-0.765895,2,26.147672
0.0,5,26.154057
1.5,2,26.156174
0.0,2,26.158208
0.0,2,26.160173
0.0,4,26.164527
0.0,4,26.168793
0.0,2,26.171093
0.0,2,26.173368
0.0,2,26.175525
0.0,2,26.177625
0.0,2,26.179518
0.0,2,26.181586
0.0,2,26.183898
0.0,5,26.189051
0.0,4,26.193192
0.0,2,26.195263
-0.251075,6,26.200995
-0.988837,2,26.203037
0.0,2,26.205085
0.0,2,26.207401
0.0,2,26.209701
0.0,2,26.211948
0.0,2,26.214065
0.0,3,26.217244
0.0,3,26.220551
1.5,2,26.22257
0.0,2,26.224679
0.0,4,26.228665
-1.0,4,26.233359
0.0,2,26.235423
0.0,2,26.237683
0.0,3,26.240988
1.0,2,26.243161
0.0,4,26.247131
0.0,2,26.249192
0.0,4,26.253411
0.0,4,26.258666
0.0,4,26.263309
0.0,2,26.265991
0.0,2,26.268281
0.0,3,26.271886
0.0,3,26.275497
0.0,3,26.278702
0.0,3,26.281854
0.0,4,26.286005
0.0,2,26.288391
0.0,2,26.290657
0.0,2,26.292939
0.0,2,26.295367
0.0,2,26.297584
0.0,2,26.299717
0.0,2,26.30176
0.0,3,26.30471
0.0,5,26.309987
0.0,2,26.312121
0.0,2,26.314654
0.0,3,26.318041
0.0,2,26.320164
0.0,2,26.322304
0.0,3,26.325208
0.0,3,26.328326
0.0,3,26.331463
0.0,2,26.333675
0.0,3,26.337227
0.0,2,26.339415
0.0,3,26.342627
0.0,4,26.346801
1.5,2,26.349169
1.5,2,26.351722
0.0,5,26.357859
1.0,2,26.360003
0.0,2,26.361896
0.0,3,26.365307
0.0,4,26.369671
-0.138221,7,26.376974
0.648693,2,26.37895
0.0,3,26.381837
0.0,2,26.384028
0.0,2,26.386157
1.5,2,26.388169
0.0,3,26.391426
0.0,3,26.394708
0.0,3,26.397936
0.0,3,26.400664
0.0,3,26.403562
0.0,3,26.406756
0.0,2,26.408718
0.0,2,26.41061
0.0,3,26.413905
-0.2708,4,26.417882
0.0,4,26.421691
0.0,3,26.424582
2.0,2,26.426681
0.0,4,26.43068
-0.167304,3,26.434348
0.0,4,26.438845
0.0,3,26.442227
0.0,4,26.446606
0.0,4,26.451994
-0.237944,2,26.454657
0.0,6,26.461633
0.0,2,26.463842
0.0,2,26.466034
1.5,2,26.468413
0.0,3,26.507831
-0.373835,7,26.515413
0.0,3,26.518824
0.0,3,26.5222
0.0,4,26.526449
0.211997,2,26.52857
0.0,2,26.530934
0.0,5,26.535845
0.0,2,26.538176
0.0,4,26.542504
0.0,3,26.54558
0.0,3,26.548686
0.0,2,26.550785
0.0,4,26.555755
0.0,4,26.560403
0.0,4,26.565118
0.0,2,26.567376
1.5,2,26.569677
0.0,2,26.571976
0.0,3,26.575293
-0.366238,2,26.577361
-1.0,4,26.581334
0.0,2,26.583443
0.0,2,26.585487
0.0,3,26.588632
1.5,2,26.590623
0.0,3,26.59408
0.0,3,26.597178
0.0,2,26.599337
0.0,2,26.601254
0.0,2,26.603101
0.393349,2,26.60509
0.0,2,26.607097
-1.0,5,26.611607
-0.984992,2,26.613809
0.0,2,26.616106
0.0,3,26.619323
0.0,2,26.621466
0.0,2,26.623393
0.0,3,26.626287
0.0,5,26.631283
0.0,3,26.634518
-0.620885,2,26.636666
0.0,2,26.638792
0.0,3,26.64213
0.0,4,26.646441
0.0,2,26.648632
0.0,3,26.652766
0.0,3,26.656334
0.0,2,26.658332
0.0,2,26.660449
1.5,2,26.66266
0.0,2,26.664912
0.0,3,26.668094
0.0,3,26.671537
0.0,2,26.673712
0.0,2,26.676032
0.0,2,26.678538
0.0,2,26.680651
0.0,2,26.682743
0.0,3,26.685977
0.0,2,26.688163
0.0,4,26.692516
0.0,2,26.694841
0.0,2,26.697062
0.579514,4,26.701165
0.0,3,26.704065
0.0,2,26.705981
0.0,3,26.708716
0.0,2,26.710662
0.0,3,26.71387
0.0,3,26.71687
0.0,4,26.721246
0.0,2,26.723456
0.0,2,26.725575
0.0,3,26.728543
0.0,2,26.730586
0.0,2,26.73303
0.0,3,26.736135
1.0,3,26.739393
-0.969417,2,26.741581
0.0,2,26.743833
0.0,2,26.746016
0.0,4,26.750068
0.0,3,26.752993
0.0,4,26.757822
0.0,2,26.760256
0.0,2,26.762498
0.0,2,26.764691
0.0,3,26.768067
1.0,2,26.770327
0.0,2,26.772521
0.0,2,26.775017
0.0,4,26.779505
0.0,3,26.782576
0.0,2,26.784588
0.0,3,26.7876
0.0,2,26.789716
0.0,3,26.792901
0.0,3,26.795998
0.0,3,26.799214
0.0,4,26.80317
0.0,3,26.80591
0.0,3,26.808979
-1.0,5,26.81399
0.0,4,26.818321
0.0,5,26.823413
0.0,2,26.825168
0.0,3,26.827931
0.0,3,26.831171
0.0,4,26.835203
0.0,2,26.837443
0.0,2,26.839497
0.0,2,26.841583
0.0,2,26.843806
0.0,2,26.846003
-0.365663,5,26.851492
0.123469,3,26.855446
0.0,3,26.858793
0.0,2,26.86091
0.0,3,26.864033
0.0,2,26.866107
0.0,2,26.868172
0.0,2,26.870286
0.0,2,26.872976
0.0,2,26.875408
0.0,6,26.881615
0.0,3,26.884521
0.0,2,26.886884
0.0,3,26.889922
0.0,2,26.892208
0.0,2,26.894411
0.0,3,26.897749
0.0,3,26.900941
-0.901135,2,26.902947
0.0,4,26.906861
0.0,3,26.909656
0.0,4,26.913594
1.5,2,26.915637
0.0,2,26.917799
0.0,4,26.922039
0.0,4,26.925641
0.0,2,26.927696
0.912607,4,26.931621
0.0,2,26.933794
0.0,4,26.938455
0.0,2,26.940789
0.0,2,26.943017
0.341857,3,26.946174
0.0,4,26.950866
0.0,2,26.953123
0.0,3,26.956433
0.0,3,26.9604
0.0,2,26.96292
0.0,5,26.968525
0.0,2,26.970754
0.0,2,26.97294
1.5,2,26.975047
0.0,2,26.977151
0.0,2,26.979124
0.0,2,26.981018
-0.881714,2,26.983423
0.0,2,26.985931
0.0,3,26.989609
0.0,2,26.991773
0.0,3,26.995025
0.0,2,26.997197
0.0,2,26.999225
0.0,2,27.00126
0.168757,2,27.003374
0.0,5,27.007906
0.0,3,27.010917
0.0,2,27.012882
1.5,2,27.014762
0.0,3,27.018066
0.0,2,27.020158
0.0,3,27.023231
0.0,3,27.026238
0.0,4,27.029932
0.0,2,27.032177
0.279241,2,27.034222
0.0,3,27.037323
0.0,3,27.040884
0.0,3,27.044
0.0,2,27.046185
0.0,3,27.049257
0.0,2,27.051211
0.0,3,27.054705
0.0,4,27.059604
1.5,2,27.06172
0.0,4,27.066101
0.0,2,27.068271
0.0,2,27.07035
0.0,3,27.154498
0.0,2,27.156686
0.0,3,27.159768
0.0,4,27.163841
0.0,3,27.166935
1.5,2,27.168957
0.0,4,27.172891
1.5,2,27.17488
0.0,3,27.177908
0.0,3,27.180713
0.0,4,27.184614
0.0,4,27.188597
0.0,3,27.191904
0.0,3,27.195034
0.0,2,27.197127
0.0,2,27.19941
0.0,2,27.201629
0.0,4,27.205547
0.0,2,27.207574
0.0,3,27.210981
-0.412475,2,27.212956
0.0,2,27.215116
0.0,2,27.21724
0.0,3,27.220369
-0.534309,3,27.223403
0.0,2,27.22534
0.0,2,27.227257
1.5,2,27.229173
0.0,2,27.231306
0.94142,2,27.233517
0.0,3,27.236774
-0.977406,2,27.238827
0.0,2,27.241134
0.0,3,27.244311
-0.638631,5,27.249401
0.0,2,27.251345
1.0,2,27.253282
0.0,2,27.255302
0.0,2,27.257631
0.0,2,27.259777
0.0,2,27.261892
0.0,4,27.265877
-1.0,6,27.271818
0.0,4,27.275836
1.5,2,27.27768
0.0,2,27.279992
0.0,4,27.283988
0.0,2,27.285898
0.0,3,27.288933
0.0,3,27.291981
0.0,3,27.294829
0.0,4,27.298697
1.5,2,27.300676
0.0,3,27.303579
0.0,3,27.306516
0.0,4,27.310694
0.0,2,27.312742
0.0,5,27.317925
0.0,2,27.319947
0.0,2,27.322068
0.0,6,27.327716
0.0,3,27.330876
-0.075739,3,27.33394
0.0,4,27.338302
0.0,2,27.34039
0.0,5,27.345429
0.0,4,27.34943
0.0,4,27.353596
0.0,2,27.356112
0.0,2,27.358418
1.654979,2,27.360508
0.018985,2,27.362406
-0.437749,3,27.365644
0.0,2,27.367569
0.0,3,27.37036
0.0,2,27.372555
0.0,3,27.375436
1.5,2,27.377297
0.0,2,27.379332
0.0,2,27.381244
0.0,2,27.383108
0.0,2,27.385191
0.0,2,27.387539
0.0,2,27.389535
-0.520752,3,27.393002
0.0,3,27.396192
0.0,2,27.398331
0.0,2,27.400361
0.0,3,27.403145
0.0,2,27.405176
0.0,2,27.407401
0.0,2,27.409482
0.0,2,27.411427
0.0,3,27.414476
0.0,4,27.418222
0.0,2,27.420255
0.0,3,27.423069
0.445239,4,27.426748
0.0,3,27.429707
0.0,3,27.432529
2.0,2,27.434575
0.0,2,27.436759
1.5,2,27.438714
0.0,2,27.440681
0.0,3,27.443655
0.0,3,27.446427
0.0,3,27.450333
0.0,3,27.453255
-1.0,4,27.457608
0.0,3,27.460783
0.0,3,27.463752
0.0,4,27.467504
0.0,4,27.47169
0.0,2,27.473613
0.0,5,27.478275
0.0,2,27.48008
0.0,2,27.48209
0.0,2,27.484056
-0.356845,2,27.485977
0.0,3,27.488932
0.0,2,27.490929
-1.0,2,27.492893
0.0,4,27.496572
0.0,2,27.49848
0.0,3,27.501146
0.0,2,27.503117
0.0,3,27.505962
0.0,2,27.507745
0.0,2,27.509624
-0.190627,2,27.511616
0.0,3,27.514395
0.0,2,27.516452
0.0,2,27.518487
0.0,2,27.520432
0.0,4,27.524291
0.0,2,27.526362
0.0,4,27.52988
0.0,2,27.531958
-0.62718,2,27.533874
0.627494,2,27.535657
0.0,3,27.538944
0.0,3,27.542583
1.5,2,27.544801
0.0,3,27.547657
1.5,2,27.549502
-1.0,3,27.552328
0.0,2,27.554368
0.0,2,27.556493
0.0,2,27.558758
0.0,4,27.562765
0.0,3,27.565969
0.0,5,27.571036
-1.261497,2,27.572985
0.0,3,27.575845
0.0,2,27.577708
0.0,2,27.579642
0.547314,3,27.582658
0.0,3,27.585652
0.0,3,27.588543
0.0,2,27.590575
0.0,3,27.593496
0.0,2,27.595415
0.0,3,27.598165
0.0,3,27.600901
0.0,3,27.603563
0.0,5,27.608064
-0.54025,3,27.611074
0.0,4,27.614793
-0.811127,2,27.616807
0.0,3,27.619697
0.0,3,27.622619
0.0,3,27.625605
0.0,4,27.665256
0.0,2,27.667285
0.0,3,27.670164
0.0,4,27.673833
0.0,2,27.675815
1.5,2,27.677706
1.5,2,27.67953
0.0,3,27.682244
0.0,3,27.684964
0.0,4,27.688793
-0.113655,3,27.691749
0.0,2,27.693744
0.0,2,27.695703
-1.31139,2,27.697729
-2.0,2,27.699827
0.0,4,27.703864
0.0,3,27.706808
0.0,5,27.711288
0.0,2,27.713095
0.0,6,27.718524
-0.57416,3,27.721201
0.0,3,27.723933
0.0,2,27.725824
0.0,3,27.728739
0.0,3,27.731477
0.0,2,27.733563
0.0,3,27.736544
0.0,4,27.740369
1.0,2,27.742435
0.0,2,27.744367
0.0,3,27.747339
1.5,2,27.749347
0.0,3,27.752242
0.0,2,27.754112
0.0,3,27.757004
1.5,2,27.759298
-0.645566,2,27.761364
0.0,4,27.765159
0.0,5,27.769907
0.102352,2,27.771753
0.0,2,27.773762
0.0,3,27.776483
0.0,2,27.778205
0.0,2,27.780194
-1.0,2,27.781969
0.0,3,27.784984
-1.529982,2,27.786968
0.0,2,27.788862
0.0,3,27.791767
0.0,2,27.79377
0.0,4,27.797575
0.0,4,27.801342
0.0,4,27.805075
0.0,3,27.807913
0.0,3,27.810623
0.0,2,27.812559
0.0,2,27.814705
0.0,2,27.816549
0.0,4,27.820502
0.0,3,27.823424
0.0,2,27.825295
-0.898314,5,27.829835
0.0,5,27.834591
0.0,3,27.837559
0.0,2,27.839438
0.0,2,27.841354
0.0,3,27.844237
0.0,3,27.846942
0.0,3,27.849739
0.0,2,27.851572
-1.616079,2,27.853559
0.0,2,27.855649
0.0,3,27.858784
0.0,4,27.86262
0.0,3,27.865612
-0.726497,2,27.86764
-0.571346,4,27.87156
0.0,3,27.874308
0.0,2,27.876182
0.0,2,27.878223
0.0,2,27.880102
0.0,2,27.882022
0.0,3,27.884763
0.0,3,27.887607
0.0,2,27.889578
0.0,2,27.891431
0.0,2,27.893252
0.0,2,27.895168
0.0,2,27.897042
0.0,3,27.899774
0.0,3,27.902516
0.0,2,27.904315
0.0,4,27.908072
0.0,3,27.911089
0.0,4,27.914807
-0.846755,3,27.917803
0.0,2,27.919829
0.0,3,27.922717
0.0,4,27.926357
0.0,4,27.930191
0.0,2,27.9321
0.0,2,27.934146
0.0,2,27.936348
-0.144464,2,27.938775
0.0,3,27.941884
0.0,2,27.943929
0.0,3,27.946777
0.0,2,27.948762
0.0,3,27.952132
0.0,2,27.954261
0.0,4,27.958029
0.0,2,27.960166
0.0,2,27.962302
0.0,3,27.965346
1.5,2,27.967196
1.5,2,27.9692
0.0,2,27.971181
1.5,2,27.973106
0.0,4,27.976859
0.0,3,27.97956
-0.160157,3,27.982363
0.131576,3,27.985441
0.0,3,27.988241
0.0,4,27.99203
0.0,2,27.993908
0.0,2,27.995718
0.0,2,27.997622
0.0,2,27.999443
0.0,2,28.001253
0.0,2,28.003307
0.0,2,28.005145
0.0,4,28.008608
-1.0,3,28.011421
0.0,2,28.013399
0.0,4,28.017272
0.0,3,28.020032
0.0,3,28.022669
0.0,4,28.026378
-0.564579,4,28.029749
0.0,2,28.031672
0.0,3,28.034579
0.0,2,28.03648
0.0,2,28.038409
0.0,2,28.040325
0.0,2,28.042186
1.5,2,28.04407
1.0,4,28.04792
0.0,3,28.050713
0.0,2,28.052639
0.0,3,28.055282
0.0,3,28.058036
0.0,2,28.060032
0.0,2,28.062026
0.0,2,28.063911
-1.0,2,28.065792
-0.65215,4,28.069794
0.013532,3,28.072753
-0.123298,3,28.075708
0.0,2,28.077561
0.0,4,28.08125
0.0,3,28.084331
-0.511832,3,28.087185
0.0,2,28.089216
0.0,3,28.092252
0.0,2,28.094881
0.0,3,28.098114
0.0,2,28.100084
0.0,2,28.102082
0.0,3,28.104959
0.0,2,28.106715
0.0,4,28.110529
0.0,5,28.11542
0.0,2,28.117538
0.127656,2,28.119567
0.0,2,28.121534
-0.213939,2,28.123558
0.0,2,28.125457
1.0,4,28.129311
0.0,2,28.131323
0.0,2,28.133423
0.0,2,28.135402
0.0,2,28.137434
0.0,3,28.14044
-0.146654,2,28.142372
0.0,2,28.144405
0.504287,2,28.146319
0.04916,2,28.148107
1.5,2,28.149981
0.0,3,28.153072
0.0,2,28.155482
0.0,2,28.159432
0.0,2,28.163056
0.0,4,28.17044
0.0,4,28.177908
0.0,3,28.183181
0.0,3,28.188744
0.0,2,28.192477
0.0,3,28.196917
0.378458,2,28.199616
0.0,3,28.203447
0.0,3,28.208102
0.0,2,28.212298
0.0,2,28.215782
0.0,2,28.217953
0.0,2,28.219811
1.5,2,28.316226
0.0,3,28.319696
0.0,4,28.323338
0.0,2,28.325598
0.0,3,28.328402
0.0,3,28.331248
0.0,2,28.333194
0.0,3,28.336
0.0,3,28.338978
0.0,2,28.341014
0.0,4,28.344802
0.0,3,28.348068
0.0,2,28.350045
-0.10453,2,28.352045
0.0,3,28.355086
0.0,3,28.358042
0.0,3,28.361168
1.0,4,28.364783
0.0,3,28.367962
0.0,4,28.371563
0.0,3,28.374651
0.753607,2,28.376475
0.0,3,28.379088
1.5,2,28.381139
0.0,3,28.383819
1.5,2,28.38556
0.0,3,28.388581
-0.132046,3,28.391522
0.0,2,28.393487
0.0,2,28.395617
0.0,3,28.398296
0.0,3,28.401109
0.0,2,28.403025
1.5,2,28.404792
0.687919,4,28.408487
0.0,3,28.411625
0.0,4,28.415551
0.0,3,28.418626
0.0,2,28.420441
0.0,4,28.424444
0.273123,3,28.427029
-0.349478,4,28.431286
0.0,2,28.43327
0.0,3,28.436842
0.0,2,28.43894
0.0,2,28.440893
0.0,3,28.444016
0.0,3,28.446638
0.0,5,28.451657
0.0,3,28.454525
0.0,3,28.45743
0.0,2,28.459466
0.0,3,28.46249
-0.203577,3,28.465665
0.0,4,28.469235
0.0,3,28.472384
0.0,4,28.476043
0.0,5,28.480832
0.0,4,28.484358
0.0,2,28.486486
-1.0,3,28.489148
-1.0,4,28.493002
0.0,2,28.494846
0.0,3,28.497761
0.0,2,28.499923
0.0,4,28.503439
0.0,5,28.508321
0.0,4,28.512191
0.0,3,28.515043
0.0,2,28.516824
0.0,4,28.520742
0.0,3,28.523418
0.0,4,28.527438
0.0,2,28.529392
0.0,2,28.531295
-1.0,5,28.536369
0.0,2,28.538284
0.0,4,28.542536
0.0,2,28.544376
0.0,3,28.54739
0.0,2,28.549512
0.0,3,28.552201
0.0,3,28.555319
0.0,4,28.55914
0.0,2,28.561196
0.0,4,28.565119
0.0,2,28.567003
0.0,2,28.569159
0.0,3,28.572088
-0.364115,3,28.575796
0.0,3,28.578706
0.0,2,28.580544
0.0,3,28.583723
0.0,2,28.585785
0.0,2,28.587684
0.0,2,28.589996
0.0,3,28.593093
-0.35672,2,28.594937
-1.0,2,28.597336
0.0,5,28.601724
0.0,4,28.605522
0.0,2,28.607458
0.0,2,28.609412
0.0,2,28.61137
0.0,2,28.613344
-0.513708,4,28.617121
0.0,2,28.619154
-0.558006,5,28.623659
0.0,2,28.625543
1.5,2,28.62733
0.0,2,28.629101
0.0,3,28.632067
0.0,4,28.635846
-0.806316,4,28.639935
0.0,2,28.641948
0.0,2,28.643808
0.0,4,28.647553
0.0,2,28.649313
0.0,2,28.651134
0.0,2,28.653233
0.0,3,28.65628
0.0,3,28.659403
0.0,3,28.66222
0.0,4,28.665944
-0.037142,3,28.668789
-1.0,3,28.671655
0.0,2,28.673565
0.0,4,28.677037
0.0,2,28.678962
0.0,3,28.681729
-0.413392,4,28.685231
1.5,2,28.687118
1.5,2,28.689144
0.0,2,28.691108
0.0,3,28.694011
0.0,2,28.695865
0.0,3,28.698509
0.0,4,28.702161
0.0,2,28.703874
0.0,3,28.706554
-1.0,5,28.711282
0.0,3,28.714049
0.0,2,28.715991
0.0,3,28.718726
-0.790996,3,28.721472
0.0,4,28.725018
0.0,5,28.729538
0.0,2,28.731539
0.0,4,28.735368
1.5,2,28.737305
0.0,2,28.739218
0.0,3,28.741994
0.0,2,28.74396
0.0,4,28.74752
0.0,5,28.788868
0.0,2,28.791009
0.0,2,28.793036
0.0,2,28.794932
0.0,3,28.79767
0.0,2,28.7996
0.0,3,28.802142
0.0,3,28.804878
0.0,3,28.807663
0.0,3,28.810328
0.0,2,28.812419
1.5,2,28.814341
0.0,3,28.817027
0.0,3,28.820082
1.152037,2,28.821912
-0.396473,3,28.824418
0.580354,4,28.82812
0.0,4,28.831729
1.5,2,28.833681
-2.0,2,28.835788
0.0,2,28.837579
-0.25326,3,28.840419
0.0,2,28.842398
0.0,3,28.845104
0.0,2,28.847103
0.0,5,28.851452
0.0,2,28.853439
0.0,3,28.856418
0.0,3,28.859324
0.0,4,28.863317
0.0,2,28.865173
0.0,3,28.868353
0.0,5,28.87293
0.0,2,28.874912
0.0,4,28.878352
-1.894887,2,28.880189
0.0,3,28.883087
-0.022952,4,28.8866
0.0,3,28.889479
0.0,2,28.891371
-2.0,2,28.893268
0.0,2,28.895161
0.0,2,28.897299
1.5,2,28.899161
0.0,2,28.900901
0.0,4,28.90463
0.0,3,28.907252
0.0,4,28.911059
0.0,3,28.91396
0.0,4,28.917755
1.0,3,28.92051
0.0,3,28.923247
0.0,3,28.925977
0.0,2,28.927662
0.0,8,28.935191
0.0,3,28.938187
0.0,2,28.940083
0.0,2,28.941873
0.0,4,28.9457
1.5,2,28.947459
0.0,3,28.950137
-1.0,5,28.954914
0.0,2,28.95671
-1.0,2,28.95873
0.0,2,28.960679
0.0,3,28.9636
0.0,5,28.968378
0.0,4,28.972017
0.0,2,28.973979
0.0,2,28.97576
0.0,3,28.978438
0.0,3,28.981257
0.0,2,28.983083
0.0,3,28.985884
0.0,2,28.98775
0.0,2,28.989622
0.0,2,28.991398
0.29025,2,28.993356
0.0,3,28.996008
0.0,3,28.998501
0.0,2,29.000395
1.5,2,29.002145
-1.0,4,29.005494
0.0,3,29.008218
0.0,4,29.011775
0.0,2,29.013669
0.0,3,29.016407
0.0,2,29.018153
0.0,3,29.020843
0.0,3,29.023551
0.0,3,29.026066
0.0,2,29.028041
-0.457699,2,29.029937
0.0,2,29.031682
0.0,2,29.033586
0.0,2,29.035574
0.0,3,29.038464
0.0,3,29.041102
-0.228704,2,29.043021
0.0,4,29.046606
0.0,3,29.049404
0.0,3,29.052199
0.0,2,29.053967
0.0,2,29.056006
0.0,3,29.05878
0.0,2,29.06084
0.0,3,29.063738
0.0,2,29.065546
0.653431,3,29.068212
0.0,2,29.070154
0.157039,2,29.072187
-0.005573,4,29.075884
0.0,2,29.077749
0.0,2,29.079572
0.0,3,29.082134
1.5,2,29.083984
0.0,3,29.086917
0.0,3,29.089696
1.5,2,29.091465
0.0,2,29.09347
0.0,5,29.098119
0.0,3,29.101142
0.0,3,29.104352
0.0,2,29.106223
0.0,2,29.108051
0.0,4,29.111655
0.0,2,29.113626
0.0,4,29.117393
0.0,3,29.120178
1.5,2,29.122
0.0,2,29.123894
0.0,2,29.125828
0.0,4,29.129446
-0.094094,2,29.13125
0.001236,3,29.134229
0.0,3,29.137012
0.0,2,29.138883
0.0,2,29.14076
0.0,2,29.142704
0.0,2,29.144538
0.0,3,29.147248
0.0,2,29.149101
1.5,2,29.150907
0.0,2,29.152723
1.5,2,29.154551
0.0,3,29.157754
0.0,2,29.159835
0.0,2,29.161797
1.5,2,29.163699
0.0,2,29.165538
0.0,2,29.167361
0.0,2,29.169204
0.0,2,29.171075
0.0,4,29.174609
0.0,5,29.17909
0.0,2,29.180931
0.0,2,29.182863
0.0,2,29.184745
0.0,3,29.187389
0.0,2,29.18927
0.0,3,29.191959
0.0,4,29.195535
0.0,4,29.199005
0.0,2,29.200741
0.0,3,29.203474
0.0,4,29.206942
0.553821,3,29.210166
0.0,2,29.212642
0.0,3,29.215686
0.0,4,29.219624
0.0,2,29.221596
0.0,3,29.224422
1.5,2,29.226234
0.0,3,29.229012
0.0,2,29.230835
0.0,3,29.233568
0.0,3,29.236431
0.0,2,29.238325
0.0,2,29.24009
-0.521074,2,29.242058
0.0,2,29.244081
0.0,2,29.246057
0.0,2,29.247841
0.0,3,29.250514
0.0,2,29.252482
0.0,3,29.255201
0.0,4,29.25887
0.0,3,29.262054
1.5,2,29.26412
0.0,3,29.267022
0.0,2,29.268962
0.0,3,29.271678
1.5,2,29.273667
-0.556168,6,29.278898
1.5,2,29.2807
0.0,3,29.283385
0.0,4,29.286973
0.0,2,29.288924
0.0,5,29.293636
1.5,2,29.295588
0.474329,2,29.297503
0.0,3,29.300297
0.0,5,29.304477
0.0,2,29.306292
0.0,2,29.308227
0.0,3,29.311085
0.0,2,29.313048
0.0,3,29.315787
0.0,5,29.320208
0.0,3,29.322859
-0.663093,2,29.408423
1.5,2,29.410359
0.0,3,29.413333
0.0,2,29.41532
0.0,2,29.417116
0.0,2,29.418974
0.0,3,29.421558
0.0,2,29.42335
0.0,3,29.426004
1.5,2,29.427694
0.0,4,29.43119
0.772541,2,29.433209
0.0,2,29.435387
-0.375675,5,29.439881
0.0,3,29.442663
-0.183204,3,29.445282
0.0,4,29.448717
0.0,3,29.452637
0.0,2,29.45481
0.0,3,29.457514
0.0,3,29.4601
0.0,3,29.462779
0.0,3,29.465866
-0.209667,2,29.467734
0.0,2,29.469685
0.0,2,29.471529
1.0,4,29.474897
0.0,4,29.478193
0.0,3,29.480773
0.0,2,29.482931
0.0,4,29.486424
0.0,3,29.489204
0.079998,2,29.49115
0.0,6,29.496343
0.0,2,29.498222
0.0,3,29.5008
0.0,3,29.503445
0.0,2,29.505198
0.0,2,29.507026
0.0,4,29.510765
1.5,2,29.512607
0.0,4,29.516031
0.0,2,29.517899
0.0,2,29.519745
0.0,2,29.521585
0.0,3,29.524147
0.0,4,29.528166
0.0,2,29.530166
1.5,2,29.532102
0.0,4,29.535711
0.0,2,29.537544
0.0,2,29.539436
0.0,2,29.541197
0.0,3,29.543842
0.0,3,29.546336
0.0,3,29.548878
0.0,2,29.550609
0.0,6,29.555921
1.5,2,29.557658
0.0,2,29.559557
0.495714,4,29.563406
-1.0,3,29.566216
0.0,2,29.568001
0.0,2,29.569793
0.0,4,29.573269
0.0,3,29.576429
0.0,3,29.579298
0.0,2,29.581146
-0.497161,3,29.583755
0.0,5,29.588175
0.0,2,29.590027
0.0,3,29.59279
0.0,3,29.595566
0.0,3,29.598263
0.0,4,29.601737
0.0,4,29.605302
0.0,2,29.607103
0.0,2,29.608894
0.0,2,29.610767
0.0,3,29.613415
0.0,3,29.6166
0.0,4,29.6202
0.0,3,29.622704
0.0,4,29.62613
0.132427,2,29.62806
0.0,3,29.630859
0.0,2,29.632648
0.0,3,29.635409
0.0,3,29.638134
0.0,4,29.641659
0.0,3,29.644551
0.0,2,29.646419
0.0,2,29.648198
0.0,2,29.65016
0.13435,4,29.65376
0.0,2,29.655661
0.0,3,29.658672
1.5,2,29.660706
0.0,2,29.662657
0.0,5,29.667148
0.0,3,29.669831
0.0,3,29.672513
-0.218104,2,29.674257
1.0,2,29.676032
0.0,2,29.677799
0.0,3,29.680422
0.0,2,29.682154
0.0,2,29.684029
0.0,3,29.686787
0.0,3,29.68943
0.0,3,29.692165
0.0,2,29.694003
0.0,2,29.695872
0.0,2,29.697607
0.0,3,29.700157
0.0,6,29.705398
0.0,3,29.708014
0.0,4,29.711561
0.0,4,29.715176
0.0,3,29.717867
0.0,2,29.719766
0.0,2,29.721614
0.0,3,29.724224
0.0,3,29.726816
0.0,2,29.728554
0.0,2,29.730241
0.0,2,29.732112
0.0,2,29.734185
1.0,2,29.736111
0.0,2,29.737947
0.0,2,29.739829
-0.297926,2,29.741694
0.0,3,29.744315
0.0,3,29.746971
0.0,3,29.749581
0.0,2,29.751322
1.5,2,29.753152
0.0,2,29.755046
0.0,2,29.75694
0.0,3,29.759577
0.0,3,29.762365
0.0,4,29.766167
0.0,4,29.769804
0.0,3,29.772394
0.0,2,29.774472
0.0,3,29.777177
0.0,2,29.779059
0.0,2,29.780915
0.0,3,29.78357
0.0,2,29.785293
0.0,3,29.788234
0.0,3,29.791099
0.0,2,29.792947
0.0,2,29.831294
0.0,3,29.834202
0.0,2,29.836021
0.0,3,29.838957
0.0,2,29.840825
0.0,2,29.842668
0.0,2,29.844695
0.0,3,29.847404
0.0,4,29.851182
0.0,3,29.853948
0.0,4,29.857491
0.0,4,29.861487
-1.0,3,29.864184
0.0,3,29.866986
0.0,2,29.868799
0.0,2,29.870612
0.0,3,29.873633
0.0,2,29.875413
0.0,2,29.877264
0.0,4,29.880693
0.0,3,29.883297
0.0,2,29.885133
0.0,3,29.887928
0.0,2,29.889699
0.0,2,29.891486
0.0,2,29.893378
-0.540375,2,29.895285
-0.956056,2,29.897089
0.0,3,29.899735
0.0,4,29.903092
0.0,2,29.904877
1.5,2,29.906655
0.0,2,29.908471
0.0,2,29.910236
-0.160725,2,29.911952
1.5,2,29.914092
0.0,2,29.915987
0.0,2,29.917759
0.0,4,29.921142
0.0,4,29.924474
0.0,3,29.92708
0.0,2,29.929037
0.0,2,29.930826
0.0,2,29.932649
0.0,4,29.936599
0.0,4,29.940128
0.0,4,29.943879
0.0,3,29.946572
0.0,3,29.949334
0.0,2,29.951585
0.0,2,29.953661
0.0,3,29.95641
0.0,4,29.959932
0.0,3,29.962552
0.0,2,29.964639
0.0,4,29.968525
0.0,2,29.970501
0.0,3,29.973229
0.0,2,29.974943
-0.602427,4,29.978436
0.0,4,29.981882
0.0,2,29.983833
1.605249,2,29.985641
0.0,4,29.989069
0.0,2,29.99108
-0.273317,6,29.996344
0.0,4,29.999795
0.0,2,30.001573
-0.134793,4,30.005022
0.0,2,30.006741
0.0,3,30.009331
0.0,2,30.011339
0.0,4,30.014914
0.0,2,30.016642
0.0,2,30.018608
0.0,3,30.021358
0.0,2,30.023192
0.0,3,30.025821
0.0,2,30.027602
0.0,5,30.031888
0.0,3,30.034743
0.0,4,30.038301
0.0,3,30.04117
-0.193731,2,30.042956
0.0,3,30.045515
0.0,3,30.048057
0.0,2,30.049762
0.0,3,30.052413
0.0,3,30.055247
0.0,4,30.058771
0.0,4,30.062466
0.0,3,30.065208
0.0,2,30.067089
0.0,2,30.068829
0.0,4,30.072154
-0.216367,3,30.07483
0.0,2,30.076602
-0.65864,2,30.078361
0.301832,2,30.080114
0.0,2,30.081754
0.0,3,30.084257
0.0,3,30.086758
0.0,3,30.089519
0.0,2,30.09127
0.0,3,30.093988
0.0,2,30.095629
0.0,4,30.098917
0.0,3,30.101518
0.0,3,30.104004
0.0,2,30.105687
0.0,3,30.108349
0.0,2,30.110142
0.0,3,30.112785
0.0,3,30.115463
0.0,2,30.117257
0.0,2,30.119015
0.0,2,30.12074
0.0,4,30.12411
0.0,4,30.127471
0.0,3,30.130193
0.0,2,30.132058
0.0,2,30.133929
0.0,3,30.136581
0.0,3,30.139213
0.0,3,30.141809
0.0,3,30.14455
0.0,2,30.146393
0.0,2,30.148162
0.0,6,30.153309
0.0,2,30.155118
0.0,2,30.15689
1.5,2,30.158689
0.0,3,30.161589
0.0,2,30.163446
0.0,3,30.166212
0.0,4,30.169703
0.0,2,30.171599
0.0,3,30.174239
-1.0,3,30.176781
0.0,2,30.178539
0.0,3,30.181144
0.0,2,30.182787
0.0,2,30.184635
0.0,2,30.186428
0.0,2,30.188271
0.0,2,30.190018
0.0,3,30.192729
0.0,3,30.195351
0.0,2,30.197128
0.0,2,30.198922
0.0,4,30.202397
0.0,2,30.204079
0.0,2,30.205888
0.0,2,30.207602
-0.578761,2,30.209324
0.0,4,30.212795
0.0,3,30.215523
0.0,2,30.217293
0.0,3,30.219874
0.0,2,30.221553
0.0,3,30.224067
0.0,2,30.225872
0.0,2,30.227669
0.0,2,30.229429
1.5,2,30.231129
1.5,2,30.232858
0.0,2,30.23495
0.0,2,30.236858
0.0,2,30.23874
0.220855,3,30.241586
0.0,2,30.243429
0.0,3,30.246092
0.0,3,30.248824
0.0,4,30.252335
0.0,3,30.254984
0.0,4,30.258431
1.5,2,30.260241
0.0,5,30.264975
0.0,3,30.267827
1.5,2,30.26973
0.0,2,30.271482
0.0,2,30.273326
0.0,2,30.275039
0.0,2,30.276861
0.0,2,30.278911
0.0,3,30.281578
0.0,3,30.284606
0.0,2,30.286442
0.0,2,30.288241
0.0,3,30.29113
0.0,4,30.294649
0.0,2,30.296468
1.5,2,30.298161
0.0,3,30.300712
0.0,2,30.302586
0.0,2,30.304321
0.0,2,30.306084
0.0,3,30.308606
-1.0,2,30.31065
-0.097342,3,30.313406
0.0,4,30.317212
0.0,3,30.319995
0.0,2,30.321826
0.0,4,30.325221
0.0,2,30.32707
0.0,2,30.328746
0.0,2,30.330734
0.0,3,30.33359
0.0,3,30.336307
1.5,2,30.338354
0.0,2,30.340245
0.0,3,30.343513
0.0,5,30.34854
-0.161088,4,30.352316
0.0,3,30.355102
0.0,2,30.357026
0.332078,2,30.358814
0.0,4,30.362834
0.0,3,30.365733
0.0,3,30.368464
0.0,2,30.370357
0.0,3,30.373319
0.0,4,30.458786
0.942587,2,30.460726
0.0,4,30.464473
0.0,2,30.466887
0.0,2,30.468884
0.0,5,30.473588
0.0,2,30.475396
0.0,4,30.478827
0.0,3,30.481541
0.0,2,30.483373
0.992898,2,30.485187
0.0,4,30.488663
1.5,2,30.490498
0.0,2,30.492403
0.0,3,30.495105
0.0,3,30.497805
0.0,2,30.499645
0.0,3,30.502455
0.0,3,30.505111
0.0,2,30.506813
0.0,2,30.508567
0.0,2,30.51034
0.0,3,30.51292
0.0,2,30.514829
0.0,2,30.517107
0.0,2,30.519393
0.0,4,30.523881
-2.0,2,30.525946
0.0,4,30.529955
0.0,4,30.533458
0.0,3,30.536007
0.0,2,30.537842
0.0,2,30.539742
0.0,3,30.54261
0.0,3,30.54532
0.0,3,30.547898
0.0,2,30.549666
0.0,2,30.551438
0.0,2,30.553256
0.0,3,30.556056
0.0,2,30.557992
0.0,2,30.559714
1.5,2,30.561543
0.0,4,30.565752
0.0,2,30.567737
0.0,2,30.569638
0.0,5,30.574151
-1.0,2,30.575873
0.0,3,30.57898
0.0,2,30.581152
0.0,2,30.582834
0.0,2,30.584596
1.5,2,30.586331
0.0,3,30.589068
0.0,2,30.590855
0.0,2,30.59284
0.0,3,30.595547
-1.0,3,30.598287
0.0,2,30.600103
-0.571499,3,30.60263
0.0,2,30.604327
1.5,2,30.606028
0.0,3,30.608669
0.0,2,30.610604
-0.336655,3,30.61326
0.0,2,30.614957
0.0,2,30.616785
0.0,3,30.6197
0.0,2,30.621872
0.0,3,30.624932
0.0,2,30.627072
0.0,2,30.628997
0.0,3,30.631603
0.0,3,30.634264
1.5,2,30.636025
0.0,3,30.638589
0.0,3,30.641254
0.0,3,30.643805
0.0,4,30.64711
-1.0,3,30.64957
-1.0,5,30.653702
0.0,2,30.655491
0.0,2,30.657207
0.0,4,30.660761
0.0,3,30.663228
0.0,2,30.664954
0.0,5,30.66918
0.0,4,30.672656
0.0,3,30.675277
0.0,2,30.676986
0.0,2,30.678701
-0.206883,2,30.680349
0.0,2,30.68216
0.0,2,30.683864
0.0,2,30.685636
0.0,2,30.687401
1.0,2,30.689165
0.0,2,30.690829
0.0,3,30.693305
0.0,2,30.694989
0.0,2,30.696717
0.0,3,30.699178
0.0,2,30.700803
0.0,2,30.702465
-0.549157,2,30.704079
0.0,3,30.706553
0.0,2,30.708151
0.0,2,30.709859
0.0,3,30.712262
0.0,2,30.714033
0.0,6,30.718911
0.0,4,30.722198
0.0,4,30.725551
0.0,2,30.727255
0.0,2,30.728982
0.0,2,30.730611
0.0,3,30.733149
0.0,2,30.734876
0.0,2,30.736657
0.0,2,30.738352
0.0,3,30.740896
-0.332378,4,30.744186
0.0,3,30.746703
0.0,3,30.749205
0.0,2,30.750918
0.0,4,30.754286
0.0,2,30.755904
0.0,2,30.757577
0.0,5,30.761717
0.0,2,30.763464
0.0,3,30.766193
0.0,2,30.767891
-0.54984,3,30.770536
0.0,2,30.772172
0.0,4,30.775604
1.5,2,30.777202
0.0,2,30.778792
0.0,4,30.782092
0.0,2,30.78381
0.593298,2,30.785512
0.0,2,30.78719
0.0,5,30.791281
0.0,3,30.79375
0.0,4,30.797036
0.0,2,30.798643
0.0,2,30.800281
0.0,4,30.803575
0.0,2,30.805171
0.0,3,30.807592
0.0,2,30.809239
0.0,4,30.847207
0.0,4,30.850379
0.0,3,30.852766
-0.881107,5,30.85678
0.0,3,30.859313
0.0,3,30.861845
0.0,2,30.863897
0.0,3,30.86638
0.0,2,30.868129
-0.306229,3,30.870597
0.0,4,30.873796
0.0,2,30.875429
0.0,3,30.877916
1.5,2,30.879505
1.5,2,30.881101
0.0,4,30.884282
0.0,3,30.886722
0.0,4,30.889977
0.0,3,30.892486
0.0,2,30.89413
-1.0,2,30.895706
0.0,4,30.898839
-0.454432,3,30.901235
0.0,3,30.903485
0.0,3,30.905843
0.0,3,30.908229
0.0,2,30.909884
0.0,4,30.913156
0.0,5,30.917212
0.0,3,30.919626
0.0,2,30.921246
0.0,2,30.922812
0.0,2,30.924371
0.0,3,30.926723
0.0,2,30.92839
0.0,2,30.930073
0.0,3,30.932412
0.0,3,30.935085
0.0,4,30.938581
1.5,2,30.940218
0.0,5,30.944312
0.0,2,30.945993
0.0,4,30.949241
0.0,2,30.950862
0.0,3,30.953286
0.0,2,30.955081
0.0,2,30.956718
0.0,2,30.958306
0.0,2,30.959889
0.0,3,30.962337
0.0,3,30.964758
0.0,3,30.967446
0.0,2,30.96921
0.0,2,30.970915
0.0,3,30.973454
0.0,4,30.976699
0.0,3,30.979096
0.0,2,30.9807
0.0,4,30.983971
0.0,4,30.987238
0.0,2,30.988926
0.0,3,30.991376
0.0,3,30.993803
0.0,4,30.997125
0.0,2,30.99876
0.0,4,31.002123
0.0,5,31.006238
0.0,2,31.007918
0.0,2,31.00966
0.0,3,31.012126
0.0,2,31.013925
0.0,2,31.015517
0.0,2,31.017204
0.0,2,31.018794
0.0,2,31.020452
0.0,3,31.022798
0.0,4,31.026038
-0.108971,3,31.028441
-0.438694,4,31.031644
0.0,5,31.035672
0.0,2,31.0373
0.0,2,31.039032
0.0,3,31.04148
0.0,3,31.043995
0.0,3,31.046389
0.0,2,31.048039
0.0,2,31.049671
0.0,2,31.05133
0.0,4,31.054499
0.0,2,31.056151
0.0,2,31.057746
0.0,2,31.059433
0.0,3,31.061875
0.0,3,31.064491
0.0,3,31.067101
0.0,2,31.068778
0.0,3,31.071317
0.0,3,31.073764
0.0,2,31.075386
0.0,2,31.07702
0.0,4,31.080186
0.0,2,31.081736
0.0,2,31.083405
0.0,2,31.085081
0.0,3,31.08746
0.0,4,31.090676
0.0,2,31.092325
0.0,3,31.094701
0.0,3,31.097051
0.0,2,31.098638
0.0,4,31.101757
0.0,2,31.103355
0.0,3,31.105801
0.0,2,31.107406
0.0,2,31.109137
0.168184,3,31.112033
0.107239,2,31.113998
0.0,2,31.115913
0.0,2,31.117883
0.0,2,31.119743
1.5,2,31.121428
0.0,2,31.123185
0.77139,2,31.124873
0.0,2,31.126583
0.0,3,31.129096
0.0,2,31.130782
0.0,3,31.133379
0.0,2,31.135122
0.0,2,31.136822
0.0,2,31.138585
0.0,3,31.141176
0.0,3,31.143735
0.0,2,31.145443
0.0,4,31.14884
0.0,2,31.150546
0.0,3,31.153174
0.0,3,31.155825
0.0,2,31.157529
0.0,4,31.161022
0.0,2,31.162867
0.0,2,31.164656
1.5,2,31.166391
0.0,2,31.168117
0.0,2,31.169812
1.5,2,31.171471
-1.0,4,31.174919
0.0,2,31.176668
0.0,2,31.178368
1.5,2,31.180065
0.0,3,31.182627
0.0,2,31.184362
0.0,3,31.18684
0.0,2,31.188733
0.0,2,31.190417
1.5,2,31.192164
0.0,2,31.193878
0.0,2,31.195736
0.0,3,31.198244
0.0,2,31.199941
0.0,3,31.202566
0.0,4,31.205931
1.5,2,31.207624
-0.773117,3,31.210372
-0.473858,2,31.212075
0.056873,2,31.213812
0.0,2,31.215641
0.0,2,31.21753
-0.288766,3,31.220057
0.0,2,31.221869
0.0,5,31.226085
0.0,3,31.22862
0.0,2,31.23059
1.5,2,31.232378
1.5,2,31.234155
0.0,3,31.237
0.0,3,31.239625
0.0,3,31.242188
0.0,5,31.246602
0.0,2,31.248333
-0.464348,3,31.251098
0.0,2,31.25304
0.0,3,31.255628
1.5,2,31.257352
0.0,4,31.260992
0.0,3,31.263749
0.0,2,31.265832
0.0,2,31.267784
0.718955,3,31.270897
-1.0,2,31.272974
0.0,2,31.274834
0.0,3,31.277641
-0.880751,2,31.279513
0.0,3,31.282095
0.0,2,31.283784
0.0,3,31.286612
0.0,2,31.288361
0.0,2,31.290116
0.0,3,31.292845
0.0,3,31.295518
0.0,3,31.29811
1.5,2,31.299872
0.0,2,31.301624
0.10111,2,31.303325
0.0,4,31.306746
0.0,2,31.308478
0.0,2,31.31015
0.0,2,31.311877
0.0,3,31.31468
0.0,2,31.316495
-0.41409,3,31.319156
0.0,2,31.32098
0.0,2,31.322692
0.0,3,31.325134
0.0,4,31.328579
0.0,3,31.331106
-1.0,2,31.332869
0.0,3,31.335779
0.0,2,31.337621
0.0,2,31.339515
0.0,3,31.342353
0.0,2,31.34407
0.0,2,31.345752
0.0,2,31.347571
0.0,3,31.350392
-0.526608,2,31.352092
0.0,4,31.355464
0.0,3,31.358013
0.0,2,31.359749
0.0,2,31.361596
0.0,3,31.364623
0.0,2,31.36666
0.0,2,31.368649
0.0,3,31.371455
0.0,2,31.37324
0.0,3,31.375881
0.0,2,31.45698
0.0,2,31.459091
0.0,4,31.463032
0.0,3,31.465955
0.0,4,31.470494
0.0,3,31.473716
0.0,4,31.477413
0.0,2,31.479365
0.0,4,31.483157
0.0,2,31.485055
0.0,3,31.488224
0.0,2,31.490113
-0.361029,2,31.492012
0.0,3,31.4951
-0.682848,6,31.500664
0.0,3,31.503955
0.708707,3,31.507289
0.0,2,31.509427
0.0,2,31.511382
0.0,3,31.514378
0.0,3,31.517446
0.0,4,31.521228
0.0,4,31.524887
0.0,3,31.527702
0.0,2,31.529727
0.0,4,31.533559
0.0,3,31.536704
0.0,2,31.538734
0.0,3,31.541695
0.0,2,31.543937
0.0,3,31.54678
0.0,2,31.54876
0.0,2,31.550964
0.0,2,31.552819
0.0,3,31.555804
0.0,3,31.558751
0.0,4,31.562524
-0.559288,2,31.564823
-0.508511,3,31.568163
0.0,5,31.573325
0.0,2,31.575358
0.0,3,31.578377
0.0,3,31.581465
0.0,2,31.583577
0.0,2,31.585671
-0.497575,2,31.587642
0.0,3,31.590656
0.0,4,31.594943
0.0,2,31.597167
0.0,4,31.60098
0.0,2,31.602868
-0.255519,4,31.60662
0.0,3,31.609493
0.0,2,31.611484
0.0,2,31.613739
-0.205313,4,31.617682
0.0,4,31.621795
0.0,2,31.623694
0.0,2,31.625807
0.0,3,31.628692
-1.0,2,31.630559
0.0,3,31.633491
0.0,2,31.635716
0.0,4,31.639645
0.0,2,31.641731
0.0,3,31.644578
0.0,3,31.647407
0.0,4,31.651151
0.0,3,31.6541
0.0,3,31.657088
0.0,4,31.661068
0.0,3,31.664492
0.0,4,31.668487
0.0,5,31.673324
0.0,3,31.67631
0.0,2,31.678156
0.0,2,31.679947
0.0,4,31.683728
0.0,3,31.686452
0.0,2,31.688416
0.0,2,31.690536
0.0,3,31.693396
0.0,2,31.695471
0.0,3,31.698509
0.0,2,31.700309
0.0,3,31.703131
0.0,2,31.705118
0.0,2,31.706975
0.0,6,31.713343
0.0,2,31.715971
0.0,2,31.718298
0.0,2,31.720388
0.0,2,31.722447
1.5,2,31.724399
0.0,3,31.727278
0.0,2,31.729294
0.0,4,31.733528
0.0,3,31.736734
0.0,2,31.739074
0.19052,2,31.741169
0.0,3,31.74425
0.0,3,31.747399
0.0,2,31.749468
0.0,2,31.751657
-0.14305,2,31.7539
0.0,4,31.758028
-0.6562,4,31.761987
0.0,3,31.764972
0.0,4,31.769491
0.0,3,31.772769
0.0,2,31.775021
0.0,3,31.777961
0.0,3,31.780889
0.0,2,31.78275
0.0,4,31.786683
0.0,2,31.788825
0.0,3,31.791808
0.0,3,31.79506
0.0,4,31.798979
0.0,2,31.801038
0.0,4,31.804692
0.0,2,31.806705
0.0,4,31.810519
0.0,2,31.812384
-0.194364,2,31.814581
-0.362425,3,31.817665
0.0,3,31.820735
0.0,2,31.822714
0.0,3,31.825503
0.0,3,31.828555
0.0,3,31.831652
0.0,2,31.833698
-0.16353,2,31.871279
0.0,3,31.874273
0.0,3,31.877388
0.0,2,31.87962
0.0,4,31.883584
0.0,2,31.885749
0.0,2,31.887737
0.0,2,31.889792
0.0,3,31.892978
0.0,2,31.894953
0.0,5,31.8999
0.0,3,31.902718
0.0,4,31.90667
0.0,3,31.909513
0.0,3,31.912573
0.0,3,31.915677
-0.023577,2,31.917783
0.0,4,31.921833
0.0,5,31.92679
-0.017477,5,31.931551
0.0,3,31.935223
0.556711,3,31.938459
0.0,2,31.940586
0.0,2,31.942935
0.0,2,31.945094
0.0,2,31.947225
0.0,2,31.949249
0.0,4,31.95327
0.0,2,31.955441
0.0,3,31.958819
0.0,4,31.963172
0.0,3,31.966217
0.0,2,31.968542
2.0,2,31.970917
0.0,4,31.975392
0.0,3,31.978345
0.0,2,31.980437
0.0,3,31.983686
0.0,2,31.985694
-0.033731,3,31.989014
0.0,2,31.991105
-0.190085,4,31.995166
1.5,2,31.997223
0.0,3,32.000072
0.0,2,32.002204
0.0,2,32.004702
0.0,3,32.008241
0.0,2,32.010556
0.0,3,32.01357
0.0,3,32.016876
0.0,3,32.019867
1.5,2,32.021832
1.5,2,32.023844
1.5,2,32.025759
0.0,3,32.028567
0.0,2,32.030766
0.0,3,32.034007
0.0,3,32.037164
0.0,3,32.040374
0.0,2,32.042314
0.0,3,32.045624
0.0,4,32.04963
0.0,3,32.052953
0.0,2,32.055006
0.0,2,32.057011
1.5,2,32.05904
1.5,2,32.061008
0.0,3,32.063944
0.0,4,32.068685
0.0,2,32.070955
0.0,2,32.073258
0.0,3,32.07614
0.0,2,32.07819
0.0,3,32.081168
0.0,3,32.084019
0.0,2,32.086279
0.0,4,32.090395
1.5,2,32.092407
1.5,2,32.094679
0.0,2,32.096742
0.0,2,32.09873
0.0,2,32.100735
0.0,2,32.102549
0.0,3,32.105378
0.0,3,32.10824
0.0,4,32.111986
0.0,2,32.114204
0.0,2,32.116342
0.0,3,32.119295
0.0,2,32.121223
0.0,3,32.124078
0.0,4,32.127864
0.0,3,32.130743
0.0,2,32.132704
0.0,2,32.134951
0.0,4,32.138981
0.0,2,32.141007
0.0,3,32.144207
0.0,3,32.147444
0.0,2,32.149705
0.0,4,32.15361
0.0,2,32.155517
0.800099,2,32.157554
0.0,2,32.159478
0.0,2,32.161621
2.0,2,32.164098
-0.317746,3,32.167474
0.0,4,32.171773
0.0,2,32.173808
-0.619497,2,32.175811
0.855783,4,32.179873
0.0,2,32.181913
0.0,3,32.1851
0.0,2,32.187118
0.0,4,32.191308
0.0,2,32.193294
0.0,4,32.19723
0.0,3,32.200166
0.0,2,32.202071
0.0,3,32.20503
0.0,3,32.207922
0.0,3,32.211014
0.0,3,32.214154
0.0,3,32.217253
0.0,2,32.219454
0.0,3,32.222514
0.0,2,32.224458
0.0,2,32.226513
0.0,2,32.228475
0.0,3,32.231511
0.0,3,32.234639
0.0,3,32.237807
0.0,2,32.240101
-0.42455,5,32.245085
1.5,2,32.247084
0.0,2,32.248984
0.0,2,32.250927
0.0,2,32.253154
0.257805,2,32.255514
0.0,4,32.259853
1.5,2,32.262312
0.0,2,32.264481
0.0,2,32.26657
0.0,3,32.269961
0.0,3,32.27334
0.0,2,32.275582
-1.0,4,32.280249
0.0,2,32.2828
0.0,3,32.286632
0.0,2,32.289442
0.0,3,32.293322
0.0,4,32.298146
1.5,2,32.300778
0.0,6,32.307961
0.0,3,32.311717
0.0,3,32.315129
0.0,3,32.318266
0.0,3,32.321159
1.5,2,32.323106
0.0,2,32.325103
0.0,2,32.32707
0.0,3,32.330156
0.0,4,32.334061
0.0,2,32.33625
0.0,5,32.341229
2.0,2,32.343399
-0.548679,2,32.345433
0.0,3,32.348333
0.0,2,32.350366
0.0,4,32.354376
0.0,4,32.358133
0.0,2,32.360086
1.5,2,32.361975
0.0,3,32.365021
0.0,5,32.370376
0.0,3,32.373649
0.0,2,32.375593
0.0,3,32.378479
-0.270358,2,32.380469
0.0,4,32.384289
0.0,3,32.387384
0.474855,2,32.389427
0.0,2,32.391555
0.0,2,32.393606
0.0,2,32.39586
0.0,3,32.399324
0.0,3,32.402576
-0.021162,4,32.406501
0.0,2,32.408579
0.0,2,32.410468
0.0,3,32.413591
-0.17861,4,32.417717
0.0,4,32.421805
0.0,3,32.424645
1.5,2,32.42659
0.0,2,32.428673
0.0,3,32.431515
0.0,2,32.433746
0.0,2,32.436131
0.0,3,32.43914
0.0,3,32.442392
0.0,2,32.444533
0.0,2,32.446486
0.0,2,32.448565
0.0,3,32.451566
0.0,2,32.453594
0.0,4,32.45788
0.0,2,32.459942
0.0,3,32.463437
0.0,4,32.467357
0.0,4,32.471864
0.0,4,32.476039
0.0,3,32.479188
0.0,4,32.483141
0.0,3,32.486115
0.0,3,32.489068
0.0,2,32.491369
0.0,4,32.49533
-2.0,2,32.49736
0.0,2,32.499447
0.0,4,32.50328
0.0,2,32.505562
0.0,2,32.507995
0.0,3,32.511456
1.5,2,32.513593
1.0,4,32.517903
0.0,3,32.520977
1.5,2,32.522984
0.0,4,32.52689
0.205125,2,32.529024
0.0,2,32.531192
0.0,2,32.533427
0.527965,3,32.536412
0.0,3,32.539696
0.0,2,32.5418
0.0,3,32.545224
0.161839,4,32.637234
0.0,3,32.640244
0.0,4,32.644574
0.0,3,32.647569
0.0,3,32.650679
0.0,2,32.652756
0.0,3,32.655791
0.0,3,32.658628
1.5,2,32.660475
0.0,3,32.663664
0.0,3,32.667324
0.0,3,32.670662
0.0,2,32.673455
0.0,3,32.676811
-1.0,4,32.681004
0.0,2,32.683161
0.0,3,32.686478
0.0,3,32.689456
0.0,3,32.692787
0.0,2,32.694844
0.0,4,32.6987
0.0,2,32.700711
0.0,2,32.702662
0.0,2,32.704658
0.0,3,32.707618
0.0,2,32.709486
0.0,2,32.711527
0.0,2,32.713772
0.0,3,32.716702
0.0,3,32.719858
0.0,3,32.723016
-0.745424,5,32.727935
0.0,3,32.730782
0.0,2,32.732906
0.0,4,32.737014
0.0,2,32.739047
0.0,2,32.741365
0.0,3,32.744494
0.0,3,32.747523
0.0,2,32.749495
1.5,2,32.751434
-0.814496,2,32.753594
0.0,2,32.755894
0.0,2,32.758022
0.0,2,32.760118
0.0,2,32.762502
0.0,3,32.765596
0.0,3,32.768948
0.0,2,32.771383
0.0,3,32.774545
0.0,2,32.776536
0.0,3,32.779377
0.0,5,32.784212
0.0,2,32.786287
-1.0,3,32.789357
0.0,2,32.791515
0.0,2,32.79356
-0.632464,4,32.797427
0.0,2,32.799319
0.0,3,32.802276
0.0,4,32.806133
0.0,2,32.808136
1.5,2,32.810258
-0.99822,2,32.812345
0.0,2,32.814409
0.0,2,32.816619
0.0,3,32.819749
0.0,3,32.822768
0.0,4,32.826433
-0.717689,2,32.828409
0.0,2,32.830477
-0.225536,2,32.832711
0.0,4,32.836718
0.0,2,32.839017
0.0,2,32.84099
0.0,3,32.844193
0.0,3,32.847451
0.0,3,32.850327
0.0,3,32.853465
0.0,2,32.855556
0.0,2,32.857551
0.0,4,32.861533
1.5,2,32.863561
0.0,2,32.865896
0.0,3,32.869484
0.0,5,32.874642
0.0,2,32.87659
1.0,2,32.878578
0.0,2,32.880607
0.0,2,32.882507
0.0,4,32.88635
0.0,3,32.889424
0.0,3,32.892333
0.0,3,32.895397
0.0,2,32.897502
0.0,5,32.902243
0.0,4,32.905872
1.5,2,32.907697
0.0,4,32.911333
0.0,3,32.914316
0.0,3,32.917398
0.0,2,32.919343
0.0,4,32.923313
0.0,3,32.926295
-0.074096,4,32.930363
-0.128629,4,32.934245
0.0,2,32.93658
0.0,2,32.938666
-0.780167,2,32.94069
0.0,3,32.943768
0.0,2,32.946011
0.0,2,32.948272
0.0,3,32.951688
0.0,2,32.953779
0.0,3,32.956711
0.0,2,32.958833
1.5,2,32.960812
0.0,3,32.964208
0.0,5,32.969371
0.0,3,32.972735
0.0,3,32.976034
0.0,5,32.980829
0.0,5,32.986117
0.0,3,32.989148
0.0,3,32.992383
1.5,2,32.994372
0.0,2,32.996322
0.0,3,33.038144
0.0,2,33.04052
0.0,2,33.04272
0.0,2,33.044736
0.0,2,33.046696
0.0,2,33.04869
0.0,2,33.050518
0.0,3,33.053429
0.0,2,33.055489
0.0,3,33.058579
0.0,3,33.061688
1.0,3,33.064907
0.0,3,33.068081
0.0,4,33.072709
0.0,2,33.07494
1.5,2,33.077218
1.5,2,33.079234
0.0,3,33.082109
0.0,2,33.084035
0.0,3,33.087076
0.0,2,33.089408
0.0,4,33.093502
0.0,4,33.097333
0.0,2,33.099243
0.0,2,33.10109
0.0,2,33.102881
0.0,2,33.104876
0.0,2,33.106838
0.0,4,33.110806
0.0,4,33.114588
0.0,3,33.117912
0.0,3,33.121289
0.0,2,33.123573
0.0,3,33.126885
0.0,2,33.129169
0.0,2,33.1318
0.0,3,33.135232
0.0,2,33.137484
0.0,4,33.141651
0.0,3,33.144697
0.0,3,33.147877
0.0,3,33.150881
0.0,2,33.153155
0.0,3,33.156294
0.0,2,33.158303
0.0,3,33.161224
0.0,4,33.165196
0.0,2,33.167569
0.06429,2,33.169763
0.0,2,33.172027
0.0,3,33.175629
1.5,2,33.177816
-1.0,2,33.17979
0.0,2,33.181938
0.0,2,33.183945
0.0,2,33.185957
0.0,2,33.188191
0.0,3,33.19141
0.0,2,33.193731
0.0,4,33.197953
0.0,4,33.201753
0.0,3,33.204628
0.0,2,33.206611
0.0,2,33.208602
0.0,3,33.21153
0.0,4,33.215767
-0.203578,2,33.217837
0.0,2,33.219861
0.0,2,33.221912
0.0,2,33.223896
0.0,4,33.227598
0.0,2,33.229587
0.0,3,33.232401
0.0,2,33.234655
0.0,3,33.23783
0.0,2,33.23999
0.0,4,33.24443
-0.092683,4,33.248329
0.0,3,33.251716
1.0,3,33.255146
0.0,3,33.258062
0.0,2,33.25991
0.0,2,33.261962
0.0,2,33.264085
0.0,3,33.267086
0.0,3,33.270231
0.0,4,33.274729
0.0,3,33.278107
0.0,4,33.282067
-0.819373,4,33.28611
0.0,4,33.289955
0.032473,2,33.292124
0.0,2,33.294412
-1.105475,2,33.296552
0.0,2,33.298646
0.0,4,33.302568
0.0,3,33.305365
0.0,2,33.307178
0.0,3,33.309896
0.0,2,33.311879
0.0,2,33.31398
1.289941,2,33.31605
0.0,3,33.319623
1.5,2,33.321632
0.0,2,33.323643
1.5,2,33.32556
0.0,5,33.330392
0.0,2,33.332445
0.0,2,33.334604
0.0,4,33.338882
0.0,3,33.342078
0.0,2,33.344167
0.0,3,33.346803
0.0,2,33.348839
0.0,3,33.351681
0.0,2,33.353809
0.0,2,33.355953
0.0,3,33.358836
0.0,2,33.36095
0.0,3,33.364364
0.0,2,33.366516
0.0,2,33.368968
-1.0,7,33.376671
0.0,3,33.379814
0.0,4,33.383785
0.0,3,33.386701
0.0,2,33.388833
0.0,4,33.392904
-1.877867,2,33.395044
0.0,3,33.398379
-1.0,2,33.400434
0.0,3,33.403526
0.0,3,33.406336
0.0,2,33.408419
0.0,2,33.410547
0.0,4,33.414618
0.0,4,33.418895
0.0,4,33.423035
0.0,3,33.426345
0.0,7,33.433828
-0.899269,2,33.436452
1.5,2,33.438626
0.0,3,33.441859
0.0,3,33.445243
0.0,3,33.448389
0.0,3,33.451536
0.0,3,33.454757
0.0,2,33.456728
0.0,3,33.459703
0.0,3,33.462467
0.0,3,33.465729
0.0,3,33.468955
-0.116531,3,33.472106
0.0,2,33.474356
0.0,3,33.477586
0.0,2,33.479625
0.0,2,33.481743
0.0,5,33.486795
0.0,3,33.490263
0.0,4,33.49463
0.0,3,33.497795
0.0,2,33.499754
0.0,4,33.503573
0.0,3,33.506343
0.0,2,33.508292
0.0,3,33.51107
0.0,2,33.513093
0.0,7,33.519629
0.0,2,33.52158
0.0,2,33.523446
0.0,5,33.527874
0.0,4,33.531648
0.0,4,33.535741
0.0,4,33.53998
0.0,3,33.543176
0.0,3,33.546369
0.0,2,33.548212
0.0,2,33.550306
0.0,4,33.554058
0.0,3,33.557131
0.0,3,33.560415
0.0,2,33.563145
0.0,4,33.567558
0.0,3,33.570965
0.0,3,33.574543
0.0,2,33.576758
0.0,3,33.57995
0.0,3,33.582992
0.0,5,33.588275
0.0,3,33.591265
0.0,4,33.595321
0.0,4,33.599201
0.0,3,33.602216
0.0,3,33.605027
0.0,2,33.607321
0.0,4,33.611405
0.0,2,33.613467
0.0,2,33.615548
0.0,3,33.619048
0.0,4,33.62289
0.0,2,33.624711
0.0,3,33.627509
0.0,4,33.631253
0.0,3,33.63423
0.0,2,33.636247
0.0,4,33.640276
0.0,3,33.643167
0.0,3,33.646146
0.0,2,33.648128
0.0,5,33.653035
0.0,2,33.655146
0.0,2,33.657139
0.0,2,33.659448
0.0,2,33.661687
0.0,4,33.665935
0.496101,2,33.668434
0.0,3,33.671748
0.0,3,33.675071
0.0,4,33.679318
0.0,2,33.681295
0.0,2,33.683311
1.0,3,33.686505
0.0,3,33.689667
0.0,3,33.692611
0.0,3,33.695565
0.0,3,33.698434
0.0,4,33.702095
0.0,4,33.705724
1.5,2,33.707526
0.0,3,33.710238
0.0,3,33.712883
0.0,2,33.714828
-0.253221,2,33.716901
0.0,3,33.719984
0.0,2,33.721952
0.0,4,33.725605
0.0,4,33.819612
0.0,4,33.824378
0.0,2,33.826586
0.0,2,33.82879
0.0,2,33.830821
0.0,5,33.835818
0.0,2,33.83811
0.0,2,33.840327
0.0,4,33.844621
0.0,2,33.846737
0.0,3,33.849898
0.0,2,33.851977
0.0,3,33.855762
1.5,2,33.857909
0.0,3,33.861126
0.0,2,33.863127
1.5,2,33.865385
0.0,2,33.867627
0.0,2,33.869971
0.0,3,33.873407
0.0,3,33.876749
0.0,3,33.880134
0.0,3,33.883101
0.0,3,33.886044
0.0,2,33.888022
0.0,2,33.890109
0.0,4,33.894218
0.0,4,33.897966
0.0,3,33.901019
0.0,5,33.905804
0.0,2,33.907802
0.0,4,33.911756
0.0,3,33.914888
0.0,5,33.920232
0.0,2,33.922331
0.0,3,33.925231
0.0,2,33.927243
0.0,3,33.93027
0.0,5,33.935759
0.0,5,33.941305
0.0,3,33.944507
0.0,2,33.946694
0.0,4,33.951064
0.0,2,33.953184
0.0,3,33.956609
0.0,2,33.958679
0.0,2,33.960596
-0.664873,3,33.963615
1.5,2,33.965792
0.0,3,33.969058
0.0,2,33.971307
-0.791891,4,33.97589
0.0,2,33.978169
0.0,3,33.981251
-1.823244,2,33.983374
0.0,5,33.988461
0.0,3,33.991501
-0.263879,5,33.996708
0.0,3,33.999766
0.0,3,34.002828
0.0,2,34.00489
0.0,5,34.009778
0.0,3,34.012786
0.0,3,34.015916
0.0,3,34.019098
0.0,4,34.022965
0.0,3,34.025885
1.5,2,34.027803
0.0,2,34.029712
0.0,3,34.032642
0.0,2,34.034716
0.0,4,34.038742
0.079424,2,34.040935
0.0,3,34.044074
0.0,2,34.046219
0.0,4,34.050413
0.0,2,34.052565
0.0,2,34.054605
0.0,4,34.058587
0.0,4,34.062663
-0.404204,5,34.067764
0.0,3,34.070999
0.0,3,34.074388
0.0,2,34.076647
0.0,4,34.081002
0.194639,4,34.085434
-1.0,2,34.087551
0.0,2,34.089602
0.0,2,34.091575
0.0,3,34.094701
0.0,2,34.096696
0.0,2,34.098603
0.0,5,34.103652
-0.292083,4,34.10779
0.0,3,34.110753
0.0,3,34.113668
0.0,3,34.116877
0.0,2,34.119102
0.0,3,34.122363
0.0,2,34.124449
0.0,4,34.128398
0.0,3,34.131471
0.0,3,34.13455
0.0,5,34.139689
0.0,3,34.142932
-0.004645,4,34.14682
0.0,3,34.149708
0.0,3,34.152579
0.0,2,34.15457
0.0,4,34.158639
0.0,3,34.196276
0.0,4,34.200032
0.0,4,34.203682
0.0,3,34.20664
-0.145213,4,34.210546
0.0,3,34.213683
0.0,3,34.216907
0.0,4,34.221092
0.0,3,34.224134
0.0,2,34.226183
0.0,2,34.228213
0.0,4,34.232278
0.0,2,34.234495
-0.72349,2,34.236631
0.0,3,34.239741
0.0,2,34.241885
1.5,2,34.243972
0.560027,4,34.248009
0.0,3,34.25097
0.0,2,34.252995
0.0,4,34.257106
0.0,3,34.259836
0.0,3,34.262815
0.0,2,34.264916
0.0,2,34.26704
0.0,3,34.270276
0.0,2,34.272384
1.5,2,34.274822
0.0,2,34.277073
0.0,3,34.280186
0.0,3,34.283489
0.0,3,34.286789
0.0,2,34.288839
0.0,4,34.293027
0.0,4,34.297241
0.0,2,34.299616
0.0,2,34.301774
0.0,2,34.303867
0.0,4,34.307883
1.5,2,34.309927
0.0,2,34.311951
0.0,3,34.315087
0.423483,3,34.318098
0.0,3,34.321015
0.0,3,34.324126
0.0,2,34.326042
0.0,2,34.328011
0.0,4,34.331923
0.0,2,34.334023
0.0,2,34.336068
0.0,3,34.339066
0.0,2,34.341317
0.0,3,34.344318
0.0,2,34.346317
0.0,6,34.352275
0.0,4,34.356807
0.0,2,34.358974
-0.613316,2,34.361089
0.0,2,34.363244
0.0,5,34.368661
0.0,2,34.370742
0.0,2,34.372948
0.0,2,34.37512
0.0,4,34.37924
0.0,2,34.381285
0.0,3,34.384385
0.119377,3,34.387544
0.0,3,34.390587
0.0,3,34.393643
0.0,2,34.395659
0.0,2,34.397574
1.0,2,34.399614
0.0,3,34.402654
0.449542,2,34.404589
0.0,2,34.406446
0.0,3,34.409271
1.5,2,34.411263
0.0,4,34.415169
0.0,2,34.417337
-0.383503,5,34.422454
0.0,4,34.426237
1.5,2,34.428241
0.0,3,34.431259
0.0,4,34.435513
0.0,4,34.439771
0.0,2,34.441842
0.0,4,34.445603
0.0,2,34.447507
0.0,2,34.449503
0.0,3,34.452456
0.0,2,34.454393
0.0,3,34.457291
0.0,3,34.460168
0.0,3,34.46305
0.0,3,34.465901
0.0,3,34.468792
0.0,2,34.470778
0.0,2,34.472649
0.0,2,34.474733
1.5,2,34.476831
0.0,3,34.479756
0.0,2,34.481529
0.0,2,34.483581
0.0,3,34.486411
0.0,3,34.489359
0.0,2,34.491591
0.382658,2,34.493732
0.0,6,34.499429
0.0,2,34.501339
0.0,5,34.505855
0.0,2,34.507839
0.0,2,34.50984
0.0,4,34.513952
0.0,2,34.515978
0.0,5,34.520767
0.0,3,34.523556
0.0,4,34.527291
0.0,2,34.529336
0.0,4,34.533146
0.0,2,34.535146
-0.256806,3,34.538023
-0.346726,4,34.541889
0.0,2,34.543782
-0.218747,3,34.546666
0.0,2,34.548554
0.0,2,34.550501
0.0,2,34.552569
0.0,2,34.554528
0.0,2,34.556426
0.0,2,34.558212
0.0,3,34.560999
0.0,2,34.56299
0.0,2,34.564867
-0.099941,2,34.566947
0.0,3,34.569717
0.0,4,34.573715
0.0,3,34.576543
0.43435,2,34.578314
0.0,5,34.582825
-0.454287,4,34.586571
0.0,3,34.589791
0.0,3,34.592804
0.0,4,34.596611
0.0,3,34.599369
0.0,4,34.603071
0.0,3,34.606176
0.0,4,34.609746
0.0,2,34.611614
-1.0,3,34.614497
0.0,3,34.617455
0.0,2,34.619502
0.0,2,34.621374
0.0,5,34.626059
0.0,3,34.628674
0.0,2,34.630696
0.0,5,34.635334
0.0,5,34.640208
0.0,2,34.642076
0.0,2,34.643952
0.0,3,34.646847
0.0,3,34.649553
0.0,2,34.65137
0.0,3,34.654252
0.0,2,34.656169
0.0,2,34.65815
0.0,4,34.662044
0.0,3,34.664708
-2.0,2,34.66683
0.0,5,34.671846
0.0,2,34.673949
0.0,3,34.67666
0.0,3,34.679355
0.0,4,34.683076
1.5,2,34.68478
0.0,3,34.687514
0.0,2,34.689531
0.0,2,34.691409
0.0,4,34.695251
0.0,3,34.697819
0.0,3,34.700625
0.0,4,34.704207
-0.997251,2,34.706144
0.0,3,34.70894
0.0,3,34.711821
0.0,4,34.715744
0.0,3,34.718586
0.0,5,34.723244
2.0,2,34.725088
0.0,2,34.726823
0.0,3,34.729683
0.0,2,34.731613
0.0,4,34.735355
0.0,2,34.737457
0.0,3,34.740204
0.0,4,34.743896
0.0,3,34.746535
0.0,2,34.749083
0.0,3,34.752427
-0.534331,2,34.754515
1.5,2,34.756553
1.5,2,34.758478
0.0,2,34.760378
0.0,2,34.76234
0.0,2,34.764423
0.0,5,34.769374
0.0,5,34.774262
0.0,2,34.776432
0.0,3,34.77933
0.0,4,34.782823
0.0,3,34.785725
0.899822,2,34.787609
0.0,3,34.790376
0.0,3,34.793228
0.0,2,34.795155
0.0,3,34.797948
0.0,2,34.799871
0.0,2,34.801691
0.0,2,34.803479
0.0,2,34.805413
0.0,2,34.807176
0.0,3,34.809896
0.0,2,34.811852
0.0,3,34.814655
0.0,3,34.817399
0.0,4,34.821331
0.0,2,34.823203
0.0,2,34.825049
0.0,2,34.826998
0.0,4,34.830829
0.0,2,34.832872
0.0,4,34.836646
-0.4528,5,34.841362
0.0,4,34.845087
0.0,2,34.847097
0.854689,2,34.849051
0.0,3,34.851742
0.0,2,34.853719
1.5,2,34.855812
0.0,2,34.858206
0.0,2,34.860188
0.0,2,34.862081
0.0,2,34.863974
0.0,2,34.865779
0.0,2,34.867817
-1.0,3,34.870584
0.0,2,34.872625
0.0,2,34.87458
0.0,4,34.878289
0.0,3,34.9679
0.0,3,34.970881
0.0,2,34.972951
0.0,3,34.975882
0.0,3,34.978758
0.0,2,34.98067
0.0,2,34.98253
0.0,2,34.984352
0.0,3,34.987203
0.0,3,34.989994
0.0,2,34.99179
0.0,2,34.993834
0.0,3,34.996521
0.0,3,34.999228
0.0,3,35.001948
0.0,3,35.004743
0.0,2,35.007557
1.0,3,35.010783
0.0,4,35.014588
0.0,2,35.016663
0.0,2,35.018499
0.0,2,35.020475
0.0,2,35.022363
0.0,2,35.024153
0.0,3,35.026883
0.0,4,35.030759
0.0,3,35.03353
0.0,2,35.03553
0.0,4,35.039281
0.0,4,35.04304
0.0,3,35.045895
0.0,3,35.048619
0.0,3,35.05136
0.0,3,35.054155
0.0,3,35.057243
0.0,4,35.060761
0.0,4,35.064676
0.0,3,35.06745
1.5,2,35.069486
0.0,3,35.07245
0.062048,2,35.074557
-0.409504,2,35.076548
0.0,4,35.080257
0.0,2,35.082063
0.0,3,35.08501
0.0,2,35.08723
0.0,4,35.090931
0.0,2,35.093049
1.0,3,35.095783
0.0,2,35.097865
0.0,2,35.099814
0.0,2,35.101692
0.0,3,35.104536
0.0,3,35.107272
0.0,2,35.109074
0.0,2,35.110917
0.0,2,35.112841
0.0,2,35.114751
1.5,2,35.116614
0.0,3,35.11975
0.0,4,35.12326
-1.0,3,35.126093
0.0,4,35.129581
0.0,2,35.131519
0.0,2,35.133788
0.0,3,35.137797
0.0,4,35.142544
0.0,4,35.146667
1.5,2,35.148862
0.0,3,35.151832
0.0,2,35.15378
0.0,4,35.157399
0.0,4,35.161018
0.0,4,35.164712
0.0,3,35.167749
-0.445287,3,35.170774
0.0,4,35.17464
0.613496,5,35.179103
0.0,3,35.181976
0.0,2,35.183943
0.0,2,35.185822
0.0,2,35.187741
0.0,3,35.190601
0.0,3,35.19339
0.0,4,35.197115
0.0,3,35.200068
0.0,2,35.201877
0.0,3,35.204662
0.0,4,35.208218
0.0,3,35.211182
0.0,2,35.213075
0.0,2,35.214975
0.0,3,35.217972
0.0,4,35.221641
0.0,5,35.226119
0.0,4,35.229711
0.0,2,35.23175
0.992158,3,35.234611
1.5,2,35.236522
0.0,2,35.238513
0.0,2,35.240469
0.0,3,35.243279
0.0,2,35.245145
0.0,3,35.2478
0.0,3,35.250728
0.0,3,35.253696
0.0,2,35.255674
0.0,2,35.257784
0.0,3,35.30269
0.0,2,35.304744
0.0,3,35.3077
1.5,2,35.309721
0.0,3,35.312604
0.0,4,35.316333
0.0,3,35.31925
0.0,4,35.322784
-0.05138,2,35.324508
0.0,2,35.326493
0.0,2,35.328376
0.0,3,35.331263
0.0,4,35.334936
0.0,2,35.336947
0.0,3,35.339644
0.0,4,35.343307
0.0,2,35.34509
0.0,2,35.347062
0.0,2,35.348926
0.0,3,35.351801
0.0,3,35.354583
-0.201494,2,35.356361
0.208669,2,35.35816
0.0,4,35.361826
0.0,2,35.363664
0.0,4,35.367363
0.0,4,35.371051
0.0,4,35.374965
0.0,3,35.377724
0.0,3,35.380315
0.0,2,35.382278
0.0,5,35.386822
0.0,3,35.389584
0.0,3,35.392408
0.0,3,35.395322
0.0,2,35.397089
0.0,3,35.399793
0.0,3,35.402586
0.0,3,35.40529
0.0,3,35.407882
0.0,2,35.409922
0.0,2,35.41176
0.0,2,35.413787
0.0,2,35.415757
0.0,4,35.419362
0.0,2,35.421111
0.0,4,35.424726
0.0,3,35.427499
0.0,4,35.431106
0.0,5,35.436022
0.0,2,35.437968
0.0,3,35.440938
0.0,2,35.442774
-0.316678,2,35.44473
0.0,2,35.446695
0.0,2,35.448426
0.0,2,35.450192
0.0,4,35.453938
0.0,2,35.455804
0.0,2,35.457759
0.0,2,35.459581
0.0,6,35.465148
0.0,3,35.467974
0.0,3,35.470881
0.0,3,35.473637
0.0,3,35.476443
0.0,2,35.478591
0.0,3,35.481426
0.0,2,35.483269
0.0,3,35.485996
0.0,2,35.487816
0.0,2,35.48992
0.0,2,35.491741
0.0,6,35.497323
1.5,2,35.499155
0.575903,3,35.502019
-0.125322,4,35.505554
1.5,2,35.507665
0.0,2,35.510393
0.0,4,35.514503
0.0,3,35.517431
0.0,2,35.519315
0.0,2,35.521322
0.0,2,35.523213
0.0,2,35.524916
1.5,2,35.526712
0.0,2,35.528661
-0.545435,4,35.532444
0.0,2,35.534357
0.0,3,35.537277
0.0,2,35.539222
0.0,3,35.541957
0.0,3,35.544723
1.5,2,35.54654
0.0,2,35.548401
0.0,4,35.552329
0.0,3,35.555123
0.0,2,35.557092
0.0,2,35.559075
0.0,3,35.561967
0.0,4,35.565838
0.0,3,35.568757
0.0,3,35.57155
0.0,2,35.573428
0.0,3,35.576488
0.0,2,35.578405
0.0,3,35.581206
0.0,2,35.58314
0.0,2,35.585005
0.0,2,35.587048
-0.426437,4,35.590814
0.0,3,35.593635
1.5,2,35.595454
0.0,2,35.597311
0.0,3,35.600126
0.0,3,35.602764
0.0,2,35.604609
0.0,3,35.607863
0.0,2,35.609767
0.0,3,35.612504
0.0,2,35.614447
0.0,3,35.617172
0.0,3,35.619906
0.0,5,35.624332
1.5,2,35.62615
0.0,4,35.629861
-1.0,3,35.632586
0.0,2,35.634614
0.666514,2,35.636503
0.0,2,35.638334
0.0,2,35.64033
0.0,3,35.643261
0.0,3,35.64601
0.0,3,35.648975
1.5,2,35.650815
0.0,2,35.652696
0.0,2,35.654697
-0.10657,2,35.656483
0.0,2,35.658224
-0.614234,3,35.661012
0.0,2,35.662865
0.0,3,35.665718
0.0,3,35.668544
0.0,2,35.670552
0.0,2,35.672407
0.0,3,35.675226
-0.596936,5,35.679979
0.0,4,35.683824
0.0,2,35.685789
0.0,5,35.690366
0.0,3,35.693218
1.0,3,35.695927
1.5,2,35.697769
0.174577,2,35.699636
0.0,2,35.70148
0.0,4,35.705136
-1.0,3,35.708033
0.0,3,35.710773
0.0,3,35.713701
0.0,2,35.715602
0.0,4,35.719335
0.0,4,35.723003
0.0,3,35.725785
0.0,5,35.730149
0.0,3,35.732947
0.0,3,35.735664
0.210776,4,35.739386
0.0,3,35.742351
0.0,3,35.745128
0.0,3,35.747741
0.0,3,35.750454
0.0,2,35.752254
0.0,3,35.755041
0.0,3,35.757906
0.0,2,35.759995
0.0,2,35.762033
-1.0,4,35.765678
0.0,4,35.769435
0.0,3,35.772138
0.0,4,35.775857
1.5,2,35.778049
-0.160667,2,35.779936
0.0,3,35.782647
0.0,4,35.786202
0.0,2,35.788097
0.0,2,35.790055
0.0,4,35.793652
0.0,2,35.795496
0.0,3,35.798208
0.0,4,35.801743
0.0,3,35.804444
1.0,4,35.807999
0.0,2,35.810071
0.0,2,35.811823
-0.441839,2,35.813808
0.0,3,35.816617
0.0,2,35.81855
1.5,2,35.820274
0.0,3,35.82303
-0.310381,2,35.824792
0.0,4,35.828449
0.0,3,35.831252
0.0,2,35.833167
0.0,2,35.835051
0.000493,3,35.837813
0.0,2,35.839739
0.371526,3,35.842431
0.0,2,35.844326
0.0,2,35.846226
0.0,2,35.848015
0.0,2,35.849769
0.0,2,35.851668
0.0,3,35.854445
0.0,3,35.857076
0.0,3,35.859836
0.0,3,35.862686
0.0,3,35.865493
0.0,2,35.867375
0.0,3,35.870288
0.0,2,35.872166
1.5,2,35.874077
0.0,3,35.877079
0.0,2,35.87898
0.0,4,35.882506
0.0,3,35.885247
0.0,2,35.887164
0.0,2,35.889155
0.0,3,35.89188
-1.629366,2,35.893807
0.0,6,35.90045
0.0,2,35.902775
0.0,3,35.905752
0.0,2,35.907565
0.0,3,35.910249
0.0,3,35.912938
-0.775244,2,35.91482
1.0,4,35.918539
0.0,3,35.921332
0.0,3,35.924114
0.0,3,35.926748
0.0,2,35.928682
0.0,3,35.931553
0.0,5,35.936446
0.0,4,35.940039
0.0,3,35.942783
0.0,2,35.944594
1.5,2,35.946482
0.0,2,35.948327
0.0,2,35.95019
0.0,3,35.95283
0.0,3,35.955473
1.5,2,35.95717
0.0,2,35.959029
0.0,2,35.960832
0.0,2,35.962762
0.019458,3,35.965621
0.0,4,35.969435
0.0,3,35.972537
0.0,4,35.976563
0.0,2,36.06337
0.0,5,36.068438
0.0,2,36.070752
0.0,2,36.072707
0.0,2,36.075626
0.0,5,36.081265
0.0,3,36.084119
0.0,2,36.085913
0.0,3,36.089001
0.064859,3,36.091726
0.0,3,36.094555
0.0,6,36.099893
0.0,2,36.101676
0.0,4,36.106184
0.0,3,36.109141
0.0,4,36.112717
0.0,3,36.115448
0.0,3,36.118248
0.0,2,36.120008
0.0,2,36.12178
-2.0,2,36.123505
0.0,2,36.125373
1.5,2,36.127107
0.0,3,36.129827
0.0,2,36.131621
0.0,2,36.133434
1.0,5,36.137996
0.0,2,36.139939
0.0,3,36.14262
0.0,3,36.145316
0.0,2,36.14716
0.0,3,36.149737
0.0,2,36.151491
0.0,3,36.154443
0.0,2,36.156263
-0.018145,5,36.160589
0.0,3,36.163142
0.0,3,36.165962
0.570998,4,36.169591
0.0,5,36.174353
0.0,2,36.176268
0.0,2,36.178395
0.0,3,36.182348
-1.102296,2,36.184462
0.0,3,36.187369
0.0,3,36.189929
1.5,2,36.191719
0.0,3,36.194473
0.0,4,36.197989
0.0,3,36.200678
0.0,4,36.204235
0.0,3,36.206831
0.0,2,36.208704
-0.100662,3,36.21132
0.0,3,36.214069
0.0,3,36.216801
0.0,3,36.219478
0.0,2,36.221237
0.0,3,36.223837
0.0,4,36.227361
0.0,3,36.230097
0.0,4,36.233604
0.0,3,36.236312
0.0,3,36.238975
0.0,2,36.240769
0.0,5,36.245183
0.0,2,36.24694
-0.036353,3,36.249774
0.0,2,36.251584
-0.77809,4,36.255027
0.0,6,36.260264
1.5,2,36.262129
0.0,3,36.264831
0.0,3,36.267519
0.0,2,36.269502
0.0,3,36.272445
0.0,2,36.274234
0.0,3,36.278245
0.0,3,36.281393
0.0,2,36.283306
1.5,2,36.285221
0.0,3,36.287961
0.0,3,36.290678
0.0,2,36.292405
0.0,4,36.295885
0.0,3,36.298649
1.5,2,36.300524
0.0,3,36.30328
0.0,3,36.305958
-0.385603,3,36.308525
0.0,3,36.311343
0.0,3,36.314014
0.0,2,36.315926
0.0,3,36.318749
0.0,4,36.322343
0.0,2,36.361645
0.0,2,36.363607
0.0,2,36.365574
0.0,2,36.367452
0.0,4,36.371282
0.0,4,36.376276
0.0,3,36.379431
0.0,2,36.381349
0.0,3,36.384006
0.0,2,36.385734
0.0,3,36.388568
-2.0,2,36.390457
0.0,2,36.392275
0.0,4,36.395884
0.0,2,36.397788
0.003815,3,36.40057
0.0,5,36.40478
0.0,2,36.406595
0.0,3,36.409429
0.0,2,36.411283
0.0,3,36.4139
-0.039788,4,36.417495
0.0,2,36.41929
0.0,3,36.421946
0.0,2,36.423739
0.0,4,36.427111
0.0,2,36.429068
0.0,4,36.432588
0.0,3,36.435754
0.0,5,36.440368
0.0,3,36.443038
0.0,3,36.445634
1.5,2,36.447389
0.0,4,36.450787
0.0,3,36.453446
0.0,4,36.456806
0.0,2,36.458514
0.0,3,36.461249
0.0,2,36.46297
0.0,4,36.466581
0.0,3,36.469183
0.0,2,36.471349
0.0,4,36.475078
0.0,3,36.478381
0.0,3,36.482031
0.0,2,36.483995
0.0,2,36.485873
0.0,2,36.487703
0.0,3,36.490451
0.0,2,36.492306
0.0,3,36.495282
0.0,3,36.497985
0.0,2,36.499743
0.0,2,36.501573
0.0,2,36.503215
0.0,2,36.505039
0.0,3,36.507765
0.0,3,36.510704
0.0,3,36.513715
0.0,2,36.515584
0.0,3,36.518255
0.134325,2,36.520044
0.0,2,36.521866
0.0,2,36.523607
0.233093,2,36.525439
0.0,2,36.527227
0.0,2,36.529127
0.0,3,36.531676
0.0,3,36.534431
0.0,4,36.538007
0.0,2,36.539964
0.0,2,36.541712
0.0,3,36.544486
0.0,2,36.546361
0.0,3,36.548955
0.0,3,36.551665
0.0,3,36.554437
1.5,2,36.556351
0.0,2,36.558274
0.0,3,36.561059
0.0,3,36.563951
0.0,2,36.56578
0.0,2,36.56769
0.0,4,36.571513
0.0,3,36.574566
1.5,2,36.577332
0.0,4,36.581648
0.0,2,36.583515
0.0,3,36.586238
1.5,2,36.588105
0.0,2,36.590042
0.0,2,36.591934
0.0,2,36.593708
0.0,3,36.596351
0.0,2,36.598232
0.0,4,36.601681
0.0,2,36.603582
0.0,2,36.606438
0.0,3,36.609709
0.0,3,36.612552
0.0,3,36.615348
-0.693398,4,36.619009
0.0,2,36.620834
0.500047,3,36.623558
0.0,3,36.626278
0.0,3,36.628897
0.0,2,36.630863
0.0,2,36.6328
0.0,2,36.634659
1.5,2,36.636444
0.0,2,36.638407
0.0,3,36.641158
1.5,2,36.64298
0.0,3,36.645636
0.0,4,36.649172
0.0,4,36.653028
0.0,2,36.654937
0.0,3,36.657644
0.0,2,36.659468
-0.868771,6,36.664742
0.0,3,36.667492
0.0,3,36.670236
0.0,3,36.673229
0.0,3,36.676083
0.0,3,36.679013
-0.257867,4,36.683866
-1.0,4,36.687557
0.0,3,36.690179
0.0,4,36.693705
0.0,2,36.695542
0.0,2,36.69732
0.0,4,36.70072
0.0,4,36.704235
1.5,2,36.706005
0.0,3,36.708663
0.0,3,36.711325
0.0,6,36.716468
0.0,2,36.718299
0.0,3,36.720997
0.0,3,36.723623
0.0,2,36.725404
1.5,2,36.727108
0.0,3,36.729884
1.5,2,36.73172
0.0,2,36.733533
0.0,2,36.73543
1.860298,2,36.737236
0.0,2,36.738961
0.0,4,36.742527
0.0,2,36.744291
0.0,2,36.746098
0.0,4,36.749654
0.0,4,36.753201
0.0,2,36.75497
0.0,3,36.757472
0.0,4,36.760809
0.0,2,36.7626
1.5,2,36.764462
0.0,2,36.766454
0.0,4,36.770256
0.0,2,36.772344
0.0,2,36.774224
0.0,4,36.778558
0.0,2,36.780933
0.0,2,36.782904
0.0,3,36.785752
0.0,3,36.788448
1.5,2,36.790265
0.0,2,36.792131
0.0,2,36.794016
0.0,5,36.798262
0.0,3,36.800808
0.0,2,36.802511
1.5,2,36.804229
0.0,3,36.80681
0.0,5,36.811064
0.0,3,36.813861
0.0,3,36.816469
0.0,5,36.820769
0.0,4,36.824172
0.0,4,36.82755
0.0,5,36.831815
0.0,4,36.83535
0.0,2,36.837076
0.0,2,36.838776
0.0,3,36.841421
0.0,4,36.84487
0.0,2,36.846637
0.0,2,36.84833
0.0,4,36.85168
0.0,3,36.854281
0.0,2,36.856334
0.0,2,36.858152
1.5,2,36.859861
0.0,2,36.8617
0.0,3,36.864388
0.0,2,36.86606
0.0,3,36.868721
0.0,3,36.871381
0.0,3,36.874586
0.0,4,36.879306
0.0,4,36.882938
1.5,2,36.884713
0.0,4,36.888272
0.0,2,36.890105
0.0,3,36.893101
0.0,3,36.89575
-0.065017,3,36.898354
0.0,2,36.900128
0.0,3,36.902725
0.0,2,36.904399
0.0,3,36.906995
0.0,2,36.908748
0.0,2,36.91061
-1.0,4,36.914034
0.0,3,36.916672
0.0,2,36.918396
-1.0,4,36.921773
-0.052594,3,36.924285
0.172971,2,36.926035
0.0,4,36.929599
0.0,5,36.934008
1.5,2,36.936135
0.0,3,36.938912
0.0,4,36.942396
0.0,3,36.945291
0.0,4,36.948733
0.0,4,36.952187
0.0,4,36.9557
0.0,4,36.959145
0.0,3,36.961746
0.0,3,36.964363
0.0,2,36.966294
0.0,2,36.968038
-0.519658,2,36.96982
0.0,3,36.972643
1.5,2,36.9745
-0.517365,2,36.976275
0.0,2,36.978205
0.0,3,36.98213
0.0,3,36.98527
0.0,3,36.987974
0.0,2,36.989748
0.0,4,36.993267
0.0,2,36.995073
0.0,2,36.996987
0.0,3,37.000728
1.5,2,37.002699
0.0,2,37.004596
0.0,2,37.006459
0.0,2,37.008147
0.0,2,37.00983
0.0,2,37.011534
0.0,2,37.013285
0.0,3,37.015967
0.0,3,37.018686
0.0,2,37.020427
0.0,3,37.023005
0.0,3,37.025646
0.0,2,37.027438
0.0,2,37.029492
0.0,2,37.031289
0.0,3,37.033949
0.0,4,37.037475
0.0,3,37.040165
0.0,3,37.042918
0.0,2,37.04469
0.0,2,37.132667
0.0,2,37.135154
0.0,2,37.137223
0.0,2,37.139461
0.0,3,37.14248
0.0,2,37.144376
0.0,2,37.14628
0.0,3,37.149116
0.0,6,37.155273
0.0,2,37.157537
0.0,2,37.15993
0.0,2,37.162237
0.0,4,37.166726
0.0,2,37.168624
0.0,4,37.172614
0.0,2,37.174737
0.0,2,37.176787
0.0,3,37.179626
0.0,3,37.182341
0.0,2,37.184731
0.0,2,37.186676
-0.241921,5,37.191583
0.0,4,37.195223
0.0,4,37.199056
0.0,3,37.201798
0.0,2,37.203615
0.0,2,37.205693
0.0,2,37.207603
0.0,4,37.211309
0.0,3,37.2144
0.0,2,37.216386
0.595353,2,37.218429
0.0,2,37.220364
0.0,3,37.223006
0.0,4,37.226724
0.0,2,37.228597
0.387392,3,37.231414
0.0,2,37.233255
0.0,3,37.236215
0.0,3,37.238925
0.0,2,37.241051
0.0,3,37.244015
0.0,3,37.246931
0.0,3,37.249641
0.0,2,37.2515
0.0,2,37.253733
0.0,2,37.255732
0.0,2,37.257506
0.0,2,37.259322
0.0,2,37.261181
0.0,5,37.265837
1.5,2,37.267707
0.0,3,37.270432
0.0,2,37.272405
0.0,2,37.274232
0.0,2,37.276121
0.0,3,37.278712
0.0,3,37.281507
0.0,3,37.284617
0.0,5,37.289217
0.0,5,37.293669
0.0,3,37.296402
0.0,3,37.298989
0.0,4,37.302336
0.0,3,37.305017
0.0,2,37.306794
0.0,3,37.309413
0.0,4,37.313055
0.0,2,37.314908
0.0,3,37.318612
0.0,2,37.321337
0.0,2,37.324067
-0.626036,3,37.328394
0.0,3,37.331626
0.0,2,37.33368
0.0,5,37.340017
0.0,2,37.342971
0.0,3,37.3476
0.0,3,37.351432
0.0,3,37.354412
1.5,2,37.35624
0.0,3,37.358809
0.0,3,37.361339
0.0,2,37.363237
0.0,2,37.36495
0.0,2,37.366933
0.0,3,37.369649
0.0,2,37.371372
1.5,2,37.373103
0.0,3,37.376109
0.0,2,37.377947
0.0,4,37.382126
0.0,3,37.38498
0.0,2,37.386867
0.0,2,37.426524
0.0,3,37.429307
0.0,2,37.431099
0.0,3,37.433883
0.0,2,37.435925
0.0,3,37.438606
0.0,2,37.440382
-1.0,4,37.443992
0.0,3,37.44663
0.0,3,37.449142
0.0,3,37.451692
0.0,5,37.455938
1.5,2,37.457607
1.0,3,37.460226
0.0,3,37.462818
1.5,2,37.464547
0.0,2,37.466406
0.0,3,37.468952
0.0,2,37.470755
0.0,4,37.474159
-0.169751,2,37.47607
0.0,3,37.478696
-0.84186,2,37.480515
0.0,3,37.483554
0.0,2,37.485378
0.0,4,37.488808
0.0,4,37.492244
0.0,4,37.495783
0.0,3,37.498309
0.0,3,37.500793
0.0,4,37.503979
0.0,2,37.505564
0.0,4,37.508778
-0.443204,2,37.510546
0.0,2,37.512234
0.0,4,37.51566
0.0,3,37.518143
0.0,4,37.521377
0.0,3,37.523719
0.0,4,37.526856
0.0,3,37.529339
0.0,5,37.533267
0.0,3,37.535689
0.0,2,37.537279
0.0,2,37.538833
0.433872,3,37.54129
0.0,3,37.543793
0.0,4,37.547005
0.0,2,37.548596
0.0,4,37.551876
0.0,4,37.555034
0.0,4,37.558129
0.0,3,37.560465
0.0,2,37.562163
0.0,4,37.565596
0.0,4,37.568763
0.0,5,37.572784
0.0,2,37.574444
0.0,3,37.576888
0.0,3,37.579431
0.0,2,37.581274
0.0,2,37.583035
0.0,3,37.585459
0.0,3,37.587893
0.0,3,37.59032
0.0,3,37.592788
0.0,5,37.596766
0.0,4,37.600056
0.0,3,37.602396
0.0,2,37.603962
0.0,3,37.606398
0.0,2,37.607934
0.0,2,37.609726
0.0,3,37.612662
0.0,3,37.615217
0.192862,2,37.616873
0.0,3,37.619303
0.0,2,37.620876
0.0,3,37.623264
0.0,2,37.624884
0.0,2,37.626498
0.0,3,37.628834
0.0,4,37.631996
0.0,2,37.633559
0.0,3,37.635932
-1.0,2,37.637552
0.0,2,37.639233
0.0,5,37.64322
0.0,4,37.646374
-1.0,4,37.649474
0.0,4,37.652677
0.0,2,37.654436
0.0,5,37.658394
0.0,2,37.660145
0.0,5,37.664078
0.0,3,37.666505
0.0,2,37.668214
0.0,6,37.673169
0.0,2,37.675234
0.0,5,37.679426
0.0,2,37.681215
0.0,2,37.68284
0.0,2,37.684678
0.0,3,37.687291
0.0,2,37.689109
0.0,2,37.690776
0.0,2,37.692525
0.0,2,37.694278
0.0,2,37.695983
0.0,2,37.697594
0.0,4,37.700839
1.5,2,37.702522
0.0,3,37.704949
0.0,2,37.706634
0.0,2,37.708326
0.0,3,37.710799
0.0,4,37.714167
0.0,3,37.71668
0.0,4,37.719925
0.0,3,37.722493
0.0,3,37.725021
-0.821559,3,37.72746
0.0,3,37.729998
0.0,2,37.731707
0.0,2,37.733367
0.0,5,37.737579
0.0,2,37.739292
0.0,2,37.740995
0.474084,4,37.744408
0.0,6,37.749357
0.0,3,37.751909
-0.220312,2,37.753637
0.0,2,37.755347
0.0,3,37.757896
0.0,3,37.760408
0.0,4,37.763708
0.0,3,37.766237
0.0,2,37.768
0.0,5,37.772173
0.0,2,37.773934
0.0,3,37.776465
0.0,4,37.779757
0.0,5,37.784032
-0.383099,3,37.78671
0.0,3,37.789238
0.0,4,37.792616
0.0,2,37.794344
0.0,4,37.79768
0.0,2,37.799373
0.0,4,37.802668
0.0,3,37.805125
0.0,3,37.807554
0.0,2,37.809216
0.0,2,37.810856
0.0,3,37.813427
1.5,2,37.815198
0.0,4,37.818517
0.0,2,37.820243
1.5,2,37.821857
0.0,2,37.82347
0.0,4,37.826725
0.0,2,37.828508
0.0,3,37.830954
0.0,3,37.833447
0.850866,2,37.835214
0.0,3,37.837638
0.0,3,37.8401
0.0,3,37.842633
0.0,3,37.844985
0.0,3,37.847533
0.0,2,37.849319
0.0,2,37.850924
-0.129771,4,37.854227
0.0,2,37.855934
0.0,3,37.858301
-0.441539,2,37.859939
0.0,2,37.861679
0.0,2,37.863448
0.0,3,37.865964
0.0,2,37.867638
0.0,3,37.870076
0.0,4,37.873244
0.0,2,37.874929
0.0,2,37.87661
0.0,2,37.878318
0.0,4,37.881674
0.0,2,37.883334
0.0,2,37.885007
0.0,2,37.886647
0.0,2,37.888337
0.0,3,37.890832
0.0,3,37.893176
0.0,6,37.898047
0.0,3,37.900415
0.0,2,37.902107
0.0,3,37.90453
0.0,4,37.907627
0.0,3,37.910124
-1.0,3,37.912565
0.0,2,37.914193
0.0,2,37.915969
0.0,4,37.919275
0.0,3,37.92172
0.0,2,37.923416
1.5,2,37.925191
0.0,2,37.926807
0.0,3,37.929211
1.5,2,37.930826
1.0,2,37.932517
0.0,4,37.935767
0.0,2,37.937579
0.0,5,37.941776
0.0,3,37.944358
0.0,4,37.947607
1.5,2,37.949242
0.0,3,37.951712
-1.0,2,37.95348
0.0,3,37.955868
0.0,2,37.957453
0.0,4,37.960814
1.5,2,37.962493
0.553289,3,37.964944
0.0,2,37.966613
0.0,4,37.969804
0.0,3,37.97223
0.0,3,37.974761
0.0,3,37.977311
0.0,3,37.979957
0.0,2,37.98169
1.5,2,37.983447
0.0,3,37.986088
0.0,4,37.989412
0.0,3,37.991807
0.0,2,37.993486
0.0,4,37.996704
0.0,2,37.998316
1.0,3,38.000901
0.0,2,38.002493
0.0,3,38.004906
0.0,2,38.006556
0.0,2,38.008248
0.0,3,38.010773
0.0,2,38.012441
0.0,2,38.014248
0.0,5,38.018312
0.0,2,38.019971
0.0,2,38.021794
0.0,3,38.024232
0.268446,3,38.026736
0.097507,2,38.028441
0.0,3,38.030989
0.0,2,38.032592
0.0,2,38.034369
0.0,3,38.037029
0.0,2,38.038732
0.0,2,38.040435
0.0,3,38.043033
-0.01859,2,38.044794
0.0,4,38.048156
0.0,2,38.049866
1.5,2,38.051606
0.0,4,38.055008
0.0,2,38.056747
0.0,3,38.059217
0.0,3,38.061639
-1.0,3,38.064198
0.0,4,38.139784
0.0,3,38.142812
-2.0,2,38.144586
0.0,4,38.148252
0.0,3,38.150814
0.0,2,38.152588
0.0,4,38.156074
0.0,2,38.157684
0.0,3,38.160334
0.0,2,38.162165
0.0,4,38.165475
0.0,2,38.167397
0.0,2,38.169519
0.0,3,38.172198
0.0,2,38.174143
0.0,3,38.176948
0.0,4,38.18101
0.0,2,38.183413
0.0,2,38.185707
0.0,3,38.188922
0.0,2,38.191415
0.0,5,38.196286
0.0,3,38.198866
0.0,2,38.200533
0.0,2,38.202475
0.0,2,38.204267
0.0,4,38.207619
0.0,3,38.210419
0.0,2,38.212287
0.0,5,38.216743
0.0,4,38.220398
0.0,2,38.222229
0.0,4,38.225918
0.0,3,38.22849
0.0,3,38.2313
0.0,4,38.234921
0.0,5,38.239622
-0.159093,5,38.244353
0.0,2,38.24618
0.0,3,38.248655
0.0,4,38.252222
0.0,2,38.254236
0.0,3,38.257075
0.0,4,38.260889
0.0,3,38.26362
0.0,3,38.266669
0.0,4,38.270329
0.0,2,38.272305
0.0,3,38.275298
0.0,4,38.27946
0.0,2,38.281621
0.0,2,38.283838
0.0,3,38.287025
0.0,5,38.291843
0.0,2,38.293947
0.0,4,38.2977
0.0,2,38.29964
0.0,2,38.301558
0.0,2,38.303357
0.0,3,38.306039
0.0,2,38.307897
0.0,2,38.309947
0.0,4,38.31371
0.0,2,38.31587
0.0,3,38.318687
0.0,2,38.320616
0.0,2,38.322571
0.0,4,38.326036
0.0,2,38.327924
0.0,4,38.331815
0.0,3,38.334762
0.0,3,38.337826
1.5,2,38.339666
0.0,2,38.341729
0.0,2,38.343761
0.0,3,38.346599
0.0,2,38.348702
0.0,2,38.350837
0.0,3,38.353693
1.5,2,38.355704
0.0,2,38.357607
0.0,4,38.401224
0.0,3,38.404233
0.0,3,38.407138
0.0,2,38.409075
0.0,2,38.411026
0.0,2,38.413129
0.0,2,38.415133
0.0,2,38.417117
0.0,3,38.420071
0.0,2,38.421843
0.0,3,38.424621
0.0,4,38.428311
0.0,3,38.431105
0.0,2,38.433043
0.0,2,38.435525
0.0,4,38.439961
0.0,4,38.444149
0.0,5,38.448859
0.0,2,38.450716
0.0,4,38.454639
0.0,3,38.457521
0.0,5,38.462512
0.0,3,38.465342
0.0,2,38.467457
0.0,3,38.470533
0.0,2,38.472396
0.0,4,38.476287
0.0,3,38.479116
0.0,2,38.48117
0.0,2,38.48335
0.0,2,38.485726
0.0,2,38.488029
0.527245,3,38.491233
0.0,3,38.494266
0.0,2,38.496294
-0.025137,2,38.498171
0.0,5,38.502915
0.0,2,38.504783
0.0,4,38.508619
0.0,4,38.512701
0.0,4,38.517261
0.0,3,38.520107
0.0,2,38.522157
-1.0,4,38.525988
0.354581,2,38.527889
1.5,2,38.529859
0.0,3,38.533118
0.0,2,38.535126
0.0,2,38.537188
0.0,2,38.539418
0.0,2,38.541392
0.0,2,38.543411
-0.60918,4,38.54721
0.0,3,38.550198
1.5,2,38.55232
0.0,3,38.555275
0.0,2,38.557339
0.0,2,38.559598
0.0,4,38.563517
0.0,3,38.5669
0.0,4,38.570816
0.0,3,38.573935
0.0,3,38.576926
0.0,3,38.580111
0.0,2,38.582672
-0.032252,4,38.587267
0.0,2,38.589346
0.0,2,38.591408
0.187126,4,38.595571
0.0,3,38.598617
0.0,2,38.60075
0.0,3,38.603476
0.0,3,38.606461
0.0,3,38.609675
0.0,4,38.613791
0.0,2,38.615975
0.0,3,38.619195
0.0,2,38.621337
1.5,2,38.623213
1.5,2,38.625099
0.0,3,38.628381
0.0,4,38.632586
0.0,4,38.636905
0.0,4,38.641017
-0.15165,3,38.644244
-0.180618,3,38.647361
0.0,4,38.651599
0.0,2,38.654065
0.0,5,38.65938
0.0,2,38.661466
0.0,3,38.664844
0.0,2,38.66696
0.0,5,38.672335
0.0,2,38.674496
0.0,3,38.67757
0.0,3,38.680393
0.0,4,38.684548
0.0,5,38.69004
0.0,4,38.694976
0.0,2,38.697494
0.0,2,38.699556
0.0,2,38.701499
0.0,3,38.704706
0.0,3,38.707724
0.0,4,38.711887
0.0,3,38.715061
0.0,2,38.717185
1.5,2,38.719487
0.0,3,38.722487
0.0,2,38.724636
0.0,2,38.726698
0.0,3,38.729614
0.0,2,38.73165
0.0,4,38.736119
0.0,2,38.738327
0.0,2,38.740611
0.0,2,38.74276
1.5,2,38.744977
0.011732,2,38.747025
-0.13757,4,38.751051
0.0,3,38.754355
0.0,6,38.760542
0.861598,3,38.763726
0.0,3,38.766905
0.0,4,38.771153
0.0,4,38.775229
0.0,4,38.779075
0.0,4,38.783294
0.0,3,38.786647
0.0,3,38.789879
-1.0,4,38.793999
0.0,4,38.797788
0.0,2,38.799798
1.5,2,38.801796
0.0,4,38.805529
0.0,2,38.80762
0.0,2,38.809608
0.0,4,38.813697
0.0,2,38.815939
0.0,3,38.81904
0.0,2,38.82123
0.0,2,38.823309
0.0,5,38.828116
0.0,2,38.830337
0.0,3,38.83337
-0.736865,2,38.835516
0.0,2,38.837828
1.5,2,38.839822
0.0,4,38.845251
0.0,3,38.849766
0.0,2,38.852942
0.0,2,38.856041
0.0,3,38.860472
0.0,3,38.865095
0.0,3,38.869757
0.0,2,38.872985
0.0,4,38.877266
0.0,2,38.879626
0.0,2,38.881945
0.0,2,38.884409
0.711103,3,38.887668
-1.0,2,38.889786
0.0,2,38.892219
0.0,4,38.896379
0.0,2,38.898628
0.0,4,38.902582
0.0,2,38.904748
0.0,3,38.907826
0.0,2,38.909753
0.0,3,38.912936
0.0,3,38.916254
0.0,2,38.918459
1.5,2,38.920591
0.0,3,38.923578
0.0,3,38.926796
0.0,3,38.930148
0.0,2,38.932445
0.0,2,38.934976
0.0,3,38.938133
0.0,3,38.941568
0.0,3,38.944791
-0.353596,4,38.949287
0.0,4,38.953554
0.0,2,38.955673
0.0,4,38.959636
0.424175,3,38.963125
0.0,2,38.965241
0.0,2,38.967453
0.0,4,38.971837
0.0,3,38.975076
0.0,3,38.978126
0.0,2,38.980126
0.0,3,38.983344
0.0,3,38.986415
0.0,3,38.990406
0.0,2,38.992661
0.0,3,38.99606
0.0,2,38.998154
0.0,3,39.001321
0.0,4,39.005447
0.0,2,39.00738
0.0,3,39.010688
0.0,2,39.013011
0.0,4,39.01753
0.0,6,39.02377
0.0,2,39.025972
0.0,4,39.030036
0.0,2,39.032461
0.0,2,39.034628
0.0,3,39.037932
0.0,2,39.040412
0.0,2,39.042488
0.0,3,39.045835
0.0,2,39.047871
0.0,2,39.049922
0.0,3,39.053371
0.0,3,39.056453
0.0,3,39.059779
0.0,3,39.062886
0.0,4,39.067106
0.0,3,39.070083
0.0,3,39.073275
0.0,2,39.075394
0.0,3,39.07854
0.0,4,39.082596
0.0,3,39.085991
0.0,3,39.089965
0.0,2,39.092466
0.0,3,39.09565
0.0,6,39.10146
-0.934364,2,39.103446
0.0,3,39.106423
0.0,3,39.109537
0.0,2,39.111587
0.0,2,39.113682
0.0,4,39.117785
0.0,3,39.120909
-1.0,2,39.122876
0.0,3,39.125706
0.0,4,39.129793
0.0,3,39.132722
0.0,3,39.135926
0.0,2,39.138011
0.0,4,39.141965
0.0,4,39.146353
0.0,2,39.148481
0.0,3,39.151931
0.0,3,39.154998
0.0,3,39.158181
0.0,4,39.162073
-0.445119,4,39.166673
0.0,4,39.171523
0.0,3,39.175116
1.5,2,39.177777
0.0,2,39.180449
0.0,4,39.184767
0.0,3,39.188498
1.5,2,39.190843
0.0,5,39.196937
0.0,3,39.200422
0.0,2,39.202662
0.0,2,39.204968
0.0,3,39.208046
1.5,2,39.210067
0.0,3,39.213466
0.0,3,39.216684
0.621767,3,39.219916
0.0,3,39.222805
0.0,3,39.22579
1.5,2,39.22784
0.0,3,39.230919
0.0,4,39.235424
0.0,2,39.237587
-0.159503,3,39.241147
0.0,2,39.243401
0.0,5,39.336519
0.0,3,39.339768
0.048938,4,39.343964
0.752246,3,39.346892
0.0,2,39.348832
0.0,2,39.351072
0.0,4,39.355191
0.598538,2,39.357368
0.0,2,39.35956
0.0,2,39.361626
0.0,3,39.364724
0.0,3,39.368031
0.0,2,39.370254
0.0,3,39.374268
0.0,4,39.378663
0.0,2,39.38096
0.0,2,39.383267
0.0,2,39.38574
0.0,2,39.38809
0.0,3,39.391206
0.0,3,39.394636
1.5,2,39.396786
0.0,2,39.399108
0.0,3,39.402189
1.5,2,39.404211
0.0,3,39.407326
0.0,4,39.4114
0.0,2,39.413635
0.0,5,39.418788
0.0,2,39.420969
0.0,2,39.422925
0.0,2,39.424935
0.0,2,39.426973
0.0,3,39.430083
0.0,2,39.432118
0.0,4,39.43669
0.0,2,39.438696
0.0,2,39.440966
0.0,3,39.444267
-1.0,4,39.448467
-0.774819,3,39.451652
0.0,2,39.453797
0.0,4,39.457761
0.0,3,39.460746
0.0,2,39.462743
0.0,2,39.465068
0.0,2,39.467169
0.0,2,39.46938
0.0,2,39.471628
0.0,2,39.473767
0.0,2,39.475928
0.0,2,39.477955
0.0,2,39.480042
-0.164005,2,39.48217
0.0,2,39.484258
0.0,2,39.486539
0.0,3,39.490101
0.0,2,39.492318
0.0,3,39.495499
0.0,3,39.498597
0.0,4,39.502389
-0.558365,4,39.506369
0.0,2,39.508337
0.0,3,39.511494
0.0,2,39.513735
0.0,2,39.516142
0.0,3,39.519503
-0.227894,5,39.52468
-0.785948,4,39.528633
0.0,3,39.531889
0.0,3,39.535309
0.0,4,39.539319
0.0,2,39.541649
0.0,2,39.543695
0.0,4,39.547781
0.0,4,39.551674
0.0,3,39.591007
0.0,2,39.593247
0.0,4,39.597466
0.0,2,39.599602
0.0,2,39.601692
0.430512,2,39.603617
0.0,3,39.606386
0.0,2,39.608494
0.0,3,39.61173
-0.115554,2,39.613882
0.0,2,39.616171
0.0,3,39.619492
0.0,3,39.622871
0.0,3,39.625809
0.0,4,39.629801
0.0,2,39.632105
0.0,4,39.63633
0.0,3,39.63983
0.0,2,39.642019
0.0,2,39.644082
0.007789,4,39.647905
0.0,4,39.652319
0.0,3,39.655435
0.0,3,39.659518
0.0,3,39.662952
0.0,2,39.665163
0.0,3,39.668341
0.0,2,39.67055
0.0,4,39.674932
0.0,3,39.678152
0.0,2,39.680276
0.0,2,39.68221
0.0,6,39.688259
0.0,2,39.690685
0.0,3,39.694371
0.0,3,39.697663
0.0,2,39.699913
0.0,3,39.702782
0.0,3,39.705863
0.0,3,39.708816
0.0,3,39.711755
0.0,3,39.71497
0.0,6,39.721174
0.0,3,39.724011
0.0,4,39.727976
0.0,4,39.73189
-1.0,6,39.738125
-0.225017,4,39.742651
0.0,2,39.744846
0.0,4,39.749241
0.0,3,39.752354
0.0,3,39.75567
0.0,5,39.760573
1.5,2,39.762679
0.0,3,39.765845
0.0,2,39.767931
0.0,2,39.770291
0.0,2,39.772451
0.0,3,39.775854
-0.57512,4,39.779746
0.0,3,39.782937
0.0,3,39.786097
0.0,3,39.789741
0.0,3,39.793232
0.0,4,39.797603
-0.507796,4,39.801502
0.0,3,39.804661
0.0,2,39.806633
0.0,4,39.810638
0.0,2,39.813054
-0.442809,4,39.817253
0.0,2,39.819619
0.0,2,39.821728
0.0,2,39.824142
0.0,2,39.82624
0.0,3,39.829094
0.0,4,39.833328
0.0,6,39.839473
0.0,4,39.843451
0.0,3,39.846731
0.0,3,39.849655
0.0,2,39.851786
0.0,2,39.854023
0.0,3,39.857188
-0.019721,2,39.859545
0.0,2,39.861815
0.0,3,39.865127
0.0,3,39.868509
-1.0,3,39.871535
1.5,2,39.873773
0.0,3,39.877357
0.0,5,39.882694
0.0,4,39.887368
-0.659928,3,39.890507
0.0,2,39.892567
0.0,2,39.894796
2.0,2,39.896902
0.0,3,39.899976
0.0,4,39.903945
0.0,2,39.905921
-0.245096,3,39.909167
0.0,3,39.912197
0.0,2,39.914423
-0.674433,3,39.917679
0.0,3,39.920825
0.0,2,39.922862
1.5,2,39.924714
0.0,4,39.928496
0.0,2,39.930862
0.0,3,39.933727
0.0,2,39.936295
1.0,2,39.938648
0.0,2,39.940631
0.599508,3,39.943854
0.0,2,39.945906
-1.0,6,39.952084
0.0,3,39.954959
0.0,2,39.957086
0.0,3,39.959902
-0.428125,3,39.962697
0.0,3,39.965622
0.0,4,39.969642
0.0,2,39.971794
0.0,3,39.974826
0.0,3,39.978022
1.5,2,39.98002
0.0,4,39.983783
0.0,2,39.985728
0.0,2,39.988014
0.0,5,39.993815
0.0,3,39.996989
0.0,2,39.999271
0.0,3,40.002038
0.0,2,40.004039
0.0,3,40.006834
0.0,5,40.011519
0.0,3,40.01477
0.0,2,40.016928
0.0,2,40.019289
1.5,2,40.021436
0.0,4,40.025339
0.0,4,40.029283
0.0,4,40.03329
0.0,2,40.0355
0.0,2,40.037507
0.0,3,40.040715
0.0,3,40.044017
0.0,2,40.046172
0.0,3,40.049349
0.0,5,40.054513
0.0,2,40.056516
0.0,5,40.061144
0.0,3,40.06431
0.0,4,40.068347
0.0,2,40.070615
0.0,2,40.072717
0.0,3,40.076119
0.0,4,40.079937
0.0,3,40.083369
0.0,3,40.08687
0.0,2,40.089171
0.0,2,40.091486
0.0,2,40.093576
0.0,3,40.097012
0.0,3,40.100035
0.251008,2,40.102056
0.0,3,40.105027
0.0,2,40.107045
0.0,2,40.108979
0.0,5,40.114083
0.0,4,40.118175
0.0,3,40.121324
0.0,3,40.124409
0.035267,4,40.1283
0.0,2,40.130284
0.383736,3,40.13362
0.0,2,40.135665
0.0,3,40.138966
-0.339737,5,40.144325
-0.398984,4,40.14858
0.0,2,40.1506
0.0,3,40.153699
0.0,4,40.15781
0.0,4,40.162225
0.0,6,40.168428
1.5,2,40.17048
0.0,3,40.173712
0.0,4,40.177966
0.0,2,40.179981
0.0,3,40.182986
0.0,2,40.184932
0.0,3,40.187857
0.0,4,40.192364
1.5,2,40.194493
0.0,3,40.19758
-1.0,4,40.201352
0.561451,3,40.204277
0.0,3,40.207047
0.0,2,40.209279
0.0,3,40.212395
0.0,3,40.215662
0.0,2,40.217889
0.0,2,40.220108
0.0,2,40.222213
0.0,3,40.225139
0.0,2,40.227077
1.5,2,40.22914
0.0,3,40.23243
0.0,4,40.236573
0.0,2,40.238811
0.0,4,40.242921
0.0,2,40.245065
0.0,3,40.248226
-1.0,2,40.250311
0.0,2,40.252499
0.0,2,40.254568
0.0,3,40.257698
0.418337,3,40.260888
0.0,3,40.264074
0.0,4,40.268931
0.0,3,40.272494
0.0,3,40.275725
-1.0,6,40.281566
0.0,2,40.283513
1.5,2,40.285561
0.0,3,40.288968
-0.675102,4,40.293516
0.0,3,40.296596
0.0,2,40.29871
0.0,4,40.302717
0.0,2,40.304564
0.0,3,40.307538
0.0,2,40.309475
0.0,6,40.315384
0.0,3,40.318304
0.0,4,40.322318
0.0,5,40.327078
0.0,4,40.330714
0.0,3,40.333695
0.0,2,40.335829
0.0,3,40.338929
0.0,3,40.342171
0.0,3,40.345187
0.0,3,40.348166
1.192012,2,40.350294
0.0,4,40.354365
-0.077709,3,40.357246
0.0,3,40.359838
0.0,3,40.36304
0.0,3,40.366184
0.0,2,40.368246
0.0,3,40.371454
0.0,4,40.375502
0.0,2,40.377736
0.0,3,40.380838
0.0,3,40.384096
0.0,2,40.386333
0.0,3,40.38943
0.0,4,40.39369
0.0,4,40.397684
0.0,6,40.403206
0.0,4,40.406834
0.0,2,40.40877
0.0,5,40.413631
0.0,2,40.415665
0.0,3,40.418767
0.0,4,40.422621
0.0,3,40.425524
0.0,4,40.42913
0.0,2,40.431063
0.0,4,40.435142
0.0,2,40.437302
0.0,2,40.439308
0.0,2,40.523124
0.0,2,40.525432
0.0,3,40.528584
-0.279055,3,40.531949
0.0,2,40.534431
0.0,4,40.538769
0.0,3,40.541881
0.0,4,40.54619
1.5,2,40.548315
0.0,2,40.550511
0.0,3,40.553587
0.0,2,40.555694
0.0,2,40.557838
0.0,3,40.560723
0.0,3,40.563709
0.0,3,40.56707
0.0,2,40.569221
0.0,2,40.571481
0.0,3,40.574475
0.0,2,40.576474
0.0,2,40.578544
0.531333,2,40.580464
0.0,4,40.584327
0.0,3,40.587814
0.0,2,40.589992
0.0,3,40.593251
0.0,2,40.595329
0.0,3,40.598443
0.0,2,40.600567
0.0,4,40.604388
0.391236,2,40.606366
0.0,2,40.608396
0.0,2,40.610327
0.0,3,40.613504
0.0,2,40.615499
0.0,3,40.61876
0.0,2,40.62092
0.0,3,40.623944
0.0,3,40.626906
0.0,2,40.628995
0.0,3,40.631896
0.0,2,40.634168
0.0,3,40.63719
0.0,2,40.639544
1.5,2,40.641894
0.0,2,40.644075
0.0,5,40.649173
0.0,3,40.652009
0.0,4,40.656302
0.0,2,40.658271
0.0,2,40.66039
0.0,4,40.664661
0.0,2,40.666749
0.0,3,40.67001
0.0,3,40.673252
0.0,3,40.676826
0.0,4,40.680825
0.0,2,40.682842
0.0,6,40.688243
0.0,2,40.690593
0.119941,3,40.693751
0.0,2,40.695819
0.0,3,40.698736
0.0,3,40.701504
0.0,3,40.704492
0.0,2,40.706378
0.0,3,40.70929
0.0,2,40.711425
0.0,3,40.752666
0.0,2,40.754724
0.0,3,40.757798
1.5,2,40.759901
0.0,4,40.763754
-0.183205,2,40.765828
0.0,2,40.767865
0.0,3,40.771126
0.0,2,40.773481
0.0,2,40.775608
0.0,2,40.777648
0.03362,3,40.780722
0.0,4,40.784537
0.0,2,40.786794
0.0,4,40.791168
0.0,3,40.794201
0.0,2,40.796114
0.0,3,40.799052
0.0,2,40.801083
0.0,3,40.804159
0.0,4,40.807869
0.0,2,40.809815
0.0,3,40.812491
0.0,3,40.815627
0.0,3,40.818975
0.0,3,40.82215
0.0,2,40.824241
0.0,3,40.827081
0.0,3,40.830317
0.0,3,40.833261
0.0,3,40.836602
0.0,2,40.838627
0.0,3,40.841764
1.5,2,40.843904
0.0,3,40.846823
0.0,2,40.848804
-0.29147,4,40.853088
0.0,2,40.855311
0.0,3,40.858381
0.0,2,40.860265
-0.921414,3,40.863365
0.0,2,40.865502
-1.0,3,40.86838
0.0,2,40.870543
0.0,6,40.876492
0.0,4,40.880192
1.5,2,40.882161
0.0,4,40.886281
0.0,3,40.889447
0.0,2,40.891649
0.0,2,40.893773
0.0,2,40.895777
0.0,2,40.89797
0.0,2,40.900195
1.5,2,40.902149
0.0,2,40.904099
0.0,4,40.90802
0.0,2,40.910034
0.0,3,40.913166
0.0,3,40.916333
0.0,3,40.919613
0.0,2,40.921785
0.0,4,40.926077
0.0,6,40.931989
0.0,4,40.936545
1.5,2,40.938764
0.0,2,40.941175
0.0,2,40.943287
0.0,2,40.945276
0.0,4,40.949133
0.0,3,40.95189
0.0,2,40.954001
0.0,3,40.957045
0.0,4,40.961463
1.5,2,40.963544
0.0,3,40.966656
0.0,4,40.970755
0.0,3,40.973861
0.0,2,40.976231
0.0,2,40.978179
0.0,2,40.980397
0.0,2,40.982455
0.0,2,40.984504
0.715746,2,40.986537
0.0,2,40.988807
0.0,2,40.99133
1.5,2,40.993582
0.0,3,40.99668
0.0,3,40.999671
0.0,2,41.001495
0.0,3,41.004235
0.0,3,41.007002
0.0,2,41.009189
0.0,4,41.013256
0.0,2,41.015337
1.5,2,41.017531
0.0,2,41.019469
0.0,3,41.022485
0.0,5,41.027071
0.0,3,41.030189
0.0,4,41.034361
0.0,2,41.036548
0.0,3,41.039674
0.0,2,41.041765
0.0,2,41.043904
0.0,5,41.049011
0.0,2,41.051193
0.0,3,41.054385
0.0,2,41.056514
0.0,3,41.059482
0.0,4,41.063101
0.0,3,41.066348
0.0,3,41.069538
0.0,4,41.073762
0.0,7,41.080371
0.0,2,41.08226
0.0,2,41.084337
0.0,3,41.087752
0.0,4,41.091959
0.0,4,41.096155
0.0,3,41.099148
0.0,3,41.102067
0.0,2,41.103908
0.0,3,41.106719
0.0,2,41.1087
0.0,2,41.110541
0.0,2,41.112427
0.0,3,41.115486
0.0,3,41.118391
0.0,3,41.121216
0.0,3,41.124242
-0.650229,2,41.12609
-0.141006,2,41.128069
1.5,2,41.129915
0.0,2,41.131769
0.0,2,41.133831
0.0,2,41.135972
0.0,3,41.139019
0.0,4,41.143246
0.0,2,41.145213
0.0,2,41.147305
0.0,3,41.150563
0.0,2,41.152537
0.0,2,41.154525
0.0,3,41.157388
0.0,2,41.159268
0.0,2,41.161219
0.0,5,41.166285
0.0,4,41.170717
0.0,2,41.172732
0.0,5,41.177807
0.0,4,41.181556
-0.013257,3,41.184831
0.0,5,41.189963
0.0,3,41.193492
0.0,2,41.19582
1.5,2,41.197942
0.0,2,41.200079
0.0,3,41.203087
0.0,2,41.205135
0.0,2,41.207152
-0.284481,2,41.209091
0.0,2,41.211288
0.0,3,41.214343
-2.0,2,41.216556
0.0,2,41.218812
0.0,3,41.22201
0.0,3,41.224967
0.0,2,41.227002
0.0,3,41.229945
0.0,2,41.232149
0.0,2,41.234231
0.0,7,41.241302
0.0,7,41.248011
0.0,5,41.252612
0.0,2,41.254651
0.0,2,41.256685
0.0,4,41.260747
0.0,2,41.262735
0.0,2,41.264694
0.0,3,41.267806
0.0,3,41.27067
1.0,3,41.273739
0.0,6,41.279734
0.0,2,41.281842
0.0,3,41.284778
0.0,2,41.286773
0.0,3,41.289943
0.0,3,41.2931
0.0,4,41.297242
-1.0,4,41.301171
0.147884,4,41.305203
0.0,3,41.308172
0.0,3,41.311262
0.0,3,41.314361
0.0,4,41.318447
0.0,3,41.321402
0.396331,2,41.32351
0.0,3,41.326444
0.0,3,41.329444
0.0,2,41.331499
0.0,4,41.335499
0.0,3,41.338546
0.0,3,41.341558
0.0,3,41.344717
0.0,3,41.347734
0.0,2,41.349828
-0.178545,3,41.352901
0.0,2,41.354916
0.0,4,41.358937
0.0,3,41.361818
0.0,2,41.363865
0.0,5,41.368704
0.0,2,41.370725
0.0,4,41.374895
0.0,3,41.377766
0.0,2,41.379807
1.5,2,41.381715
0.0,3,41.384678
1.5,2,41.386796
0.0,3,41.390006
0.0,3,41.393249
0.0,2,41.395309
0.0,2,41.39726
0.0,3,41.400301
0.0,3,41.403116
1.5,2,41.405072
0.0,4,41.408989
0.0,4,41.412825
0.0,2,41.414888
0.0,2,41.416969
0.0,2,41.418841
0.0,2,41.420883
0.0,2,41.422913
0.0,3,41.425833
0.0,4,41.429641
0.0,2,41.431449
0.0,3,41.434485
0.0,2,41.436625
0.0,2,41.438743
0.0,4,41.442825
0.0,4,41.446966
0.0,3,41.450234
0.0,2,41.452406
0.0,3,41.455503
0.0,3,41.458534
0.0,2,41.46063
0.0,2,41.463471
1.0,3,41.46727
0.0,3,41.470511
0.0,2,41.472656
0.0,2,41.474607
0.0,3,41.477598
0.0,4,41.481372
0.0,3,41.484715
0.0,2,41.486919
0.0,2,41.488994
0.0,3,41.492347
0.0,2,41.494489
0.0,3,41.497502
0.0,3,41.500276
0.0,2,41.502257
0.0,4,41.505998
0.0,3,41.508836
0.0,3,41.511957
0.0,2,41.513941
0.0,5,41.519129
0.0,3,41.522147
0.0,2,41.524108
0.0,5,41.528952
0.0,4,41.533076
0.0,3,41.536235
0.0,3,41.539355
0.0,2,41.541583
0.0,2,41.54371
0.0,3,41.546684
0.0,3,41.549453
0.0,2,41.551632
0.0,2,41.55384
0.035321,4,41.55777
0.0,4,41.561831
0.0,3,41.564764
0.0,3,41.568001
0.0,3,41.571152
1.5,2,41.573216
0.0,2,41.575314
0.0,2,41.577344
0.0,3,41.580321
0.0,3,41.583265
0.0,2,41.58534
0.0,3,41.588547
0.0,3,41.591701
0.0,4,41.595755
0.0,3,41.59864
0.0,3,41.601406
0.0,2,41.603407
0.0,6,41.697923
0.0,5,41.703207
0.0,2,41.705353
0.0,3,41.70846
0.0,2,41.710491
0.0,5,41.715495
0.0,2,41.717587
1.5,2,41.719805
0.0,3,41.722731
0.0,2,41.724931
0.0,3,41.727801
0.0,4,41.731673
0.0,4,41.735658
0.0,4,41.739338
0.0,3,41.742366
0.0,3,41.745169
0.0,3,41.748008
0.0,2,41.749778
0.0,4,41.753482
0.0,5,41.758216
0.0,4,41.762187
0.0,2,41.763957
0.0,2,41.765867
0.0,2,41.767796
0.0,3,41.770694
0.0,4,41.774412
-0.420922,4,41.777974
0.0,3,41.780735
0.0,3,41.783422
0.0,2,41.78523
0.0,3,41.788109
0.0,6,41.79458
0.0,3,41.797393
0.0,4,41.800974
0.0,3,41.803714
0.0,3,41.806467
0.0,3,41.809204
1.5,2,41.811162
0.0,2,41.813059
1.5,2,41.814991
0.0,3,41.817986
0.0,2,41.819929
0.0,2,41.821829
0.0,4,41.825356
0.0,3,41.827966
-0.445106,2,41.829814
1.5,2,41.831749
0.0,3,41.834561
0.0,3,41.837207
0.0,4,41.840938
0.0,2,41.842838
0.0,4,41.846455
0.0,3,41.849024
0.0,4,41.889014
0.0,3,41.891967
0.0,2,41.893813
0.0,4,41.897415
0.0,2,41.8992
0.0,2,41.901055
0.0,5,41.905498
1.5,2,41.907325
0.0,3,41.910105
0.0,4,41.913702
0.0,2,41.915741
0.0,2,41.917586
0.372017,3,41.920393
0.0,2,41.922253
0.0,4,41.925656
0.0,3,41.928551
0.0,3,41.931277
1.5,2,41.933165
0.0,3,41.93637
0.0,3,41.939129
0.0,2,41.941034
0.0,2,41.943095
0.0,2,41.945007
0.0,2,41.947109
0.0,4,41.95099
0.0,4,41.954663
0.0,4,41.958153
0.0,3,41.96068
0.0,2,41.962561
0.0,4,41.966228
0.0,3,41.969012
0.0,3,41.971915
0.0,3,41.97458
0.0,4,41.97822
0.0,2,41.979959
1.5,2,41.981887
0.0,4,41.985718
0.0,3,41.988456
0.0,3,41.991387
0.0,3,41.994588
0.0,3,41.997334
0.925647,4,42.000901
1.5,2,42.002651
0.0,4,42.006243
0.0,3,42.008922
0.0,3,42.0118
1.5,2,42.013635
0.0,4,42.017193
0.0,2,42.01919
1.5,2,42.021085
0.0,4,42.024572
0.0,4,42.028057
0.0,3,42.030701
0.0,2,42.032691
0.0,2,42.034599
0.0,2,42.036494
0.0,2,42.038338
0.0,3,42.041339
0.0,2,42.043252
0.0,2,42.045228
0.0,3,42.04805
0.0,2,42.049946
0.0,3,42.05266
0.0,3,42.055602
0.0,3,42.0584
0.0,3,42.061539
0.0,4,42.0652
0.0,2,42.067225
0.0,4,42.071111
0.0,4,42.075017
1.5,2,42.07687
0.0,4,42.080662
0.0,4,42.08426
0.0,2,42.086091
0.0,4,42.090017
0.0,3,42.093008
0.0,3,42.095828
0.0,2,42.097709
0.0,2,42.099388
0.0,3,42.102087
0.0,2,42.103953
0.0,3,42.106542
0.0,3,42.109497
1.5,2,42.111424
0.0,3,42.114163
0.0,2,42.116254
0.0,3,42.119153
0.0,3,42.121868
0.0,3,42.124581
0.0,2,42.126261
0.0,2,42.127996
0.0,4,42.131957
0.0,4,42.135579
0.0,5,42.140467
0.0,3,42.143399
-1.0,5,42.148128
0.0,2,42.150017
0.0,4,42.153867
-0.097264,3,42.156625
0.0,4,42.160218
1.5,2,42.162019
0.0,4,42.165815
0.0,3,42.16875
0.0,2,42.170732
0.0,2,42.172798
0.0,2,42.174702
0.0,3,42.177326
0.0,2,42.17923
0.0,4,42.182741
1.5,2,42.18451
0.0,4,42.18858
0.0,2,42.190457
0.0,3,42.193397
0.0,2,42.195584
1.5,2,42.197527
-1.0,2,42.199353
0.0,3,42.202021
0.0,2,42.203748
0.0,3,42.206424
0.0,3,42.209091
0.0,3,42.211674
0.0,3,42.214619
0.0,2,42.216455
0.0,3,42.219382
0.0,2,42.221107
-0.258205,3,42.22378
0.0,4,42.227355
0.0,3,42.230043
0.0,3,42.233186
0.0,4,42.237172
1.5,2,42.239056
0.0,2,42.24096
0.0,2,42.243006
1.5,2,42.244792
0.0,2,42.246664
1.5,2,42.248592
0.0,3,42.251385
0.0,2,42.253338
0.0,3,42.255939
0.0,4,42.25942
0.0,3,42.262356
0.0,2,42.264269
0.0,3,42.266996
0.0,2,42.269048
0.0,3,42.271818
0.0,5,42.276471
0.0,5,42.280815
0.0,4,42.28474
0.0,5,42.289445
0.0,2,42.291506
0.0,3,42.294745
0.0,3,42.297559
1.0,2,42.299422
0.0,3,42.302064
0.0,3,42.304681
0.0,2,42.30658
0.0,4,42.310203
0.0,2,42.312208
0.0,2,42.314146
0.0,2,42.316031
0.0,3,42.318826
0.0,3,42.32168
0.0,3,42.324289
0.0,2,42.326091
0.0,2,42.328002
0.0,3,42.33076
0.573664,4,42.334653
0.0,2,42.336556
0.0,2,42.338477
0.0,3,42.341349
-0.236139,4,42.344939
-0.3355,2,42.346715
0.0,3,42.349453
0.0,5,42.354078
0.0,5,42.359449
0.0,2,42.361863
0.0,3,42.365286
0.0,2,42.367693
0.0,2,42.370082
0.0,3,42.373301
1.5,2,42.375695
0.0,2,42.378334
1.5,2,42.381559
-0.262644,4,42.388932
0.0,2,42.392985
0.0,2,42.396965
-0.269929,7,42.406886
-0.363268,4,42.412206
0.0,4,42.416046
0.0,3,42.419009
0.0,2,42.420938
0.0,3,42.423482
0.0,2,42.425327
0.409285,3,42.427961
0.0,6,42.433365
0.0,4,42.437516
0.0,3,42.44035
0.0,3,42.443192
0.0,3,42.445982
0.0,2,42.44777
0.0,3,42.45044
0.0,2,42.45219
0.0,2,42.45397
0.0,3,42.456638
0.0,2,42.458397
0.0,2,42.460279
0.0,2,42.462037
-0.053054,3,42.464924
0.0,2,42.466798
0.0,2,42.468596
0.0,5,42.473089
0.0,3,42.475794
0.0,3,42.478376
0.0,2,42.480276
0.0,3,42.482979
0.0,2,42.484794
0.0,2,42.486701
0.0,2,42.488517
0.0,4,42.492066
0.0,4,42.495798
0.10866,3,42.498582
0.0,4,42.502012
0.0,2,42.503793
0.0,3,42.506482
0.0,3,42.509084
0.0,4,42.512633
0.0,2,42.514507
-1.0,4,42.518212
0.0,2,42.519971
-0.004467,2,42.521752
0.0,5,42.526031
0.0,2,42.527828
0.0,3,42.53048
-0.275023,3,42.533255
0.0,3,42.536025
0.0,6,42.541261
0.561437,3,42.543993
0.0,3,42.546751
0.0,2,42.548445
-0.212116,5,42.553092
0.0,2,42.555274
0.0,2,42.557124
-0.7512,2,42.558956
0.0,4,42.562532
0.0,2,42.564411
0.0,2,42.566262
0.0,2,42.568171
0.0,3,42.571051
1.5,2,42.572883
-0.081507,4,42.576356
0.0,3,42.579027
0.0,3,42.581686
0.0,2,42.583389
0.0,2,42.585234
0.0,3,42.587982
0.0,4,42.591898
0.0,3,42.594861
0.0,3,42.597526
1.5,2,42.599207
0.0,4,42.602644
0.0,2,42.60442
0.0,5,42.608749
0.0,6,42.614142
0.0,4,42.617794
0.0,4,42.62135
0.172266,3,42.623915
0.0,2,42.625614
0.0,4,42.629405
0.0,3,42.632599
0.0,3,42.635573
0.0,3,42.638263
0.0,4,42.641871
0.0,2,42.643802
0.0,2,42.645556
0.0,2,42.647437
0.0,3,42.650033
0.0,2,42.651899
0.0,2,42.653592
0.0,3,42.656311
0.0,4,42.659788
0.0,4,42.663284
0.0,2,42.665129
-0.10479,3,42.667806
0.0,3,42.670512
0.0,3,42.673166
0.0,3,42.675695
-0.40302,3,42.678413
0.0,3,42.681359
0.0,3,42.684248
0.0,4,42.687882
0.0,2,42.689785
0.0,2,42.691634
0.0,2,42.693511
0.0,3,42.696464
0.0,2,42.698332
-1.0,2,42.700178
-0.189335,2,42.701923
0.0,3,42.704585
0.0,4,42.791526
0.0,3,42.795327
0.0,3,42.798332
0.0,4,42.801929
0.0,2,42.803885
0.0,2,42.805841
0.0,2,42.807819
0.0,2,42.809699
0.0,4,42.813737
0.0,4,42.817532
0.0,2,42.819796
0.0,3,42.822704
0.0,2,42.824806
0.0,3,42.827522
0.0,3,42.830444
0.0,3,42.834139
0.0,3,42.837055
0.0,3,42.840147
0.0,2,42.841999
0.0,3,42.844722
0.0,5,42.849146
0.0,3,42.851768
0.0,2,42.853982
0.0,4,42.857634
0.0,2,42.859817
0.0,4,42.86365
0.0,5,42.868298
0.0,4,42.871944
1.5,2,42.873862
0.0,2,42.875624
0.0,6,42.880958
-0.053872,3,42.883542
0.0,3,42.88611
0.0,3,42.889035
0.0,3,42.892452
0.0,4,42.896294
0.0,2,42.898086
0.0,2,42.899805
0.0,3,42.902494
0.0,3,42.905024
0.0,4,42.908889
-0.619036,2,42.910814
0.0,4,42.914782
0.0,2,42.917031
0.0,3,42.919771
0.0,3,42.959612
0.0,3,42.962454
0.0,3,42.965238
0.0,2,42.967174
0.0,2,42.969082
0.0,2,42.970974
1.5,2,42.972846
0.0,3,42.975604
0.0,5,42.979953
0.0,2,42.98167
0.0,3,42.984383
0.0,2,42.986264
0.0,2,42.988192
0.0,4,42.991552
0.0,7,42.998029
0.0,4,43.001439
0.0,4,43.004994
0.0,3,43.007532
0.0,3,43.01014
0.0,4,43.013629
0.0,4,43.017158
0.0,3,43.019879
0.0,3,43.02243
0.0,3,43.025143
0.0,2,43.026956
-0.704007,2,43.028816
0.0,2,43.030638
0.0,3,43.033322
0.0,3,43.036034
0.0,5,43.040432
0.0,2,43.042342
0.0,2,43.044142
0.0,4,43.047666
0.0,3,43.05048
0.0,3,43.053199
0.0,3,43.055825
0.0,2,43.057567
0.0,3,43.060187
0.0,4,43.063991
0.0,3,43.066806
0.0,3,43.069816
0.0,2,43.071638
0.0,2,43.073562
0.0,4,43.077128
0.0,2,43.078776
0.0,2,43.080565
0.0,2,43.082412
-0.015152,2,43.084559
0.0,2,43.086445
0.0,3,43.089404
0.0,4,43.093466
0.0,2,43.095535
0.0,2,43.097459
0.0,2,43.099231
0.0,3,43.101827
0.0,3,43.104556
0.0,3,43.10716
0.0,2,43.109
0.0,3,43.111933
0.0,3,43.114548
0.0,2,43.116269
0.0,2,43.118352
0.0,3,43.120995
-1.754497,2,43.122817
0.0,2,43.124686
0.0,2,43.126389
1.5,2,43.128131
0.0,3,43.130838
0.0,3,43.133749
0.0,3,43.136454
0.0,3,43.139428
0.0,3,43.142064
0.0,2,43.143893
1.5,2,43.145723
0.0,2,43.147412
0.0,4,43.150888
0.0,2,43.152914
0.0,5,43.15739
0.0,4,43.16121
0.0,3,43.163857
0.0,3,43.166806
0.0,2,43.168707
-1.0,4,43.17229
0.0,5,43.177088
0.0,3,43.179819
0.0,3,43.182346
0.0,3,43.185041
0.0,4,43.188985
0.0,2,43.190945
0.0,2,43.192786
0.0,2,43.194807
0.279342,3,43.198386
0.0,3,43.201487
0.0,4,43.205093
0.0,4,43.209162
1.5,2,43.211346
0.0,3,43.214639
0.0,3,43.2176
0.0,3,43.220354
0.0,2,43.222262
0.0,3,43.224961
0.0,2,43.226793
0.0,3,43.229877
0.0,2,43.231764
0.0,2,43.233735
0.0,2,43.235779
0.197046,2,43.237681
0.0,2,43.239577
0.0,3,43.242371
-0.333162,2,43.244468
0.0,3,43.247267
0.0,3,43.250215
-0.233393,3,43.252994
0.0,3,43.255821
-0.375857,6,43.261235
0.0,5,43.266025
0.0,3,43.268736
0.0,4,43.272549
0.0,2,43.274448
0.0,3,43.277251
0.0,2,43.278989
1.5,2,43.280676
-0.973801,3,43.283504
0.0,2,43.285674
0.0,3,43.288371
0.0,2,43.290378
0.0,3,43.293571
1.5,2,43.296456
0.0,2,43.298983
0.0,3,43.301995
0.0,2,43.303833
0.0,2,43.305789
0.0,2,43.307653
0.0,5,43.312325
0.0,3,43.315328
0.0,2,43.317269
0.0,3,43.320128
0.0,2,43.32181
0.0,2,43.323647
0.0,2,43.325435
0.199925,3,43.328276
0.0,2,43.330146
0.0,4,43.334768
0.0,2,43.337014
0.0,3,43.340145
0.0,4,43.343889
0.0,4,43.347866
0.0,4,43.351387
0.0,3,43.354251
0.0,3,43.356995
0.0,4,43.360547
0.0,2,43.362713
0.0,3,43.3655
0.0,4,43.369484
0.0,3,43.372224
0.0,2,43.374036
-0.108645,2,43.376003
0.0,3,43.378647
0.0,3,43.381265
0.0,2,43.383509
0.0,3,43.386263
0.0,3,43.389043
0.0,2,43.39102
-0.627692,3,43.394383
0.0,4,43.398174
0.0,2,43.399986
0.0,5,43.40446
0.0,5,43.40879
0.0,3,43.412228
0.0,3,43.415178
0.0,2,43.417317
0.0,3,43.420119
0.0,2,43.422027
0.0,4,43.425654
0.0,2,43.427471
0.0,2,43.42924
0.0,3,43.432247
0.0,2,43.434234
0.0,3,43.437307
0.0,2,43.439337
0.0,3,43.4421
0.0,3,43.444958
0.0,3,43.447531
0.0,3,43.450189
0.0,2,43.452335
0.0,5,43.45712
0.0,2,43.459186
0.0,4,43.462711
0.0,2,43.464579
0.0,3,43.46756
0.0,2,43.469381
0.0,3,43.472208
0.0,2,43.47417
0.0,2,43.476012
0.0,2,43.477788
1.5,2,43.479691
0.0,2,43.481445
0.0,2,43.48322
0.0,5,43.487976
0.0,4,43.491643
0.0,2,43.493553
0.0,4,43.497931
0.0,2,43.500114
0.0,4,43.503635
-0.490547,4,43.50739
0.0,2,43.509554
0.0,4,43.5136
0.0,3,43.516612
0.0,2,43.518538
0.0,3,43.521343
0.0,4,43.524872
0.0,4,43.528759
0.0,5,43.53335
0.0,3,43.536311
1.0,2,43.538108
0.0,2,43.540015
0.0,2,43.541987
0.442721,2,43.543918
0.0,3,43.546626
0.0,3,43.54951
0.0,3,43.552179
0.0,3,43.555106
0.0,4,43.558832
0.0,4,43.562466
0.0,3,43.565459
0.0,3,43.568058
0.0,2,43.570231
0.0,3,43.572925
0.0,2,43.574763
0.0,3,43.577581
0.0,2,43.579309
0.0,2,43.581088
0.0,3,43.583824
0.0,2,43.58602
0.0,4,43.589627
0.0,4,43.593707
0.0,3,43.596796
0.0,4,43.60057
0.0,3,43.603281
0.0,3,43.606142
0.0,2,43.608101
0.0,3,43.610883
0.0,3,43.613965
0.0,4,43.61763
0.0,3,43.62052
0.0,2,43.62235
0.0,4,43.626077
1.597301,2,43.627904
0.0,2,43.629799
1.5,2,43.631667
0.089196,4,43.635617
0.0,2,43.637513
0.0,3,43.640669
0.0,2,43.642534
0.0,2,43.644389
0.0,4,43.64802
-0.181767,3,43.650634
0.0,4,43.654331
1.5,2,43.656114
0.0,2,43.657831
0.0,2,43.659642
0.0,2,43.661757
0.0,3,43.664473
0.0,2,43.666497
0.0,3,43.670251
0.0,5,43.675098
0.0,2,43.676961
0.0,2,43.678708
1.5,2,43.680678
0.0,4,43.684379
0.0,3,43.687329
0.0,2,43.68958
0.0,2,43.69157
0.0,2,43.693508
0.0,4,43.69829
0.0,5,43.703168
0.0,3,43.705913
0.0,4,43.709602
0.0,2,43.711457
1.5,2,43.713336
0.0,3,43.716763
0.0,4,43.72084
0.0,2,43.723195
0.0,3,43.726296
0.0,3,43.729989
0.0,4,43.734624
0.0,3,43.738212
0.0,4,43.742372
0.0,5,43.747395
0.0,3,43.750434
0.0,2,43.752722
0.0,2,43.754799
0.0,4,43.759518
0.0,4,43.763812
0.0,3,43.767393
1.5,2,43.769531
0.0,2,43.7719
-0.394968,4,43.776029
0.0,3,43.779094
0.0,3,43.781831
0.0,5,43.786833
0.0,4,43.790511
0.0,2,43.792435
0.0,3,43.795376
0.0,3,43.798575
0.0,2,43.800523
0.0,4,43.803935
0.0,3,43.806689
0.0,2,43.891192
1.5,2,43.89404
0.0,3,43.897466
0.0,2,43.899327
0.0,4,43.90284
0.0,2,43.904789
0.0,2,43.906637
0.0,4,43.910305
0.0,4,43.914104
0.0,2,43.915995
0.0,4,43.920288
0.0,3,43.923212
0.0,3,43.925913
0.0,3,43.928544
0.0,2,43.930759
0.0,3,43.935303
1.0,3,43.939645
0.0,2,43.942305
0.0,2,43.944784
0.0,2,43.947405
0.0,3,43.950948
0.0,2,43.95313
1.5,2,43.955446
1.0,2,43.957595
0.0,3,43.960555
0.0,4,43.964123
0.0,4,43.967955
1.5,2,43.969716
0.0,4,43.973196
0.0,2,43.975057
0.0,2,43.976739
0.0,4,43.980246
0.0,2,43.982013
-0.931436,4,43.985496
0.0,3,43.988414
0.0,2,43.990297
0.0,3,43.992975
0.0,4,43.996561
0.0,3,43.99954
0.0,2,44.001437
-0.558832,2,44.037367
0.0,2,44.039289
0.0,3,44.042025
0.0,3,44.044806
0.0,2,44.046618
0.0,2,44.048495
0.0,3,44.051345
0.0,4,44.054827
0.0,2,44.056683
0.0,2,44.058588
0.0,2,44.060359
0.0,3,44.063161
0.0,3,44.065986
0.0,3,44.068728
0.0,2,44.070675
0.0,3,44.073368
0.0,2,44.075134
0.0,2,44.077047
0.0,3,44.079809
0.0,5,44.084167
0.0,2,44.086028
1.5,2,44.087767
0.0,3,44.090485
0.0,3,44.093204
0.0,4,44.096872
0.0,3,44.099637
-0.093975,3,44.102211
0.0,3,44.104792
0.0,3,44.107442
0.0,3,44.109987
0.0,2,44.111831
0.0,3,44.114523
0.0,2,44.116225
0.0,5,44.120741
0.0,3,44.1233
0.0,3,44.125986
0.0,2,44.12784
1.5,2,44.129593
0.0,2,44.131314
0.0,3,44.134394
0.0,2,44.136447
0.0,3,44.13934
-0.009316,2,44.14144
0.0,3,44.144539
-0.487174,3,44.147583
0.0,2,44.149655
0.0,3,44.152352
0.0,2,44.154278
0.0,3,44.156842
0.0,2,44.158601
0.0,2,44.16047
1.5,2,44.162514
0.0,3,44.165157
0.0,2,44.167036
0.0,3,44.169988
-1.0,3,44.172628
0.0,2,44.174506
1.5,2,44.176377
0.0,2,44.178164
0.0,2,44.179964
0.0,2,44.1817
0.0,2,44.183756
0.0,3,44.186581
0.0,4,44.190384
0.0,2,44.192277
0.0,2,44.19406
0.0,4,44.197697
0.0,3,44.200688
-0.014312,4,44.204692
0.0,2,44.206509
0.0,2,44.208284
0.0,2,44.210297
0.0,2,44.212215
0.0,3,44.214831
0.0,3,44.217889
0.0,3,44.220563
0.0,3,44.223228
0.0,2,44.225165
0.0,2,44.226932
0.0,2,44.228734
1.5,2,44.230533
0.0,3,44.233432
0.0,2,44.235202
0.0,2,44.23715
0.0,5,44.241903
0.0,2,44.243798
0.0,3,44.246499
0.0,2,44.248335
-1.0,3,44.25108
0.0,3,44.254038
0.0,2,44.255838
0.0,4,44.25967
0.0,2,44.261552
0.0,4,44.265036
0.0,2,44.267184
0.0,2,44.269053
0.0,4,44.272636
1.5,2,44.274562
-0.340248,2,44.276282
0.0,4,44.279899
0.0,3,44.28249
0.0,4,44.286045
0.0,3,44.288955
0.0,2,44.290736
0.0,3,44.293403
0.0,2,44.295235
0.0,4,44.299659
0.0,2,44.301668
0.0,3,44.304169
0.0,3,44.306804
0.0,2,44.308547
0.0,3,44.311094
0.0,3,44.313659
0.0,3,44.316236
1.5,2,44.317962
-0.734952,3,44.320562
0.0,3,44.323137
0.0,3,44.325737
0.0,3,44.328588
0.0,4,44.332019
0.0,4,44.335575
0.0,3,44.338574
0.0,2,44.340394
0.0,3,44.343138
0.0,2,44.344946
0.0,3,44.347598
-0.393163,4,44.351159
0.0,2,44.353009
1.5,2,44.35483
0.0,3,44.357456
0.0,2,44.359292
0.0,2,44.36118
0.0,2,44.363017
0.0,2,44.364841
0.0,3,44.367379
0.0,4,44.370889
1.5,2,44.372622
0.0,4,44.376463
0.0,2,44.378681
0.0,3,44.381264
0.0,3,44.384067
-1.0,4,44.387603
0.0,3,44.390202
0.0,4,44.394125
0.0,5,44.398689
0.0,3,44.401217
0.0,2,44.402931
0.0,4,44.406348
0.0,3,44.408936
0.0,2,44.410593
0.0,4,44.414041
0.0,3,44.416493
0.0,4,44.419865
0.0,2,44.421468
0.0,3,44.423879
0.0,4,44.427081
0.0,3,44.429446
0.0,3,44.431992
0.0,4,44.436168
0.0,3,44.438797
0.0,2,44.4408
0.0,4,44.444165
0.0,4,44.447641
0.0,2,44.449366
0.0,2,44.451133
0.0,2,44.452842
0.0,4,44.456235
0.0,2,44.457893
0.0,4,44.461394
0.0,3,44.46393
0.0,4,44.46734
0.0,3,44.470053
-1.0,3,44.472594
0.0,2,44.474365
0.0,4,44.477735
0.0,4,44.481035
0.0,3,44.483752
0.0,3,44.486311
-1.0,3,44.489058
0.0,2,44.490837
0.0,2,44.492538
0.0,2,44.494267
-1.0,2,44.496066
0.0,3,44.499096
0.0,2,44.500916
0.0,4,44.504309
0.0,3,44.506745
1.5,2,44.508436
0.0,2,44.510346
0.0,3,44.512792
0.0,3,44.515293
0.0,2,44.51721
0.221203,2,44.518909
0.0,3,44.521471
0.0,4,44.524809
0.0,2,44.526451
0.0,3,44.52891
0.0,2,44.530751
0.0,3,44.533229
0.0,3,44.53575
-0.192725,4,44.539259
0.0,2,44.540884
0.0,2,44.542569
0.144312,2,44.544296
0.0,3,44.546743
0.0,2,44.5483
0.0,2,44.55005
0.0,2,44.551871
1.5,2,44.553504
0.0,3,44.556023
0.0,5,44.560371
0.0,3,44.562846
0.0,5,44.56716
0.0,3,44.569617
-0.312158,3,44.572362
1.5,2,44.574111
0.0,2,44.575718
0.0,2,44.577427
0.0,2,44.579185
0.0,4,44.582351
0.0,2,44.583991
0.0,2,44.585722
-0.086131,4,44.589092
0.0,3,44.591615
0.0,2,44.593359
0.0,2,44.595104
0.0,2,44.59719
0.0,2,44.598983
0.0,3,44.601498
0.0,3,44.604056
0.0,3,44.606694
0.0,4,44.610079
0.0,3,44.61257
-0.23572,3,44.615209
0.0,4,44.618491
0.0,3,44.621294
0.0,2,44.622954
0.0,4,44.626198
0.0,2,44.62799
0.0,3,44.630491
0.0,3,44.633008
0.0,2,44.634902
0.0,3,44.637527
0.0,4,44.640896
0.258835,4,44.644501
0.0,2,44.646187
1.5,2,44.647884
0.0,2,44.649824
0.0,3,44.652373
0.0,3,44.654891
0.0,3,44.657558
0.0,4,44.660789
0.0,5,44.665088
0.0,3,44.667533
0.0,3,44.670268
0.0,2,44.671961
0.0,3,44.674382
0.0,3,44.677113
0.0,2,44.67875
-1.0,6,44.683789
0.0,2,44.685557
0.0,2,44.687203
0.0,2,44.688916
0.0,4,44.692516
0.0,2,44.694202
0.0,4,44.697533
0.0,2,44.699298
0.0,2,44.701441
0.0,3,44.704148
0.0,2,44.705754
0.0,3,44.708227
1.5,2,44.709897
0.0,2,44.71182
0.0,4,44.715123
0.0,2,44.716896
0.0,5,44.72114
0.0,4,44.724377
0.0,3,44.726957
0.0,2,44.728605
0.0,4,44.731891
0.0,4,44.735275
0.0,2,44.73694
1.5,2,44.738718
0.0,3,44.741391
0.0,4,44.744776
0.0,2,44.746567
0.0,4,44.749859
0.0,2,44.751504
0.0,5,44.755775
0.0,2,44.757399
0.0,4,44.760978
0.0,3,44.763436
0.0,2,44.765194
0.0,3,44.767839
0.0,2,44.769484
0.0,2,44.771157
0.0,2,44.772838
0.0,3,44.775443
0.0,2,44.777079
0.0,3,44.779443
-0.802899,2,44.781182
0.0,4,44.784341
0.0,3,44.786865
-0.569062,3,44.789523
0.0,4,44.792741
0.0,2,44.794486
0.0,3,44.79712
0.0,4,44.800786
0.0,3,44.80338
0.0,3,44.80579
0.0,4,44.809351
0.0,5,44.813471
1.5,2,44.815177
0.0,3,44.817948
0.0,2,44.81969
0.0,2,44.821348
0.0,3,44.823962
0.0,5,44.82819
0.0,2,44.830403
0.0,4,44.833993
0.0,3,44.83676
0.0,3,44.839421
0.0,2,44.841274
0.0,2,44.843039
0.0,2,44.91591
0.259152,4,44.919691
0.0,4,44.923069
-1.322185,2,44.924922
0.0,3,44.927689
0.0,2,44.929574
0.0,3,44.932289
0.0,3,44.935439
-0.85302,3,44.938116
0.0,4,44.941813
0.0,2,44.943653
0.0,3,44.946419
0.0,3,44.949266
0.0,2,44.951062
0.0,2,44.952816
0.0,2,44.954739
0.0,2,44.956424
0.0,3,44.958979
0.0,2,44.960762
0.0,2,44.962771
0.0,3,44.96537
0.0,4,44.969105
0.0,2,44.971329
0.0,5,44.976204
0.0,3,44.978839
0.656164,2,44.980742
0.0,2,44.982594
0.0,5,44.987071
0.0,3,44.990001
0.0,3,44.992837
0.0,2,44.994823
0.0,3,45.032544
0.0,4,45.036257
0.0,4,45.040166
1.5,2,45.041948
0.0,2,45.043917
0.0,2,45.045897
0.0,3,45.048447
0.0,2,45.050226
0.0,3,45.053253
0.0,2,45.055151
0.0,2,45.057111
0.0,4,45.060973
0.0,2,45.0628
0.0,3,45.065707
0.0,3,45.069084
0.0,4,45.07302
0.0,2,45.075106
0.0,2,45.077147
0.0,2,45.079221
-0.66854,2,45.08122
0.0,4,45.084734
0.0,5,45.089751
0.0,3,45.092548
0.0,3,45.095491
0.0,2,45.098069
0.0,3,45.101209
0.0,5,45.105462
0.0,3,45.108574
0.0,3,45.111517
0.0,3,45.114362
0.0,3,45.117458
0.0,2,45.119251
0.0,3,45.122184
0.0,3,45.124772
0.0,2,45.126507
0.0,2,45.128366
0.0,4,45.132329
0.0,2,45.134374
0.0,2,45.136497
0.0,4,45.140245
0.0,2,45.14242
0.0,4,45.146371
0.0,3,45.149453
0.0,2,45.151546
0.0,5,45.156181
0.0,4,45.159766
0.0,3,45.162566
0.0,2,45.164532
0.0,4,45.168301
0.0,2,45.170259
0.0,2,45.172362
0.0,3,45.175311
0.0,2,45.17744
0.0,2,45.179326
0.0,4,45.182867
0.0,3,45.185817
0.0,2,45.187738
0.0,4,45.191862
0.0,2,45.194136
0.604138,2,45.196214
0.102311,2,45.198441
0.0,2,45.200448
0.0,2,45.202773
0.0,2,45.205434
0.0,2,45.207409
0.0,2,45.209444
0.0,4,45.213639
0.0,2,45.215815
0.0,2,45.218071
0.0,2,45.220414
0.0,3,45.223769
0.0,2,45.226404
0.0,4,45.231189
0.0,4,45.235473
0.0,4,45.239499
0.0,2,45.241832
0.0,4,45.245983
0.0,2,45.248402
1.5,2,45.250474
0.0,3,45.253627
0.0,6,45.259425
0.0,5,45.264588
0.0,4,45.268962
0.0,4,45.272929
0.0,5,45.277829
0.0,3,45.280787
0.684979,3,45.283967
0.0,2,45.286062
0.0,4,45.290244
0.0,4,45.294278
0.0,3,45.297419
0.0,2,45.299708
0.0,4,45.304264
0.0,2,45.306182
0.0,3,45.309148
0.0,4,45.313218
0.0,2,45.315426
0.0,2,45.31758
0.0,2,45.319704
0.0,3,45.322685
0.0,2,45.324706
0.0,2,45.326611
0.0,3,45.329569
0.0,3,45.332803
0.0,2,45.334879
0.033574,2,45.337091
0.0,2,45.339342
0.0,4,45.343626
0.0,4,45.347484
0.0,3,45.350454
0.437349,4,45.354816
0.0,3,45.357969
0.0,2,45.3603
0.0,4,45.364575
0.0,3,45.367714
-1.0,4,45.371703
0.0,4,45.375793
0.0,5,45.381386
-1.0,3,45.384614
0.0,2,45.386708
0.0,6,45.392823
0.0,3,45.396298
0.0,3,45.400134
0.0,2,45.402415
0.0,3,45.405387
0.0,3,45.408844
0.0,2,45.411123
0.0,2,45.413258
0.0,2,45.415727
0.0,3,45.418828
0.0,3,45.421982
0.0,4,45.425833
0.74275,3,45.429176
1.5,2,45.431321
0.0,3,45.434811
0.0,4,45.43932
0.488831,3,45.44299
0.0,4,45.447256
0.0,2,45.449625
0.0,2,45.451751
0.0,3,45.454946
0.0,3,45.45799
1.5,2,45.459975
1.5,2,45.461935
0.0,2,45.464298
0.0,3,45.467388
0.0,2,45.469498
0.0,3,45.472988
0.0,2,45.475407
0.0,2,45.477632
0.0,2,45.479639
0.0,4,45.483723
0.0,3,45.487005
0.0,3,45.490201
0.0,3,45.493567
0.0,5,45.498825
0.0,2,45.501523
0.0,2,45.503882
0.0,2,45.50613
0.0,3,45.509138
0.0,4,45.513543
0.0,2,45.515607
0.0,2,45.517826
0.0,3,45.521104
0.0,2,45.523134
-0.320188,4,45.527155
0.0,4,45.531207
0.0,3,45.534589
0.0,2,45.536817
0.0,3,45.540302
0.0,4,45.544637
0.0,3,45.547896
0.0,3,45.550978
0.0,2,45.553074
0.0,2,45.555542
0.0,3,45.559114
0.029733,2,45.561539
0.0,4,45.565837
0.0,2,45.568227
0.0,2,45.570339
0.0,4,45.574769
0.0,2,45.576838
0.0,4,45.58121
0.0,3,45.584578
0.0,3,45.587942
0.0,3,45.591288
0.249745,2,45.59362
0.0,3,45.596809
0.0,2,45.599231
0.0,5,45.605183
0.0,2,45.607283
0.0,2,45.609732
0.0,3,45.612871
0.0,4,45.61753
0.0,3,45.620692
0.0,2,45.623121
0.0,2,45.625188
0.0,2,45.627229
0.0,3,45.630533
0.0,2,45.632722
0.0,2,45.634838
0.245717,5,45.64075
0.0,3,45.644176
0.0,2,45.646144
0.0,2,45.648216
0.0,3,45.651602
0.0,5,45.657175
0.0,2,45.659588
0.0,2,45.661732
0.0,4,45.666378
1.5,2,45.668452
0.0,3,45.671944
0.0,2,45.674255
0.0,3,45.677637
0.0,2,45.67976
0.0,2,45.681731
0.0,4,45.68609
0.0,3,45.68939
0.0,3,45.692972
0.594731,2,45.695393
0.0,2,45.697645
0.0,3,45.700826
0.0,3,45.704567
0.0,3,45.70846
0.0,3,45.711921
0.0,3,45.715621
0.0,2,45.717732
-1.0,2,45.719979
0.0,3,45.723269
0.0,2,45.725626
0.0,2,45.728121
0.0,3,45.731575
0.0,2,45.733798
0.0,3,45.73729
0.0,3,45.74054
0.0,3,45.744033
-0.410957,5,45.749745
0.0,2,45.75199
0.0,4,45.756434
0.0,4,45.76055
0.0,3,45.764128
0.0,3,45.767453
0.0,2,45.769898
0.0,3,45.773371
0.0,4,45.777768
0.0,2,45.779833
1.5,2,45.782065
0.0,3,45.785633
0.0,3,45.788903
0.0,3,45.792376
0.0,3,45.795759
0.0,2,45.798009
0.0,3,45.80149
1.5,2,45.803963
1.5,2,45.806125
0.0,4,45.810293
0.0,2,45.812525
0.0,3,45.81571
0.0,3,45.819193
0.0,2,45.821357
0.0,2,45.823573
0.0,3,45.826733
0.0,4,45.830833
0.0,5,45.836368
0.0,5,45.841982
0.392644,2,45.844218
0.0,2,45.846357
0.0,3,45.849272
0.0,3,45.852637
0.0,3,45.856199
0.0,2,45.858567
0.0,4,45.863401
0.0,3,45.866938
0.0,3,45.870625
1.5,2,45.872933
-0.250925,2,45.875188
0.0,4,45.879331
0.0,4,45.88351
0.0,3,45.886607
0.0,2,45.88903
0.0,2,45.891137
0.0,2,45.893296
0.0,2,45.895697
0.0,4,45.900243
0.0,4,45.90486
0.0,2,45.907105
0.0,2,45.909647
0.0,3,45.912805
0.0,2,45.915091
0.0,3,45.918449
0.0,2,45.920799
0.0,2,45.923094
0.0,3,45.926029
0.0,2,45.928194
0.0,5,45.933634
0.0,2,45.936377
0.0,3,45.939749
0.0,4,45.944358
-0.093453,3,45.947528
0.0,3,45.95116
0.0,2,45.953379
0.0,2,45.955568
0.0,2,45.957955
-0.318844,2,45.959934
0.0,2,45.962196
0.0,2,45.964547
0.0,3,45.967928
0.0,2,45.970325
0.0,3,45.973874
-0.66106,4,45.978801
0.0,4,45.983373
0.0,3,45.986953
0.0,2,45.989094
0.0,2,45.991386
0.0,2,45.993892
0.0,3,45.997143
0.0,2,45.999475
0.0,3,46.00316
0.0,2,46.005565
0.0,3,46.008905
0.0,3,46.01224
0.0,4,46.016778
0.0,2,46.019119
0.0,3,46.02253
0.0,5,46.027983
0.0,2,46.030203
0.0,2,46.032316
0.0,3,46.035939
0.0,3,46.039044
0.0,2,46.041474
-1.0,5,46.133802
0.0,2,46.135963
0.0,3,46.13996
0.0,3,46.143484
0.0,2,46.145901
1.5,2,46.147908
0.0,3,46.151113
0.0,2,46.153565
0.0,2,46.155727
0.0,3,46.159179
1.0,2,46.161515
0.0,4,46.165984
0.0,5,46.172166
0.0,2,46.174763
0.0,3,46.178166
0.0,2,46.18055
0.132943,2,46.182689
0.0,4,46.187065
0.0,4,46.191507
0.0,3,46.195001
0.0,3,46.198114
0.0,4,46.202582
0.0,3,46.247787
0.0,2,46.250328
0.0,3,46.253958
0.0,3,46.257083
0.0,2,46.259321
0.0,3,46.262293
0.0,2,46.264571
1.5,2,46.266758
0.0,3,46.269748
1.5,2,46.272121
0.0,2,46.274389
0.0,3,46.277451
0.0,3,46.280593
0.0,3,46.283641
0.0,3,46.287051
0.0,3,46.290223
0.737155,3,46.293751
-1.0,2,46.295907
0.0,2,46.29806
0.0,3,46.301426
0.0,3,46.305278
0.0,2,46.307559
0.0,2,46.309668
0.0,4,46.313965
0.0,2,46.316361
0.0,3,46.319648
0.0,4,46.323758
0.0,2,46.325835
0.0,2,46.327925
0.0,2,46.33007
0.0,2,46.332035
0.0,2,46.334348
0.0,4,46.338626
0.0,2,46.340986
0.0,4,46.345417
0.0,3,46.349009
0.0,3,46.352374
0.0,2,46.35462
0.0,2,46.356934
0.0,5,46.362568
-1.0,3,46.365834
1.5,2,46.368395
0.0,2,46.370917
0.0,5,46.376263
0.0,2,46.378504
0.0,3,46.381585
0.0,2,46.384121
0.0,3,46.38733
2.0,2,46.389661
-0.550641,5,46.394735
0.0,3,46.398045
0.0,2,46.400523
0.0,2,46.403028
0.0,4,46.407298
0.0,2,46.409505
0.0,3,46.413008
0.0,2,46.415081
0.0,3,46.4181
0.0,3,46.421566
-0.459828,2,46.423641
0.0,2,46.425815
0.0,4,46.42968
0.0,4,46.434377
0.0,3,46.438181
0.0,2,46.440633
0.0,5,46.445856
0.0,2,46.448038
0.0,3,46.451051
0.0,2,46.453297
0.0,4,46.457629
0.0,4,46.462198
0.0,4,46.466662
1.5,2,46.469098
0.0,2,46.471405
0.0,2,46.473764
0.0,3,46.477237
0.0,3,46.480489
0.0,2,46.482637
0.0,3,46.485688
0.0,4,46.490272
0.0,3,46.493718
0.0,2,46.496363
0.0,4,46.500576
0.0,2,46.502869
0.0,2,46.505132
1.5,2,46.50748
0.0,3,46.510943
0.0,2,46.51304
0.0,3,46.516401
0.0,6,46.522321
1.5,2,46.524539
-0.062592,5,46.529407
0.0,3,46.53258
0.0,3,46.535666
0.0,2,46.538004
0.0,3,46.541067
0.0,3,46.544481
0.0,4,46.548496
0.0,3,46.55184
0.0,2,46.554003
0.0,3,46.557106
0.0,3,46.560339
0.0,3,46.56356
0.0,3,46.566882
0.0,2,46.568985
0.0,4,46.573155
0.0,2,46.575255
0.0,2,46.577315
1.5,2,46.579276
0.0,2,46.581249
0.0,4,46.58522
0.0,3,46.588244
0.0,2,46.590452
0.0,3,46.593814
0.0,2,46.595904
0.0,2,46.597927
0.0,2,46.600241
0.0,3,46.603751
-0.342204,3,46.607097
0.0,2,46.609146
0.0,2,46.611201
0.0,3,46.614575
0.0,2,46.616602
0.0,4,46.62083
0.0,2,46.622887
0.0,3,46.62589
0.0,2,46.627956
0.0,3,46.630869
1.0,2,46.632942
0.0,4,46.637375
0.0,2,46.639692
0.0,3,46.643125
0.0,4,46.647245
0.0,3,46.650343
0.0,3,46.653551
0.0,5,46.658821
0.0,4,46.663225
0.0,4,46.667184
0.0,3,46.670622
0.0,2,46.673012
0.0,4,46.677113
0.0,4,46.680925
0.0,2,46.682866
0.0,3,46.685787
0.0,4,46.689759
1.5,2,46.691801
0.0,2,46.693812
0.0,3,46.696928
0.0,3,46.699881
0.0,3,46.70283
1.5,2,46.704997
0.0,3,46.708329
0.0,2,46.710761
1.5,2,46.71296
0.0,4,46.717328
0.0,2,46.71974
0.0,2,46.721968
0.0,3,46.725038
0.0,2,46.727274
0.0,5,46.732695
0.0,4,46.736927
0.0,3,46.740181
0.0,2,46.742353
0.0,2,46.744424
0.0,4,46.748351
0.0,3,46.751603
0.0,3,46.754964
0.0,4,46.759336
0.0,2,46.761681
-0.554635,5,46.767176
0.0,3,46.770334
-0.35088,3,46.773601
0.0,3,46.776886
0.0,3,46.77992
0.0,7,46.786709
0.0,4,46.790855
1.5,2,46.792929
0.051862,2,46.795226
0.0,3,46.798432
0.0,4,46.802716
0.0,3,46.806191
0.0,3,46.809383
0.0,2,46.8113
0.0,4,46.815428
0.0,4,46.819308
0.0,3,46.822356
0.0,3,46.825345
0.0,3,46.828463
-0.184292,2,46.830658
0.0,2,46.832802
0.0,5,46.838014
0.0,4,46.842433
0.0,2,46.844697
0.0,4,46.848841
0.0,5,46.853783
0.0,2,46.855882
0.0,3,46.85894
0.0,3,46.861727
0.0,2,46.864005
0.0,2,46.866156
-0.512143,3,46.869343
0.0,2,46.871642
0.0,2,46.873711
1.5,2,46.875992
0.0,3,46.879125
0.0,5,46.884147
0.0,4,46.88841
0.0,2,46.890651
0.0,3,46.893943
0.0,2,46.896181
0.0,3,46.899399
0.0,2,46.901425
0.0,2,46.903591
0.0,2,46.905791
0.0,4,46.910273
0.0,6,46.91672
0.0,4,46.921067
0.0,3,46.924254
0.0,2,46.926353
0.0,5,46.931371
0.0,2,46.933787
0.0,3,46.937528
0.0,4,46.942086
0.0,3,46.945239
0.0,2,46.947337
0.0,2,46.949419
-0.023961,2,46.951329
0.0,3,46.954353
0.0,3,46.957607
0.0,4,46.962214
0.0,2,46.964561
0.0,4,46.968806
0.0,4,46.97306
0.0,2,46.975266
0.0,3,46.978388
0.0,4,46.982349
0.0,2,46.984324
0.0,2,46.9863
0.0,5,46.991358
0.0,4,46.995433
0.0,5,47.000226
0.0,3,47.003303
0.0,4,47.007695
0.0,3,47.011068
0.28214,3,47.014232
0.0,3,47.017379
0.0,4,47.021713
0.0,2,47.023818
0.0,4,47.027676
0.0,5,47.032902
1.5,2,47.03516
0.0,4,47.039632
0.0,2,47.041671
0.0,4,47.045959
0.0,2,47.04824
0.0,3,47.051433
0.0,4,47.055494
0.0,3,47.058453
0.0,4,47.062449
0.0,2,47.064783
0.159436,2,47.067276
-0.931585,4,47.071489
0.0,4,47.07558
0.0,4,47.079617
0.0,4,47.083563
0.0,3,47.086665
0.0,2,47.088726
0.0,4,47.092709
0.0,2,47.094952
-2.0,2,47.097154
0.0,4,47.101352
0.0,2,47.103722
-0.460645,4,47.107886
0.0,4,47.111806
0.0,2,47.114007
0.0,2,47.116268
0.0,2,47.118275
0.0,3,47.121323
0.0,2,47.123378
0.0,3,47.126404
0.0,4,47.130653
0.0,3,47.133908
0.0,4,47.138175
0.0,3,47.141313
0.0,2,47.143543
0.0,2,47.145572
0.0,4,47.149999
0.0,3,47.153113
0.0,2,47.155282
0.0,3,47.158393
0.0,2,47.160397
0.0,5,47.165482
0.0,4,47.169674
0.0,4,47.1743
0.0,2,47.176366
0.0,4,47.180309
0.0,2,47.182356
1.5,2,47.18451
0.0,3,47.187696
0.0,3,47.190878
0.0,3,47.194021
0.0,3,47.197047
0.0,6,47.202662
0.0,4,47.206841
0.0,3,47.210143
0.0,2,47.212338
-0.133834,4,47.216587
0.0,2,47.21878
0.0,2,47.221062
0.0,5,47.225955
0.0,2,47.228199
0.0,4,47.232146
0.0,3,47.235207
0.0,4,47.239283
0.0,3,47.242722
0.0,2,47.245051
0.0,2,47.247355
0.0,4,47.251261
0.0,2,47.253305
0.0,2,47.25543
0.0,2,47.257614
-0.110471,5,47.262906
0.0,2,47.265011
0.0,2,47.26702
0.0,5,47.362667
1.5,2,47.365171
0.0,3,47.368565
0.0,3,47.371685
0.0,3,47.3748
0.0,2,47.376862
0.0,2,47.379072
0.0,6,47.385061
0.0,2,47.387326
0.0,5,47.392627
0.0,2,47.395639
0.0,2,47.398396
0.0,4,47.40372
0.0,4,47.453464
1.0,3,47.456654
0.0,3,47.45965
-1.0,4,47.463747
0.0,2,47.465812
0.0,3,47.468892
0.0,2,47.470917
0.0,4,47.474799
0.0,2,47.476844
0.0,2,47.479183
0.0,5,47.484863
0.0,4,47.489563
0.0,5,47.494909
0.0,4,47.499152
0.0,3,47.502007
0.0,4,47.506203
0.0,2,47.50863
0.0,2,47.511068
0.0,2,47.513334
0.0,3,47.516411
0.0,5,47.52171
0.0,4,47.525562
0.0,3,47.528434
0.0,3,47.531549
0.0,3,47.534621
-1.0,2,47.536693
0.0,2,47.539058
0.0,2,47.541321
0.0,5,47.54647
0.0,3,47.549517
0.0,3,47.552802
0.0,2,47.554931
0.0,4,47.559103
1.5,2,47.561234
0.0,5,47.566625
0.0,4,47.570909
0.0,4,47.57543
0.0,4,47.579456
0.0,2,47.58141
0.0,3,47.584271
0.0,3,47.587454
0.0,4,47.591756
0.0,3,47.595052
0.0,3,47.598105
0.0,4,47.60249
0.0,2,47.604914
0.0,2,47.607442
1.456721,2,47.609756
0.0,3,47.612991
0.0,2,47.615538
0.0,2,47.617898
0.0,2,47.619889
-0.448286,3,47.622957
0.0,5,47.627723
0.0,4,47.632043
-0.042654,3,47.635316
0.0,3,47.638628
0.0,3,47.641768
0.0,3,47.645265
0.0,3,47.648267
0.0,3,47.65158
0.0,2,47.653774
0.0,3,47.656863
-0.499052,4,47.660939
0.0,2,47.662979
0.0,5,47.668256
-1.0,5,47.673526
0.0,2,47.675566
0.0,2,47.677668
0.0,3,47.68074
0.0,3,47.683626
0.0,3,47.686998
0.0,2,47.689107
0.0,2,47.691185
0.0,2,47.693442
1.5,2,47.695449
0.0,3,47.69851
0.0,4,47.702411
0.0,3,47.705242
0.0,3,47.70851
0.0,2,47.710797
0.0,4,47.715156
0.0,3,47.718056
-0.136987,2,47.720186
0.0,4,47.724144
0.0,4,47.727986
0.0,5,47.732714
0.0,4,47.736745
0.0,2,47.73887
0.0,5,47.743989
0.0,2,47.746156
0.0,2,47.748231
0.089691,3,47.751194
0.0,4,47.755157
0.0,2,47.757254
0.0,4,47.761312
0.0,3,47.764282
0.0,5,47.769231
0.0,3,47.772108
0.0,5,47.776931
0.0,3,47.779676
0.0,3,47.78248
0.0,3,47.78542
0.0,2,47.787493
0.0,2,47.789649
0.0,2,47.79159
0.0,3,47.794477
0.0,2,47.796445
0.0,2,47.798283
0.0,2,47.800113
0.0,2,47.801957
0.0,6,47.80725
0.0,3,47.810101
0.0,2,47.812018
0.0,3,47.814745
0.0,2,47.816701
0.0,2,47.818566
0.0,4,47.822305
0.0,5,47.827147
0.0,3,47.830166
1.5,2,47.832057
0.0,3,47.83489
0.0,4,47.838671
0.0,4,47.843206
-1.0,2,47.845485
0.0,3,47.84828
0.0,2,47.850122
-0.213126,3,47.853079
0.0,4,47.856748
0.0,2,47.859217
1.5,2,47.862278
0.0,2,47.865466
0.0,2,47.868677
0.0,3,47.873505
0.0,4,47.87964
0.0,2,47.88192
0.0,6,47.888255
0.0,4,47.892399
0.0,2,47.894954
0.164436,3,47.899684
0.0,2,47.90218
0.0,2,47.904401
0.0,5,47.910152
0.0,2,47.912451
0.0,3,47.915803
0.0,2,47.917825
0.0,3,47.920697
0.0,2,47.922641
0.0,5,47.92713
1.5,2,47.929175
0.0,3,47.932054
0.0,4,47.936912
0.0,5,47.941783
0.0,3,47.944747
0.0,2,47.946592
0.0,3,47.949561
0.0,4,47.953331
0.0,2,47.955244
0.0,2,47.957191
0.0,4,47.960707
0.0,2,47.962675
0.0,2,47.964675
0.0,2,47.966838
0.0,3,47.970041
0.0,4,47.973875
0.0,2,47.97604
0.0,3,47.978951
0.0,2,47.980826
0.0,5,47.98595
1.5,2,47.987888
0.0,3,47.990987
0.0,3,47.994014
0.0,2,47.99605
1.5,2,47.998073
0.061407,2,48.000165
0.0,2,48.00205
1.5,2,48.00401
0.0,3,48.007374
0.0,4,48.011355
0.0,4,48.015224
0.0,5,48.020168
0.0,3,48.023089
0.0,3,48.025958
1.5,2,48.028066
0.0,3,48.030978
0.0,3,48.034223
0.0,2,48.036127
1.5,2,48.038128
0.0,2,48.04046
0.0,4,48.04436
0.0,2,48.046327
1.5,2,48.048249
0.0,2,48.050117
0.0,2,48.052095
0.0,4,48.05622
0.0,3,48.059064
0.0,4,48.06323
0.0,2,48.06531
0.0,2,48.067451
-0.17101,2,48.069629
0.0,2,48.071621
0.0,3,48.0746
0.0,4,48.07847
0.0,3,48.081375
0.0,2,48.083282
0.0,2,48.085107
0.0,2,48.087073
0.0,3,48.090291
0.0,3,48.093027
0.0,3,48.096006
-1.0,3,48.098964
0.0,2,48.100954
0.0,6,48.107069
0.0,3,48.110207
0.0,3,48.113117
0.0,4,48.117078
0.0,4,48.120986
0.0,2,48.123028
0.0,3,48.126018
0.0,2,48.127855
0.357467,2,48.129922
0.0,3,48.132904
0.0,3,48.135771
0.0,2,48.137955
-0.072003,5,48.142642
0.0,3,48.145966
0.0,3,48.148865
-0.248945,2,48.150942
0.070446,3,48.15373
0.0,2,48.155759
0.0,3,48.158627
0.0,2,48.160595
0.0,2,48.162466
0.0,2,48.164545
0.0,3,48.167468
0.0,2,48.169344
0.0,2,48.171281
0.0,4,48.175067
0.0,3,48.177837
0.0,2,48.17976
0.0,3,48.182422
0.0,4,48.186219
0.0,2,48.188117
0.0,4,48.191897
0.0,2,48.193839
0.0,2,48.19569
0.0,4,48.199362
0.0,2,48.201401
0.0,2,48.203295
0.0,3,48.206089
0.0,3,48.20953
0.0,2,48.211571
0.0,4,48.21551
0.0,2,48.217412
1.5,2,48.219397
0.0,6,48.224861
0.0,2,48.226858
0.0,2,48.228811
-0.723599,2,48.230755
0.0,2,48.232617
0.0,3,48.235689
0.0,3,48.238584
0.0,2,48.240608
0.0,4,48.244574
0.0,3,48.24757
0.0,2,48.249655
0.0,3,48.252621
1.5,2,48.25458
0.0,3,48.2575
0.0,2,48.259371
0.0,3,48.262298
0.0,4,48.266078
0.0,2,48.26796
0.0,3,48.271063
0.535281,3,48.273863
0.0,3,48.276725
1.5,2,48.278619
0.0,3,48.281471
0.0,2,48.283636
0.0,2,48.285596
0.0,2,48.287565
-0.252635,3,48.291046
-0.977294,3,48.294441
0.0,2,48.296555
0.0,2,48.298595
0.0,2,48.300445
0.0,3,48.303312
0.0,3,48.306657
0.0,4,48.310597
0.0,2,48.312694
0.0,3,48.315465
0.0,2,48.31752
0.0,3,48.320543
0.0,3,48.323339
0.0,3,48.326291
0.0,3,48.329002
0.0,2,48.330956
0.0,3,48.334042
0.0,2,48.335853
0.0,4,48.339855
0.0,3,48.342607
0.0,3,48.345524
-0.008573,4,48.34915
1.5,2,48.351102
0.0,4,48.355135
-0.02694,3,48.357898
0.0,2,48.360021
0.0,2,48.361981
0.0,3,48.364842
0.0,2,48.366975
1.5,2,48.368978
0.0,3,48.371738
-0.06148,2,48.373693
0.0,2,48.375624
1.5,2,48.377561
0.0,2,48.379522
-1.0,4,48.383281
0.0,2,48.385127
0.0,4,48.389096
0.0,2,48.390932
1.5,2,48.392832
0.0,4,48.396962
0.0,2,48.39972
0.0,2,48.402104
0.0,4,48.406081
0.0,4,48.410202
0.0,4,48.414248
0.0,3,48.417196
0.0,2,48.419121
0.0,3,48.421932
0.0,3,48.424898
0.0,3,48.427642
0.0,3,48.43064
0.0,3,48.433608
-0.007092,4,48.438337
0.0,3,48.441278
0.0,3,48.444477
0.0,3,48.447538
0.288523,2,48.449735
0.0,2,48.451731
0.0,2,48.453561
0.0,2,48.547424
0.0,2,48.549777
0.0,2,48.551645
0.0,3,48.554657
0.0,2,48.556726
0.0,2,48.558546
0.0,4,48.562325
0.0,2,48.599207
0.0,3,48.602114
0.0,3,48.605296
0.0,3,48.608375
0.0,2,48.610428
0.0,2,48.612488
0.178932,3,48.615221
0.0,2,48.617385
0.0,5,48.622113
0.0,3,48.624924
0.0,2,48.626859
0.0,3,48.629526
0.0,3,48.63254
0.0,3,48.635335
0.0,3,48.638182
0.0,4,48.641979
0.0,2,48.643831
0.0,2,48.64572
0.0,4,48.649554
0.0,3,48.652518
0.0,2,48.654828
0.0,3,48.657749
0.0,2,48.65991
0.0,4,48.664008
0.0,4,48.667946
0.0,3,48.670726
0.0,4,48.674671
0.0,3,48.677365
0.0,2,48.679191
0.0,2,48.681076
0.0,3,48.683798
0.0,4,48.687565
0.0,4,48.691273
1.5,2,48.693145
-1.0,4,48.696867
-0.369255,3,48.699767
0.0,2,48.701799
0.0,4,48.705495
0.0,2,48.707402
0.0,2,48.709577
0.0,2,48.711715
0.0,2,48.713649
0.0,3,48.716568
0.0,6,48.721819
0.0,3,48.724595
0.0,3,48.727304
0.0,4,48.731069
0.0,3,48.733764
0.0,3,48.736643
-0.534337,3,48.739402
0.0,2,48.741145
0.0,3,48.744078
0.0,2,48.74603
0.0,4,48.749763
0.0,3,48.752592
0.0,2,48.754382
0.0,2,48.756257
0.0,3,48.758935
0.0,2,48.760817
0.0,4,48.76453
0.0,4,48.768366
0.0,2,48.770306
0.0,2,48.772184
0.0,3,48.775113
0.0,3,48.77777
0.0,5,48.782161
0.0,3,48.785001
0.0,4,48.788705
0.0,2,48.790599
0.0,3,48.793567
0.0,5,48.79797
0.0,2,48.79977
0.0,4,48.803637
0.0,4,48.807368
0.0,2,48.809462
0.0,3,48.812247
0.0,4,48.815679
0.0,2,48.817512
0.0,3,48.820231
0.0,5,48.824516
0.0,4,48.828078
0.0,3,48.830812
0.0,2,48.8327
0.0,3,48.835376
0.0,3,48.838107
0.0,3,48.84088
0.0,3,48.843563
0.0,2,48.845384
0.0,2,48.847254
0.0,2,48.849128
0.0,2,48.851024
0.0,4,48.854769
0.0,3,48.85755
0.0,3,48.860293
0.0,3,48.863331
0.0,2,48.86532
0.0,2,48.867158
0.0,5,48.871908
0.0,3,48.874654
0.0,2,48.876467
0.0,3,48.879156
1.5,2,48.880936
0.0,4,48.884561
0.0,4,48.888102
0.0,3,48.891154
1.5,2,48.893159
0.0,4,48.89686
1.0,3,48.899932
0.0,3,48.902796
0.0,2,48.904681
0.0,4,48.908168
0.0,3,48.911129
0.0,2,48.913546
0.0,3,48.916814
0.0,3,48.919806
1.5,2,48.921733
0.0,2,48.923594
0.0,4,48.927227
0.0,3,48.930045
0.0,3,48.932986
0.0,2,48.935106
0.0,3,48.938395
0.0,3,48.941378
0.0,3,48.944226
0.0,3,48.947017
0.0,3,48.949721
0.0,5,48.954651
1.5,2,48.956697
0.0,2,48.958872
0.0,3,48.961869
0.0,3,48.964895
0.0,3,48.967989
0.0,3,48.970959
0.0,4,48.975049
0.0,4,48.978752
0.0,2,48.980597
0.0,2,48.982504
0.0,3,48.98541
0.0,2,48.98746
0.0,2,48.989419
0.0,4,48.993387
0.0,4,48.99724
0.0,5,49.001842
0.0,6,49.0076
0.0,2,49.010011
0.0,4,49.014028
0.0,3,49.016864
0.0,2,49.018808
0.0,4,49.022446
0.0,4,49.02613
0.0,3,49.029089
0.0,2,49.030915
0.0,2,49.032921
0.0,2,49.034914
-0.282725,3,49.037609
0.0,3,49.040486
0.0,2,49.042385
0.0,3,49.045242
0.0,2,49.047159
0.0,4,49.051058
0.0,3,49.053873
0.0,4,49.057599
-0.460935,2,49.05943
1.5,2,49.061263
0.0,2,49.063394
0.0,2,49.065303
0.0,4,49.06919
0.0,3,49.072105
0.0,2,49.073988
0.0,3,49.076727
0.0,4,49.080333
0.0,4,49.084116
0.0,4,49.088104
0.0,2,49.090041
0.0,4,49.093832
0.0,2,49.095668
0.0,2,49.097502
0.0,2,49.099401
0.0,2,49.101155
0.227332,3,49.103964
0.0,2,49.106067
0.0,3,49.109225
0.0,2,49.111228
0.0,2,49.113204
0.0,2,49.115282
1.5,2,49.117116
1.5,2,49.11899
0.0,3,49.122015
0.0,4,49.125615
0.0,4,49.12918
0.0,4,49.13294
0.0,3,49.135705
0.0,2,49.13761
0.0,2,49.139543
0.0,4,49.143229
0.0,4,49.146673
0.0,3,49.149335
0.0,3,49.152061
0.0,5,49.156657
0.0,2,49.158561
0.0,3,49.161319
0.0,3,49.164322
0.0,7,49.17062
0.0,3,49.173328
0.0,2,49.175193
0.0,3,49.178077
0.0,3,49.180746
0.0,3,49.183452
0.0,3,49.186047
0.0,2,49.188103
0.0,3,49.190888
0.0,3,49.193593
0.0,3,49.196208
0.0,3,49.198916
-0.379636,3,49.201505
0.0,3,49.20422
0.0,2,49.206038
0.0,3,49.208779
0.0,2,49.210792
1.5,2,49.212912
0.0,2,49.214921
0.0,2,49.216902
0.0,3,49.21961
0.0,3,49.222324
1.5,2,49.22403
0.0,2,49.225928
0.0,4,49.229596
0.0,4,49.233274
0.0,4,49.237102
0.0,2,49.238947
0.0,3,49.24192
0.0,2,49.243934
0.0,2,49.245754
0.0,4,49.249763
0.0,4,49.253521
0.0,3,49.256556
0.0,3,49.259557
0.0,3,49.262821
0.0,2,49.264728
0.0,3,49.267375
0.0,3,49.270061
0.0,5,49.274612
0.0,4,49.278291
0.0,3,49.280964
0.0,3,49.283925
0.0,3,49.286808
0.0,3,49.289544
0.0,2,49.291591
0.0,4,49.295324
0.0,3,49.298198
0.0,3,49.300938
0.0,2,49.302779
0.0,3,49.305645
0.0,3,49.308734
0.0,3,49.311671
0.0,3,49.314541
0.0,4,49.318339
0.0,2,49.320251
0.0,2,49.322028
0.0,3,49.324826
0.0,3,49.327601
0.0,3,49.330255
0.0,3,49.333093
0.0,2,49.33524
0.0,2,49.337193
0.0,3,49.340042
-0.544762,6,49.345569
0.0,4,49.34934
0.0,2,49.351198
0.0,4,49.354806
0.0,3,49.357584
0.0,2,49.359531
0.0,4,49.363377
0.0,3,49.366135
0.0,3,49.369025
1.5,2,49.370843
0.0,4,49.374481
0.0,2,49.376353
0.0,3,49.379098
0.0,4,49.382778
0.0,2,49.38464
0.0,4,49.38834
0.0,5,49.393113
0.0,5,49.397452
0.0,3,49.400069
0.0,2,49.401796
0.0,2,49.403659
0.0,2,49.405362
0.0,3,49.407973
0.0,3,49.410622
0.0,2,49.412579
0.0,4,49.416471
0.0,2,49.418373
0.0,2,49.420188
0.0,3,49.423027
0.0,2,49.424811
0.0,2,49.426482
0.0,4,49.430067
0.0,3,49.432917
0.0,2,49.434972
0.0,4,49.438927
0.0,2,49.44073
0.0,3,49.443583
0.0,2,49.445517
0.0,3,49.44828
1.5,2,49.450906
0.0,2,49.453568
0.0,4,49.45745
0.0,4,49.461184
0.0,3,49.464219
0.0,5,49.469209
0.0,3,49.472497
-0.864805,3,49.476326
0.0,2,49.479206
0.0,2,49.481602
0.0,2,49.483575
0.0,3,49.486537
1.5,2,49.488603
0.0,4,49.492492
0.0,2,49.494536
0.0,3,49.497528
0.0,2,49.499375
0.0,4,49.503585
0.0,3,49.506489
0.408914,2,49.508715
0.0,3,49.511898
0.0,5,49.516968
0.0,2,49.518904
0.0,3,49.521597
0.0,2,49.523448
0.0,4,49.527081
0.0,3,49.530105
0.0,4,49.53389
-0.007028,2,49.536005
0.0,2,49.537833
0.0,2,49.539763
0.0,4,49.543659
0.0,3,49.546554
0.0,3,49.549509
1.5,2,49.593319
0.0,5,49.598119
1.5,2,49.59987
0.0,2,49.682845
0.0,3,49.68597
0.0,3,49.689121
1.0,2,49.691107
0.0,2,49.693007
0.0,4,49.69663
0.0,2,49.698411
0.0,3,49.701224
0.0,3,49.704049
0.0,2,49.705856
0.0,3,49.708684
0.0,2,49.710652
1.5,2,49.712821
0.0,2,49.715023
0.0,3,49.718075
0.0,2,49.71993
0.0,4,49.72356
0.0,2,49.725317
0.0,3,49.728391
0.0,3,49.731343
0.0,3,49.73404
0.0,4,49.737774
1.5,2,49.739534
0.0,3,49.742358
0.0,3,49.744993
0.0,4,49.748415
0.0,2,49.750179
0.0,3,49.753116
0.0,2,49.755
0.106151,3,49.757938
0.0,3,49.760988
0.0,4,49.764397
0.0,2,49.766526
0.0,4,49.770475
0.0,2,49.772549
0.0,3,49.775331
0.0,4,49.7792
0.0,3,49.781796
0.0,3,49.784655
0.0,4,49.788636
0.0,3,49.79164
1.5,2,49.793766
0.0,2,49.795655
0.0,4,49.799425
-0.050102,2,49.801243
0.0,5,49.805806
-0.427871,3,49.808784
0.0,3,49.812172
0.0,2,49.814284
0.0,2,49.816284
0.0,3,49.819312
0.0,5,49.823633
0.0,4,49.827295
0.0,4,49.8311
0.0,2,49.833105
0.0,3,49.836078
0.0,4,49.83982
0.0,2,49.841906
0.0,3,49.84473
0.0,2,49.84671
0.0,2,49.848701
1.5,2,49.850626
0.0,2,49.852601
0.0,4,49.856231
0.0,4,49.859812
0.0,3,49.862688
0.0,2,49.864575
0.0,2,49.866525
0.0,2,49.868361
0.0,3,49.871309
0.0,5,49.875823
0.0,2,49.87762
0.0,2,49.879341
0.0,2,49.881266
1.5,2,49.88314
0.0,3,49.886079
0.0,5,49.890882
0.0,4,49.894599
0.0,5,49.899006
0.0,5,49.903378
0.0,3,49.906071
0.0,3,49.908571
0.0,3,49.911468
0.0,4,49.915458
0.0,3,49.918649
0.0,3,49.92145
0.0,2,49.923362
0.0,2,49.925231
0.0,2,49.92698
1.5,2,49.928708
0.0,2,49.930559
0.0,3,49.933498
0.0,4,49.937673
0.0,3,49.940753
0.0,3,49.9434
0.0,2,49.945285
0.0,3,49.947943
0.0,3,49.950498
0.0,2,49.952499
0.0,6,49.958284
0.0,2,49.960374
0.0,3,49.963047
0.0,6,49.968527
0.0,2,49.970314
0.0,2,49.972221
0.0,3,49.974883
0.0,2,49.976565
0.546645,3,49.979361
0.0,5,49.983601
0.0,3,49.986341
0.0,3,49.989305
0.0,2,49.991118
0.0,2,49.992998
0.0,2,49.994812
0.0,2,49.996558
0.0,4,50.000088
0.0,3,50.002821
1.5,2,50.00455
0.0,2,50.006333
0.0,3,50.009168
0.0,2,50.011097
0.0,3,50.014264
0.0,2,50.016335
0.0,4,50.019939
0.0,2,50.022053
0.0,3,50.024691
0.0,2,50.026513
0.0,4,50.03025
0.0,3,50.033004
0.0,2,50.034957
0.0,3,50.037878
0.0,5,50.042235
0.0,3,50.045154
0.0,3,50.047792
0.0,3,50.05077
0.0,2,50.052626
0.0,3,50.055347
0.0,2,50.057195
0.0,2,50.058933
0.0,3,50.061633
0.0,2,50.063464
0.0,6,50.069109
0.0,2,50.070962
0.0,2,50.073078
0.0,2,50.074809
0.0,3,50.077554
0.0,2,50.079361
0.0,4,50.082761
0.0,4,50.08655
0.0,2,50.088394
-0.03012,3,50.091169
0.0,4,50.094942
0.0,2,50.096791
0.0,4,50.100358
0.0,4,50.10374
0.0,2,50.105673
0.0,2,50.107515
0.0,4,50.111557
0.0,3,50.114513
0.0,3,50.117308
0.0,3,50.120205
0.0,5,50.124384
0.0,3,50.12723
0.0,2,50.129165
0.0,2,50.130974
0.0,2,50.132892
0.0,4,50.13666
0.0,3,50.13941
1.5,2,50.141381
0.0,4,50.144978
0.0,4,50.148778
-0.781458,3,50.151457
0.0,4,50.155079
-0.164469,2,50.15674
0.586405,2,50.158539
0.0,2,50.160385
0.0,3,50.163293
0.01315,2,50.165172
0.0,2,50.16713
0.0,2,50.169325
0.0,4,50.172987
1.5,2,50.174793
0.0,3,50.177462
0.0,3,50.180152
0.0,2,50.181936
0.0,3,50.18506
0.0,3,50.187731
0.0,3,50.19045
0.0,3,50.192999
0.0,3,50.195714
0.0,2,50.197542
0.0,3,50.200049
0.0,2,50.20187
0.0,2,50.2037
0.0,2,50.205422
0.0,2,50.20724
0.0,2,50.209074
0.0,4,50.212661
0.0,2,50.21479
0.0,2,50.216644
1.5,2,50.218543
0.0,4,50.22208
0.0,3,50.224732
0.0,4,50.228168
0.0,2,50.230242
0.0,3,50.233398
0.0,3,50.2362
0.0,4,50.239827
0.0,5,50.244276
0.0,4,50.24765
0.0,3,50.250282
0.0,2,50.252124
0.0,2,50.254139
0.0,2,50.25592
0.0,5,50.260441
0.0,4,50.264005
0.0,2,50.265791
0.0,3,50.268675
0.0,4,50.272163
0.0,3,50.274937
0.0,4,50.27847
0.0,2,50.280279
0.0,2,50.282025
0.0,2,50.28368
0.0,3,50.286331
0.0,3,50.289216
0.0,2,50.291018
0.0,3,50.293747
0.0,3,50.296262
0.0,3,50.29876
0.0,5,50.302967
0.0,2,50.304713
0.0,3,50.30755
1.5,2,50.30943
1.5,2,50.311429
0.0,2,50.31353
0.0,3,50.316242
0.0,2,50.318005
0.0,4,50.32148
0.0,3,50.324007
0.0,3,50.326533
0.0,3,50.329281
0.0,2,50.33112
0.0,4,50.334501
0.0,4,50.338097
0.0,3,50.340701
0.0,4,50.344262
0.0,2,50.346084
0.0,3,50.348716
0.0,3,50.351461
0.0,2,50.353211
0.0,6,50.358167
0.0,4,50.361565
0.0,3,50.364155
0.0,2,50.365972
0.0,4,50.369549
0.0,3,50.372237
0.0,3,50.374686
0.0,2,50.376454
0.0,2,50.378239
0.0,4,50.381439
0.0,2,50.383224
0.0,2,50.38508
0.0,2,50.386858
0.0,5,50.390971
0.0,2,50.392879
0.0,3,50.395361
0.0,3,50.397968
0.0,3,50.400502
1.5,2,50.402114
0.0,3,50.40467
0.0,4,50.408108
0.0,2,50.409818
0.0,4,50.413352
0.0,2,50.415191
-0.399096,4,50.418876
0.0,2,50.420601
1.5,2,50.422289
0.0,3,50.424777
0.0,2,50.426563
0.0,5,50.430598
0.0,3,50.433419
0.0,3,50.436543
0.0,3,50.439216
0.0,3,50.441825
0.0,2,50.443557
0.0,2,50.445471
0.0,4,50.448958
0.0,3,50.451479
0.0,2,50.453641
0.0,2,50.455859
0.0,3,50.458474
0.0,3,50.46118
0.0,5,50.465387
0.0,3,50.46804
-0.212784,4,50.471503
0.0,4,50.474884
0.0,2,50.476611
0.0,2,50.478312
0.0,4,50.481871
0.0,3,50.484538
0.0,4,50.487978
0.0,4,50.491406
0.0,2,50.493122
0.0,3,50.495828
0.0,4,50.499301
0.0,3,50.502089
0.0,3,50.504827
0.0,3,50.507673
0.0,3,50.510427
0.0,3,50.513223
0.0,3,50.515926
0.0,3,50.518565
0.0,4,50.521973
0.0,4,50.525467
0.0,3,50.528033
0.0,3,50.530646
0.0,5,50.535035
0.0,2,50.536786
1.5,2,50.538601
0.0,2,50.540449
0.0,3,50.543058
0.0,2,50.544732
0.0,2,50.546493
0.0,3,50.549095
0.0,2,50.5508
0.0,2,50.552744
0.0,5,50.557086
0.0,3,50.559819
0.0,2,50.561645
0.0,3,50.564226
1.5,2,50.566036
0.0,2,50.567765
0.0,4,50.571312
0.0,3,50.574025
0.0,4,50.577504
0.0,3,50.580107
0.0,4,50.58348
0.0,2,50.585195
0.0,2,50.58708
0.0,3,50.628309
0.0,5,50.633013
0.0,5,50.637491
0.0,3,50.640243
0.0,3,50.642894
0.0,5,50.647101
1.5,2,50.648778
0.0,3,50.65144
0.0,3,50.654138
0.0,4,50.739895
0.0,2,50.742218
0.0,2,50.744161
0.0,4,50.747811
0.0,3,50.750605
0.0,3,50.753344
0.0,4,50.75723
0.0,2,50.759123
0.0,3,50.761875
0.0,4,50.765452
0.0,2,50.767366
0.0,3,50.770235
0.0,2,50.772105
0.0,2,50.773979
0.0,2,50.775812
0.0,4,50.779335
0.0,2,50.781228
0.0,4,50.78481
0.0,3,50.787512
-0.420922,4,50.791252
0.0,3,50.794097
0.0,4,50.797552
0.0,3,50.800301
-0.444464,4,50.80374
0.0,4,50.807306
0.0,4,50.81095
0.0,4,50.814842
-0.14841,3,50.817669
0.0,2,50.819502
0.0,4,50.823077
-1.0,2,50.824873
0.0,2,50.826838
0.0,4,50.830349
0.0,2,50.832284
0.0,3,50.835135
0.0,3,50.837865
0.0,6,50.843204
0.97898,2,50.845023
0.0,3,50.847704
0.0,3,50.850338
0.0,3,50.853069
0.0,3,50.855835
0.0,5,50.860214
0.0,2,50.862188
0.0,2,50.864093
0.0,3,50.866806
0.0,2,50.868762
0.0,2,50.87053
0.0,4,50.874254
0.0,4,50.877829
0.0,3,50.880342
0.0,2,50.882184
1.5,2,50.883903
0.0,3,50.886736
0.740209,7,50.892937
0.0,4,50.896563
-0.211349,3,50.899126
0.0,2,50.900814
0.0,4,50.904323
1.5,2,50.906074
0.0,2,50.90786
0.0,3,50.910565
1.5,2,50.912259
0.0,3,50.914966
1.5,2,50.917057
0.0,3,50.919945
0.0,2,50.921636
0.0,2,50.923412
0.0,3,50.926121
0.0,3,50.928826
0.0,3,50.931524
0.0,4,50.935141
0.467321,2,50.937145
0.0,3,50.939809
0.126833,2,50.941695
0.0,3,50.944426
0.0,3,50.947088
0.0,3,50.949833
0.0,4,50.953385
0.0,3,50.955952
0.0,4,50.959374
0.0,2,50.961053
0.0,2,50.962959
0.762138,3,50.965697
0.0,2,50.967393
0.0,3,50.970043
0.0,2,50.971901
0.0,3,50.974645
0.0,4,50.978149
0.0,2,50.980144
0.0,4,50.983536
0.0,2,50.985372
0.0,3,50.988025
0.0,2,50.989762
0.0,3,50.992399
0.0,3,50.995084
0.0,2,50.996836
0.0,2,50.99859
0.0,2,51.000392
0.0,2,51.002117
0.0,2,51.003791
0.0,4,51.007313
0.0,3,51.010023
0.0,3,51.012744
1.5,2,51.014882
0.0,4,51.018562
0.0,2,51.020418
0.0,3,51.023163
0.0,3,51.0257
0.0,4,51.029212
0.0,2,51.030978
0.0,2,51.032812
0.0,2,51.034581
0.0,3,51.037286
0.0,2,51.039055
0.0,3,51.04182
0.0,2,51.043525
0.0,3,51.046108
0.0,3,51.048686
0.0,4,51.05198
0.0,3,51.05463
0.0,3,51.057242
0.0,4,51.060708
0.0,3,51.063328
0.0,3,51.065822
0.0,2,51.067689
1.5,2,51.069445
0.0,4,51.072921
0.0,3,51.075586
0.0,2,51.077445
0.0,2,51.079251
1.5,2,51.080953
0.0,3,51.083536
0.0,3,51.08605
0.0,3,51.088685
0.0,3,51.091348
0.0,4,51.094767
0.0,5,51.098999
0.0,5,51.103141
0.0,3,51.105798
0.0,2,51.107608
0.0,2,51.109424
1.5,2,51.111405
0.0,3,51.114228
0.0,2,51.116047
0.0,4,51.119764
0.0,2,51.121578
0.0,5,51.125864
0.0,2,51.127624
0.0,3,51.130191
0.0,7,51.136866
0.0,2,51.138601
0.0,6,51.143864
0.0,2,51.145627
0.0,2,51.147534
0.0,2,51.149295
0.0,3,51.151822
0.0,4,51.155299
1.5,2,51.156981
0.0,2,51.158667
0.0,3,51.161301
0.0,4,51.164781
1.5,2,51.166569
0.0,3,51.169257
0.0,2,51.171087
0.0,3,51.173954
0.0,3,51.176632
0.0,2,51.178343
0.0,3,51.180922
0.0,4,51.184304
0.0,4,51.187943
0.0,3,51.190476
0.0,2,51.192324
-0.575615,2,51.194085
0.0,5,51.198474
0.0,4,51.201924
0.0,4,51.205195
0.0,4,51.208474
0.0,2,51.210142
0.0,3,51.212549
1.5,2,51.214228
0.0,4,51.217782
0.0,2,51.219567
0.0,3,51.222127
0.0,4,51.225371
0.0,4,51.22865
0.0,3,51.231063
1.0,2,51.232804
0.0,3,51.235379
0.0,2,51.237025
0.0,3,51.239531
0.0,3,51.242015
0.0,3,51.244363
0.0,3,51.246764
0.0,4,51.250008
0.0,2,51.251681
0.0,2,51.253319
1.5,2,51.254962
0.0,2,51.256517
0.0,5,51.260365
0.0,2,51.262039
0.0,2,51.263669
0.0,4,51.266971
1.5,2,51.268751
0.0,4,51.272476
0.0,2,51.274284
0.0,3,51.277037
0.0,2,51.278769
0.0,2,51.280509
0.0,4,51.284229
0.0,3,51.286818
-0.114744,4,51.290202
0.0,3,51.292654
0.0,4,51.295943
0.0,2,51.297685
0.0,2,51.299378
0.0,4,51.302675
0.0,4,51.305893
0.0,2,51.307588
0.0,5,51.311586
0.0,2,51.313395
0.0,5,51.317532
0.0,3,51.319988
0.0,2,51.321663
0.0,2,51.323314
0.0,3,51.325756
1.5,2,51.327398
0.0,2,51.329102
0.0,4,51.332335
0.0,3,51.334763
0.0,4,51.337971
0.0,3,51.340431
0.0,2,51.342084
0.0,3,51.344575
0.0,2,51.346286
0.0,2,51.347928
0.0,3,51.350402
0.0,3,51.352835
0.0,4,51.356091
0.0,3,51.358584
0.0,2,51.360382
0.0,3,51.36288
0.0,2,51.364605
0.0,2,51.366247
0.0,2,51.367969
0.0,3,51.370453
0.0,3,51.372996
0.0,3,51.375453
0.0,2,51.377147
-0.812134,2,51.378858
0.0,3,51.381442
0.0,2,51.383071
0.0,2,51.38468
0.0,2,51.386293
0.0,3,51.388797
0.0,3,51.39127
0.0,2,51.39293
0.0,2,51.394622
0.0,3,51.39705
0.0,3,51.399495
0.0,3,51.401911
0.0,3,51.404384
0.0,2,51.406059
0.0,3,51.408546
0.0,3,51.410986
0.0,2,51.412714
1.5,2,51.414323
0.0,3,51.41687
0.0,2,51.418661
0.0,2,51.420448
0.0,4,51.423707
0.0,4,51.42691
0.0,2,51.428644
1.5,2,51.430302
0.227414,3,51.432855
0.0,2,51.434637
0.0,2,51.436473
0.0,5,51.440614
0.0,3,51.44311
0.0,3,51.445642
0.0,3,51.448142
0.0,6,51.453152
0.0,3,51.455899
0.0,4,51.459762
0.0,2,51.461468
0.0,2,51.463194
0.0,4,51.466535
0.0,2,51.468294
0.0,2,51.470057
0.0,3,51.472642
0.0,3,51.475234
1.5,2,51.476873
0.0,3,51.479286
0.0,2,51.481018
0.0,3,51.483402
0.0,3,51.485923
0.0,3,51.488362
0.0,4,51.491716
0.0,3,51.494246
0.0,3,51.496764
0.0,3,51.49927
0.0,2,51.500966
0.0,2,51.502585
0.0,4,51.505887
0.0,4,51.509123
0.0,4,51.512369
0.0,2,51.514117
0.0,4,51.517733
0.0,4,51.521062
0.0,2,51.522699
0.0,2,51.524302
0.0,3,51.526737
0.0,3,51.529187
0.0,5,51.533207
1.5,2,51.53493
0.0,4,51.538172
0.0,3,51.540644
-0.141305,2,51.542297
0.0,3,51.544817
0.0,2,51.546457
0.0,4,51.549742
0.0,3,51.552228
0.0,3,51.554695
0.0,3,51.557088
0.0,3,51.559571
0.0,5,51.563569
0.0,3,51.565965
0.0,4,51.569207
0.0,2,51.570832
0.0,2,51.572528
0.0,2,51.574183
0.0,4,51.577394
0.0,3,51.615428
0.0,2,51.61722
0.0,2,51.618915
0.0,4,51.622128
0.0,3,51.624579
0.0,5,51.628515
0.0,2,51.630113
0.0,2,51.631771
1.5,2,51.633382
0.0,2,51.635123
0.0,2,51.636747
0.0,2,51.638441
0.0,4,51.64162
0.0,5,51.645586
0.0,3,51.647949
0.0,2,51.649611
0.0,2,51.651262
0.0,3,51.653738
0.0,3,51.656249
-0.760371,2,51.657894
0.0,3,51.746156
0.0,4,51.751562
0.0,3,51.754452
0.22375,3,51.758137
0.0,4,51.764417
0.0,2,51.766476
0.0,2,51.768323
0.0,2,51.770085
0.0,2,51.771806
0.0,3,51.774349
0.0,2,51.776066
0.0,3,51.778515
0.0,4,51.781761
0.0,2,51.783537
0.0,3,51.786443
0.0,4,51.789917
0.0,2,51.791796
0.0,4,51.795154
0.0,4,51.798528
0.0,2,51.80017
0.0,4,51.803408
0.0,2,51.805209
0.0,2,51.806797
0.0,2,51.808475
0.0,2,51.810159
0.0,2,51.811819
0.0,5,51.816137
0.0,2,51.817948
0.0,2,51.819694
0.0,4,51.823021
0.0,3,51.825683
0.0,3,51.828156
0.0,3,51.830656
0.0,3,51.833223
0.0,5,51.837315
-0.084839,2,51.839061
0.0,3,51.841654
0.0,3,51.8443
0.0,5,51.84857
0.0,2,51.850288
1.5,2,51.851941
0.0,2,51.85374
0.0,4,51.857113
0.0,2,51.85883
0.0,2,51.860689
0.0,3,51.863217
0.0,5,51.867786
1.5,2,51.869534
0.0,2,51.871266
0.0,3,51.873947
0.0,3,51.87645
0.0,2,51.878167
0.0,3,51.880722
0.0,2,51.882339
0.0,2,51.883962
0.0,3,51.886432
0.0,2,51.888334
0.0,2,51.890147
0.0,4,51.893628
0.0,3,51.896252
0.0,2,51.897943
0.0,3,51.900461
0.0,3,51.903081
0.0,3,51.905539
0.0,4,51.909059
0.0,2,51.91089
0.0,4,51.914429
0.0,2,51.916255
0.0,3,51.919227
0.0,3,51.922083
0.0,3,51.924714
0.0,3,51.927354
0.0,3,51.929989
0.0,4,51.933635
0.0,2,51.935842
-0.809371,5,51.940416
1.5,2,51.942302
0.593509,2,51.944231
0.0,2,51.945974
-0.243613,2,51.947707
0.0,3,51.950333
0.0,3,51.953108
0.0,2,51.954844
0.0,3,51.957608
0.0,4,51.960996
0.365041,3,51.963595
0.0,4,51.967401
0.0,3,51.970188
1.5,2,51.972016
0.0,2,51.973929
0.0,2,51.975661
0.0,2,51.977649
0.0,2,51.979471
0.0,3,51.982002
0.0,2,51.983821
0.0,3,51.986588
0.0,4,51.990126
0.0,2,51.991946
0.0,2,51.993908
0.0,2,51.995662
0.0,4,51.999373
0.0,3,52.001907
0.0,3,52.004586
1.5,2,52.006429
0.0,3,52.009094
1.5,2,52.010894
0.0,3,52.013591
0.0,4,52.017725
0.0,3,52.020821
0.0,2,52.022609
0.0,2,52.024328
0.0,2,52.026177
0.0,2,52.028151
0.0,5,52.032665
0.0,4,52.036658
0.0,2,52.038628
0.0,2,52.040462
0.0,2,52.042391
0.0,2,52.044117
0.0,2,52.045996
0.0,3,52.048885
0.0,2,52.050744
0.0,2,52.052679
0.0,3,52.055506
-0.2575,3,52.058071
0.0,2,52.05983
0.0,3,52.062898
0.0,3,52.065807
0.0,3,52.068786
0.0,4,52.07261
0.0,3,52.075516
0.0,4,52.079034
0.0,2,52.080956
0.0,2,52.082762
0.0,3,52.085739
0.0,3,52.088629
0.0,2,52.090608
0.0,3,52.093403
0.0,3,52.096408
0.0,3,52.099074
0.0,2,52.100947
0.0,2,52.102781
0.0,2,52.104628
0.0,4,52.108293
0.0,3,52.111177
0.0,2,52.113384
0.0,2,52.115708
0.0,4,52.119833
0.0,4,52.123655
0.0,3,52.126451
0.0,3,52.129278
0.0,4,52.133224
0.0,2,52.135177
1.5,2,52.137178
0.0,3,52.14033
0.0,4,52.144267
0.0,2,52.146239
0.0,2,52.148106
0.0,4,52.151916
0.0,2,52.154106
0.0,3,52.157008
0.0,2,52.159045
0.0,2,52.161243
0.0,3,52.164314
0.0,2,52.166391
0.0,3,52.169585
0.0,3,52.172812
0.0,2,52.174967
0.0,2,52.177007
0.0,3,52.180082
0.0,2,52.182036
0.0,2,52.183939
0.0,2,52.185957
0.0,3,52.18909
0.0,3,52.192168
0.0,3,52.195301
0.0,2,52.197201
0.0,2,52.199302
0.0,2,52.201345
0.0,2,52.203209
0.0,2,52.205158
0.0,2,52.207158
0.0,2,52.209469
0.0,3,52.212549
0.0,2,52.214832
0.0,5,52.220212
0.0,2,52.222387
0.0,4,52.226341
0.0,2,52.228408
0.0,3,52.231689
0.0,2,52.233708
0.0,4,52.23807
0.0,2,52.240101
0.0,2,52.24222
0.0,4,52.246439
0.0,2,52.248446
1.5,2,52.250585
0.0,3,52.253768
0.0,3,52.257161
0.0,2,52.25929
0.0,2,52.261205
0.0,3,52.264337
0.0,2,52.266543
0.0,5,52.271683
0.0,2,52.273815
0.0,3,52.276942
0.0,2,52.278986
0.0,3,52.282035
0.0,5,52.287577
-0.01525,2,52.289793
0.0,3,52.293081
0.0,4,52.297245
0.0,3,52.300317
0.0,3,52.303267
0.0,5,52.308277
0.0,4,52.312205
0.0,4,52.31697
0.0,5,52.322204
0.0,3,52.325162
0.0,4,52.329256
0.0,2,52.331272
1.5,2,52.33331
1.5,2,52.335519
0.0,2,52.33763
0.0,2,52.339753
0.0,3,52.343016
0.0,4,52.347159
0.0,4,52.351457
0.0,5,52.356331
0.0,2,52.358352
0.0,3,52.361486
0.0,3,52.364833
0.0,3,52.367896
0.0,4,52.372162
0.0,3,52.375231
0.0,2,52.377398
0.0,3,52.380402
0.0,2,52.382516
0.0,3,52.385721
0.0,3,52.388963
1.5,2,52.391253
0.0,2,52.393411
0.0,5,52.398525
0.0,3,52.401651
1.5,2,52.403768
0.0,4,52.407779
0.0,2,52.409952
0.0,4,52.414331
0.0,3,52.417593
0.0,4,52.422347
0.0,2,52.424587
1.5,2,52.426709
0.0,3,52.429772
-2.0,2,52.432015
0.0,2,52.434185
0.0,3,52.437946
0.0,2,52.440169
0.0,4,52.444446
0.0,2,52.446481
0.0,4,52.450549
1.5,2,52.452677
0.0,3,52.455888
0.0,4,52.460027
0.0,5,52.465304
0.0,4,52.469524
0.0,2,52.47158
0.0,3,52.474956
0.0,3,52.478085
0.0,3,52.481288
0.0,2,52.483294
0.0,3,52.48636
0.0,3,52.489691
0.0,2,52.492474
0.0,2,52.495722
0.0,2,52.499181
0.0,3,52.504768
0.0,5,52.512116
0.0,4,52.518589
0.0,3,52.524022
0.0,4,52.530143
0.0,2,52.532568
0.0,4,52.538054
0.0,2,52.540153
0.0,2,52.542384
0.0,3,52.545673
0.0,4,52.549742
0.0,3,52.55323
0.0,3,52.556583
0.0,2,52.55866
0.0,4,52.562509
0.0,3,52.565768
0.0,3,52.568741
0.0,2,52.570936
0.0,2,52.573229
0.0,4,52.577203
0.0,2,52.579344
0.0,3,52.582235
0.0,4,52.586481
0.0,3,52.589459
0.0,3,52.592712
0.0,3,52.595758
0.0,4,52.599801
0.0,2,52.60187
0.0,3,52.604835
0.0,3,52.607807
0.0,3,52.610764
0.0,2,52.613013
0.0,3,52.616949
0.0,2,52.619366
0.0,2,52.621549
0.0,4,52.625624
0.0,4,52.629874
0.0,2,52.632006
0.0,2,52.634371
0.0,2,52.636624
0.0,3,52.639863
0.0,2,52.642219
0.0,3,52.645305
0.0,3,52.648526
0.0,2,52.650628
0.0,3,52.653685
0.0,3,52.657023
0.0,2,52.659159
0.0,5,52.664478
0.0,2,52.666694
0.0,3,52.67014
0.0,2,52.672222
0.0,2,52.67454
0.0,4,52.678734
0.0,2,52.68102
0.0,3,52.684772
0.0,2,52.687041
0.0,2,52.689279
0.0,3,52.692524
0.0,2,52.694734
0.0,2,52.696854
0.0,2,52.698965
0.0,3,52.746784
0.0,3,52.749744
0.0,2,52.752089
0.0,3,52.755326
0.0,4,52.759813
1.5,2,52.761969
0.0,2,52.764187
0.0,3,52.767712
0.0,3,52.770886
0.0,3,52.774249
0.0,3,52.777328
0.0,3,52.780426
-0.095175,4,52.784546
0.0,2,52.786987
0.0,2,52.789175
0.0,2,52.791309
0.244304,2,52.793692
0.0,2,52.795827
0.0,6,52.802008
0.0,4,52.806
0.0,3,52.809363
0.0,3,52.812513
0.0,3,52.816018
0.0,3,52.819539
0.0,4,52.823984
0.0,4,52.828668
0.0,2,52.830879
0.0,4,52.923363
0.0,3,52.926709
-0.403701,3,52.9298
0.0,4,52.93418
0.0,5,52.940112
0.0,4,52.944532
0.0,3,52.947745
0.0,3,52.950938
0.0,4,52.955251
0.0,4,52.960194
0.0,3,52.963674
0.0,2,52.96583
1.5,2,52.968044
0.0,3,52.971356
1.5,2,52.973473
0.0,2,52.975675
0.0,3,52.978759
0.0,3,52.981862
0.0,5,52.986923
0.0,3,52.990281
0.0,2,52.992469
0.0,5,52.997662
0.0,2,52.999727
0.0,6,53.005924
0.0,3,53.009291
0.0,3,53.012723
0.0,2,53.014899
0.0,3,53.018378
0.0,5,53.024085
0.0,2,53.026271
0.0,3,53.029261
0.0,2,53.03147
0.0,4,53.035762
0.0,3,53.039126
0.0,3,53.042226
0.0,3,53.045458
0.0,2,53.047589
0.0,4,53.05181
0.0,3,53.055033
0.0,5,53.060048
0.0,2,53.062002
0.0,2,53.063947
0.0,3,53.067168
0.0,2,53.069237
0.0,3,53.072382
0.0,5,53.077405
0.0,2,53.079486
1.5,2,53.081516
0.0,3,53.084418
0.0,3,53.087745
0.0,3,53.090944
0.0,4,53.095141
0.0,2,53.09723
0.0,4,53.101175
0.0,2,53.103219
-0.115363,2,53.105309
0.0,3,53.108344
0.0,2,53.110364
0.0,2,53.112438
0.0,3,53.115797
0.0,4,53.120117
0.0,4,53.124266
0.0,3,53.127427
0.0,2,53.129713
0.0,3,53.132865
0.0,3,53.136242
0.0,4,53.140404
0.0,3,53.143807
0.0,2,53.14598
0.0,2,53.148162
0.0,4,53.152515
0.0,3,53.155489
0.0,2,53.157622
0.0,2,53.159584
0.511242,2,53.16169
0.0,2,53.163979
1.5,2,53.16619
0.0,3,53.169448
0.0,2,53.171808
0.0,2,53.173991
0.0,2,53.176108
0.0,2,53.178246
0.0,4,53.182185
1.5,2,53.184366
0.0,3,53.187731
0.0,3,53.190989
0.0,3,53.19432
0.0,4,53.198444
0.0,2,53.200551
0.0,2,53.202573
0.0,4,53.206566
0.0,3,53.209558
0.0,3,53.212703
1.5,2,53.21489
0.0,5,53.220166
0.0,3,53.223442
0.0,3,53.226655
0.0,4,53.230574
0.0,3,53.233827
0.0,2,53.235966
0.0,3,53.23926
0.0,3,53.242426
0.0,3,53.24551
0.0,3,53.248557
0.0,2,53.250543
0.0,5,53.255769
0.036199,3,53.258953
0.0,3,53.262352
0.0,3,53.265496
0.0,4,53.269936
0.0,2,53.272032
0.0,4,53.276308
0.0,2,53.278471
0.0,2,53.280815
1.5,2,53.283082
0.0,4,53.287556
0.0,4,53.292445
0.0,4,53.296574
0.0,2,53.2986
0.0,2,53.300649
0.0,5,53.305677
0.0,2,53.307733
0.0,4,53.312049
0.0,2,53.314221
0.0,2,53.316725
1.5,2,53.319071
0.0,4,53.323526
0.0,2,53.325633
0.0,2,53.327627
0.0,3,53.330721
2.0,2,53.332752
0.0,3,53.335737
0.0,4,53.340007
0.506583,4,53.344125
0.0,4,53.348269
0.0,4,53.352551
0.0,6,53.358627
0.0,2,53.360536
0.0,3,53.363567
0.0,3,53.366787
0.0,3,53.369912
0.0,2,53.372096
0.0,3,53.375419
-0.122485,3,53.378607
0.0,2,53.380632
0.0,3,53.383604
0.0,5,53.388742
0.0,3,53.391993
0.0,2,53.394217
0.0,2,53.396298
0.0,3,53.399477
0.0,4,53.403289
0.0,4,53.407161
0.0,3,53.410132
0.0,4,53.414523
0.0,2,53.416735
0.0,4,53.421134
0.0,2,53.423642
0.0,4,53.427889
0.0,5,53.432842
0.0,4,53.437671
0.0,3,53.441065
0.0,4,53.445264
-0.192144,5,53.450484
0.0,3,53.453562
0.0,2,53.455607
0.0,3,53.45856
0.0,4,53.463078
0.0,3,53.46647
0.0,2,53.468665
0.0,3,53.471873
0.0,3,53.474969
0.0,3,53.477902
1.5,2,53.479712
0.0,5,53.484673
0.0,2,53.486774
0.0,3,53.490084
-0.494838,3,53.494247
0.0,3,53.497632
0.0,2,53.499826
0.0,3,53.502925
0.0,2,53.505056
0.0,2,53.507044
0.0,3,53.510158
0.0,4,53.514708
0.0,4,53.518791
0.0,4,53.523026
0.0,3,53.526223
0.0,2,53.528237
0.0,2,53.530272
0.0,3,53.533519
0.0,2,53.535434
0.0,3,53.538412
0.0,4,53.542564
0.0,4,53.54669
0.0,4,53.55054
0.0,3,53.553808
-0.240968,2,53.556112
0.0,5,53.561342
1.5,2,53.563309
0.0,4,53.567479
0.0,3,53.570743
-0.203424,4,53.575232
0.0,4,53.579354
0.0,3,53.582494
0.0,3,53.585452
0.0,2,53.587641
0.0,3,53.590947
0.0,4,53.595291
0.0,4,53.599539
0.0,2,53.601678
0.0,2,53.603947
0.0,2,53.605996
0.416398,3,53.609226
0.0,5,53.614706
0.0,2,53.617089
0.0,4,53.621621
0.0,2,53.62387
0.0,3,53.626878
0.0,3,53.630034
0.0,3,53.633069
0.0,3,53.636287
0.0,3,53.639547
0.0,3,53.642701
0.0,4,53.647031
0.0,2,53.649151
0.0,3,53.652544
0.0,2,53.654704
0.0,3,53.657706
0.0,3,53.660707
0.0,4,53.664758
0.0,3,53.66794
0.0,2,53.670173
0.0,2,53.672524
0.0,3,53.675603
0.0,2,53.677622
0.0,2,53.679812
0.0,3,53.682561
0.0,3,53.68559
0.0,4,53.690119
0.0,3,53.693551
0.0,2,53.695519
0.0,3,53.69872
0.0,4,53.702688
0.0,2,53.704624
0.0,5,53.709278
0.0,2,53.711209
1.5,2,53.713606
0.0,2,53.715904
0.0,4,53.720246
0.0,5,53.725696
-0.223053,2,53.727943
0.0,4,53.731834
0.0,5,53.736792
0.0,3,53.739936
0.0,2,53.742126
0.0,2,53.744205
0.0,3,53.747336
0.0,2,53.749439
0.0,3,53.752378
0.0,3,53.755471
0.0,4,53.759657
0.0,3,53.762803
0.0,3,53.765924
0.0,3,53.769205
0.0,3,53.772335
0.0,3,53.775388
0.0,2,53.777441
0.0,3,53.780334
0.464125,3,53.783395
0.0,2,53.785331
0.0,3,53.788313
0.0,3,53.791477
0.0,3,53.794621
0.0,2,53.796704
0.308628,3,53.799771
0.0,3,53.80268
0.0,4,53.806648
0.0,4,53.810799
0.0,2,53.813071
0.0,3,53.816219
0.0,3,53.819564
0.0,3,53.822822
0.0,2,53.82509
0.0,4,53.829202
0.0,2,53.831261
0.0,4,53.835388
0.0,3,53.838764
1.5,2,53.840922
0.0,2,53.843091
0.0,2,53.845307
0.810682,3,53.848482
0.0,3,53.852464
0.0,3,53.856427
0.0,2,53.858878
0.0,2,53.861365
0.0,2,53.863744
0.0,2,53.865978
0.0,3,53.869184
0.0,3,53.872373
1.178374,2,53.874602
0.0,2,53.876821
0.0,2,53.879078
0.0,2,53.881202
0.0,3,53.883982
1.5,2,53.886102
0.0,2,53.888293
0.0,2,53.890472
0.0,2,53.892763
0.0,2,53.895037
0.0,3,53.933833
0.0,3,53.937448
0.0,6,53.943415
0.0,3,53.946502
0.0,3,53.94954
0.0,2,53.951699
0.0,2,53.953831
0.0,2,53.955946
0.0,3,53.958807
0.0,3,53.962003
0.0,4,53.96657
0.0,3,53.9698
1.5,2,53.971978
0.0,4,53.976228
0.0,4,53.980263
0.0,3,53.983252
0.0,3,53.986481
0.0,4,53.990461
1.5,2,53.992595
0.0,2,53.994784
0.0,4,53.998784
0.0,2,54.000813
0.0,3,54.00359
0.0,3,54.00666
-0.387369,4,54.010561
0.0,3,54.013872
-0.089694,3,54.017149
0.0,2,54.019189
0.0,3,54.022683
0.0,4,54.026984
0.0,3,54.029946
0.0,3,54.032947
0.0,4,54.037041
0.0,3,54.04019
0.0,3,54.129346
0.0,3,54.132894
-0.133876,2,54.135011
0.0,4,54.139411
0.0,2,54.141637
0.0,4,54.146023
0.0,4,54.150121
0.0,3,54.15346
0.0,3,54.156629
0.402088,2,54.158804
0.0,3,54.161839
0.0,3,54.164967
0.0,4,54.169377
0.0,3,54.172672
0.15271,4,54.176839
0.0,4,54.18077
0.0,2,54.182645
0.0,3,54.185672
0.0,5,54.190553
0.0,3,54.193613
0.0,2,54.19565
0.0,2,54.19771
-0.05735,2,54.19987
0.0,5,54.204715
0.0,3,54.207666
0.0,3,54.210647
0.0,2,54.212639
0.0,3,54.215934
0.0,2,54.217931
0.0,5,54.223615
0.0,3,54.226973
0.0,3,54.230319
-0.044328,4,54.234158
0.0,5,54.239329
0.0,3,54.242758
0.0,3,54.245872
0.0,2,54.248088
0.0,5,54.253167
0.0,4,54.257057
0.0,4,54.26104
0.0,4,54.265109
0.0,2,54.26721
0.542563,2,54.26947
0.0,4,54.2737
0.0,4,54.277684
0.0,2,54.279765
0.0,5,54.285014
0.0,5,54.290335
0.0,3,54.29354
0.0,3,54.296657
0.0,2,54.298795
0.0,3,54.301697
0.0,5,54.306399
0.0,3,54.30913
0.0,3,54.312126
0.0,2,54.314203
0.0,3,54.317333
0.0,2,54.319514
0.0,3,54.323017
0.0,4,54.327203
-0.207207,4,54.330985
0.0,3,54.334034
0.0,2,54.336013
0.0,3,54.339275
0.0,2,54.341402
1.5,2,54.343341
0.0,3,54.346277
1.5,2,54.348173
0.0,2,54.350111
-1.0,2,54.352001
0.0,5,54.356994
0.0,2,54.359207
0.0,3,54.362551
0.0,2,54.364619
0.0,2,54.366766
0.0,2,54.368956
0.0,2,54.371037
0.0,3,54.374215
1.5,2,54.376386
-1.0,3,54.379537
0.0,3,54.382565
0.0,2,54.384538
0.0,2,54.386526
0.0,4,54.390948
0.0,4,54.39525
0.0,6,54.400946
0.0,5,54.405611
0.0,2,54.407569
0.0,3,54.410798
0.0,3,54.413931
0.0,3,54.417387
0.0,2,54.419503
0.0,4,54.423768
0.0,3,54.427323
0.0,4,54.431775
0.0,4,54.436641
0.0,3,54.439876
0.0,3,54.443087
0.0,2,54.445403
0.0,4,54.449308
0.0,4,54.453793
0.0,3,54.456776
0.0,5,54.461489
0.0,4,54.465365
0.0,2,54.467323
0.0,2,54.469336
0.0,4,54.473299
0.0,2,54.475235
0.0,3,54.478118
0.0,3,54.480951
0.0,4,54.484642
0.0,4,54.488434
0.0,6,54.495237
0.0,3,54.49867
0.0,3,54.50196
0.0,4,54.506184
1.0,2,54.508488
0.0,4,54.512913
0.0,3,54.5166
0.0,2,54.518781
1.5,2,54.520926
1.5,2,54.523213
0.0,5,54.530019
0.0,4,54.534224
0.0,4,54.538516
1.5,2,54.540676
0.0,2,54.543024
0.0,3,54.546114
0.0,3,54.549288
0.0,5,54.554185
0.0,3,54.557145
0.0,4,54.561065
0.0,3,54.564434
0.0,2,54.566545
0.0,2,54.568659
0.0,3,54.571994
0.0,2,54.573989
0.0,2,54.575904
0.0,2,54.577764
0.0,3,54.580528
0.0,4,54.584609
0.0,3,54.587607
0.0,4,54.591703
0.0,4,54.595628
0.0,2,54.597536
0.0,4,54.601182
0.040566,3,54.604153
0.0,3,54.607077
0.0,2,54.608984
0.0,3,54.612043
0.0,3,54.614835
0.0,3,54.618022
0.0,5,54.623786
0.0,4,54.627604
0.0,4,54.631559
0.0,3,54.634858
0.0,3,54.638004
0.0,5,54.643064
0.0,4,54.64686
0.0,4,54.650534
0.0,3,54.653631
0.182798,2,54.655799
0.0,4,54.659963
0.0,3,54.663105
0.0,3,54.666222
0.0,2,54.6686
0.0,2,54.67099
0.0,2,54.673227
0.0,2,54.675537
0.0,3,54.678462
0.0,4,54.682385
0.0,4,54.686085
0.0,2,54.688199
0.0,3,54.691452
0.0,3,54.694528
0.0,3,54.697724
0.0,2,54.699715
0.0,3,54.702599
0.0,2,54.704449
0.0,4,54.708336
0.0,2,54.710395
0.0,4,54.714536
0.170003,2,54.716681
0.0,3,54.719776
0.0,4,54.723744
0.0,3,54.72677
0.0,5,54.731748
0.0,2,54.733716
0.0,5,54.738656
1.5,2,54.740546
0.0,4,54.744478
0.0,3,54.747284
0.0,3,54.750047
0.0,2,54.752105
0.0,4,54.756027
0.0,3,54.759269
0.0,4,54.763159
0.0,2,54.765307
0.0,2,54.767266
0.0,2,54.769285
1.5,2,54.77134
0.0,2,54.773594
-0.859999,4,54.777631
0.0,2,54.779616
1.0,4,54.783269
0.0,3,54.786361
0.0,3,54.789233
0.0,4,54.793071
0.0,4,54.796893
0.0,4,54.800793
0.0,3,54.803643
0.0,2,54.805499
0.0,5,54.810126
0.0,3,54.812931
0.0,5,54.817524
0.978138,2,54.819449
-0.446709,2,54.821873
0.0,2,54.824148
-0.081694,4,54.828198
0.0,5,54.833421
0.0,3,54.836565
0.0,5,54.841612
0.0,3,54.844781
0.0,5,54.849664
0.0,3,54.852505
0.0,3,54.855509
0.0,2,54.857517
1.5,2,54.859465
0.0,2,54.8617
0.0,2,54.86381
0.0,4,54.867717
0.0,3,54.870765
0.0,3,54.873604
0.0,5,54.878381
0.0,3,54.881155
0.0,2,54.882967
0.0,2,54.884896
0.0,3,54.88766
0.034809,2,54.889731
1.0,3,54.892755
0.0,2,54.894945
0.0,2,54.896825
0.0,4,54.900913
0.0,3,54.903755
0.0,4,54.907483
0.0,5,54.912164
0.0,2,54.914022
0.0,4,54.91779
0.0,2,54.920045
0.0,2,54.921976
0.0,2,54.92394
0.0,4,54.928333
0.0,4,54.932339
-0.829505,2,54.934587
0.0,3,54.937863
0.0,2,54.93998
0.0,2,54.942011
0.0,2,54.944097
0.0,4,54.947906
1.5,2,54.949824
0.0,2,54.95201
0.0,3,54.954941
0.0,4,54.958918
0.0,4,54.963033
0.0,2,54.965053
0.0,3,54.968234
0.0,4,54.972287
0.0,2,54.974504
0.0,4,54.978591
0.0,2,54.980512
0.0,2,54.982665
0.0,3,54.985537
0.0,3,54.988882
0.0,3,54.991884
0.0,3,54.995022
0.0,3,54.998048
0.0,2,54.999944
0.0,2,55.001717
0.0,2,55.003685
0.0,2,55.005509
0.0,2,55.007451
0.0,3,55.010123
0.0,3,55.013017
1.5,2,55.015172
0.0,3,55.018257
0.0,2,55.020191
0.0,2,55.022287
0.0,3,55.025832
0.0,2,55.028024
0.0,2,55.03009
0.0,3,55.03335
0.0,3,55.036497
0.0,2,55.038628
0.0,2,55.040555
0.0,3,55.04375
0.0,3,55.092801
0.0,4,55.096825
0.0,4,55.100787
0.0,2,55.102627
-1.0,2,55.104605
0.0,4,55.108411
0.0,4,55.112333
-0.018952,3,55.11538
0.0,4,55.119361
0.0,3,55.122579
0.0,3,55.125483
0.0,2,55.127407
-0.256873,5,55.131888
0.0,3,55.134683
0.0,2,55.136439
0.0,5,55.141182
0.0,2,55.143098
0.0,3,55.146106
0.0,2,55.147905
0.0,3,55.150742
0.0,3,55.153763
0.03613,2,55.155737
0.0,2,55.157675
0.0,4,55.16154
0.0,2,55.163604
0.0,3,55.166664
0.0,2,55.168766
0.0,3,55.1724
0.0,2,55.174517
0.0,2,55.176445
-0.560141,3,55.179399
0.0,4,55.183283
0.0,3,55.186192
0.0,3,55.189392
0.0,2,55.191494
1.5,2,55.193379
0.0,2,55.19528
0.0,2,55.197194
0.0,2,55.199057
-0.845612,4,55.20276
0.0,4,55.20639
0.0,2,55.208319
0.0,4,55.212214
0.0,3,55.215011
0.0,4,55.30775
0.0,3,55.310909
1.5,2,55.312904
0.0,2,55.315078
0.0,2,55.317205
0.0,2,55.319208
0.0,2,55.321379
0.0,2,55.323829
0.0,2,55.325869
0.0,2,55.328009
1.5,2,55.330079
0.0,2,55.332088
0.0,2,55.334174
0.0,3,55.337321
-0.377443,4,55.3414
0.0,3,55.345073
0.0,2,55.34737
0.0,2,55.349496
0.0,3,55.352826
0.0,2,55.354826
0.0,3,55.357809
0.0,2,55.359669
0.0,2,55.361783
0.0,3,55.364934
1.5,2,55.366996
0.0,2,55.369045
0.0,2,55.371076
0.0,4,55.37491
0.061962,4,55.378482
0.0,4,55.382248
0.0,3,55.385274
0.0,3,55.388197
0.0,5,55.393135
0.0,4,55.396827
0.0,3,55.399559
0.0,3,55.402508
0.0,3,55.405343
0.0,2,55.407311
0.0,2,55.409246
0.0,2,55.41131
1.5,2,55.413164
0.0,2,55.415201
0.0,2,55.417076
0.0,3,55.420006
0.0,2,55.422138
0.0,4,55.426077
0.0,3,55.429408
0.0,3,55.432533
0.0,6,55.438796
1.5,2,55.44073
0.0,2,55.442878
0.0,3,55.44568
0.0,3,55.448427
0.0,3,55.451311
0.0,5,55.456182
0.0,4,55.460084
0.0,4,55.463675
0.0,4,55.467426
0.0,3,55.470229
0.0,3,55.473061
0.0,3,55.475975
0.0,2,55.478176
0.0,2,55.480124
0.0,5,55.484658
0.0,2,55.486531
0.0,5,55.491363
0.0,4,55.495302
0.0,4,55.499174
0.0,2,55.501107
-0.475335,4,55.504748
0.0,4,55.508486
0.0,2,55.51049
0.0,4,55.514334
0.0,4,55.518283
0.0,2,55.520248
0.0,2,55.522278
0.0,4,55.526429
0.0,4,55.531342
0.0,4,55.535406
0.0,2,55.537511
0.0,3,55.540408
0.0,2,55.542345
0.0,3,55.545431
0.0,2,55.547448
0.0,2,55.549313
0.0,3,55.552135
0.0,3,55.554936
0.300269,2,55.556893
0.0,2,55.558637
0.0,2,55.560524
0.0,4,55.564233
1.0,2,55.566118
-0.048403,3,55.568918
0.0,2,55.57087
0.0,4,55.574653
0.0,4,55.578197
-0.570167,4,55.581776
0.0,2,55.583712
0.0,3,55.586638
0.0,5,55.591103
0.0,2,55.593119
1.5,2,55.594914
0.0,4,55.598453
0.0,3,55.60105
0.0,2,55.602988
0.0,2,55.604882
0.0,3,55.607507
-0.620299,4,55.611169
-0.31415,3,55.613952
0.0,3,55.616937
0.0,3,55.619797
0.0,3,55.622888
1.5,2,55.624778
0.0,3,55.627618
0.0,3,55.630313
0.0,2,55.63228
0.0,4,55.635864
0.0,4,55.639524
-1.0,2,55.641305
0.0,4,55.64508
0.0,2,55.646903
0.0,2,55.648908
0.0,2,55.650809
0.0,3,55.653838
0.0,3,55.656589
0.0,3,55.659243
0.0,4,55.66298
0.0,3,55.665821
0.0,4,55.669643
0.0,2,55.671526
-0.316985,5,55.675943
0.0,2,55.677747
0.0,3,55.68035
0.0,2,55.682165
0.0,6,55.687425
0.0,3,55.690442
0.0,2,55.69249
0.0,3,55.695225
0.0,4,55.698779
0.0,4,55.702341
0.0,2,55.704132
0.0,2,55.706079
0.0,4,55.709714
0.0,3,55.712767
0.0,5,55.717523
0.0,4,55.721455
0.0,2,55.72343
0.0,3,55.726703
0.0,2,55.728781
0.0,3,55.73173
0.0,5,55.736342
0.0,2,55.738406
0.0,3,55.741381
0.0,3,55.744131
0.0,2,55.746068
0.0,4,55.749659
0.0,5,55.754208
0.0,2,55.75601
0.0,4,55.759962
0.0,4,55.763561
0.0,2,55.765525
0.0,3,55.768418
0.0,3,55.771275
0.0,3,55.774279
0.0,3,55.776936
0.0,4,55.78062
0.0,3,55.783307
0.0,2,55.785118
0.0,3,55.788124
0.0,3,55.790939
0.0,3,55.79378
0.0,2,55.795775
0.0,4,55.799327
0.0,2,55.801282
0.0,2,55.803127
1.5,2,55.804965
0.0,3,55.807801
0.0,2,55.809836
0.0,4,55.813632
0.0,2,55.815727
0.0,3,55.818651
0.0,2,55.82048
0.0,4,55.824674
0.0,3,55.827573
-0.641829,2,55.829562
0.0,5,55.833996
0.0,2,55.835936
0.0,3,55.838692
0.0,4,55.842832
0.0,2,55.84492
0.0,2,55.846758
0.0,3,55.849619
0.0,3,55.852522
0.0,5,55.856913
0.0,3,55.859587
0.0,3,55.862582
-0.403887,4,55.866329
0.0,3,55.869112
0.0,4,55.872784
0.0,3,55.875423
0.0,3,55.878325
0.0,3,55.880979
0.0,3,55.883681
0.0,6,55.889178
0.0,2,55.891019
0.0,4,55.89473
0.0,3,55.897742
0.0,3,55.900488
0.0,4,55.903864
0.0,4,55.907447
0.0,2,55.909134
0.0,2,55.910878
0.0,3,55.913706
0.0,4,55.917364
0.0,4,55.921215
0.0,3,55.923862
0.0,4,55.927711
0.0,4,55.93164
0.0,2,55.933668
0.0,3,55.936507
0.0,2,55.938262
0.0,5,55.942989
0.0,3,55.945675
0.0,4,55.949234
1.5,2,55.950944
-0.412941,4,55.954509
1.5,2,55.956459
0.0,2,55.958239
0.0,2,55.960104
0.0,3,55.96292
0.0,2,55.964769
1.5,2,55.966527
0.0,3,55.969483
0.0,3,55.972159
0.0,4,55.975746
0.0,4,55.979159
0.0,3,55.981709
0.0,3,55.98437
0.0,2,55.986064
1.5,2,55.987883
0.0,3,55.9907
0.0,4,55.994199
0.0,2,55.995973
0.0,4,55.999534
0.0,4,56.003047
0.0,4,56.006616
0.0,2,56.00849
0.0,4,56.012261
0.0,3,56.014899
0.0,4,56.01847
0.0,3,56.021081
0.0,5,56.025651
-0.256162,2,56.027493
0.0,5,56.031986
0.0,2,56.033941
0.0,2,56.035771
0.0,3,56.038688
0.0,3,56.041361
0.0,3,56.044005
0.0,3,56.04664
0.0,2,56.048398
0.0,2,56.050156
0.0,3,56.053089
0.0,3,56.055759
0.0,3,56.058294
0.0,2,56.060167
0.0,2,56.06188
0.0,2,56.063672
0.0,2,56.065708
0.0,4,56.069423
0.0,5,56.074118
0.0,4,56.07754
0.0,2,56.079372
0.0,4,56.082972
0.0,4,56.086637
-0.192716,2,56.088519
-0.653103,3,56.091162
0.0,4,56.095157
0.0,4,56.098583
0.0,6,56.103794
0.0,2,56.105485
0.0,4,56.109091
0.0,4,56.11248
0.0,2,56.114458
0.0,3,56.117244
-0.44388,3,56.120019
0.0,2,56.122006
-0.491517,4,56.125903
0.0,4,56.129615
0.0,2,56.172838
0.0,3,56.175738
0.0,2,56.177651
0.0,2,56.179442
0.0,3,56.182076
0.0,4,56.185894
0.0,2,56.187679
0.0,2,56.189636
0.518122,4,56.193416
0.0,3,56.196106
1.5,2,56.197937
0.0,3,56.200699
0.0,4,56.204182
0.0,3,56.20691
0.0,3,56.209506
0.0,2,56.211432
0.0,2,56.213428
0.0,4,56.216918
0.0,5,56.221728
0.0,2,56.223533
0.0,4,56.227574
0.0,4,56.231393
0.0,2,56.233409
0.0,3,56.23632
0.0,3,56.239547
1.5,2,56.241763
0.0,5,56.246212
0.0,3,56.249028
-0.247595,4,56.252582
-1.0,2,56.254572
-1.768973,2,56.256461
0.0,2,56.258373
0.0,2,56.260239
0.0,3,56.263105
0.0,3,56.265753
0.0,2,56.267717
0.0,2,56.269723
0.0,2,56.271545
0.0,3,56.274358
0.0,2,56.276321
0.0,4,56.279887
0.0,3,56.282524
1.5,2,56.284265
0.0,3,56.286898
1.5,2,56.288973
0.0,2,56.290814
0.0,3,56.293546
0.0,4,56.297114
0.0,5,56.301478
0.0,3,56.304251
0.0,4,56.307724
0.62204,2,56.309792
0.0,3,56.312563
0.0,2,56.39816
1.5,2,56.40019
0.0,3,56.403087
0.0,4,56.40671
0.0,4,56.410346
0.0,4,56.413998
0.0,2,56.415961
0.0,4,56.419465
0.0,5,56.423874
0.0,2,56.42563
0.0,3,56.428507
0.0,2,56.430684
0.0,3,56.43347
-0.544209,3,56.43654
0.0,3,56.439258
0.0,3,56.442626
0.0,2,56.44456
0.0,3,56.447186
0.0,3,56.450047
0.0,4,56.453441
0.0,2,56.455254
0.0,4,56.458838
0.0,2,56.460643
0.0,3,56.4635
0.0,2,56.465252
0.0,3,56.467957
0.0,3,56.470745
0.0,2,56.472438
0.0,4,56.475867
0.0,3,56.478658
0.0,4,56.482038
0.0,4,56.485765
-0.011678,2,56.487498
-1.139332,2,56.489345
0.0,2,56.491306
0.0,2,56.493107
0.0,4,56.496666
0.0,3,56.499394
0.0,4,56.502764
0.0,3,56.505496
0.0,4,56.508861
0.0,3,56.511745
0.0,3,56.514479
0.0,2,56.516315
0.0,2,56.518192
0.0,2,56.520127
0.0,2,56.521973
0.0,2,56.52379
0.0,5,56.528461
0.77011,2,56.530418
0.0,5,56.535131
0.0,3,56.537921
0.0,3,56.540833
0.0,4,56.544322
0.0,2,56.546778
0.0,2,56.54984
0.0,4,56.554841
0.0,3,56.557943
0.0,5,56.563284
0.0,4,56.567663
0.0,3,56.570682
0.0,3,56.573768
0.0,2,56.576035
0.0,3,56.579124
0.0,3,56.582289
0.0,3,56.585391
0.0,2,56.587571
0.0,4,56.593028
0.0,3,56.596301
0.0,5,56.601416
-0.068611,4,56.60547
0.0,2,56.607814
0.0,4,56.611749
0.0,4,56.61538
0.0,2,56.617229
0.0,3,56.619855
0.0,2,56.62165
0.0,2,56.623503
0.0,2,56.625623
0.0,4,56.629204
1.5,2,56.631115
0.0,3,56.633906
0.0,4,56.6375
0.0,4,56.64108
0.0,3,56.644254
1.5,2,56.646338
0.0,3,56.64912
0.0,3,56.651864
0.0,4,56.655315
0.0,3,56.658164
0.0,4,56.661548
-0.417189,5,56.666113
0.0,2,56.668045
0.0,3,56.670894
0.0,3,56.673636
0.0,3,56.676224
0.0,4,56.679737
0.0,3,56.682247
0.0,2,56.684034
0.0,2,56.685936
0.0,4,56.689337
0.0,3,56.692265
0.0,4,56.695745
0.0,2,56.697609
0.0,2,56.699293
0.0,2,56.701083
1.5,2,56.702712
0.0,7,56.708717
0.0,6,56.714009
0.0,3,56.716601
0.0,2,56.71845
0.0,2,56.72023
0.0,3,56.722942
0.0,2,56.724771
1.5,2,56.726605
0.0,3,56.729835
0.0,3,56.732592
0.0,3,56.735351
1.5,2,56.737035
0.0,3,56.739684
0.0,5,56.744043
0.0,3,56.746618
0.0,3,56.749321
0.0,4,56.752722
0.0,3,56.755534
0.0,4,56.759149
1.5,2,56.761035
0.0,2,56.762958
0.0,3,56.765623
0.0,2,56.767474
1.5,2,56.769407
0.0,2,56.771231
0.0,3,56.773834
0.0,2,56.77574
0.0,3,56.778429
0.0,4,56.781954
0.0,5,56.786226
0.0,4,56.789801
1.5,2,56.791626
1.5,2,56.793367
0.0,3,56.796118
0.0,5,56.800414
0.0,2,56.802262
0.0,4,56.805754
0.0,3,56.808369
0.0,3,56.811163
0.0,4,56.81461
0.0,4,56.818306
0.0,4,56.821946
0.315969,4,56.825761
-0.153296,2,56.82769
0.0,3,56.830604
0.0,2,56.83259
0.0,2,56.834465
0.0,6,56.839794
0.0,3,56.842489
-0.469658,2,56.84433
0.0,4,56.847865
0.0,3,56.850486
0.0,2,56.852385
0.0,4,56.8561
0.0,5,56.86063
0.0,3,56.863216
0.0,4,56.866919
-0.432604,2,56.868749
0.0,3,56.871461
0.0,3,56.87436
0.0,2,56.876216
0.0,2,56.878306
0.0,4,56.88254
0.0,2,56.884398
0.0,2,56.886174
0.0,3,56.889016
0.0,2,56.890864
0.599755,3,56.893612
0.0,3,56.8964
0.0,4,56.899952
0.0,5,56.904232
1.5,2,56.906038
0.0,2,56.907905
0.0,4,56.911464
0.0,4,56.915195
0.0,2,56.917045
0.0,4,56.920597
0.0,5,56.924965
0.0,2,56.926721
0.0,2,56.928645
0.0,2,56.930789
0.0,4,56.934925
0.0,3,56.93804
0.0,2,56.939979
0.0,3,56.943214
0.0,3,56.946009
-0.40657,4,56.949633
0.0,5,56.95421
0.0,4,56.957723
0.0,2,56.959469
0.0,2,56.961297
0.0,2,56.963211
0.0,3,56.966035
0.0,4,56.969607
1.5,2,56.971505
0.0,4,56.974992
0.0,4,56.978488
0.0,2,56.980272
0.0,2,56.981978
-1.0,2,56.983919
0.0,3,56.986768
0.0,4,56.990363
0.0,2,56.992306
0.0,2,56.994077
0.0,4,56.997478
-0.796799,4,57.000875
0.0,2,57.002525
0.0,3,57.005138
-0.076402,3,57.007689
0.0,5,57.011955
0.0,3,57.014528
0.0,3,57.017055
0.0,2,57.018832
0.0,4,57.022432
0.0,4,57.025943
0.0,4,57.030105
0.382338,2,57.032058
1.5,2,57.033947
0.0,2,57.035808
0.0,5,57.040299
0.0,4,57.043894
0.0,3,57.046448
0.0,2,57.048168
0.0,5,57.052416
-0.69536,2,57.054532
0.0,3,57.057235
1.5,2,57.058975
0.0,2,57.06092
0.0,3,57.063681
0.0,3,57.066327
0.0,2,57.06818
0.0,2,57.070063
0.0,4,57.073583
0.0,2,57.075317
0.0,3,57.077982
0.0,6,57.083272
1.5,2,57.085046
0.0,4,57.088639
0.0,3,57.091439
0.0,2,57.093271
0.0,2,57.09513
0.0,3,57.097624
0.0,3,57.100175
0.0,4,57.103696
0.0,2,57.105474
0.0,2,57.107152
0.0,2,57.108983
0.0,3,57.111723
0.0,3,57.114254
0.0,3,57.117012
0.0,3,57.119619
0.0,2,57.121396
0.0,3,57.124148
0.0,4,57.128181
-0.834815,3,57.131072
0.0,2,57.132847
0.0,3,57.135504
0.0,3,57.138314
0.0,4,57.141768
0.0,3,57.144543
0.0,5,57.14904
0.0,2,57.150893
0.0,3,57.153576
0.0,4,57.156953
0.0,2,57.158721
0.0,4,57.162278
0.0,4,57.165972
0.0,2,57.167819
1.5,2,57.169599
0.0,3,57.172496
0.0,3,57.175238
0.0,2,57.176965
0.0,3,57.179602
0.0,3,57.220301
0.0,2,57.222242
0.0,3,57.224816
0.0,3,57.227456
0.0,4,57.231568
0.0,3,57.23428
0.0,2,57.23609
0.0,3,57.238734
0.0,4,57.242334
1.5,2,57.244119
0.0,2,57.245832
0.0,4,57.249352
0.0,3,57.252059
0.0,4,57.255513
0.0,3,57.258148
0.0,2,57.259891
0.0,3,57.262449
0.0,2,57.264258
0.0,3,57.266979
0.0,2,57.268811
0.0,4,57.272434
0.0,4,57.275921
0.620448,3,57.278563
0.0,4,57.281885
0.0,4,57.285484
0.0,6,57.290706
0.0,2,57.292592
0.0,3,57.295137
0.0,3,57.297715
0.0,5,57.301878
0.0,3,57.304461
0.0,2,57.30619
0.0,2,57.307999
0.0,2,57.309829
0.0,3,57.312803
-0.406839,5,57.317507
0.0,3,57.320441
0.0,2,57.322448
0.0,2,57.3245
0.0,5,57.329437
0.0,4,57.33314
0.0,4,57.337175
0.0,2,57.339226
0.0,3,57.342108
0.0,3,57.344725
0.0,3,57.347386
0.0,4,57.350959
1.5,2,57.352826
0.0,5,57.357332
0.0,2,57.35916
0.0,4,57.362862
0.0,2,57.364693
0.0,3,57.367438
0.0,2,57.369299
1.5,2,57.371089
0.0,3,57.373743
0.0,3,57.37649
0.0,3,57.46006
0.0,4,57.463935
-0.427993,2,57.465902
0.0,2,57.467793
0.0,2,57.469615
0.0,4,57.473311
-0.842943,3,57.475994
0.0,4,57.479423
0.0,3,57.482073
0.0,5,57.48646
0.0,4,57.489936
0.0,3,57.492618
0.0,3,57.495229
0.0,2,57.496902
0.0,3,57.49953
0.0,4,57.502983
0.0,3,57.505614
0.0,4,57.509014
0.0,4,57.512548
0.0,5,57.516918
0.145868,3,57.519513
0.0,5,57.52373
0.0,3,57.526216
0.0,2,57.528075
0.0,4,57.531993
0.0,2,57.533828
-1.0,3,57.536579
0.0,3,57.539178
0.0,5,57.543473
0.0,2,57.545234
0.0,3,57.547784
0.0,4,57.55126
0.0,3,57.553856
0.0,2,57.555598
0.0,2,57.557632
0.0,4,57.561027
0.0,4,57.564623
0.0,4,57.568028
0.0,2,57.569925
1.5,2,57.571809
0.0,3,57.574647
0.0,2,57.576445
0.0,3,57.579104
0.0,5,57.583481
0.0,2,57.585384
0.0,4,57.58906
0.0,4,57.592686
0.0,3,57.595404
0.0,2,57.597196
0.0,3,57.599807
0.0,3,57.602458
0.0,2,57.604204
0.0,6,57.609329
0.0,3,57.612159
1.5,2,57.614027
0.0,5,57.618485
0.0,2,57.620352
0.0,4,57.62397
0.0,3,57.627011
0.0,2,57.62902
0.0,2,57.630877
0.0,3,57.633679
0.0,3,57.636279
0.0,2,57.638137
0.0,2,57.639956
0.0,2,57.641824
0.0,4,57.64627
0.0,4,57.651874
0.0,3,57.656674
0.0,3,57.661521
0.0,3,57.665445
0.0,2,57.668687
0.0,3,57.673741
0.0,3,57.678864
0.0,3,57.683116
1.0,2,57.685146
0.0,3,57.688543
0.0,2,57.690627
0.0,3,57.693513
0.0,2,57.695386
0.0,3,57.698104
0.0,2,57.699914
0.0,2,57.701655
0.0,2,57.703461
0.0,2,57.705246
0.0,6,57.710549
0.0,2,57.712277
0.0,3,57.714894
0.0,4,57.718357
0.0,4,57.721732
0.0,3,57.7243
0.0,2,57.726066
0.0,3,57.728697
0.0,4,57.732652
0.0,4,57.736266
0.0,2,57.737979
0.0,3,57.74059
0.0,5,57.744837
0.0,3,57.747426
0.0,2,57.749168
0.0,2,57.751015
0.0,2,57.752699
0.0,4,57.756058
0.0,2,57.757759
0.0,3,57.760379
1.5,2,57.762096
0.0,4,57.765624
0.0,2,57.767374
0.0,5,57.771594
0.0,2,57.773397
0.0,2,57.77512
-0.480772,6,57.780057
0.0,2,57.781791
0.0,2,57.783469
0.0,3,57.786255
0.0,2,57.788007
0.0,3,57.790564
0.0,4,57.794082
0.0,4,57.797511
0.263095,3,57.800068
0.0,3,57.802646
0.0,3,57.805242
0.0,4,57.808505
0.0,3,57.811059
0.0,4,57.814562
0.53316,2,57.816294
1.5,2,57.818103
0.0,3,57.820656
0.0,4,57.82417
0.0,4,57.827644
0.0,3,57.830821
1.5,2,57.832598
0.0,2,57.834558
0.0,4,57.838092
0.0,3,57.84076
0.0,2,57.842527
0.0,4,57.845944
1.5,2,57.847712
0.0,4,57.851092
0.0,4,57.854585
0.0,2,57.856401
0.0,2,57.858185
0.0,2,57.860007
0.0,4,57.863628
0.0,2,57.865382
0.0,4,57.868908
0.0,3,57.871523
0.0,2,57.873378
0.0,2,57.875173
0.0,4,57.878424
0.0,3,57.880909
0.0,4,57.884286
0.0,5,57.888695
0.0,2,57.890563
0.0,2,57.892375
0.0,5,57.896539
0.0,4,57.899881
0.0,2,57.901602
0.0,3,57.904178
0.0,2,57.905868
0.0,5,57.910191
0.0,3,57.912889
1.5,2,57.91465
0.0,3,57.91725
0.0,2,57.919009
0.121514,2,57.920799
0.0,2,57.922545
0.0,2,57.924304
0.0,3,57.92683
0.0,5,57.93118
0.0,2,57.933101
0.0,2,57.93527
0.0,3,57.938138
0.0,2,57.940034
0.0,4,57.943554
0.0,5,57.947659
0.0,5,57.952126
0.0,2,57.953925
0.0,4,57.957367
0.0,3,57.959854
0.0,5,57.963918
0.0,4,57.967304
0.0,2,57.969074
0.0,4,57.972429
0.0,4,57.975694
0.0,3,57.97826
0.0,3,57.980791
0.0,5,57.984988
0.0,5,57.989102
0.0,3,57.991699
1.5,2,57.993502
0.0,2,57.995144
0.0,4,57.998306
0.0,3,58.000749
0.0,2,58.00245
0.0,3,58.005387
0.0,2,58.007143
0.0,4,58.010646
0.0,5,58.01497
0.0,2,58.016684
0.0,3,58.019197
0.0,4,58.022481
0.0,3,58.025047
-0.080503,2,58.026726
0.0,2,58.028476
0.0,3,58.031234
0.0,3,58.033859
1.5,2,58.035673
0.0,2,58.037477
0.0,2,58.03932
0.0,4,58.042696
-0.911361,4,58.046009
0.0,2,58.047677
0.0,4,58.051114
0.0,2,58.052962
0.0,3,58.055544
1.5,2,58.057135
0.0,2,58.058752
0.0,3,58.061337
0.0,4,58.064882
0.0,2,58.066604
0.0,5,58.070923
0.0,3,58.073326
0.0,3,58.075724
0.0,4,58.078897
0.0,3,58.081463
0.0,2,58.083327
0.0,3,58.086382
0.0,2,58.088707
0.0,2,58.091148
0.0,2,58.093335
0.0,2,58.095688
0.0,2,58.097808
0.0,3,58.100894
0.0,6,58.106932
0.0,2,58.109038
0.0,2,58.111124
0.0,5,58.116832
0.0,2,58.118995
0.0,4,58.122462
1.5,2,58.124761
0.0,2,58.126967
0.0,2,58.129427
0.0,3,58.132375
0.0,4,58.136332
0.0,3,58.139054
0.0,4,58.142562
0.0,4,58.14609
0.0,3,58.148549
0.0,2,58.150214
0.0,3,58.152787
0.0,4,58.156236
0.0,3,58.158839
0.0,2,58.160697
0.0,2,58.162376
0.0,2,58.164038
0.0,2,58.165751
0.0,2,58.16753
0.0,4,58.170939
0.0,2,58.172731
0.0,3,58.175502
0.0,2,58.177234
0.0,3,58.179726
0.0,5,58.183827
0.0,2,58.185586
0.0,3,58.188206
0.0,4,58.191505
1.0,2,58.193424
0.0,3,58.19601
0.0,3,58.198534
0.0,4,58.201878
0.0,2,58.203476
0.0,2,58.20516
0.0,4,58.245614
0.0,4,58.249286
0.0,3,58.25178
0.0,2,58.253415
0.0,3,58.256112
0.0,2,58.25784
-0.885434,4,58.261177
0.0,2,58.262904
0.0,3,58.265414
0.0,3,58.267861
0.0,3,58.270494
1.5,2,58.272329
1.5,2,58.273993
-0.265295,3,58.27665
0.0,2,58.278435
0.0,3,58.280929
0.0,3,58.283473
0.0,3,58.286011
0.0,3,58.28837
0.0,2,58.290209
0.0,4,58.293588
0.0,4,58.297058
0.0,3,58.300366
0.0,2,58.302693
0.0,2,58.304969
0.0,2,58.306634
0.0,2,58.308216
0.0,2,58.309983
0.0,3,58.313008
0.0,2,58.315338
0.0,2,58.317693
0.0,5,58.323232
1.5,2,58.325537
0.0,2,58.327932
1.5,2,58.329865
0.0,3,58.333364
0.0,2,58.335779
0.0,2,58.337937
0.0,3,58.340998
0.0,3,58.343674
0.0,3,58.346345
0.0,4,58.349671
0.0,3,58.352144
0.0,4,58.355461
0.0,2,58.35713
0.0,2,58.358888
0.0,4,58.362324
0.0,2,58.364053
0.0,2,58.365795
0.0,4,58.369606
1.5,2,58.371238
-0.227373,2,58.373057
0.0,3,58.375713
0.0,4,58.379219
0.0,3,58.382037
1.5,2,58.38374
0.0,3,58.386292
0.0,2,58.388366
0.0,2,58.390204
0.0,4,58.393668
0.0,2,58.395714
0.0,4,58.39933
0.0,4,58.403311
0.0,3,58.40595
0.0,3,58.408627
0.0,4,58.412138
0.0,2,58.413897
0.0,2,58.415817
0.0,3,58.418574
0.0,2,58.420293
0.0,3,58.423165
0.0,4,58.426646
0.0,2,58.428353
0.0,4,58.513713
1.5,2,58.515484
0.0,2,58.51723
0.0,3,58.519818
0.0,2,58.521475
0.0,3,58.523937
0.0,3,58.526475
0.0,3,58.528971
0.0,2,58.530816
-0.002499,6,58.536358
0.0,3,58.538929
0.0,3,58.541512
0.0,3,58.544057
0.0,2,58.545818
1.5,2,58.547494
0.0,2,58.549243
0.0,4,58.552663
0.0,4,58.555968
0.0,3,58.558481
0.0,3,58.56098
0.0,3,58.563505
0.0,2,58.565268
0.0,3,58.567671
0.0,4,58.570878
0.0,3,58.573374
0.0,3,58.575841
0.0,4,58.579062
0.0,2,58.580666
0.0,3,58.583089
0.0,2,58.584812
0.0,2,58.586449
0.0,3,58.588946
-0.618979,4,58.592286
0.0,4,58.595558
1.5,2,58.597219
0.0,3,58.599775
0.0,4,58.603127
0.0,3,58.605656
0.0,3,58.608093
1.5,2,58.609725
0.0,2,58.611348
0.0,3,58.613958
0.0,3,58.61655
0.0,4,58.619873
0.0,3,58.622399
0.0,4,58.625714
0.0,3,58.6282
0.0,3,58.630676
1.5,2,58.632279
0.0,3,58.634737
0.0,3,58.637704
0.0,5,58.641965
0.0,4,58.645203
0.0,4,58.648458
0.0,3,58.650898
0.0,4,58.654078
0.0,3,58.656454
0.0,3,58.659002
0.0,4,58.662349
0.0,2,58.664007
0.0,2,58.665662
0.0,3,58.668061
0.0,3,58.670554
0.0,2,58.672234
0.0,2,58.673859
0.0,5,58.677793
0.0,4,58.680932
0.0,2,58.682642
0.0,3,58.68513
0.0,3,58.687563
0.0,3,58.690554
0.0,2,58.692723
0.0,2,58.694443
0.0,3,58.696997
0.0,2,58.698771
0.0,3,58.701237
0.0,3,58.70376
0.0,2,58.705571
0.0,2,58.707319
0.0,4,58.710725
0.0,3,58.713233
0.0,4,58.716462
-0.015694,4,58.71974
0.0,3,58.722281
0.0,2,58.723974
0.0,4,58.727404
0.0,2,58.729025
0.0,3,58.731588
0.0,3,58.734437
0.0,3,58.737185
0.0,2,58.739156
0.0,2,58.740875
0.0,5,58.745053
0.0,3,58.747544
1.5,2,58.749251
0.0,4,58.752684
-0.525127,4,58.756249
0.0,4,58.759912
0.0,3,58.762437
0.0,3,58.764924
0.0,3,58.767664
0.0,2,58.76936
0.0,3,58.771966
0.0,3,58.774571
0.716703,3,58.777261
0.0,4,58.780672
0.0,2,58.782432
0.0,4,58.785725
0.0,2,58.787462
0.0,3,58.790024
0.0,4,58.793396
0.0,4,58.796897
0.0,3,58.799423
0.0,4,58.802832
0.0,2,58.804575
0.0,6,58.809452
0.0,3,58.812078
-0.231702,6,58.817324
0.0,3,58.819772
0.0,3,58.822319
0.0,2,58.824191
0.0,2,58.825951
0.0,3,58.828487
0.0,4,58.832111
0.0,2,58.833964
0.0,4,58.837658
0.0,2,58.839617
0.0,4,58.843032
0.0,3,58.845515
0.0,2,58.84727
0.0,4,58.850659
0.0,3,58.853388
0.0,2,58.855168
0.480605,2,58.856922
0.0,2,58.858666
0.0,3,58.861265
0.0,2,58.863144
0.0,4,58.866746
0.0,5,58.871087
0.0,4,58.874776
0.0,2,58.876561
0.0,2,58.878279
0.0,3,58.880839
0.0,3,58.88342
0.0,2,58.885216
1.5,2,58.886943
1.5,2,58.888797
0.0,3,58.891421
0.0,3,58.894035
0.0,2,58.895724
0.0,3,58.898284
0.0,3,58.900886
0.0,3,58.903427
0.0,4,58.906807
0.0,4,58.910193
0.0,2,58.912002
0.0,4,58.915421
0.0,4,58.918827
0.0,2,58.920621
0.0,3,58.923228
0.0,2,58.924993
0.0,2,58.926677
0.0,3,58.929329
0.0,2,58.931046
0.0,2,58.932769
0.0,2,58.934642
0.0,2,58.936759
0.0,2,58.938605
0.0,4,58.942199
0.0,2,58.943986
0.0,3,58.946586
0.0,2,58.948266
0.0,4,58.951604
-0.184952,2,58.953417
0.0,2,58.955086
0.0,3,58.957547
0.0,2,58.959226
0.0,2,58.960974
0.0,3,58.963492
0.0,2,58.965486
0.0,4,58.969035
1.5,2,58.970689
0.0,3,58.973199
0.0,2,58.974918
0.82126,4,58.978338
1.5,2,58.98002
0.0,2,58.981679
0.0,4,58.984957
0.0,2,58.986589
0.0,2,58.988335
0.0,4,58.992273
0.0,4,58.995778
0.0,4,58.999117
0.0,3,59.00159
0.0,5,59.005742
0.0,2,59.007786
0.0,3,59.010506
0.0,4,59.014158
0.0,3,59.016687
0.0,4,59.019948
0.0,3,59.022397
0.0,5,59.026453
0.0,3,59.028959
0.0,3,59.031604
0.311668,3,59.034535
0.0,3,59.037167
1.5,2,59.038866
0.0,3,59.041345
0.0,3,59.043863
0.0,3,59.046327
0.0,2,59.048073
0.0,2,59.049691
0.0,3,59.052145
0.0,4,59.055523
0.0,4,59.058778
0.0,3,59.061249
0.0,2,59.062927
1.5,2,59.064631
0.0,4,59.067996
0.0,2,59.069768
0.0,2,59.071492
0.0,2,59.073237
0.0,2,59.074984
0.0,2,59.076715
0.0,2,59.078471
0.0,2,59.080163
0.0,4,59.083401
0.0,3,59.085834
1.666725,2,59.087473
0.0,3,59.089975
0.0,3,59.092418
0.0,2,59.094082
0.0,3,59.096564
0.0,3,59.099114
0.0,3,59.101843
0.0,3,59.104759
0.0,3,59.107283
0.0,3,59.109766
0.0,5,59.113758
0.0,4,59.117094
0.0,4,59.120398
0.0,2,59.122098
0.0,3,59.124583
1.5,2,59.126238
0.0,3,59.12903
0.0,3,59.131642
0.0,3,59.134239
0.0,3,59.137003
0.0,2,59.138808
0.0,4,59.142136
0.0,4,59.145464
0.0,3,59.148101
0.0,2,59.14977
0.0,2,59.151488
0.0,2,59.153174
0.0,3,59.15567
0.0,2,59.157346
0.0,4,59.160718
0.0,4,59.164077
0.0,3,59.16671
0.0,3,59.169147
0.0,5,59.17327
0.0,2,59.175153
0.0,4,59.178524
0.0,3,59.181069
0.0,3,59.183667
0.0,3,59.186121
0.0,5,59.19043
0.0,2,59.192152
0.0,3,59.19471
0.0,3,59.233373
0.0,2,59.235721
0.0,3,59.238345
0.0,3,59.240925
0.0,2,59.242631
0.0,3,59.245155
0.0,2,59.246747
0.0,2,59.248373
0.0,2,59.249966
0.0,3,59.252402
0.0,3,59.254955
0.0,2,59.256611
0.0,6,59.261641
0.0,4,59.264946
0.0,3,59.26747
0.0,2,59.269241
0.0,4,59.272761
0.0,3,59.275271
0.0,3,59.277843
0.0,3,59.280421
0.0,2,59.282094
0.0,4,59.28537
0.0,2,59.286998
0.0,6,59.291813
0.0,3,59.294294
0.0,2,59.295929
0.0,2,59.297638
0.0,2,59.299256
0.0,2,59.300941
0.0,3,59.303391
0.0,4,59.306703
0.0,3,59.309326
0.0,3,59.3118
0.0,3,59.314317
0.0,2,59.316096
0.0,3,59.318604
1.0,2,59.320338
0.0,3,59.322756
0.0,2,59.32444
0.0,3,59.326967
0.0,2,59.328825
0.0,3,59.331585
0.0,3,59.334523
0.0,2,59.336982
0.0,2,59.339226
1.5,2,59.341095
1.5,2,59.342891
0.0,4,59.346441
0.0,3,59.349005
1.5,2,59.350734
0.0,3,59.353282
0.0,4,59.356627
0.0,3,59.359105
0.0,3,59.361676
0.0,5,59.365834
0.0,2,59.367587
0.0,2,59.369345
0.0,3,59.372025
0.0,2,59.373842
0.0,2,59.375554
0.0,3,59.378078
0.0,3,59.380575
0.0,2,59.382248
0.0,2,59.383959
0.0,2,59.385736
0.0,5,59.390034
0.0,3,59.392592
0.0,3,59.395231
0.0,3,59.397862
0.0,2,59.399535
0.0,2,59.401248
0.0,3,59.403697
0.0,2,59.405298
0.0,5,59.40933
0.0,2,59.411171
0.0,2,59.413027
0.0,4,59.416389
1.5,2,59.418104
0.0,7,59.500418
0.0,3,59.503425
0.204654,3,59.506161
0.0,2,59.508109
0.0,3,59.51107
0.0,3,59.513974
0.0,3,59.516637
0.0,3,59.519499
0.0,4,59.523079
0.0,3,59.52571
0.0,3,59.529211
0.0,3,59.534128
0.0,3,59.539209
0.0,2,59.542244
0.0,4,59.548024
0.0,3,59.552532
0.0,3,59.557387
0.0,3,59.561441
0.0,3,59.564898
0.0,3,59.568404
0.0,3,59.571566
0.0,3,59.574337
0.0,3,59.577078
0.0,2,59.578872
0.0,2,59.580682
0.0,4,59.584255
0.0,3,59.586807
0.0,5,59.59118
0.0,3,59.593913
0.0,2,59.595652
0.0,3,59.598262
1.0,2,59.599957
0.0,4,59.603336
-0.091891,2,59.605049
0.0,2,59.606779
0.0,2,59.608532
0.0,4,59.612103
0.0,3,59.614665
0.0,2,59.616321
0.0,4,59.619655
0.0,3,59.622157
0.0,3,59.624646
0.0,3,59.627122
0.0,2,59.628811
0.0,2,59.630615
0.0,3,59.633153
0.0,3,59.635641
0.0,2,59.637406
0.0,3,59.640228
0.0,2,59.641943
0.0,2,59.643722
0.0,2,59.645496
1.5,2,59.647162
0.0,3,59.649622
0.0,3,59.652166
0.0,2,59.653816
0.0,4,59.657037
0.0,5,59.66114
0.0,3,59.663602
0.0,3,59.66606
0.0,2,59.667691
0.0,4,59.670935
0.0,3,59.673342
0.0,4,59.676582
0.0,3,59.67897
0.0,4,59.682486
0.0,3,59.685185
0.0,4,59.688605
0.0,3,59.691307
0.0,2,59.693175
0.0,2,59.695101
0.0,5,59.699129
0.0,2,59.700791
0.0,3,59.70328
0.0,2,59.704953
0.0,3,59.707471
0.0,3,59.709982
0.0,3,59.712439
0.0,2,59.71411
0.0,3,59.716669
0.0,3,59.719293
-0.00834,4,59.723154
0.0,5,59.727872
0.0,3,59.73046
0.0,3,59.733024
-0.448973,4,59.736567
0.0,2,59.738326
0.0,4,59.741663
0.0,2,59.74339
0.0,3,59.745897
0.0,3,59.748429
0.0,2,59.750129
0.0,2,59.751778
0.0,2,59.753438
1.5,2,59.755121
0.0,4,59.758407
0.0,2,59.760052
0.0,3,59.762565
0.0,3,59.765137
0.0,3,59.767627
0.0,2,59.769381
0.0,3,59.771846
0.0,2,59.773524
0.0,3,59.776045
0.702752,2,59.777673
0.0,4,59.781014
0.0,3,59.783543
0.0,2,59.785209
0.0,2,59.7869
0.0,2,59.788553
0.0,2,59.790222
0.0,3,59.792634
0.0,4,59.795978
0.0,4,59.799228
0.0,3,59.801665
1.5,2,59.803278
0.0,3,59.805714
0.0,2,59.807438
0.0,4,59.810745
0.0,3,59.813126
0.0,2,59.814742
0.0,2,59.816446
-0.11194,4,59.819666
-0.141696,4,59.82295
0.0,5,59.826921
0.0,3,59.829336
0.0,2,59.83109
0.0,2,59.832798
0.0,3,59.835385
0.0,4,59.838629
0.0,2,59.840249
0.0,3,59.842705
0.0,5,59.84674
0.0,5,59.850731
0.0,2,59.852476
0.0,3,59.854917
0.0,5,59.859026
0.0,4,59.862227
0.0,2,59.863874
-0.127169,2,59.865526
0.0,3,59.86812
0.0,3,59.870568
0.0,2,59.872232
0.0,3,59.87469
0.0,3,59.877142
0.0,2,59.878742
0.0,3,59.881142
0.0,3,59.883503
0.0,2,59.885181
0.0,4,59.888419
0.0,3,59.890907
0.0,3,59.893333
0.0,2,59.894984
-0.7055,3,59.897408
0.0,3,59.899871
0.0,2,59.901527
0.0,5,59.905514
0.915745,2,59.907417
0.0,2,59.909109
0.0,2,59.910697
0.0,4,59.914115
0.0,3,59.916589
0.0,2,59.918286
0.0,5,59.922374
0.0,3,59.924754
1.5,2,59.926405
0.0,2,59.92805
0.0,2,59.929952
0.0,2,59.931578
0.0,3,59.934178
0.0,3,59.93699
0.0,3,59.939988
0.0,3,59.94275
0.0,3,59.945316
0.0,3,59.947781
0.0,2,59.949664
1.5,2,59.951308
0.0,4,59.954616
0.0,2,59.956252
0.0,2,59.957887
0.0,2,59.959574
0.0,3,59.962065
0.0,4,59.965536
0.0,2,59.967204
0.0,4,59.970757
0.0,4,59.973955
0.0,3,59.9765
0.0,2,59.978145
0.0,3,59.980517
0.0,3,59.982966
0.0,2,59.984792
0.0,3,59.987293
0.0,3,59.989747
0.0,4,59.993315
0.0,3,59.995744
0.0,3,59.998205
0.0,2,59.999823
0.0,3,60.002283
0.0,3,60.0047
0.0,3,60.007161
0.0,2,60.008778
0.0,3,60.011449
0.0,4,60.014757
0.0,2,60.016477
0.0,3,60.01909
0.0,5,60.023146
0.0,6,60.027933
0.0,4,60.031209
0.0,5,60.035872
0.0,3,60.038472
0.0,5,60.042774
0.0,3,60.045329
0.0,3,60.04788
0.0,2,60.04956
0.0,2,60.051317
-0.466159,4,60.054782
0.0,4,60.058086
-0.462381,2,60.059807
0.0,2,60.061716
0.0,3,60.064256
0.0,3,60.066763
0.0,4,60.070221
0.0,4,60.073595
0.0,3,60.076103
0.0,3,60.078525
0.0,3,60.081029
0.0,2,60.082652
0.0,4,60.08582
0.0,3,60.088505
0.0,2,60.090148
0.0,2,60.091806
0.0,3,60.09436
0.0,2,60.095996
0.0,2,60.097613
0.0,4,60.100891
0.0,2,60.102576
0.0,3,60.104988
0.0,3,60.107427
1.0,3,60.110173
0.0,4,60.113491
0.0,2,60.115232
0.0,4,60.118656
0.0,3,60.121261
0.0,2,60.122998
0.0,3,60.125403
0.0,3,60.127918
1.5,2,60.129725
1.5,2,60.131508
0.0,3,60.134099
0.0,3,60.136634
0.0,2,60.13837
0.0,3,60.141391
0.0,2,60.143237
0.0,3,60.146042
0.0,4,60.149493
0.0,4,60.152949
0.0,2,60.154689
0.0,3,60.157164
0.0,3,60.159584
0.0,2,60.16129
0.0,2,60.162961
0.0,3,60.165627
0.0,2,60.167301
0.0,2,60.169043
0.0,3,60.171773
0.0,3,60.17431
0.0,3,60.21721
0.0,2,60.218946
0.0,3,60.221328
0.0,4,60.224446
0.0,3,60.226899
0.0,3,60.229483
0.0,3,60.232051
0.0,4,60.2355
0.0,3,60.238809
0.0,4,60.242501
0.0,3,60.245221
1.5,2,60.246909
1.5,2,60.248815
0.0,2,60.25057
0.0,3,60.253148
0.0,4,60.256502
0.0,2,60.25823
0.0,3,60.2606
0.0,3,60.263359
0.0,2,60.265022
0.0,2,60.266609
0.0,2,60.268207
0.0,2,60.270127
0.0,3,60.272548
0.0,3,60.275006
0.0,3,60.277493
0.0,5,60.281421
0.0,3,60.284018
0.0,2,60.285787
0.615566,3,60.288251
0.0,4,60.291728
0.0,4,60.294977
0.0,3,60.297362
0.0,4,60.300645
0.0,3,60.303
1.5,2,60.304669
0.0,3,60.307026
0.0,2,60.308633
0.0,4,60.311942
0.0,5,60.315962
0.0,4,60.319389
0.0,3,60.321796
0.0,3,60.324219
0.0,3,60.326674
0.0,4,60.329815
0.0,4,60.333145
0.0,5,60.337606
0.0,4,60.341126
0.0,3,60.343543
0.0,3,60.345905
0.0,4,60.349229
0.0,4,60.352789
0.0,4,60.356235
0.0,2,60.357911
0.0,3,60.360599
0.0,3,60.363036
0.0,2,60.364705
0.0,3,60.367333
0.0,2,60.369017
0.0,2,60.37068
0.0,2,60.372269
0.0,3,60.374911
1.5,2,60.376549
0.0,2,60.378218
0.0,4,60.381438
0.0,3,60.38383
0.0,2,60.385534
0.0,3,60.388319
0.0,3,60.390826
0.0,3,60.393305
1.5,2,60.394907
0.0,2,60.396587
0.0,2,60.398243
0.0,3,60.400611
0.0,2,60.402254
0.0,3,60.404656
0.0,2,60.406289
0.0,5,60.410478
0.0,4,60.413783
0.0,4,60.417315
1.5,2,60.418959
1.5,2,60.42058
0.0,4,60.423801
-0.19667,2,60.496318
0.0,2,60.498343
0.0,2,60.500134
0.0,3,60.50261
0.0,4,60.505999
0.0,3,60.50853
0.0,4,60.511985
0.0,3,60.514637
0.0,2,60.516394
0.0,2,60.518203
0.0,4,60.521648
0.0,2,60.523295
0.0,2,60.525044
0.0,2,60.52675
0.0,3,60.529349
0.0,4,60.532746
0.0,2,60.534527
0.0,3,60.537696
0.0,3,60.540651
0.0,3,60.543244
0.0,2,60.545085
0.0,3,60.547817
0.0,3,60.550505
0.0,2,60.552505
0.0,2,60.554397
0.0,3,60.557167
0.0,2,60.558976
0.0,3,60.561938
0.0,3,60.564613
0.0,3,60.567189
0.0,2,60.569048
0.0,2,60.570784
0.0,3,60.573251
0.0,2,60.574868
0.0,4,60.578081
0.0,3,60.580483
0.0,4,60.584021
0.0,4,60.587273
0.0,4,60.590788
0.0,3,60.593293
0.0,3,60.595715
0.0,2,60.597329
0.0,3,60.599757
0.0,2,60.601332
0.0,4,60.604554
-0.261491,3,60.606963
0.0,2,60.608514
0.0,2,60.610436
0.0,3,60.612938
0.0,2,60.614594
0.0,2,60.616242
0.0,2,60.618329
0.0,3,60.620859
0.0,3,60.623373
0.0,3,60.625801
0.0,2,60.627466
1.0,3,60.629834
0.0,3,60.63261
0.0,4,60.635883
0.0,4,60.639184
0.0,2,60.641306
0.0,4,60.644631
0.0,2,60.64626
-0.502336,2,60.647926
0.0,3,60.650266
0.0,2,60.652127
0.0,2,60.653786
-0.136584,3,60.656259
0.0,4,60.659663
0.0,3,60.662455
0.0,4,60.665891
0.0,3,60.668499
0.0,3,60.670995
0.0,2,60.672801
0.0,4,60.676264
0.0,3,60.678721
1.5,2,60.680333
0.0,2,60.68206
0.0,3,60.68444
0.0,4,60.687876
0.0,3,60.69044
0.0,5,60.694744
0.0,3,60.69721
0.0,3,60.699735
0.0,2,60.701542
0.0,3,60.704501
0.0,2,60.70643
0.0,2,60.708892
0.0,4,60.712946
0.0,4,60.717177
0.0,4,60.720918
0.0,4,60.724605
1.5,2,60.727113
0.0,2,60.729881
0.0,3,60.73303
0.0,3,60.735858
0.0,2,60.738102
0.0,4,60.742604
0.0,2,60.746231
0.0,4,60.752641
0.0,3,60.75711
0.0,3,60.761025
0.0,4,60.76453
-1.0,5,60.768601
0.0,3,60.771085
0.0,3,60.773504
0.0,2,60.775105
-0.162736,5,60.781171
0.0,3,60.785239
0.0,3,60.789048
0.0,2,60.791343
0.0,2,60.793751
0.0,5,60.798912
0.0,2,60.800853
0.0,2,60.802801
0.0,3,60.80537
0.868623,3,60.807842
0.0,3,60.810301
0.982409,3,60.81286
0.0,3,60.815366
0.0,3,60.818185
0.0,4,60.821829
0.0,3,60.824293
-1.0,4,60.827578
0.0,3,60.830052
0.0,3,60.832545
0.0,2,60.834416
1.5,2,60.836088
0.0,3,60.838574
0.0,4,60.842254
0.0,2,60.844073
0.0,3,60.846737
-0.613937,2,60.848629
0.0,3,60.851161
0.0,2,60.852821
0.0,4,60.856365
0.0,4,60.859839
0.0,3,60.862679
0.0,3,60.865323
0.0,6,60.870584
0.0,2,60.8723
0.0,4,60.87578
0.0,3,60.878256
0.0,2,60.879955
0.0,5,60.884215
0.810536,3,60.886698
0.0,2,60.8885
0.0,4,60.892129
0.0,4,60.895557
0.0,2,60.897329
0.0,3,60.899916
0.0,2,60.901556
0.0,4,60.905025
0.0,3,60.907596
0.0,3,60.91021
0.0,3,60.912942
0.0,2,60.914742
0.0,2,60.916544
0.0,2,60.918456
1.5,2,60.920256
0.0,4,60.923789
0.0,3,60.926433
0.0,2,60.928128
0.0,2,60.929823
0.0,3,60.932725
0.0,3,60.935719
0.0,2,60.937765
0.0,2,60.939963
0.0,2,60.942014
0.0,4,60.946159
0.0,2,60.948082
0.0,2,60.949958
0.0,3,60.95323
0.0,3,60.955896
0.0,3,60.95882
0.0,5,60.963372
0.0,4,60.967381
-0.23901,3,60.970037
0.0,5,60.97501
0.0,3,60.97776
0.0,2,60.979663
1.5,2,60.981524
0.0,3,60.984085
-0.358829,2,60.986107
0.0,2,60.988232
0.0,4,60.991682
0.0,5,60.996573
0.0,2,60.998398
0.0,2,61.000277
0.0,4,61.003775
0.0,4,61.007391
1.5,2,61.009248
0.0,2,61.011022
0.0,3,61.013942
0.0,3,61.016903
0.0,2,61.018724
0.0,2,61.020696
0.0,6,61.025833
0.0,3,61.028845
0.0,2,61.030815
0.0,4,61.034553
0.0,4,61.039299
0.0,5,61.044556
0.0,6,61.050629
0.0,2,61.052971
0.0,2,61.055348
1.5,2,61.057512
0.0,4,61.061097
0.0,5,61.066161
0.0,5,61.071285
1.5,2,61.0732
0.0,3,61.076167
0.0,4,61.079892
0.0,3,61.082771
1.5,2,61.085124
0.0,3,61.088197
0.0,2,61.09044
0.0,6,61.096252
0.0,2,61.098349
0.0,3,61.101268
0.0,2,61.10305
1.5,2,61.105072
0.0,3,61.107898
0.0,2,61.109756
0.0,2,61.111937
0.0,2,61.114075
0.0,3,61.116915
0.0,3,61.120316
0.0,2,61.122254
0.0,6,61.128071
0.0,4,61.131935
0.0,4,61.136222
-0.06836,3,61.139219
0.0,5,61.145275
0.0,3,61.148461
0.0,2,61.150418
0.0,3,61.153598
0.0,3,61.156701
0.0,2,61.15867
0.0,4,61.163146
0.0,3,61.166212
0.0,3,61.169638
0.0,3,61.172616
0.0,3,61.176146
0.0,3,61.179166
0.0,3,61.182298
0.0,2,61.184336
0.0,2,61.186231
0.0,3,61.189673
0.0,4,61.193673
0.0,3,61.196924
0.0,2,61.198928
0.0,4,61.202901
0.0,3,61.24518
0.0,4,61.249151
0.0,2,61.25162
0.0,2,61.253863
0.0,2,61.255859
0.0,3,61.259192
1.5,2,61.261173
0.0,2,61.26323
0.0,2,61.265646
0.0,2,61.26778
0.0,3,61.270964
0.0,5,61.27623
1.5,2,61.27836
0.0,3,61.281425
0.0,4,61.285603
0.0,2,61.287997
0.0,5,61.293375
0.0,2,61.295563
0.0,2,61.297513
0.0,3,61.300651
0.0,4,61.304741
1.5,2,61.306802
0.0,3,61.309804
0.0,2,61.311816
0.0,2,61.314137
0.0,4,61.318279
0.0,2,61.320412
-0.192182,3,61.323429
0.0,2,61.325365
1.5,2,61.327611
0.0,2,61.329863
0.0,2,61.332004
0.0,3,61.335576
0.0,4,61.340226
0.0,3,61.344587
0.0,5,61.351074
0.0,3,61.355058
0.0,3,61.358173
0.0,3,61.361166
0.0,2,61.363654
0.0,2,61.365963
0.0,5,61.371614
0.0,3,61.374763
0.0,5,61.379964
0.0,2,61.382174
0.0,4,61.386604
0.078933,3,61.390414
0.0,3,61.393589
0.0,2,61.395766
0.0,3,61.399024
-0.255831,3,61.401932
0.0,6,61.40794
0.0,4,61.412367
0.0,4,61.416685
0.0,2,61.419217
0.0,3,61.422283
0.0,4,61.426502
0.0,3,61.429418
0.0,4,61.434092
1.5,2,61.436514
0.0,4,61.441174
0.0,3,61.445222
0.0,2,61.448055
0.0,2,61.450447
0.0,3,61.453866
0.0,4,61.458062
0.0,4,61.462469
0.0,3,61.465746
0.0,3,61.469077
1.5,2,61.471142
0.136718,3,61.47442
0.0,2,61.476576
-0.116446,4,61.480763
0.0,5,61.485835
0.0,3,61.489144
0.0,3,61.492264
0.0,4,61.496556
0.0,6,61.502585
0.0,3,61.505591
0.0,2,61.50789
0.0,2,61.510333
0.0,3,61.51359
0.0,2,61.516164
0.0,2,61.51837
0.0,4,61.522555
0.0,4,61.526706
0.0,2,61.529069
0.0,2,61.531502
0.0,3,61.534688
0.0,3,61.538507
-1.0,4,61.543599
1.5,2,61.631227
0.0,3,61.634956
0.0,2,61.637241
0.0,3,61.64075
0.0,3,61.644787
0.0,2,61.647079
0.0,3,61.650798
0.0,3,61.654074
0.0,2,61.656311
0.0,4,61.660403
0.0,3,61.664254
0.0,5,61.670015
0.0,3,61.673699
0.0,4,61.678002
1.5,2,61.680259
0.0,2,61.682636
0.0,2,61.685032
0.0,5,61.690785
0.0,3,61.694162
0.0,3,61.697476
0.0,2,61.699639
0.0,3,61.702743
0.0,4,61.706875
0.0,4,61.711698
0.0,2,61.714024
0.0,3,61.717407
0.0,4,61.721812
0.0,3,61.72506
0.0,3,61.728417
0.0,2,61.730641
0.0,2,61.732892
0.0,2,61.7351
0.0,2,61.737416
0.0,3,61.741128
0.0,3,61.745203
0.0,4,61.749494
0.0,3,61.753136
0.0,2,61.755396
0.0,3,61.758993
0.0,2,61.76141
0.0,4,61.766029
0.0,2,61.768482
0.0,4,61.77314
0.0,4,61.777607
0.0,2,61.779799
0.0,3,61.783041
0.0,2,61.785151
0.0,3,61.788552
0.0,3,61.791865
1.5,2,61.794175
0.0,2,61.79654
0.0,3,61.79979
0.0,3,61.803055
0.0,3,61.806166
0.0,2,61.808456
0.0,2,61.810667
0.0,2,61.812941
0.0,4,61.817407
1.5,2,61.819585
0.0,4,61.823735
0.0,2,61.825816
0.0,2,61.828061
0.0,2,61.830185
0.0,2,61.832377
0.0,3,61.835785
-0.993974,3,61.838982
0.0,2,61.841286
0.0,2,61.843569
1.5,2,61.846064
0.0,5,61.851778
0.0,2,61.854103
0.0,2,61.856258
0.0,2,61.858401
0.0,4,61.862449
0.0,3,61.865832
0.0,2,61.868078
0.0,3,61.871284
0.0,2,61.873428
0.0,3,61.876698
0.0,6,61.88328
0.0,4,61.88756
-1.0,3,61.890774
0.0,2,61.893069
0.0,3,61.896114
0.0,2,61.898225
0.0,2,61.900404
0.0,2,61.902647
0.0,4,61.906806
0.0,4,61.910872
0.0,2,61.913084
0.0,3,61.916172
0.0,6,61.92284
0.0,4,61.927169
0.0,3,61.930135
0.0,2,61.932383
0.0,4,61.937442
0.0,4,61.942277
0.0,2,61.945125
0.0,2,61.947804
0.0,4,61.951989
0.0,5,61.95758
0.0,3,61.961205
0.0,3,61.964509
0.0,4,61.96919
0.0,2,61.971329
0.0,2,61.973597
1.5,2,61.975843
0.0,3,61.978983
0.0,2,61.981096
0.0,2,61.983132
0.0,2,61.985191
0.0,3,61.988352
0.0,3,61.991719
0.0,2,61.993934
0.0,3,61.997041
0.0,2,61.999128
0.0,3,62.002273
0.0,3,62.005274
0.0,2,62.00729
0.0,3,62.010814
0.0,3,62.014143
0.0,5,62.019712
0.0,3,62.022901
0.0,4,62.026901
0.0,3,62.030041
0.0,3,62.033537
0.0,3,62.036875
0.0,3,62.040696
0.0,5,62.046313
0.0,5,62.051503
0.0,3,62.054782
0.0,3,62.058254
0.0,2,62.060569
0.0,3,62.063903
0.0,3,62.067514
0.0,2,62.069729
0.0,2,62.071891
0.0,3,62.075358
0.0,3,62.078576
0.0,2,62.080731
-1.0,2,62.082745
0.0,2,62.084865
0.0,2,62.087151
0.0,3,62.090259
0.0,2,62.092472
0.0,3,62.095929
1.5,2,62.098114
0.0,3,62.101154
0.0,3,62.104103
-1.0,2,62.106202
-0.134516,3,62.109328
0.0,2,62.111305
0.0,5,62.116534
0.0,2,62.11886
0.0,3,62.122033
0.0,3,62.124935
0.0,2,62.12712
0.0,4,62.131413
0.0,2,62.133536
0.0,3,62.137027
0.0,3,62.14023
1.5,2,62.142452
0.0,4,62.147197
0.0,4,62.151593
0.0,3,62.154742
0.0,3,62.157905
0.0,2,62.159992
0.0,4,62.164443
1.5,2,62.166567
0.0,2,62.16884
1.0,3,62.172304
0.0,3,62.176176
0.0,2,62.17843
0.0,3,62.181458
0.0,3,62.18477
0.0,6,62.191031
0.0,3,62.194248
0.0,2,62.19643
0.0,3,62.199519
0.0,2,62.201499
0.0,3,62.204673
0.0,2,62.206735
0.0,3,62.209794
0.0,4,62.214004
1.5,2,62.216192
0.0,3,62.219408
0.0,2,62.221648
0.0,3,62.224855
0.0,2,62.227001
0.0,2,62.22902
0.0,2,62.231149
1.5,2,62.233427
0.0,3,62.236643
0.0,2,62.238714
0.0,3,62.242354
0.0,2,62.244866
0.0,2,62.247093
0.0,4,62.251327
0.0,3,62.254802
0.0,4,62.259126
0.0,4,62.263469
0.0,3,62.266832
0.0,4,62.270997
0.0,4,62.275438
0.0,4,62.279677
0.0,4,62.283786
0.0,3,62.286822
0.0,3,62.290134
0.0,3,62.293294
0.0,2,62.295303
0.0,2,62.297436
0.0,3,62.30041
0.0,3,62.303522
0.0,2,62.305531
1.5,2,62.307577
0.0,2,62.309718
0.0,4,62.314053
0.0,4,62.31832
0.0,3,62.321499
0.0,2,62.323504
0.0,3,62.326525
0.0,3,62.329645
1.5,2,62.331783
-0.243113,3,62.33478
0.0,3,62.338232
0.0,3,62.341375
0.0,3,62.344553
0.0,2,62.346896
0.0,2,62.349169
0.0,3,62.35251
0.0,2,62.354512
0.0,4,62.358588
0.0,4,62.362504
0.0,2,62.364824
0.0,4,62.369271
0.0,4,62.373756
0.0,3,62.376966
0.0,2,62.379151
0.0,2,62.381226
0.0,3,62.384323
0.0,5,62.390121
0.0,2,62.392605
0.0,2,62.39505
0.0,4,62.399556
0.0,3,62.402704
0.0,4,62.406739
0.0,4,62.410803
0.0,4,62.415092
-1.0,4,62.419215
0.0,2,62.421468
0.0,3,62.424619
0.0,2,62.426663
0.0,3,62.470555
0.0,3,62.473845
0.0,3,62.477087
0.0,2,62.4791
0.0,3,62.482095
0.0,2,62.484689
0.0,3,62.487795
0.0,3,62.491249
0.0,3,62.494333
0.0,2,62.49643
0.0,3,62.499557
0.0,3,62.502476
0.0,6,62.508435
0.0,3,62.512106
0.0,2,62.514281
0.0,3,62.517603
0.0,2,62.519988
0.0,2,62.522203
0.0,2,62.524399
0.0,5,62.529295
0.0,2,62.531449
0.0,3,62.534868
0.0,2,62.537187
0.0,4,62.541604
0.0,2,62.544213
0.0,3,62.547573
0.0,4,62.551582
0.0,2,62.554123
0.0,3,62.557275
0.0,4,62.561757
0.0,3,62.565598
0.0,5,62.571977
0.0,2,62.574607
0.0,2,62.57692
1.5,2,62.579082
0.0,3,62.582204
0.0,2,62.584187
0.0,4,62.588558
0.0,5,62.59395
0.0,3,62.597546
0.0,3,62.600874
0.0,3,62.603914
0.0,3,62.606911
0.0,2,62.60956
0.0,2,62.611658
0.0,2,62.613686
0.0,3,62.617234
0.0,2,62.61936
0.0,5,62.624556
0.0,3,62.62754
0.0,3,62.630977
0.0,3,62.634093
0.0,2,62.636527
0.0,5,62.642101
0.0,3,62.645856
0.0,3,62.649766
-1.0,3,62.653144
0.0,4,62.657045
0.0,3,62.660219
0.0,3,62.663184
0.0,3,62.666707
0.0,3,62.669866
0.0,2,62.672404
0.0,2,62.674953
0.0,3,62.678415
0.0,2,62.680653
0.0,3,62.683753
0.0,2,62.686241
0.0,3,62.689435
0.0,4,62.694193
0.0,5,62.699605
0.0,3,62.702631
1.5,2,62.704586
0.0,2,62.70653
0.0,4,62.710394
0.0,2,62.712694
0.0,3,62.71607
0.0,3,62.719238
0.0,3,62.72228
0.0,3,62.725171
0.0,3,62.728149
0.0,2,62.730241
0.0,4,62.734594
0.0,2,62.736992
0.0,5,62.744258
0.0,2,62.747073
0.0,5,62.752414
0.0,4,62.756561
0.0,3,62.759639
0.818239,4,62.764595
0.0,3,62.767995
0.0,2,62.770512
0.0,4,62.774877
0.0,3,62.778003
0.0,2,62.780171
1.5,2,62.782434
0.0,4,62.787037
0.0,4,62.791436
0.0,3,62.794511
0.0,4,62.889258
0.0,2,62.891577
1.5,2,62.894171
0.0,2,62.896564
0.0,3,62.900047
0.0,2,62.902177
0.0,4,62.905993
0.0,4,62.910227
0.0,3,62.913323
0.0,2,62.91572
0.0,2,62.918001
0.0,2,62.920061
1.5,2,62.922246
0.0,2,62.924919
0.0,3,62.928338
0.0,3,62.931643
0.0,4,62.936414
0.0,5,62.941624
0.0,2,62.944038
0.0,3,62.947587
0.0,4,62.951982
0.0,4,62.956139
0.0,4,62.960073
0.0,3,62.96311
0.0,2,62.965223
0.0,2,62.967355
1.5,2,62.969471
0.0,2,62.97163
0.0,3,62.97476
0.0,2,62.97684
0.0,3,62.979762
0.0,3,62.982464
0.0,4,62.986556
0.0,3,62.989541
0.0,3,62.992868
0.0,2,62.994947
0.0,5,62.999957
0.0,3,63.002715
0.0,2,63.004975
0.0,2,63.00696
0.0,2,63.008904
0.0,4,63.012989
0.0,2,63.015139
0.0,2,63.01725
0.0,3,63.020367
0.0,2,63.022534
0.0,3,63.025711
0.0,2,63.027733
0.0,3,63.030433
0.0,2,63.032487
-0.184945,4,63.036552
0.0,3,63.039631
0.0,2,63.041694
0.0,4,63.045706
0.0,4,63.049732
0.0,4,63.053479
0.0,2,63.055589
-0.068061,2,63.05746
0.0,5,63.062377
0.0,2,63.064447
0.0,3,63.067481
1.5,2,63.069572
0.0,4,63.073447
0.0,3,63.076381
0.0,3,63.079343
0.0,2,63.081349
0.0,3,63.084362
0.0,2,63.086299
0.0,3,63.089333
0.0,2,63.091409
0.0,2,63.093543
0.0,2,63.095656
0.0,2,63.097704
0.0,3,63.10058
0.0,2,63.102534
0.0,4,63.106398
1.5,2,63.108346
0.0,2,63.110561
0.0,2,63.112781
1.5,2,63.114864
0.0,3,63.118226
0.0,2,63.120316
0.0,2,63.122379
0.0,2,63.124284
0.0,2,63.126248
0.0,2,63.128166
0.0,4,63.132268
0.0,4,63.136166
0.0,2,63.138302
0.0,4,63.142176
0.0,2,63.144286
0.0,2,63.146666
0.0,2,63.148963
0.0,4,63.153256
0.0,2,63.155335
0.0,4,63.159381
0.0,2,63.161531
0.0,3,63.164541
0.0,4,63.168511
0.0,3,63.171541
0.0,2,63.17386
0.0,2,63.176349
0.0,2,63.178604
0.0,3,63.181663
0.0,4,63.185302
0.0,4,63.189406
0.0,4,63.193544
0.0,4,63.197649
1.5,2,63.199703
0.0,2,63.201789
0.0,2,63.203668
0.0,2,63.205488
0.0,4,63.209677
0.0,4,63.213681
0.0,3,63.216809
0.0,2,63.219019
0.0,4,63.223128
0.0,3,63.22604
1.5,2,63.22817
0.0,3,63.231271
0.0,3,63.234473
0.0,6,63.240715
0.0,4,63.245398
0.0,3,63.248487
0.0,4,63.252464
0.0,2,63.254407
0.0,5,63.259365
0.0,3,63.262218
0.0,3,63.265555
0.0,2,63.267628
0.0,2,63.269799
0.0,5,63.274876
0.0,4,63.278887
0.0,2,63.280897
0.0,2,63.282773
0.0,3,63.286011
0.0,2,63.288191
0.0,4,63.292258
0.0,5,63.297176
0.0,3,63.300004
0.0,4,63.303605
-0.14694,3,63.306409
-0.406226,3,63.309285
0.0,2,63.311352
0.0,4,63.315403
0.0,3,63.318536
0.0,4,63.322749
0.0,2,63.324675
0.0,3,63.327343
0.0,5,63.332194
0.0,2,63.334353
0.0,3,63.337546
1.5,2,63.339746
0.0,2,63.341887
0.0,4,63.345885
0.0,2,63.348281
0.0,3,63.351755
0.0,3,63.355184
0.0,2,63.357641
0.0,2,63.359878
0.0,2,63.362139
0.0,4,63.366522
0.0,2,63.369033
0.0,2,63.371488
0.0,2,63.373564
0.0,2,63.375881
0.0,2,63.378131
0.0,3,63.381316
0.0,2,63.383557
0.0,5,63.388466
0.0,2,63.390585
-0.23893,4,63.394529
0.0,3,63.397496
0.0,3,63.400454
0.0,2,63.402393
0.0,2,63.404585
0.0,4,63.408582
0.0,2,63.410717
0.0,4,63.414738
0.0,4,63.418671
0.0,2,63.420586
0.0,3,63.423458
0.0,4,63.428147
0.0,3,63.431335
0.0,2,63.43372
0.0,3,63.437361
0.0,2,63.439758
0.0,4,63.444066
0.0,4,63.448713
0.0,2,63.451079
0.0,3,63.454323
0.0,2,63.456398
0.0,2,63.458399
0.0,3,63.461344
0.0,4,63.465459
0.0,3,63.468581
1.5,2,63.470631
0.0,2,63.47282
1.5,2,63.474924
0.0,3,63.47792
0.0,2,63.479869
0.0,3,63.482984
0.0,3,63.486057
0.0,3,63.489153
0.0,2,63.491257
0.0,3,63.494426
0.0,4,63.498627
0.445569,2,63.500675
0.0,4,63.504623
0.0,2,63.506666
0.0,2,63.508597
0.0,3,63.511623
0.0,2,63.513741
0.0,3,63.516736
0.0,3,63.519837
0.0,3,63.522764
0.0,3,63.52554
1.5,2,63.527515
0.0,3,63.530404
0.0,2,63.532292
0.0,3,63.535375
0.0,2,63.53735
0.0,3,63.540537
0.0,4,63.545136
0.0,2,63.547381
0.0,3,63.550606
0.0,3,63.55367
0.0,3,63.556542
0.0,2,63.558632
0.0,3,63.561749
0.0,4,63.565995
1.5,2,63.568194
0.0,2,63.570481
0.0,2,63.5726
0.0,3,63.575521
0.0,5,63.580338
0.0,3,63.583536
0.0,2,63.585729
0.0,4,63.589915
0.0,3,63.593075
0.0,3,63.596324
0.0,4,63.600425
0.0,3,63.603298
0.0,4,63.607052
0.0,3,63.610148
0.0,2,63.612583
0.0,2,63.614736
0.0,4,63.659913
0.0,2,63.66198
0.0,3,63.664868
0.0,2,63.666961
0.0,4,63.670711
0.0,3,63.673532
0.0,2,63.675575
0.0,3,63.678708
0.0,3,63.681424
1.5,2,63.683266
0.0,2,63.68523
0.0,2,63.687198
0.0,2,63.689222
0.0,4,63.693188
0.0,2,63.695239
0.0,2,63.697397
0.0,4,63.700919
0.0,2,63.702642
0.0,4,63.706281
0.0,5,63.711129
0.0,2,63.713095
0.0,4,63.716888
0.0,3,63.719995
0.0,5,63.724753
0.0,3,63.727458
0.0,3,63.730458
0.0,3,63.733309
0.0,3,63.736302
0.0,4,63.740182
0.0,2,63.7421
0.0,3,63.74539
0.0,3,63.748515
0.0,2,63.750642
0.0,3,63.75357
0.0,3,63.756445
0.0,2,63.758383
1.5,2,63.760341
0.0,2,63.762291
0.0,5,63.767109
0.0,2,63.768993
0.0,3,63.771951
0.0,2,63.773974
0.0,3,63.776781
0.0,2,63.778616
0.0,3,63.781403
0.0,2,63.783278
0.0,3,63.786481
0.0,2,63.788553
0.0,4,63.792671
0.0,3,63.795783
0.0,3,63.79862
0.0,2,63.800666
0.0,2,63.802699
0.0,2,63.805225
0.0,3,63.808336
0.0,2,63.810319
0.0,2,63.812211
0.0,3,63.815176
-0.610695,5,63.821347
0.0,2,63.823879
0.0,2,63.825948
0.0,3,63.82891
0.0,3,63.831683
0.0,3,63.834587
0.0,2,63.836672
0.0,4,63.84094
0.0,4,63.844916
0.0,3,63.848557
0.0,2,63.851572
0.0,3,63.854881
0.0,4,63.85857
0.0,3,63.861435
0.0,3,63.864422
0.0,2,63.866379
0.0,2,63.868474
0.0,4,63.87263
0.0,2,63.874487
0.0,2,63.876317
0.0,4,63.880102
0.0,2,63.88201
0.0,4,63.885597
0.0,2,63.887514
0.763466,2,63.889706
0.0,2,63.89166
0.0,4,63.895505
0.0,4,63.89921
0.0,4,63.902705
0.0,3,63.905295
0.0,4,63.908934
0.0,2,63.910966
0.0,2,63.912894
0.0,3,63.915743
0.0,6,63.921467
0.0,2,63.923394
0.0,3,63.926844
0.0,2,63.928834
0.0,2,63.930839
1.5,2,63.932748
0.0,2,63.935061
0.0,4,63.939194
0.0,2,63.941475
0.0,3,63.944448
0.0,3,63.94768
0.0,4,63.95197
0.0,3,63.954911
0.0,3,63.958134
0.0,3,63.961126
0.0,4,63.965365
0.0,3,63.968396
0.0,2,63.970681
0.0,6,63.976564
0.0,2,63.978479
0.0,4,64.071172
0.0,3,64.074551
0.0,3,64.07759
0.0,3,64.080602
0.0,4,64.084734
0.0,2,64.086731
0.0,4,64.090907
0.0,4,64.094904
0.0,2,64.09705
0.0,3,64.099908
0.0,3,64.102788
0.0,4,64.107398
0.0,3,64.110631
0.0,2,64.112802
0.0,2,64.114844
0.0,3,64.118021
0.0,2,64.120219
0.0,3,64.123271
0.0,2,64.125306
-0.448345,4,64.128981
0.438421,3,64.131869
0.0,2,64.133993
0.0,2,64.135979
0.0,4,64.139891
0.0,4,64.14395
0.0,3,64.147578
1.0,3,64.151736
-0.228356,3,64.154955
0.0,3,64.157968
0.0,5,64.162987
0.0,3,64.166012
0.0,3,64.169054
0.0,3,64.172067
0.0,2,64.174027
0.0,3,64.176733
0.0,3,64.179551
0.0,3,64.182357
1.5,2,64.184211
0.0,6,64.190082
0.0,2,64.191997
0.0,3,64.194898
0.0,2,64.19671
0.0,3,64.19963
0.0,3,64.202438
0.0,6,64.207915
0.0,3,64.210932
0.164247,2,64.212869
0.0,3,64.215924
1.5,2,64.217903
0.0,2,64.219975
0.0,4,64.2236
0.0,3,64.22642
0.0,3,64.229316
0.0,2,64.231327
0.0,2,64.233306
0.0,4,64.237284
1.5,2,64.239192
0.0,2,64.24134
1.5,2,64.24351
0.0,3,64.247988
0.0,4,64.252345
0.0,2,64.254392
1.0,5,64.258981
0.0,2,64.260781
0.0,2,64.262762
0.0,3,64.265709
0.0,4,64.269685
0.0,3,64.272602
-0.685117,5,64.276995
0.0,3,64.27974
0.0,2,64.281536
0.0,2,64.28342
-1.070711,2,64.285254
0.0,4,64.288895
0.0,3,64.29162
0.0,2,64.293764
0.388484,2,64.295691
0.0,5,64.3003
0.0,4,64.303938
0.0,3,64.306623
-0.299988,5,64.311
0.0,3,64.313787
0.0,2,64.315611
0.0,2,64.317362
0.0,3,64.320158
0.0,3,64.322819
0.0,2,64.324691
0.0,4,64.328425
0.0,2,64.33019
0.0,3,64.33294
1.5,2,64.334947
0.0,3,64.337661
0.0,3,64.340516
0.0,2,64.342551
1.5,2,64.344435
0.0,3,64.347286
0.0,3,64.350033
-0.869695,2,64.352252
0.0,3,64.355094
0.0,4,64.358637
1.5,2,64.36051
0.0,2,64.362597
0.0,4,64.366105
0.0,3,64.368897
0.0,5,64.373379
0.0,2,64.375304
0.0,2,64.377118
0.0,3,64.379772
0.0,3,64.382519
0.0,2,64.384454
0.0,3,64.387205
0.0,4,64.391025
0.0,3,64.393704
0.0,2,64.395549
0.0,4,64.399048
0.0,2,64.40089
1.5,2,64.402616
0.0,4,64.406015
0.0,4,64.409423
0.0,4,64.41319
0.0,3,64.416014
0.0,3,64.418779
0.0,3,64.421461
0.041515,3,64.424272
0.0,3,64.426949
0.0,5,64.431482
0.0,2,64.433426
-0.379757,2,64.435634
0.0,3,64.438628
0.0,3,64.441362
0.0,3,64.44427
0.0,4,64.448105
0.0,2,64.450281
1.5,2,64.452148
0.0,2,64.454137
0.0,3,64.456899
0.0,3,64.459751
0.0,3,64.462479
0.0,2,64.4645
0.0,2,64.466483
-0.259,3,64.469244
0.0,2,64.47123
0.0,2,64.473182
0.0,2,64.475084
0.0,4,64.478716
0.0,4,64.482332
0.0,2,64.484208
0.0,2,64.48605
0.0,2,64.488071
0.0,4,64.491671
1.5,2,64.493561
0.0,4,64.497195
1.5,2,64.499093
0.0,2,64.50104
0.0,4,64.504497
1.5,2,64.506357
1.5,2,64.508311
0.0,2,64.510255
0.0,2,64.51215
0.0,2,64.514028
0.0,4,64.518046
0.0,3,64.520981
0.0,3,64.52371
0.299777,2,64.525539
0.0,3,64.528301
0.0,4,64.532145
0.0,3,64.534995
0.0,4,64.538709
0.0,3,64.541544
0.0,3,64.544547
0.0,4,64.548545
0.0,2,64.550538
0.0,4,64.55429
0.0,3,64.557154
0.0,2,64.558912
0.0,2,64.560782
0.0,2,64.562566
0.0,2,64.564549
0.0,2,64.566411
0.0,2,64.568278
0.0,3,64.571164
0.0,3,64.573968
0.0,3,64.576936
0.0,5,64.58138
0.0,4,64.58511
0.0,4,64.588712
0.0,4,64.592541
0.0,3,64.595222
0.0,4,64.599031
0.0,4,64.602495
0.0,4,64.606122
0.0,2,64.607859
0.0,3,64.610954
0.0,4,64.614765
0.0,2,64.616563
0.0,2,64.618578
0.0,5,64.622883
0.0,2,64.624696
0.0,3,64.627292
0.0,4,64.630563
0.0,5,64.635215
0.0,2,64.637046
0.0,2,64.638882
0.0,2,64.640817
0.0,2,64.642692
1.5,2,64.644399
0.0,3,64.647291
0.0,4,64.651036
0.0,2,64.653101
0.0,4,64.656542
0.0,3,64.659254
0.0,4,64.663074
0.0,4,64.666699
0.0,3,64.669512
0.0,4,64.673231
0.0,4,64.676597
0.0,2,64.678282
0.0,3,64.681013
0.0,2,64.682897
0.0,4,64.686478
0.0,3,64.689461
0.0,2,64.691262
0.0,3,64.694012
0.0,2,64.695908
0.0,3,64.698597
0.0,3,64.70147
0.0,4,64.704972
0.0,4,64.708529
0.0,2,64.710465
0.0,2,64.71233
0.0,3,64.715063
0.0,2,64.752577
0.0,4,64.756166
0.0,4,64.75999
0.0,3,64.762635
0.0,2,64.764469
0.0,3,64.767502
0.0,2,64.76929
0.0,3,64.771891
0.0,5,64.776641
0.0,3,64.779348
-0.35413,4,64.782808
0.0,3,64.785433
0.0,2,64.787362
0.0,3,64.790123
0.0,3,64.792689
0.0,2,64.794664
0.0,4,64.798254
-0.830743,2,64.80011
0.0,2,64.801994
0.0,3,64.804588
0.0,3,64.807316
0.0,3,64.810279
0.0,4,64.813797
1.5,2,64.815777
-0.242042,5,64.820121
0.0,2,64.82194
0.0,4,64.8254
0.0,3,64.828031
0.0,3,64.83084
0.0,2,64.832645
0.0,4,64.836253
0.0,2,64.838183
0.0,3,64.840819
0.0,2,64.842641
0.0,2,64.844608
0.0,3,64.847224
0.0,3,64.849802
0.0,4,64.853898
0.0,3,64.856624
0.0,2,64.858504
0.0,2,64.86036
0.0,3,64.862966
0.0,3,64.865838
0.0,4,64.869443
0.0,3,64.873152
0.0,4,64.876933
0.0,2,64.878815
0.0,3,64.881364
0.0,3,64.884024
0.0,3,64.886894
1.5,2,64.888667
0.0,3,64.891534
1.5,2,64.893399
0.0,3,64.896164
0.0,2,64.897968
0.0,4,64.901505
0.0,4,64.904956
0.0,2,64.906868
0.0,5,64.911142
0.0,4,64.915171
1.5,2,64.917104
0.0,4,64.920643
0.0,3,64.923246
0.0,3,64.925902
0.0,2,64.927664
-0.217194,3,64.930206
0.0,5,64.934936
0.0,3,64.937792
0.0,4,64.941489
0.0,2,64.943555
0.0,3,64.946402
0.0,3,64.949575
-0.287485,2,64.951697
0.0,3,64.954612
0.0,2,64.956563
0.0,2,64.958395
0.0,4,64.962142
-0.263074,4,64.965737
0.0,2,64.967617
0.0,2,64.96964
0.0,4,64.973266
0.0,3,64.97607
0.0,3,64.978725
0.0,2,64.980541
0.0,3,64.983335
-0.197872,3,64.986028
0.0,3,64.988905
0.0,3,64.991822
0.0,3,64.994562
0.0,3,64.99737
0.0,3,65.000262
0.0,2,65.002686
0.0,3,65.005887
0.0,3,65.008581
0.0,3,65.011398
0.0,3,65.014136
0.0,4,65.017822
0.0,4,65.021322
0.0,5,65.02571
1.5,2,65.027472
0.0,6,65.032598
0.0,2,65.034453
0.0,4,65.038096
0.0,4,65.041564
0.0,3,65.044394
0.0,4,65.048248
0.0,4,65.051749
0.0,3,65.054406
0.0,5,65.058666
0.0,4,65.062289
1.5,2,65.064051
0.0,2,65.065963
0.0,2,65.067969
0.0,3,65.155292
1.5,2,65.157332
0.0,2,65.159299
0.0,4,65.163173
0.0,2,65.165229
-0.112936,3,65.168075
0.0,5,65.172818
-1.0,4,65.1765
0.024516,2,65.178437
0.0,4,65.181823
0.0,3,65.184751
0.0,3,65.187714
0.0,3,65.190557
0.0,3,65.193514
0.0,2,65.195387
0.0,2,65.197351
0.0,2,65.199215
0.0,4,65.202841
0.0,3,65.20557
0.0,2,65.207457
0.0,2,65.209275
0.0,3,65.212027
0.0,3,65.21482
0.0,3,65.217572
0.0,3,65.220539
-0.386146,5,65.224911
0.0,3,65.227658
1.5,2,65.229321
0.0,5,65.233839
0.0,5,65.238241
0.0,3,65.241318
0.0,3,65.243974
0.0,2,65.245857
0.0,3,65.248971
0.0,4,65.25265
0.0,3,65.255446
0.0,3,65.258039
0.0,3,65.26073
0.0,2,65.262676
0.0,3,65.265228
0.0,2,65.267147
0.0,4,65.270811
0.0,3,65.273533
0.0,2,65.275633
0.0,3,65.27826
0.0,3,65.280878
0.0,2,65.282696
-0.414148,2,65.284467
0.0,3,65.287126
0.0,4,65.290894
0.0,3,65.293573
1.5,2,65.295321
0.0,3,65.298061
0.0,3,65.300584
0.0,2,65.302371
1.5,2,65.304233
0.0,2,65.306129
0.0,2,65.307978
0.0,4,65.311768
0.0,2,65.313478
0.0,3,65.316259
0.0,5,65.320658
0.0,2,65.322418
0.0,3,65.325043
0.0,3,65.3276
0.0,2,65.329295
0.0,3,65.332151
0.0,5,65.336315
0.0,3,65.339163
0.0,2,65.340914
0.0,3,65.34367
0.0,3,65.346518
-0.358943,2,65.348383
0.0,3,65.351045
0.0,3,65.354107
0.198886,2,65.355987
0.0,3,65.358617
0.0,3,65.36123
0.0,3,65.363827
0.0,4,65.367484
0.0,3,65.37014
-0.899656,4,65.373981
0.0,4,65.377604
0.0,4,65.381386
0.0,2,65.383173
0.0,2,65.38519
0.0,4,65.389259
0.0,4,65.392907
0.0,3,65.395647
0.0,5,65.400065
0.0,4,65.403617
-0.211876,3,65.406418
0.0,4,65.409975
1.5,2,65.411723
-0.098211,3,65.414597
0.0,2,65.416521
0.0,4,65.420152
0.287711,2,65.422071
0.0,3,65.424671
1.5,2,65.426431
0.0,3,65.42927
0.0,2,65.431068
0.0,2,65.432881
0.0,3,65.436171
0.0,2,65.438041
-0.253535,2,65.439888
0.0,4,65.44357
-0.235237,5,65.44808
0.0,3,65.450951
0.0,5,65.45551
0.0,2,65.4574
0.0,4,65.461002
0.0,2,65.462879
-0.072474,5,65.467262
0.0,4,65.470862
0.0,3,65.473474
0.0,2,65.475335
0.0,3,65.477951
0.0,3,65.480612
0.0,3,65.483332
0.0,3,65.486036
0.0,2,65.48779
0.0,3,65.490484
0.0,4,65.494
0.0,3,65.496705
0.0,3,65.499367
0.0,3,65.502005
0.0,4,65.505549
0.0,2,65.507328
0.0,4,65.510929
0.0,3,65.513619
0.0,3,65.516362
0.0,5,65.520788
1.5,2,65.522589
0.0,3,65.525273
0.0,3,65.527873
0.0,2,65.529675
0.0,2,65.531518
0.0,2,65.533401
0.0,3,65.536281
0.0,4,65.53995
0.0,6,65.545187
0.0,3,65.548136
0.0,4,65.551903
0.0,3,65.554676
0.0,4,65.55812
0.0,2,65.560003
0.0,5,65.564353
0.0,4,65.568046
0.0,3,65.570747
0.0,2,65.572579
0.0,2,65.574492
0.0,3,65.577147
0.0,2,65.579035
0.0,3,65.581717
0.0,3,65.58432
0.0,6,65.589756
0.0,3,65.592437
0.0,2,65.594297
0.0,2,65.5961
0.0,5,65.600419
0.0,2,65.602219
0.0,4,65.605664
0.0,2,65.607567
0.0,4,65.611212
0.0,4,65.614756
0.0,2,65.61678
0.0,4,65.620294
0.0,4,65.623953
0.0,2,65.625675
0.0,2,65.62749
0.0,2,65.629409
0.0,2,65.631382
0.0,5,65.635658
0.0,2,65.637544
0.0,4,65.641071
0.0,2,65.642901
0.0,6,65.648217
0.104669,2,65.650114
0.0,3,65.653078
0.0,3,65.655879
-0.99094,4,65.659442
0.0,3,65.661988
0.0,4,65.665596
0.0,2,65.667404
0.0,4,65.670909
0.0,4,65.674472
0.0,4,65.67805
0.0,3,65.680673
0.0,4,65.684132
0.0,2,65.686079
0.915286,2,65.687854
0.0,3,65.690482
0.0,2,65.692383
0.0,3,65.695044
0.0,5,65.699586
0.0,2,65.701597
0.0,3,65.704212
0.0,3,65.706884
0.0,2,65.708629
0.0,4,65.712061
0.0,4,65.715639
0.0,4,65.71922
0.0,3,65.721785
0.0,2,65.723519
0.0,4,65.726895
0.0,4,65.730289
0.0,2,65.732011
0.0,3,65.73495
0.0,4,65.738449
0.0,3,65.74134
0.0,5,65.745846
0.0,4,65.749578
0.0,4,65.793011
0.0,3,65.795673
0.0,4,65.799141
0.0,4,65.802623
0.0,2,65.804465
0.0,3,65.807026
0.0,3,65.80968
0.0,3,65.812518
0.0,3,65.81529
0.0,4,65.818937
0.0,2,65.820672
0.0,4,65.824076
0.0,4,65.827537
0.0,2,65.829235
0.0,3,65.832136
0.0,3,65.83479
0.0,4,65.838426
0.0,3,65.841196
0.0,5,65.84559
0.0,4,65.849014
0.0,3,65.851565
0.0,4,65.855327
0.0,3,65.858125
-0.483861,3,65.860831
0.0,2,65.862516
0.0,2,65.8642
0.0,3,65.867013
0.0,3,65.869643
0.0,4,65.873243
0.0,2,65.875512
-0.190062,4,65.879011
-0.282605,6,65.884164
0.0,3,65.88694
0.0,3,65.889722
0.0,4,65.893335
0.0,4,65.896845
0.0,2,65.89863
0.0,2,65.900432
0.0,4,65.903837
0.0,4,65.907272
0.0,2,65.909203
0.0,2,65.911044
0.0,2,65.912856
0.0,3,65.9156
0.0,2,65.917372
0.0,4,65.920779
1.5,2,65.922513
0.0,2,65.924256
0.0,3,65.926741
-1.0,4,65.930338
0.0,2,65.932108
0.0,4,65.935822
0.0,2,65.937729
0.0,3,65.94042
0.0,3,65.943062
0.0,4,65.946505
0.0,5,65.951006
0.0,3,65.953797
0.0,4,65.957178
0.0,3,65.959661
0.0,2,65.961309
0.0,2,65.963066
0.0,3,65.965908
0.0,2,65.967626
0.0,4,65.971044
0.0,3,65.973611
0.0,2,65.97538
0.0,2,65.977127
0.0,3,65.979582
0.0,3,65.982046
0.0,4,65.985609
0.0,2,65.98729
1.5,2,65.989022
0.0,7,65.994955
0.0,2,65.996813
0.0,2,65.99847
1.5,2,66.000154
0.0,3,66.00263
1.0,3,66.005325
0.0,2,66.00712
0.0,4,66.010589
0.0,3,66.013207
0.0,3,66.015714
0.0,2,66.017529
0.0,3,66.020298
0.0,4,66.023736
0.0,4,66.027138
0.0,3,66.029611
0.0,3,66.032187
0.0,2,66.034076
0.0,3,66.036623
0.0,3,66.039251
0.0,4,66.042819
-0.856348,2,66.044506
0.0,5,66.049008
0.0,2,66.050873
0.0,2,66.052707
1.5,2,66.054386
0.0,2,66.056204
0.0,3,66.058623
0.0,3,66.061269
0.0,2,66.063084
0.0,2,66.064758
0.0,5,66.068974
0.0,3,66.071463
0.0,5,66.075519
0.0,3,66.078159
0.0,3,66.080754
0.0,3,66.083295
0.0,3,66.085741
1.5,2,66.087567
0.0,3,66.090641
0.0,2,66.092718
0.0,2,66.094584
0.0,2,66.096388
0.0,2,66.098178
0.0,3,66.100769
0.0,2,66.102556
0.186376,2,66.104396
0.0,3,66.10702
0.0,2,66.108835
1.5,2,66.110671
0.0,2,66.112523
1.5,2,66.114235
0.0,3,66.197813
0.0,5,66.202421
0.0,3,66.204949
0.0,4,66.20863
0.0,5,66.212864
0.0,2,66.215018
0.0,2,66.216865
0.0,3,66.219516
0.0,3,66.222215
1.5,2,66.223925
0.0,2,66.225635
0.0,2,66.227458
0.0,3,66.230279
0.0,2,66.232046
0.0,3,66.234938
0.0,3,66.237626
0.0,4,66.241586
0.0,4,66.245523
0.0,4,66.249116
0.0,4,66.25338
0.0,4,66.257007
0.0,2,66.258708
0.0,3,66.261259
0.0,4,66.265096
0.0,3,66.26772
0.0,4,66.271616
0.0,3,66.274257
0.0,2,66.276126
0.0,3,66.27879
0.0,4,66.282204
0.0,3,66.285305
0.0,2,66.287162
0.0,3,66.290123
0.0,3,66.29298
0.0,3,66.295638
0.0,2,66.297704
0.0,2,66.299515
0.0,2,66.301313
0.0,4,66.304805
0.0,4,66.308296
1.5,2,66.310116
0.0,4,66.314036
0.0,4,66.317759
0.0,4,66.321654
1.5,2,66.323487
0.0,3,66.326333
0.0,3,66.328904
0.0,5,66.333596
0.0,2,66.335469
0.0,4,66.339139
0.0,2,66.341064
0.0,4,66.344525
0.557053,2,66.346485
0.0,3,66.34915
0.0,3,66.351698
0.0,2,66.35362
-0.435539,2,66.356124
0.0,2,66.357987
0.0,2,66.360047
0.0,5,66.36439
0.0,4,66.368303
0.0,2,66.370103
0.0,4,66.373724
0.0,2,66.375495
0.0,2,66.377324
0.0,2,66.379036
0.0,3,66.38176
-0.125848,6,66.386977
0.0,3,66.389944
0.0,3,66.392689
-0.167014,3,66.395436
0.0,2,66.397242
0.0,5,66.401494
0.0,3,66.404045
0.0,2,66.405804
0.0,3,66.408655
0.0,2,66.410459
0.0,2,66.412342
0.0,7,66.418668
0.0,2,66.420456
0.0,4,66.423918
0.0,3,66.426554
0.0,4,66.430283
0.0,2,66.432177
0.0,2,66.434129
0.0,4,66.438238
0.0,4,66.441931
0.0,3,66.444843
1.5,2,66.446831
0.0,4,66.450491
0.0,3,66.453846
0.0,3,66.456862
0.0,3,66.459491
0.0,2,66.461242
0.0,3,66.464009
0.0,2,66.465887
0.0,3,66.46853
0.0,2,66.47033
0.0,3,66.4732
0.0,2,66.47499
0.0,2,66.476748
0.0,2,66.478679
0.0,3,66.481303
0.0,4,66.484913
0.0,3,66.487639
-0.369089,3,66.490393
0.0,3,66.493387
0.0,3,66.496138
0.0,2,66.497905
0.0,6,66.503182
0.0,3,66.505976
0.0,2,66.507735
0.0,3,66.510465
0.0,2,66.512506
0.0,4,66.516249
0.0,5,66.520701
0.0,5,66.525034
0.0,3,66.52778
0.0,3,66.530505
0.0,2,66.5323
0.0,2,66.534405
0.0,5,66.53888
0.0,3,66.541785
0.0,4,66.545374
0.0,5,66.550013
0.0,2,66.552225
0.0,3,66.555147
0.0,5,66.559389
0.0,3,66.562246
0.0,4,66.565717
0.0,4,66.569589
0.0,3,66.572275
0.0,2,66.574097
0.0,3,66.576691
0.0,2,66.578511
0.0,2,66.58026
0.0,2,66.582139
0.0,2,66.584093
0.0,3,66.586839
0.0,2,66.58875
0.0,3,66.591707
0.0,2,66.59357
1.5,2,66.595323
0.0,3,66.598052
0.0,2,66.599987
0.0,2,66.601702
-0.826184,3,66.604335
0.0,4,66.607898
0.0,3,66.610714
1.5,2,66.612556
1.5,2,66.614399
0.0,4,66.618213
0.0,3,66.620965
0.0,5,66.625283
0.0,3,66.628034
0.0,2,66.629779
0.0,3,66.632668
0.0,3,66.635369
0.0,3,66.638205
0.0,2,66.64011
0.0,3,66.642905
0.0,2,66.64476
0.0,2,66.646586
0.0,2,66.648474
0.0,3,66.651032
0.0,3,66.653954
0.0,3,66.65728
0.0,3,66.660272
0.0,3,66.662876
0.0,2,66.66464
0.0,4,66.668422
0.0,3,66.671071
0.0,2,66.673009
0.0,2,66.674776
0.0,3,66.677397
0.0,3,66.680143
0.0,2,66.681854
0.0,3,66.684369
0.0,2,66.686146
0.0,3,66.688915
0.0,2,66.69064
0.0,4,66.694314
0.0,3,66.697007
0.0,4,66.700465
0.0,2,66.702492
0.0,4,66.705901
0.0,3,66.708732
1.5,2,66.710502
1.5,2,66.712218
0.0,2,66.714146
0.0,3,66.716972
0.0,3,66.71986
0.0,2,66.721755
0.869078,2,66.723488
0.0,3,66.726008
0.0,3,66.728808
0.0,3,66.731599
0.0,3,66.734209
0.0,5,66.73881
0.0,2,66.740535
0.0,3,66.743891
0.0,3,66.746955
0.0,3,66.749874
0.0,3,66.753176
0.0,2,66.754996
0.0,2,66.757139
0.0,4,66.760542
0.0,3,66.763524
0.0,2,66.76536
0.0,4,66.768809
0.0,4,66.772496
0.0,4,66.776038
-0.315154,3,66.816991
0.0,2,66.818961
0.0,5,66.823267
0.0,4,66.82671
0.0,4,66.830126
0.0,4,66.833703
0.0,4,66.837259
0.0,4,66.840702
0.0,2,66.842529
0.0,3,66.845037
0.0,3,66.847589
0.0,2,66.849291
0.0,4,66.852783
0.0,2,66.854699
0.0,5,66.859406
-0.911693,4,66.862944
0.0,3,66.865952
0.0,4,66.870128
0.0,3,66.872855
0.0,2,66.874715
0.0,4,66.878124
0.0,4,66.881477
0.0,4,66.884893
0.0,2,66.886684
0.0,4,66.89005
0.0,2,66.892047
0.0,2,66.894216
0.0,3,66.8969
0.0,3,66.89935
0.0,3,66.901891
0.0,2,66.903656
0.0,2,66.905479
0.0,5,66.909983
0.0,4,66.913504
0.0,2,66.915231
0.0,4,66.918886
0.0,2,66.920804
0.0,5,66.925134
0.0,3,66.9278
0.0,2,66.929616
0.0,3,66.932432
0.0,2,66.934229
1.5,2,66.936047
0.0,4,66.939605
0.0,2,66.941486
0.0,2,66.943331
0.0,2,66.945152
0.0,2,66.94693
0.0,3,66.949686
0.0,4,66.953312
0.0,2,66.955385
0.0,2,66.957293
0.0,3,66.960082
0.0,3,66.962777
0.0,4,66.966586
0.0,3,66.969679
0.0,3,66.972334
0.0,5,66.976812
0.0,3,66.979397
0.0,2,66.98111
0.0,3,66.983696
-0.102045,5,66.987946
0.0,3,66.990587
0.0,4,66.994063
0.0,3,66.996754
0.0,4,67.000219
0.0,2,67.001969
0.0,4,67.005385
0.0,3,67.007981
0.0,3,67.010476
0.0,3,67.013033
0.0,4,67.016297
0.0,2,67.017992
0.0,3,67.020461
0.0,3,67.022934
0.0,4,67.026159
0.0,3,67.028581
0.0,4,67.031827
0.0,3,67.034268
0.0,3,67.036778
0.0,4,67.040095
0.0,4,67.043473
0.0,2,67.045169
0.0,3,67.047586
0.0,2,67.049307
0.0,2,67.051086
0.0,2,67.052917
0.0,5,67.057177
0.0,2,67.058831
1.5,2,67.060472
0.0,2,67.062107
0.0,3,67.064603
0.0,2,67.06627
0.0,3,67.068696
0.0,3,67.071189
0.0,3,67.073643
0.0,4,67.076832
0.0,4,67.080068
1.5,2,67.081671
0.0,2,67.083328
0.0,3,67.085753
0.0,3,67.088217
0.0,2,67.089859
0.559674,2,67.091599
0.0,3,67.094121
0.0,2,67.095797
0.0,2,67.097546
0.0,3,67.100018
0.0,3,67.102434
1.5,2,67.104061
0.0,4,67.107247
0.0,4,67.110446
1.5,2,67.112123
0.0,3,67.114541
0.0,3,67.116957
0.0,4,67.120273
0.0,2,67.121967
0.0,3,67.124378
-0.696213,3,67.126803
0.0,2,67.128412
0.0,3,67.130818
0.0,3,67.133307
0.0,2,67.135101
0.0,4,67.138782
0.0,7,67.144724
0.0,4,67.148044
0.0,3,67.150507
0.0,2,67.152146
-0.288,3,67.154654
0.0,4,67.226201
0.0,3,67.228757
0.0,3,67.231432
0.0,3,67.233984
0.0,3,67.236507
0.0,4,67.239842
0.0,2,67.241509
0.0,3,67.243993
0.0,2,67.24566
0.0,4,67.249002
0.0,2,67.250693
0.0,2,67.252565
0.0,3,67.255349
0.0,3,67.25796
0.0,3,67.260517
0.0,2,67.262226
0.0,2,67.263943
0.0,3,67.266569
0.0,4,67.269952
0.0,2,67.271688
0.0,5,67.275834
0.0,2,67.277508
0.0,3,67.280013
0.0,2,67.281767
0.0,2,67.283503
0.0,3,67.286101
0.0,3,67.288642
0.0,3,67.291163
0.0,3,67.293686
0.0,4,67.297047
0.0,4,67.300301
0.0,2,67.302004
0.0,3,67.304401
0.0,3,67.306902
0.0,4,67.310203
0.0,4,67.313614
0.0,2,67.31531
0.0,3,67.317803
0.0,3,67.320368
0.0,4,67.323664
0.0,2,67.325339
0.0,2,67.327006
0.0,2,67.328762
0.0,2,67.33042
0.0,2,67.332175
0.0,2,67.333826
0.0,2,67.335599
0.442176,3,67.338145
0.0,4,67.341483
0.0,2,67.343201
0.0,5,67.347297
-0.223361,2,67.349091
0.0,3,67.351585
0.0,4,67.354944
0.0,2,67.356797
0.0,2,67.358696
0.0,2,67.360479
0.0,5,67.364807
0.0,3,67.367375
0.0,3,67.369966
0.0,3,67.372532
0.0,2,67.374269
0.0,3,67.376744
1.5,2,67.378412
0.0,3,67.380883
0.0,3,67.383422
0.0,2,67.385137
0.0,3,67.3877
0.0,2,67.389405
0.0,3,67.392054
0.0,2,67.393883
0.0,4,67.397332
0.0,2,67.399143
1.5,2,67.401023
0.0,3,67.403573
0.0,3,67.406097
0.0,2,67.40781
0.0,3,67.410378
0.0,3,67.412992
0.0,2,67.41474
0.0,2,67.416489
0.0,4,67.419931
0.0,3,67.422455
0.0,3,67.425018
0.0,3,67.427536
0.0,2,67.42924
0.0,4,67.432558
0.0,3,67.435164
0.0,4,67.438694
0.0,2,67.440388
0.0,4,67.44379
0.0,2,67.445514
0.0,2,67.447189
-0.224793,5,67.451385
0.0,2,67.453147
0.0,4,67.456842
0.0,2,67.458579
0.0,5,67.462835
0.0,3,67.465384
0.0,2,67.467142
0.0,4,67.470479
0.0,3,67.472989
0.0,5,67.477216
0.0,6,67.482134
0.0,4,67.485522
0.0,4,67.488881
-0.372815,2,67.490585
0.0,3,67.493121
0.0,3,67.495588
0.0,3,67.497967
0.0,4,67.501253
0.0,4,67.504541
0.0,2,67.506259
0.0,3,67.508934
0.0,3,67.511712
0.0,3,67.514365
0.0,2,67.516119
0.006747,2,67.517859
0.0,3,67.520355
0.0,5,67.524401
0.0,3,67.526779
0.0,5,67.530822
0.0,3,67.533471
0.0,4,67.536948
0.0,2,67.53866
0.0,2,67.540396
0.0,3,67.542914
0.0,3,67.545445
0.0,3,67.548016
0.0,2,67.549803
0.0,3,67.552638
0.0,2,67.554479
0.0,3,67.55699
0.0,4,67.560286
0.0,3,67.562729
0.0,2,67.564568
0.0,2,67.566238
0.0,3,67.568713
0.0,2,67.570405
0.0,2,67.572213
0.0,2,67.573866
0.0,2,67.575637
0.0,3,67.578201
0.0,3,67.580677
0.0,2,67.582348
0.0,3,67.58494
1.5,2,67.586727
0.0,3,67.589301
0.0,2,67.591151
0.0,3,67.593782
0.0,4,67.597316
0.0,3,67.599875
0.0,5,67.604017
0.0,3,67.606528
0.0,4,67.609824
0.0,3,67.612548
0.0,3,67.615137
0.0,4,67.618716
0.0,3,67.621305
0.0,3,67.623996
-1.0,2,67.625826
0.0,3,67.628335
0.0,2,67.630133
1.5,2,67.631752
0.0,2,67.633634
0.0,5,67.637943
0.0,2,67.639772
0.0,2,67.641681
0.0,2,67.643631
0.0,2,67.645539
0.0,2,67.647389
0.0,3,67.650224
0.0,4,67.653627
0.0,4,67.657356
0.330025,2,67.659527
0.0,3,67.662512
0.0,3,67.665452
0.0,3,67.668185
0.0,3,67.671084
0.0,5,67.675513
0.0,2,67.677206
0.0,2,67.679112
0.0,2,67.680789
0.0,2,67.682706
0.0,3,67.68542
0.0,2,67.687335
0.0,2,67.689222
1.5,2,67.691156
0.0,2,67.693074
0.0,2,67.695027
0.0,3,67.69759
0.0,3,67.700186
0.0,3,67.702842
-0.785755,5,67.707099
0.0,4,67.710655
0.0,3,67.713363
0.0,3,67.716069
0.0,2,67.717995
0.0,2,67.719829
0.0,2,67.721648
0.0,2,67.723415
0.0,4,67.726866
0.0,4,67.730288
0.0,5,67.735151
0.0,2,67.737251
0.0,3,67.740256
0.0,2,67.742266
0.0,2,67.744145
0.0,3,67.747001
0.0,2,67.748981
0.0,5,67.794542
1.5,2,67.796545
0.0,4,67.800332
0.0,3,67.803606
0.0,3,67.807157
0.0,3,67.81131
0.0,2,67.813894
-0.828602,4,67.818707
1.5,2,67.82093
0.0,3,67.824581
0.0,3,67.828314
1.0,2,67.830977
0.0,4,67.835782
0.0,6,67.841827
0.0,3,67.844954
0.62215,3,67.847934
0.0,2,67.849985
0.0,4,67.853924
0.0,4,67.857919
-0.554712,2,67.860414
0.0,2,67.862547
0.0,3,67.865677
0.0,7,67.872727
0.0,2,67.874859
0.0,3,67.87765
0.0,2,67.879566
0.0,3,67.882527
0.0,2,67.884604
-1.029355,2,67.886657
0.0,2,67.88861
1.5,2,67.890718
0.0,2,67.892815
0.0,4,67.896742
0.0,3,67.899518
0.713591,3,67.902343
0.0,3,67.90522
0.0,2,67.907026
0.0,2,67.909094
0.0,3,67.911913
1.5,2,67.91396
0.0,5,67.918842
0.0,3,67.921674
1.5,2,67.923608
0.0,3,67.926503
0.0,3,67.929682
0.0,3,67.933314
0.0,3,67.936647
0.0,3,67.939785
0.0,2,67.94192
0.0,3,67.945147
0.0,2,67.947118
0.0,2,67.949096
0.0,6,67.955098
1.729237,2,67.957541
0.0,2,67.959681
0.0,2,67.961951
0.0,3,67.965182
0.0,5,67.970485
0.0,6,67.976146
0.0,3,67.979168
-0.312979,2,67.981269
1.5,2,67.98321
0.0,4,67.987014
0.0,3,67.990124
0.0,3,67.99325
0.0,3,67.996214
0.0,3,67.999252
0.0,3,68.002195
0.0,2,68.004136
0.179767,2,68.006178
0.0,4,68.010185
0.0,2,68.012221
0.0,3,68.015355
0.0,3,68.018579
0.0,2,68.020719
0.0,2,68.022771
1.5,2,68.024761
0.0,2,68.026657
0.0,3,68.029366
0.0,3,68.032331
0.0,2,68.034534
0.0,2,68.036664
0.0,3,68.039707
0.0,3,68.042738
0.0,2,68.044675
0.0,4,68.0485
0.0,3,68.051382
-0.177492,2,68.053177
0.0,4,68.057351
0.0,4,68.061375
0.0,2,68.063488
0.0,3,68.066647
0.0,3,68.069764
0.0,2,68.071725
-0.782398,2,68.073918
0.0,2,68.076012
0.0,4,68.07995
0.0,3,68.082865
0.0,2,68.084767
0.0,2,68.086856
0.0,3,68.089829
0.0,3,68.092891
-0.034281,2,68.095022
0.0,2,68.097076
0.0,2,68.099312
0.0,3,68.102196
-0.455296,4,68.106039
0.0,2,68.108015
0.0,3,68.110893
0.0,2,68.112909
0.0,5,68.117926
0.0,2,68.119939
1.5,2,68.121927
0.0,4,68.125742
0.0,2,68.127778
0.0,2,68.129984
0.0,2,68.131965
0.0,2,68.134222
0.0,4,68.138364
1.5,2,68.140419
0.0,3,68.143679
0.0,4,68.147681
0.0,2,68.149954
0.0,3,68.153106
0.0,2,68.155254
0.0,3,68.158402
0.0,2,68.160864
0.0,2,68.163152
0.0,3,68.1662
0.0,2,68.168415
0.0,2,68.1707
0.0,2,68.17276
0.0,3,68.176147
1.5,2,68.178483
0.0,3,68.182154
0.0,2,68.18443
0.0,4,68.188696
0.0,2,68.191011
0.0,2,68.193119
0.0,5,68.198314
0.0,3,68.201292
0.0,3,68.204208
2.0,2,68.206227
0.0,2,68.208334
0.0,3,68.211501
0.0,2,68.213632
0.0,2,68.215713
0.0,7,68.223036
0.0,4,68.314356
0.0,2,68.31695
0.0,2,68.31921
0.0,2,68.321458
0.0,2,68.323632
0.0,2,68.32568
0.0,2,68.327864
0.0,2,68.330347
0.0,2,68.332535
0.0,4,68.337266
1.5,2,68.339354
0.0,3,68.342799
0.0,2,68.345267
0.0,2,68.34748
0.0,3,68.351024
0.0,3,68.354504
0.0,2,68.356779
0.0,3,68.36021
0.0,3,68.364242
0.0,5,68.369919
-0.256773,4,68.374546
0.246206,2,68.376951
0.0,4,68.380908
1.5,2,68.383069
0.0,2,68.385396
0.0,2,68.387726
0.0,3,68.391079
0.0,2,68.393549
0.0,5,68.399015
0.0,2,68.40102
0.0,2,68.403083
1.5,2,68.405087
0.0,5,68.410265
0.0,2,68.412437
1.5,2,68.414844
0.0,3,68.418212
0.0,2,68.420379
0.0,2,68.42241
0.0,4,68.42654
1.5,2,68.428512
0.0,2,68.430546
0.0,2,68.436844
0.0,2,68.44023
0.0,2,68.443737
0.0,3,68.448678
0.0,3,68.453645
0.0,3,68.458733
0.0,3,68.464093
0.0,5,68.472124
0.0,2,68.474533
0.0,6,68.480684
0.0,3,68.483936
0.0,2,68.486078
0.0,3,68.489336
0.0,3,68.492418
0.0,3,68.495546
0.0,3,68.49857
0.0,2,68.500619
0.0,5,68.50549
1.5,2,68.507607
0.0,4,68.511888
0.0,2,68.514078
0.0,3,68.517315
0.0,3,68.520424
0.0,3,68.523611
0.0,4,68.527563
0.0,4,68.531652
0.0,3,68.534833
0.0,2,68.537075
0.0,3,68.540488
0.0,4,68.54486
0.0,3,68.547823
0.0,5,68.552906
0.0,3,68.556333
0.0,4,68.560804
0.0,2,68.563075
0.0,4,68.567445
0.0,3,68.570644
0.0,3,68.573781
0.0,4,68.577952
0.0,2,68.579991
0.0,2,68.581904
-0.344885,4,68.585924
1.5,2,68.588055
0.0,2,68.590192
-0.055862,4,68.59448
0.0,3,68.597468
0.0,2,68.599621
0.0,4,68.603454
0.0,2,68.605547
0.0,3,68.608646
0.0,2,68.610747
0.0,2,68.612982
0.0,2,68.615077
0.0,4,68.619412
0.0,3,68.62254
0.0,3,68.625434
0.0,2,68.627537
0.0,4,68.631704
0.0,2,68.633899
0.0,3,68.637064
0.0,5,68.642369
0.0,4,68.646835
0.0,3,68.649999
0.0,2,68.652183
0.0,3,68.655399
0.0,3,68.658492
1.5,2,68.660737
1.5,2,68.663057
0.0,5,68.66855
0.0,3,68.671763
0.0,3,68.675119
0.0,2,68.677332
0.0,2,68.679366
0.0,3,68.682444
0.0,2,68.684573
0.0,5,68.689748
0.0,4,68.693901
0.0,4,68.698116
0.0,2,68.700168
0.0,3,68.703176
0.0,4,68.707172
0.0,5,68.712185
0.0,3,68.715409
0.0,4,68.719569
0.0,2,68.721525
0.0,3,68.724543
0.0,3,68.727577
0.0,2,68.729562
0.0,2,68.73167
0.0,2,68.733856
0.0,2,68.736071
0.0,4,68.740582
-1.589268,2,68.74263
0.0,3,68.745727
0.0,3,68.748702
0.0,4,68.752932
0.0,2,68.754968
0.0,4,68.75949
0.0,3,68.762871
0.0,3,68.766107
0.0,2,68.76825
0.0,3,68.771515
0.0,4,68.775829
0.0,2,68.778088
0.0,6,68.784211
0.0,2,68.786269
0.0,2,68.788303
0.0,2,68.790466
0.0,4,68.794679
0.149647,5,68.799739
0.0,3,68.802782
0.0,2,68.804929
0.0,2,68.80686
0.0,3,68.809958
0.0,2,68.812159
0.0,2,68.814244
0.0,4,68.818306
0.0,3,68.821459
0.0,3,68.824355
0.0,4,68.828278
0.0,4,68.832492
0.0,2,68.834742
0.0,2,68.836871
0.0,2,68.839167
0.0,4,68.843528
0.0,2,68.845693
0.0,3,68.848841
0.0,2,68.850952
0.0,2,68.853409
0.0,4,68.858017
1.5,2,68.860323
0.0,2,68.863022
0.0,4,68.86772
0.0,2,68.870131
0.0,2,68.872263
0.0,2,68.874516
0.0,2,68.8768
0.0,3,68.879981
0.0,2,68.882091
0.0,2,68.884187
0.0,2,68.886354
1.5,2,68.888642
0.0,5,68.893783
0.0,5,68.899113
0.0,3,68.902313
0.0,2,68.904368
0.0,2,68.906364
0.0,3,68.909691
0.0,3,68.912781
0.0,3,68.916057
0.0,3,68.919284
0.0,4,68.92337
0.0,2,68.925326
0.0,3,68.928466
0.0,2,68.930785
1.5,2,68.933435
0.0,2,68.936307
-0.361525,2,68.938766
0.0,3,68.941935
0.0,4,68.946437
0.0,3,68.949722
0.0,2,68.951872
0.0,4,68.998386
0.0,3,69.001577
0.0,3,69.004415
0.0,3,69.007534
0.0,3,69.010451
0.0,3,69.015075
0.0,5,69.023054
0.0,2,69.026185
0.0,2,69.029217
0.0,3,69.033614
0.0,4,69.038014
0.0,3,69.041413
0.0,4,69.045801
0.0,3,69.048945
0.0,3,69.051887
0.0,2,69.054256
0.0,3,69.057996
0.0,2,69.060271
0.0,3,69.063721
0.0,2,69.065835
0.0,4,69.070177
0.0,5,69.074971
0.0,2,69.077161
0.0,3,69.079976
0.0,2,69.081936
0.0,2,69.083978
0.0,4,69.087846
0.0,2,69.090214
0.0,2,69.092464
0.0,4,69.096437
0.0,2,69.098596
0.0,3,69.101384
0.0,3,69.104431
0.0,3,69.107274
0.0,3,69.110284
0.0,3,69.113345
0.0,3,69.116394
0.0,3,69.119616
0.0,3,69.122565
1.5,2,69.12454
0.0,3,69.127517
0.0,4,69.131429
-1.378951,2,69.133622
0.0,4,69.137799
0.0,3,69.141019
0.0,3,69.144093
0.0,5,69.148803
0.0,3,69.151843
0.0,5,69.156898
0.0,4,69.161444
0.0,4,69.165881
1.5,2,69.168099
0.0,3,69.171027
0.0,3,69.174293
0.0,3,69.177289
0.0,3,69.180135
0.0,4,69.183979
0.0,2,69.185978
0.0,4,69.190252
0.0,3,69.193266
0.0,3,69.196529
0.0,2,69.198668
0.0,3,69.201727
0.0,2,69.203645
0.0,3,69.206541
0.0,2,69.208578
0.0,3,69.211426
0.0,4,69.215381
1.5,2,69.217439
0.0,3,69.2205
0.0,3,69.223433
0.0,2,69.225313
0.0,2,69.227422
0.0,2,69.229729
0.0,3,69.232983
0.0,4,69.237509
0.0,3,69.24065
1.5,2,69.242921
0.0,2,69.24523
0.0,3,69.24906
0.0,4,69.253636
0.0,3,69.256919
0.0,3,69.260597
0.0,3,69.263966
0.0,2,69.266187
0.0,3,69.269356
0.0,2,69.271782
0.0,4,69.275698
0.0,4,69.279645
0.0,4,69.283461
-0.391176,4,69.287587
0.0,3,69.290682
0.0,3,69.293919
0.0,4,69.298048
0.0,2,69.30014
0.0,3,69.30289
0.0,3,69.30586
0.0,3,69.308649
-0.470113,3,69.311707
0.0,2,69.313935
0.0,2,69.316017
0.0,3,69.319269
0.0,3,69.322592
0.0,3,69.325806
0.0,3,69.328899
0.0,3,69.331964
0.0,4,69.336142
0.0,3,69.339388
0.0,4,69.343595
0.0,2,69.345648
0.0,5,69.350554
0.0,3,69.353916
0.0,3,69.357471
0.0,2,69.359946
0.0,3,69.363765
0.0,6,69.370407
0.0,2,69.372528
0.0,6,69.37911
0.0,3,69.382209
0.0,2,69.384317
0.0,2,69.386452
0.0,4,69.39091
0.0,3,69.394147
0.0,3,69.397179
0.0,5,69.401988
0.0,3,69.405138
0.0,2,69.407336
0.0,2,69.409758
1.5,2,69.412153
0.0,2,69.414872
0.0,5,69.420617
0.0,3,69.42373
1.5,2,69.425787
0.0,3,69.428961
-1.0,2,69.431349
0.0,2,69.433517
0.0,2,69.435678
0.0,3,69.439278
0.0,3,69.442441
0.0,2,69.4447
0.0,3,69.447822
0.0,2,69.449911
0.0,3,69.45326
0.0,4,69.457278
0.0,2,69.459421
0.0,3,69.462359
0.0,2,69.464356
0.0,4,69.468385
1.5,2,69.563043
0.0,6,69.569654
0.0,3,69.572946
0.0,3,69.575903
1.5,2,69.57795
0.0,4,69.581821
0.0,3,69.585188
0.0,2,69.587177
0.0,2,69.589297
0.0,2,69.591715
0.0,4,69.596532
0.0,5,69.602119
1.5,2,69.604145
0.0,2,69.60631
0.0,2,69.60825
0.0,3,69.611383
0.0,2,69.613498
0.0,3,69.616424
0.0,2,69.61886
0.0,4,69.623
0.0,2,69.625086
0.0,3,69.628192
0.0,4,69.632224
0.0,6,69.638608
0.0,3,69.641912
0.0,2,69.64405
0.0,4,69.647997
0.0,2,69.649839
0.0,3,69.652926
0.0,3,69.656297
0.0,3,69.659459
0.0,2,69.661777
0.0,5,69.667354
0.0,2,69.669715
0.0,3,69.673009
0.0,3,69.67663
0.0,4,69.680857
0.0,4,69.684975
0.0,2,69.687099
-0.819099,4,69.691495
0.0,3,69.694629
0.0,2,69.697001
0.0,5,69.70186
0.0,4,69.705746
0.0,2,69.707792
0.515125,3,69.711016
0.0,2,69.713016
0.0,2,69.715096
0.0,3,69.718315
0.0,3,69.72135
0.0,4,69.725398
0.0,2,69.727391
0.0,4,69.731495
0.0,2,69.733557
0.0,3,69.73656
0.0,4,69.741121
0.0,4,69.745299
0.0,3,69.748281
0.0,4,69.752632
0.0,2,69.754834
0.0,2,69.757117
0.0,3,69.760714
0.0,3,69.764231
-0.223032,2,69.766485
0.0,4,69.770499
0.0,2,69.773062
0.0,5,69.777726
0.0,2,69.779857
0.0,3,69.78311
1.5,2,69.785313
0.0,2,69.787557
0.0,3,69.79055
0.123438,4,69.794723
0.0,2,69.79696
0.0,2,69.799084
0.0,4,69.803103
0.0,2,69.805151
0.0,3,69.808015
0.0,4,69.811699
0.0,4,69.816025
0.0,4,69.819927
0.0,2,69.822013
0.0,3,69.824764
1.5,2,69.826646
0.0,2,69.828614
1.5,2,69.830491
0.0,3,69.833489
0.0,2,69.835481
0.0,5,69.84053
0.0,3,69.843722
0.0,5,69.848751
0.0,2,69.850882
0.0,3,69.853866
0.0,2,69.856188
0.0,2,69.85832
0.0,2,69.860291
0.0,4,69.864719
0.0,3,69.867956
0.0,4,69.872389
0.0,5,69.877216
0.0,2,69.879131
0.0,4,69.88296
0.0,5,69.887745
0.0,2,69.889835
0.0,5,69.895059
0.0,4,69.898787
0.0,3,69.901463
0.0,3,69.904205
0.0,2,69.906096
0.0,3,69.908821
0.0,4,69.912888
0.0,3,69.915913
0.0,2,69.918169
0.0,3,69.921329
0.0,5,69.926083
0.0,4,69.929885
0.0,3,69.933075
0.0,4,69.937827
0.0,3,69.941221
0.0,2,69.943253
0.0,3,69.946107
0.0,2,69.948085
0.0,4,69.951859
0.0,2,69.953806
0.0,4,69.95797
0.0,3,69.961233
0.0,2,69.963545
0.0,3,69.968549
0.0,2,69.971227
0.0,3,69.974594
0.0,4,69.978761
0.0,3,69.981839
0.0,3,69.984675
1.5,2,69.986671
0.0,2,69.988709
0.0,3,69.991757
-0.40489,3,69.995006
0.0,3,69.998386
0.0,2,70.000555
0.0,3,70.003611
0.0,3,70.006539
0.0,2,70.008761
0.0,2,70.011038
0.0,2,70.013332
0.0,4,70.018009
0.0,5,70.023053
0.0,2,70.025254
0.0,3,70.028373
0.0,3,70.031702
1.5,2,70.033982
0.0,4,70.038388
0.0,4,70.042518
0.0,2,70.044723
0.0,2,70.046827
0.0,3,70.05009
0.0,3,70.05346
0.0,4,70.057861
0.0,2,70.060365
0.0,2,70.062674
0.0,3,70.065948
0.0,3,70.069288
0.0,3,70.07268
0.0,3,70.075875
0.0,3,70.078993
0.0,3,70.082079
0.0,4,70.086162
0.0,2,70.088313
0.0,3,70.091587
0.0,4,70.095921
0.0,2,70.098063
1.5,2,70.100128
0.0,4,70.104441
0.0,2,70.106587
0.0,2,70.108616
0.0,3,70.111502
1.5,2,70.113536
1.5,2,70.115486
0.0,3,70.118484
0.0,3,70.121666
0.0,2,70.123924
0.0,2,70.126023
0.0,2,70.128168
0.0,2,70.130156
0.0,3,70.133167
0.0,2,70.135246
0.0,4,70.139228
0.0,4,70.143385
0.0,2,70.14563
0.0,3,70.148754
0.0,3,70.192689
0.0,4,70.196667
0.0,4,70.200573
0.0,4,70.204203
0.0,2,70.206239
1.5,2,70.208188
0.0,5,70.213279
0.0,4,70.217225
0.0,4,70.221336
0.0,4,70.225183
0.0,2,70.227073
1.5,2,70.228841
0.0,2,70.230935
0.0,3,70.233935
0.0,3,70.236643
0.0,4,70.240451
0.0,4,70.244554
0.0,3,70.247669
0.0,3,70.25082
0.0,3,70.253822
0.0,3,70.256824
0.0,2,70.258903
0.0,3,70.262099
0.0,4,70.265992
0.0,2,70.268093
1.5,2,70.270121
0.0,2,70.272215
0.0,3,70.275232
0.0,3,70.278295
0.0,2,70.280236
0.0,3,70.28323
0.0,5,70.288212
0.0,2,70.290248
0.0,3,70.293382
0.0,5,70.298294
0.0,3,70.30124
0.0,6,70.306824
0.0,4,70.310426
0.0,3,70.313308
0.0,4,70.317573
0.0,3,70.320714
0.0,2,70.32267
0.0,3,70.325517
0.0,3,70.328511
0.0,3,70.331439
0.0,3,70.334332
0.0,3,70.337482
0.0,5,70.342676
0.0,4,70.346743
0.0,4,70.350885
0.0,2,70.352948
0.0,3,70.355971
0.0,3,70.358801
0.0,2,70.360718
0.0,3,70.363955
0.0,4,70.36843
0.0,4,70.372531
0.0,3,70.375534
0.0,3,70.378382
0.0,3,70.381218
0.0,3,70.384119
0.0,2,70.386102
0.0,2,70.38818
0.0,6,70.394104
-0.438466,4,70.398028
0.0,2,70.400077
0.0,2,70.40203
0.0,3,70.404933
0.0,3,70.407828
0.0,4,70.411661
0.0,3,70.414496
0.0,4,70.418441
0.0,2,70.420447
0.0,4,70.424179
-0.273043,5,70.428706
0.0,3,70.431683
0.0,3,70.434977
0.0,5,70.440015
0.0,4,70.444027
0.0,4,70.447728
0.0,3,70.450626
-0.277335,4,70.454432
1.5,2,70.456587
0.0,5,70.461992
0.0,4,70.466231
0.0,2,70.468423
0.0,3,70.471828
0.0,2,70.474051
0.0,2,70.476337
0.0,4,70.480224
-0.401671,5,70.484806
0.0,5,70.48983
0.0,2,70.492119
0.0,2,70.494155
0.0,2,70.496021
0.0,2,70.498117
0.0,4,70.501971
-1.0,5,70.506531
0.0,4,70.510505
0.0,4,70.514391
0.0,3,70.517475
0.0,3,70.520313
0.0,3,70.523099
0.0,2,70.52498
0.0,4,70.528553
0.0,3,70.531672
0.782372,3,70.534599
0.0,2,70.536657
0.0,3,70.539565
0.0,5,70.544355
0.0,2,70.546354
0.0,5,70.551158
0.0,4,70.554941
0.0,4,70.558761
0.0,2,70.561247
0.0,4,70.565262
0.0,3,70.568016
0.0,3,70.570755
0.0,2,70.572719
0.0,2,70.574546
0.0,5,70.578991
0.0,3,70.581751
0.0,2,70.58356
0.0,3,70.586457
0.0,3,70.589294
0.0,3,70.592201
0.0,4,70.595964
0.0,3,70.598819
0.0,3,70.601921
0.0,4,70.605755
0.0,4,70.609418
0.0,2,70.611302
0.0,2,70.613255
0.0,3,70.616224
0.0,2,70.618419
0.0,4,70.622051
0.0,3,70.624858
0.0,2,70.626713
0.0,3,70.629481
0.0,3,70.632231
1.5,2,70.634151
0.0,2,70.636182
0.0,3,70.639069
0.0,3,70.641921
0.0,3,70.644892
0.0,6,70.74304
0.0,2,70.745207
1.5,2,70.747202
0.0,2,70.749334
0.0,2,70.75135
0.0,4,70.755537
0.0,3,70.758815
0.0,4,70.76279
0.0,3,70.765898
0.0,4,70.769862
0.0,2,70.771808
0.0,5,70.777364
0.0,2,70.779384
0.0,2,70.781499
0.0,2,70.783759
0.0,2,70.78586
0.0,4,70.790134
0.0,2,70.792149
0.0,5,70.797272
1.5,2,70.799318
0.0,2,70.801255
0.0,3,70.804238
0.0,4,70.80795
0.0,2,70.810136
0.0,4,70.813871
0.0,2,70.815919
0.0,3,70.819002
0.0,5,70.823572
0.0,2,70.825543
0.963742,2,70.827528
0.0,2,70.829651
0.0,5,70.834538
0.0,2,70.836703
0.0,3,70.839649
0.0,3,70.842639
0.0,4,70.846502
0.0,2,70.848461
0.0,3,70.851409
0.0,3,70.854504
0.0,3,70.857483
0.0,4,70.861462
0.0,3,70.864428
0.0,3,70.867805
0.0,3,70.870803
0.0,3,70.873605
0.0,2,70.875616
0.0,3,70.878406
0.0,2,70.880249
0.0,3,70.883103
0.0,2,70.88515
0.0,4,70.888895
0.0,4,70.892663
0.0,2,70.894681
0.0,2,70.896578
0.0,2,70.898547
0.0,2,70.900414
0.0,3,70.903289
0.0,2,70.905222
0.0,3,70.907878
0.0,6,70.913542
0.0,4,70.91739
0.0,4,70.92119
1.5,2,70.923086
0.0,5,70.92754
0.0,3,70.930221
0.0,5,70.934898
0.0,3,70.937824
0.0,3,70.940763
0.0,5,70.945442
0.0,3,70.948137
0.0,3,70.950752
0.0,5,70.955183
1.5,2,70.957085
0.0,2,70.959007
0.0,4,70.962785
-0.940146,4,70.966995
0.0,3,70.970464
0.0,4,70.974251
1.0,2,70.976119
0.0,3,70.978872
0.0,2,70.980776
0.0,3,70.983522
0.0,4,70.987197
0.0,4,70.991004
0.0,2,70.992888
1.5,2,70.994775
0.0,4,70.998273
0.0,3,71.001215
0.0,2,71.003115
0.0,3,71.005842
0.0,2,71.007697
0.0,2,71.009607
0.0,2,71.011568
0.0,2,71.013426
0.0,4,71.017254
0.0,3,71.020117
0.0,3,71.022859
0.0,4,71.02636
0.0,2,71.028296
0.0,3,71.031154
0.0,3,71.03397
0.0,2,71.035954
0.0,3,71.038738
0.0,2,71.04065
0.0,4,71.044235
0.0,2,71.046089
0.0,3,71.048889
0.0,2,71.05079
0.0,2,71.052794
0.0,4,71.05645
0.0,3,71.059398
0.0,4,71.06355
0.0,4,71.067476
0.0,5,71.072199
0.0,2,71.074189
0.0,3,71.076908
0.0,3,71.079689
0.0,5,71.084179
0.0,2,71.086194
0.0,3,71.089004
0.070015,2,71.090927
0.0,3,71.093784
0.0,3,71.096555
0.0,4,71.100094
0.0,3,71.102772
0.0,5,71.107246
0.0,3,71.109968
0.0,3,71.112719
0.0,2,71.114771
0.0,5,71.119336
0.0,3,71.122099
-0.328571,2,71.123926
-0.004116,2,71.125822
0.0,3,71.12872
0.0,3,71.131558
1.5,2,71.13344
0.0,3,71.136291
0.0,2,71.138156
0.0,3,71.140882
0.0,2,71.142857
0.0,2,71.144794
0.0,4,71.148651
0.0,4,71.152399
0.0,4,71.156008
0.0,2,71.157839
0.0,4,71.161372
0.0,4,71.16529
0.0,4,71.169874
0.0,2,71.171904
0.0,3,71.174723
0.0,5,71.17916
0.0,2,71.181163
0.0,3,71.184157
0.0,4,71.18797
0.0,4,71.191964
0.0,2,71.193892
0.0,4,71.19757
0.0,2,71.199333
0.0,3,71.202183
1.5,2,71.204129
0.0,2,71.205952
0.0,3,71.208722
0.0,5,71.213588
0.0,3,71.21645
0.0,3,71.219429
0.0,3,71.222307
0.0,4,71.226007
0.0,2,71.227835
0.0,3,71.230692
0.0,2,71.232803
0.0,3,71.235793
1.5,2,71.237687
0.0,3,71.240694
0.0,4,71.244706
0.0,4,71.248341
0.0,2,71.250294
1.5,2,71.252161
0.0,2,71.254393
0.0,2,71.25635
0.0,3,71.298487
0.0,2,71.300453
0.0,2,71.302447
0.0,3,71.3052
0.0,2,71.307134
-0.550978,2,71.309341
0.0,3,71.312255
0.0,4,71.316267
0.0,4,71.32001
-0.578886,2,71.321973
0.0,3,71.324718
0.0,4,71.32842
0.0,3,71.331524
0.0,3,71.334412
0.0,5,71.339411
0.0,3,71.342385
0.0,3,71.345453
0.0,2,71.347444
0.0,3,71.350458
0.0,2,71.352554
0.0,2,71.354598
0.0,3,71.357577
0.0,2,71.359489
0.0,3,71.362304
0.0,2,71.364272
0.0,2,71.366345
0.0,3,71.369864
0.0,5,71.374951
0.0,4,71.378603
0.0,2,71.38042
1.5,2,71.382371
0.0,2,71.384263
0.0,2,71.386286
0.0,2,71.38816
0.0,3,71.390966
0.0,4,71.394711
0.0,4,71.398443
0.0,2,71.400294
-0.613198,3,71.403107
0.0,2,71.404905
0.0,4,71.408427
0.0,3,71.41112
0.0,5,71.415598
1.5,2,71.41747
0.0,2,71.419395
0.614955,4,71.422907
0.0,5,71.4278
0.0,4,71.431844
0.0,4,71.435916
0.0,3,71.438885
0.0,2,71.440823
0.0,3,71.443755
0.0,4,71.44753
0.0,2,71.449569
0.0,2,71.451723
0.0,2,71.453721
0.0,3,71.456513
0.0,4,71.460057
-0.080041,6,71.465778
0.0,3,71.468677
0.0,3,71.471458
0.0,5,71.476029
0.0,3,71.478762
0.0,2,71.480707
0.0,3,71.483656
0.0,2,71.485505
0.0,2,71.487365
0.586652,3,71.490373
0.0,2,71.49229
0.0,4,71.496086
0.0,3,71.498679
-0.265869,4,71.50228
0.0,2,71.504243
1.5,2,71.505998
0.0,3,71.508804
0.0,2,71.51083
0.0,3,71.513646
0.0,3,71.516414
0.0,2,71.518497
0.0,3,71.521211
0.0,2,71.522988
0.0,3,71.525767
0.0,3,71.52852
0.0,3,71.531254
0.0,2,71.533323
0.0,4,71.536915
0.0,3,71.540009
0.0,2,71.541862
0.0,4,71.545598
-0.103486,2,71.547423
0.0,4,71.551892
1.5,2,71.554038
0.0,2,71.555969
0.0,5,71.560541
0.0,3,71.563411
0.0,3,71.566978
0.0,3,71.569937
-0.246375,2,71.571878
0.0,3,71.574836
1.5,2,71.576663
0.0,5,71.581099
0.0,4,71.58462
0.0,3,71.587537
0.0,2,71.589434
0.0,2,71.591272
0.0,4,71.594888
0.0,4,71.598301
0.0,5,71.602716
0.0,3,71.605347
0.0,3,71.608133
-0.62095,4,71.611962
0.0,3,71.614984
0.0,3,71.617882
0.0,2,71.619873
0.0,4,71.623317
0.0,2,71.625077
0.0,2,71.626993
0.0,2,71.628912
0.0,3,71.63168
0.0,5,71.636486
-0.178057,2,71.638353
0.0,3,71.641065
1.5,2,71.643053
0.0,3,71.645816
-0.170994,4,71.649472
0.0,6,71.654784
0.0,4,71.658209
0.0,2,71.659934
0.0,2,71.661792
0.0,3,71.664431
1.5,2,71.666361
0.0,4,71.671211
0.0,2,71.673303
0.0,2,71.675268
0.0,4,71.679144
0.0,2,71.681006
0.0,3,71.683923
0.0,4,71.687882
0.0,3,71.690859
0.0,2,71.693084
0.0,2,71.694953
0.0,3,71.697756
0.0,3,71.700428
1.5,2,71.702274
0.0,3,71.705007
0.0,4,71.70849
0.0,4,71.712123
0.0,3,71.715209
0.0,3,71.717966
0.0,2,71.719787
0.0,3,71.722423
0.0,2,71.724175
0.0,2,71.726032
0.0,3,71.728716
0.0,4,71.732236
0.0,5,71.737213
0.0,3,71.740131
0.0,2,71.742038
0.0,3,71.744752
0.0,2,71.746583
0.0,3,71.749444
0.0,3,71.752287
0.0,2,71.754217
0.0,3,71.756878
0.0,4,71.845498
0.0,2,71.847583
-0.040494,4,71.851656
0.0,2,71.853626
0.0,6,71.859474
0.0,2,71.861392
0.0,3,71.864134
0.0,2,71.865951
0.0,3,71.869154
0.0,3,71.872059
-0.05479,4,71.87577
0.0,3,71.87849
0.0,4,71.881961
0.0,4,71.886071
0.0,3,71.889225
0.0,4,71.89293
0.0,4,71.896626
0.0,3,71.89939
0.0,4,71.902948
0.0,3,71.90559
0.0,3,71.90853
0.0,3,71.911214
0.0,2,71.913142
0.0,3,71.916072
0.0,2,71.917818
0.0,3,71.920612
0.0,3,71.92317
0.0,2,71.924962
0.0,2,71.926901
0.0,4,71.930699
0.0,6,71.936623
0.0,3,71.939245
0.0,3,71.942327
0.0,3,71.945079
0.0,5,71.949722
0.0,4,71.953125
0.0,3,71.956044
0.0,4,71.959443
0.0,3,71.962065
0.0,4,71.965981
0.0,4,71.970128
0.0,3,71.972841
0.0,4,71.976461
0.0,3,71.979054
0.0,2,71.980746
0.0,4,71.98458
0.0,5,71.98961
0.0,5,71.994233
0.0,4,71.997769
0.0,3,72.000443
0.0,3,72.003249
0.0,2,72.005107
0.0,2,72.006831
0.0,3,72.009421
0.0,2,72.011274
0.0,3,72.014218
0.0,4,72.017902
0.0,3,72.020502
0.0,3,72.023451
0.0,4,72.027084
-0.791688,4,72.030459
0.0,2,72.032455
1.5,2,72.035024
0.0,3,72.03896
0.0,4,72.043836
0.0,5,72.049896
0.0,2,72.052485
0.0,4,72.05746
0.0,2,72.059562
0.0,3,72.062419
0.0,3,72.065602
0.0,2,72.067572
0.0,2,72.069462
1.5,2,72.071179
0.0,3,72.073924
0.0,4,72.077281
0.0,2,72.07901
0.0,4,72.082543
0.0,3,72.085135
1.5,2,72.086994
0.0,3,72.090026
0.0,3,72.092642
0.0,3,72.096262
0.0,4,72.100973
0.0,4,72.105651
0.0,2,72.108164
0.0,2,72.110922
0.0,7,72.119689
0.0,2,72.122389
0.0,3,72.126059
0.0,4,72.131031
0.0,3,72.135019
0.0,2,72.137598
1.5,2,72.139438
0.0,2,72.141226
0.41447,3,72.143939
0.0,3,72.146653
0.0,3,72.149499
0.0,2,72.15134
0.0,3,72.154093
0.0,2,72.155988
0.0,4,72.159545
0.0,5,72.164017
0.0,4,72.16772
0.0,3,72.170436
0.0,2,72.172264
0.0,3,72.17495
0.0,5,72.179201
0.0,3,72.181707
0.0,3,72.184316
0.0,3,72.187176
0.0,3,72.18983
0.0,3,72.192621
0.0,5,72.197128
0.0,3,72.199932
0.0,3,72.202465
0.0,4,72.205814
0.0,4,72.209181
0.0,5,72.213491
0.0,4,72.217026
0.0,5,72.221374
0.0,3,72.223924
0.0,2,72.225727
0.0,3,72.228457
0.0,3,72.231025
0.0,2,72.232796
0.0,4,72.236392
0.0,4,72.239805
1.5,2,72.241601
0.0,4,72.245074
0.0,2,72.246881
0.0,3,72.249621
0.0,3,72.252167
0.0,2,72.254025
0.0,3,72.256661
0.0,3,72.259237
0.408684,3,72.261966
0.0,6,72.26747
0.0,3,72.270182
0.0,3,72.272653
0.0,2,72.274467
0.0,3,72.277174
0.056718,2,72.278868
1.5,2,72.28054
0.0,2,72.282507
0.0,4,72.286074
0.0,2,72.287837
0.0,3,72.290611
0.0,3,72.293159
0.0,4,72.29659
0.0,5,72.300722
0.0,3,72.303332
0.0,3,72.305831
0.0,3,72.308314
0.0,3,72.311068
0.0,3,72.313715
0.0,5,72.31801
0.0,3,72.320653
0.0,3,72.323207
0.0,3,72.32579
0.0,3,72.328247
0.0,2,72.368412
1.5,2,72.370527
0.0,2,72.372377
-0.824845,4,72.375871
0.0,3,72.378523
0.0,3,72.38122
1.5,2,72.382897
0.0,2,72.384731
0.0,4,72.388674
1.5,2,72.390476
0.0,3,72.393103
0.0,3,72.395743
0.0,2,72.397488
0.0,2,72.399268
0.0,4,72.402659
0.0,3,72.405207
0.0,4,72.408655
-0.122208,3,72.411494
0.0,3,72.414301
0.0,2,72.416253
1.5,2,72.418067
0.0,2,72.419889
0.0,4,72.423281
0.0,2,72.425059
0.0,3,72.427699
1.5,2,72.429464
0.0,3,72.432238
0.0,4,72.436135
0.0,2,72.437996
0.0,3,72.440784
0.0,4,72.444275
0.0,4,72.447814
0.0,3,72.450445
0.0,3,72.453064
0.0,3,72.45565
0.0,3,72.458187
0.0,2,72.460012
0.0,2,72.461893
0.0,3,72.464472
0.0,3,72.467628
0.0,4,72.471293
0.0,3,72.47402
0.0,3,72.47677
0.0,2,72.478508
0.0,2,72.480285
0.0,4,72.483744
0.0,3,72.486439
0.0,3,72.489079
0.0,4,72.492532
0.0,4,72.496052
0.0,2,72.497846
0.0,3,72.50036
0.0,3,72.502931
0.0,2,72.50459
0.0,2,72.50628
0.0,4,72.509773
0.0,3,72.512289
0.0,3,72.514992
0.0,2,72.516774
0.0,2,72.518595
0.0,3,72.521153
0.0,3,72.523733
0.0,4,72.52704
0.0,2,72.528789
0.0,2,72.530555
0.0,2,72.532248
0.0,4,72.535823
0.488907,3,72.538493
0.0,5,72.542755
0.0,4,72.546345
0.0,3,72.549067
0.0,3,72.551769
0.0,4,72.555311
0.0,4,72.558842
0.0,2,72.560712
0.0,2,72.562563
1.5,2,72.56458
0.0,2,72.566517
1.5,2,72.568267
0.0,3,72.570846
0.0,2,72.572621
0.0,4,72.575987
0.0,2,72.577699
0.0,4,72.581117
0.0,3,72.583857
0.0,3,72.58651
0.0,3,72.589101
0.0,4,72.592608
0.0,3,72.595137
0.0,5,72.599368
0.0,3,72.601872
0.0,2,72.603585
0.0,4,72.606951
0.0,2,72.60866
0.0,3,72.611354
0.0,2,72.613071
0.0,3,72.615687
0.0,2,72.617492
0.0,6,72.622603
0.0,4,72.625983
-0.053619,5,72.630232
0.0,3,72.632894
0.0,4,72.636422
0.0,3,72.639269
0.0,3,72.641847
0.0,5,72.646104
0.0,3,72.648617
0.0,3,72.651225
0.0,2,72.653134
0.0,2,72.654909
0.0,4,72.658501
0.0,3,72.66124
0.0,2,72.663161
0.0,2,72.664842
0.0,2,72.666702
0.0,2,72.668707
-0.739902,4,72.672472
0.0,2,72.674424
0.0,2,72.676304
0.0,2,72.678125
0.0,4,72.681561
0.0,3,72.684141
0.0,3,72.686761
0.0,3,72.689474
0.0,4,72.692965
0.0,5,72.697424
0.456619,4,72.700819
0.0,3,72.703403
1.5,2,72.705146
0.0,2,72.706823
0.0,3,72.709607
0.0,4,72.713109
0.0,3,72.715825
0.0,2,72.717722
0.0,3,72.720341
0.0,4,72.723736
0.0,3,72.726373
0.0,5,72.730792
0.0,2,72.73269
0.0,3,72.735309
0.0,2,72.737163
0.0,4,72.74077
0.0,3,72.743495
0.0,4,72.747161
0.516464,3,72.749872
0.0,3,72.75264
0.0,3,72.755279
0.0,3,72.757992
0.0,2,72.759856
0.0,2,72.761725
0.0,2,72.763502
0.0,5,72.76832
0.0,3,72.771074
1.5,2,72.772838
0.0,2,72.774679
0.0,2,72.776614
0.0,3,72.779311
0.0,4,72.782819
0.0,4,72.786541
0.0,4,72.790462
0.0,2,72.792417
0.0,2,72.794225
0.0,2,72.796083
0.0,2,72.797948
0.0,3,72.800593
0.0,4,72.804031
0.0,3,72.806625
0.0,2,72.808491
1.5,2,72.810244
0.0,3,72.812972
0.0,5,72.817301
1.5,2,72.819157
0.0,5,72.823348
0.0,4,72.90696
0.0,3,72.909683
0.0,2,72.911615
0.0,4,72.915331
0.0,4,72.918961
0.0,3,72.921697
0.0,3,72.924334
0.0,4,72.927929
0.0,3,72.930615
0.0,3,72.933414
0.0,4,72.937471
0.0,2,72.93945
0.0,3,72.942215
0.0,3,72.944826
0.0,2,72.946582
0.0,2,72.948387
0.0,2,72.95013
0.0,2,72.952022
0.0,2,72.953898
0.0,2,72.955667
0.0,4,72.959177
0.0,2,72.961096
0.0,3,72.963688
0.0,3,72.966379
0.0,4,72.970233
0.0,3,72.973096
0.0,2,72.974855
0.0,2,72.976743
0.0,5,72.980941
0.0,5,72.985201
0.0,4,72.988853
0.0,2,72.991312
0.0,2,72.993695
0.0,2,72.995902
0.0,3,72.999146
0.0,4,73.003209
0.0,2,73.005539
0.0,2,73.007349
0.0,5,73.01214
0.0,3,73.015344
0.0,3,73.018602
0.0,2,73.020803
0.965059,5,73.025655
0.0,2,73.027582
0.0,2,73.029833
0.0,2,73.032092
0.0,4,73.035756
0.0,2,73.037611
0.0,3,73.040286
0.0,3,73.04298
1.5,2,73.044774
0.0,2,73.046558
0.0,2,73.048328
0.0,2,73.050146
1.468327,2,73.05198
0.0,3,73.054599
0.0,2,73.056324
0.0,4,73.059737
0.0,3,73.062406
1.5,2,73.06433
0.0,3,73.067416
0.0,3,73.070242
0.0,2,73.072065
0.0,4,73.075578
0.0,2,73.07744
0.0,4,73.080841
0.0,3,73.083602
0.0,2,73.085477
0.0,3,73.088236
0.0,3,73.091103
-0.84542,6,73.096242
0.0,2,73.098122
0.0,2,73.09981
0.0,2,73.101638
0.0,2,73.103372
0.0,2,73.105268
0.0,2,73.107055
0.0,3,73.109672
0.118803,5,73.114233
0.0,4,73.11789
0.0,3,73.120677
0.0,3,73.123326
0.0,3,73.125953
0.0,2,73.127586
1.5,2,73.129361
0.0,3,73.131941
0.0,2,73.134041
0.0,2,73.136047
0.0,4,73.139722
0.0,2,73.141602
0.0,4,73.145018
0.0,4,73.148443
1.5,2,73.150238
0.0,2,73.151934
0.0,3,73.154749
0.0,3,73.157465
0.0,3,73.160234
0.0,2,73.162125
0.0,2,73.164012
0.0,3,73.166673
0.0,3,73.169283
0.0,3,73.172405
0.448575,2,73.17436
0.0,3,73.176863
0.0,3,73.179395
0.0,4,73.182806
0.0,7,73.188899
0.0,3,73.191549
0.0,3,73.194236
0.0,5,73.198461
0.0,4,73.201912
0.0,2,73.203679
1.5,2,73.205364
0.0,2,73.207131
0.0,2,73.209002
0.0,3,73.211856
0.0,3,73.214501
0.0,4,73.218053
0.0,3,73.220677
0.0,3,73.223288
0.0,4,73.226673
0.0,4,73.230129
0.0,2,73.232061
0.0,3,73.234709
0.0,4,73.238386
0.0,2,73.240152
0.0,3,73.242653
0.0,4,73.246011
0.0,4,73.249515
0.0,2,73.251431
0.0,5,73.255729
0.0,2,73.257547
0.0,2,73.259268
0.0,3,73.261928
0.0,2,73.263686
0.0,3,73.266408
0.0,2,73.268654
0.0,3,73.271461
0.0,3,73.274246
0.0,3,73.276994
0.0,4,73.280504
0.0,4,73.283871
0.0,4,73.287584
0.0,2,73.289421
0.0,2,73.291196
0.0,5,73.295652
0.0,2,73.297582
0.0,2,73.299363
0.0,2,73.301099
0.0,4,73.304581
0.0,2,73.306383
0.0,5,73.310593
0.0,4,73.314289
0.0,3,73.316953
0.0,2,73.31883
0.0,2,73.320571
0.0,4,73.32391
0.0,3,73.326512
0.0,3,73.329423
0.0,3,73.332115
0.0,2,73.333965
0.0,3,73.336734
0.0,4,73.340251
0.0,3,73.343095
0.0,5,73.347488
0.0,3,73.388451
0.0,6,73.393864
1.5,2,73.395633
0.0,2,73.397526
0.0,2,73.39931
0.0,5,73.403665
0.0,5,73.407943
-0.309222,2,73.409757
0.0,3,73.412587
0.0,3,73.415316
0.0,3,73.418153
0.0,3,73.420837
0.0,3,73.423544
0.0,4,73.426999
0.0,3,73.429611
0.0,2,73.431381
0.0,3,73.434536
0.0,3,73.437519
0.0,2,73.439476
0.0,5,73.444161
0.0,4,73.447964
0.0,2,73.44976
0.0,3,73.452415
0.0,2,73.454214
0.0,4,73.457757
1.5,2,73.45955
1.5,2,73.46138
0.0,4,73.46499
0.0,3,73.467929
0.0,3,73.470875
0.0,3,73.473581
0.0,2,73.475415
0.0,2,73.477287
0.0,4,73.480918
0.0,3,73.483529
1.5,2,73.48542
0.0,2,73.487222
0.0,4,73.490788
0.0,2,73.492687
0.0,2,73.494602
0.0,3,73.497209
0.0,6,73.502388
0.0,3,73.504994
0.0,2,73.506704
1.5,2,73.508539
0.0,5,73.512868
0.0,5,73.517158
0.0,3,73.519776
0.0,4,73.523113
0.0,3,73.525535
0.0,4,73.52888
0.0,2,73.530776
0.0,2,73.532535
0.0,3,73.535225
0.0,3,73.537984
0.0,4,73.541391
1.5,2,73.543164
0.0,2,73.544906
0.0,4,73.548352
0.0,3,73.550987
0.0,3,73.553586
0.0,3,73.556117
1.5,2,73.557891
1.5,2,73.559576
0.0,3,73.562172
1.5,2,73.564039
0.0,3,73.566911
0.0,2,73.568949
1.5,2,73.570682
0.0,3,73.573378
0.0,3,73.575964
0.0,4,73.57928
0.0,2,73.580932
0.0,4,73.584384
0.0,3,73.587084
0.0,2,73.58879
-0.50098,4,73.592374
0.0,2,73.594102
1.5,2,73.595795
0.0,2,73.597595
0.0,3,73.600079
0.0,2,73.601765
0.0,3,73.604329
0.0,3,73.60688
0.0,6,73.612045
0.0,2,73.614148
0.0,3,73.616771
0.0,3,73.619399
0.0,3,73.621891
0.0,3,73.624355
0.0,2,73.626
0.0,2,73.627631
0.0,2,73.629278
0.0,2,73.630975
0.0,2,73.632635
0.0,2,73.634382
0.0,3,73.636913
0.0,4,73.640225
0.0,2,73.641986
0.0,4,73.64533
0.0,2,73.647381
0.0,4,73.651488
0.0,2,73.65323
0.0,2,73.654906
1.5,2,73.656543
0.0,3,73.659091
0.0,5,73.663178
0.0,3,73.665906
0.0,3,73.668505
0.0,2,73.670368
1.5,2,73.672185
0.0,3,73.674807
0.0,4,73.678332
0.0,2,73.680227
0.0,5,73.684466
0.0,2,73.686191
0.61988,2,73.687984
0.0,5,73.692316
0.0,5,73.696529
0.0,2,73.698421
1.5,2,73.700186
0.0,3,73.702808
0.0,6,73.707792
0.0,5,73.712114
0.0,5,73.716302
0.0,3,73.719209
0.0,3,73.721997
0.0,3,73.724486
0.0,3,73.726978
0.257958,4,73.730504
0.0,2,73.73231
0.0,2,73.734135
0.0,2,73.735883
0.0,2,73.737622
0.0,3,73.74024
0.0,4,73.743615
0.0,4,73.747023
0.0,4,73.750663
0.0,4,73.754134
0.0,2,73.755857
0.0,4,73.759441
0.0,2,73.761219
0.0,2,73.762997
0.0,2,73.76468
1.5,2,73.766351
0.0,4,73.769856
0.0,3,73.772501
0.0,4,73.77586
0.0,3,73.77874
0.0,5,73.783078
0.0,5,73.787481
0.0,3,73.790038
0.0,5,73.794232
0.0,2,73.795865
0.0,3,73.798365
0.0,4,73.801694
0.0,3,73.804199
0.0,4,73.807561
0.0,2,73.809306
0.0,2,73.810968
1.5,2,73.812651
0.0,2,73.814373
0.0,4,73.817792
0.0,3,73.820385
0.0,4,73.823601
0.0,5,73.827715
0.0,2,73.829451
0.0,2,73.831169
0.0,2,73.832913
0.0,3,73.835527
0.0,3,73.838089
0.0,2,73.839742
0.0,3,73.842471
0.0,2,73.844501
0.0,3,73.847584
0.0,2,73.849456
0.0,2,73.85127
0.0,4,73.854756
0.0,2,73.856498
0.0,4,73.940211
0.0,3,73.943071
-0.18132,3,73.946028
0.0,2,73.947926
0.0,4,73.951577
0.0,5,73.956216
0.0,2,73.958191
0.0,3,73.961189
0.0,2,73.962988
0.0,3,73.965894
0.0,2,73.967743
0.0,3,73.970874
0.0,2,73.973114
0.0,3,73.975917
0.0,5,73.980325
0.0,3,73.983339
0.0,2,73.985972
0.0,3,73.989161
0.0,2,73.991153
0.0,3,73.994075
0.0,4,73.997712
0.0,4,74.001353
0.0,2,74.003164
-0.874148,2,74.00493
0.0,3,74.007718
0.0,3,74.010667
0.0,2,74.012566
1.5,2,74.014513
0.0,3,74.017506
0.0,2,74.019449
0.0,3,74.022569
0.0,4,74.026172
0.0,4,74.029894
0.0,3,74.033747
0.0,3,74.037114
0.0,3,74.040089
0.0,2,74.042052
1.5,2,74.044036
0.0,3,74.046707
0.0,3,74.049556
0.0,3,74.052483
0.0,2,74.054377
0.0,2,74.056335
-1.0,4,74.060268
0.0,3,74.063169
0.0,4,74.06735
0.0,3,74.070747
0.0,3,74.07382
0.0,3,74.07701
0.0,2,74.079174
0.0,3,74.082119
0.0,3,74.084792
0.0,2,74.086792
0.0,2,74.088952
0.0,4,74.0927
0.0,4,74.096718
0.0,4,74.100385
0.0,2,74.102406
0.0,3,74.105109
0.0,4,74.108866
0.0,3,74.111598
0.0,3,74.114477
0.0,3,74.117569
0.0,3,74.120517
0.0,2,74.122531
0.606144,2,74.124445
0.0,2,74.126236
0.0,3,74.12922
0.0,5,74.134152
0.0,2,74.136489
0.0,2,74.138466
0.0,5,74.143484
0.0,3,74.146353
0.0,3,74.149288
0.0,2,74.151486
0.0,3,74.154356
0.0,3,74.157412
0.0,2,74.159314
0.0,3,74.162389
0.0,2,74.164635
0.0,2,74.166792
0.0,3,74.169732
0.0,3,74.173399
0.0,7,74.180321
0.0,2,74.18225
0.0,5,74.187402
0.0,3,74.190462
0.0,3,74.193619
0.0,3,74.196447
0.0,2,74.198471
0.0,2,74.200397
0.0,3,74.203114
1.5,2,74.205028
0.0,4,74.208814
0.0,2,74.210753
0.0,3,74.214071
0.0,4,74.217989
0.0,2,74.220303
0.0,4,74.224194
1.5,2,74.226168
0.0,2,74.22823
0.0,3,74.230981
0.0,4,74.235296
0.0,2,74.237447
0.0,2,74.239503
0.0,3,74.242648
0.0,4,74.246629
0.0,3,74.249575
0.0,2,74.251467
0.0,3,74.254483
0.0,3,74.257642
0.0,3,74.260723
0.0,2,74.263018
0.0,2,74.265178
0.0,2,74.267267
0.0,2,74.269681
0.0,2,74.272182
0.0,4,74.276478
0.0,4,74.280394
0.0,3,74.283431
0.0,2,74.28539
0.0,2,74.287418
0.0,3,74.290827
1.5,2,74.292968
0.0,3,74.295962
0.0,3,74.298946
0.0,2,74.300946
-0.359389,2,74.302954
0.0,3,74.305878
0.0,2,74.30791
0.0,2,74.310198
0.0,3,74.313559
0.0,3,74.316786
0.0,2,74.31907
0.0,3,74.322158
0.0,3,74.325222
0.0,5,74.330199
0.0,4,74.334424
-1.0,4,74.338731
-0.394934,3,74.341792
0.0,3,74.345099
0.0,4,74.349261
0.0,2,74.351459
-1.308859,2,74.35371
0.0,2,74.355703
0.0,4,74.359806
0.0,3,74.362847
0.0,7,74.370251
-0.085048,4,74.374987
0.0,3,74.378388
0.0,4,74.382482
0.0,2,74.384529
0.0,2,74.386805
0.0,3,74.390061
0.0,3,74.393339
0.0,4,74.397516
0.0,4,74.401616
0.0,4,74.405592
0.0,2,74.4076
0.0,4,74.455149
0.0,2,74.457321
0.0,2,74.459293
0.0,2,74.461316
0.0,3,74.464695
1.5,2,74.466925
0.0,2,74.46905
0.0,3,74.472813
0.0,5,74.478045
0.0,2,74.480189
1.5,2,74.482191
0.0,4,74.487067
0.0,3,74.490383
0.0,3,74.493623
0.0,2,74.495822
0.0,3,74.499094
0.0,3,74.502082
0.0,5,74.507452
0.0,3,74.51074
0.0,2,74.51318
0.0,4,74.517389
0.0,4,74.52171
0.0,3,74.524987
0.0,4,74.528973
0.0,3,74.532174
0.0,4,74.536392
0.0,3,74.539725
0.0,3,74.543148
0.0,3,74.546277
0.0,4,74.550396
0.0,2,74.552566
0.0,3,74.555882
0.0,2,74.557976
0.0,3,74.561336
0.0,2,74.563412
0.0,3,74.566713
0.0,2,74.569173
0.0,5,74.574537
-0.073655,5,74.579801
0.0,3,74.58296
0.0,3,74.585909
0.0,4,74.590202
0.0,3,74.593238
0.0,3,74.596411
0.0,3,74.599406
0.0,2,74.601629
0.0,3,74.604692
0.0,2,74.606619
0.0,3,74.609882
0.0,2,74.61211
0.0,4,74.616549
0.0,2,74.619073
0.0,3,74.62254
0.0,3,74.625747
0.0,4,74.629948
0.0,6,74.636847
0.0,6,74.643322
0.0,3,74.646699
0.0,2,74.648796
0.0,2,74.651156
0.0,3,74.654299
0.0,4,74.658545
0.0,2,74.660613
0.0,2,74.662564
0.0,4,74.667003
-0.962484,4,74.671155
0.0,3,74.674756
0.0,2,74.677075
-0.640008,2,74.67925
0.0,2,74.681437
0.0,2,74.683402
0.0,3,74.686791
0.0,3,74.690165
0.0,2,74.69233
0.0,2,74.69469
0.0,4,74.698904
0.0,3,74.701973
0.0,4,74.705936
0.0,6,74.711907
0.0,3,74.715495
0.0,2,74.717653
0.0,3,74.720748
0.0,3,74.723863
0.0,2,74.725869
-0.519204,5,74.731123
0.0,3,74.7345
0.0,2,74.737003
0.0,4,74.741335
0.0,2,74.743634
0.0,4,74.747803
0.0,3,74.751224
0.0,3,74.754354
0.0,2,74.756483
0.0,2,74.758486
0.0,3,74.761794
0.0,3,74.764871
0.0,2,74.76701
0.0,2,74.769062
0.0,4,74.773573
0.0,3,74.776887
0.0,2,74.77908
0.0,4,74.783238
0.0,4,74.787292
0.0,3,74.790531
0.0,4,74.794558
0.0,3,74.797693
0.0,3,74.800658
0.0,3,74.803633
0.0,3,74.806702
0.0,3,74.809743
0.0,2,74.812097
0.0,3,74.815204
0.0,2,74.817315
0.0,4,74.821553
0.0,3,74.824545
0.0,3,74.827555
0.0,2,74.829516
0.0,2,74.831645
0.0,4,74.835716
0.0,3,74.838765
0.0,4,74.842814
0.0,2,74.84486
1.5,2,74.84695
0.0,2,74.84888
-0.075758,3,74.851996
0.0,2,74.854161
0.0,4,74.858195
0.0,2,74.860457
0.0,3,74.863587
0.0,3,74.866819
0.0,4,74.870983
0.0,4,74.875339
0.0,3,74.879506
0.0,2,74.882224
0.0,4,74.886715
0.0,3,74.890065
1.5,2,74.892089
0.0,4,74.896511
0.0,4,74.900493
0.0,2,74.902591
0.0,3,74.905518
0.0,2,74.907681
0.0,2,74.909907
0.0,3,74.913514
0.402327,4,74.917874
0.0,3,74.920881
0.0,4,74.924878
0.0,3,74.927874
0.0,2,74.930153
0.0,3,74.933313
0.0,2,74.935676
0.0,3,74.939158
0.0,3,74.9423
0.0,4,74.94659
0.0,3,74.949802
0.0,3,74.953026
0.0,2,74.955179
0.0,4,74.959251
1.5,2,74.961271
0.0,5,74.966606
0.0,4,74.970927
0.0,5,74.976353
0.0,2,74.978555
-1.0,2,74.980635
0.0,5,74.986757
0.0,2,74.989272
0.0,3,74.992762
0.0,2,74.995003
0.0,2,74.997111
0.0,2,74.999339
0.0,3,75.00223
0.0,3,75.005377
0.0,2,75.007366
0.0,3,75.010265
0.0,2,75.012427
0.0,2,75.014644
0.0,5,75.019868
0.0,3,75.022889
0.0,2,75.02488
0.0,3,75.027983
1.5,2,75.029928
0.0,2,75.032062
0.0,2,75.034461
0.0,2,75.036594
0.0,3,75.039689
0.0,2,75.042081
0.0,3,75.045204
0.0,5,75.050356
0.0,6,75.146331
0.0,2,75.14838
0.0,2,75.150465
0.0,2,75.152776
0.522113,2,75.154856
0.0,4,75.159191
0.680596,4,75.163135
0.0,2,75.165294
0.0,3,75.168536
0.0,4,75.172564
0.0,4,75.17759
0.0,3,75.181641
0.0,2,75.183838
0.0,2,75.186138
0.0,3,75.189493
0.0,2,75.191566
0.0,5,75.196838
0.0,3,75.200054
0.0,3,75.203192
0.0,2,75.20511
0.0,3,75.208488
0.0,3,75.211566
0.0,2,75.213581
0.0,3,75.216938
0.0,3,75.22017
0.0,5,75.225043
0.0,5,75.230167
0.0,3,75.233362
0.0,3,75.237055
0.0,3,75.240938
0.0,2,75.243646
0.0,2,75.246029
0.0,2,75.248248
0.0,4,75.252875
0.0,2,75.255069
0.0,3,75.25852
0.0,4,75.262734
0.0,4,75.267349
0.0,2,75.26966
0.0,5,75.275888
0.0,3,75.279639
0.0,2,75.281861
0.0,3,75.285247
0.0,2,75.287464
0.0,3,75.290738
0.0,2,75.292995
0.0,3,75.296202
0.0,4,75.300066
0.172331,2,75.302048
0.0,2,75.304114
0.0,3,75.307181
0.0,3,75.310557
0.0,3,75.314091
0.0,2,75.316268
0.0,5,75.321608
0.0,3,75.324812
0.0,2,75.326842
0.0,3,75.32972
-0.04894,4,75.333844
0.0,4,75.33801
0.0,3,75.341228
-0.329978,2,75.343341
0.0,3,75.346352
0.0,3,75.349364
0.0,2,75.351349
0.0,5,75.356426
0.0,3,75.359357
0.0,4,75.363649
0.0,4,75.36801
0.0,2,75.370276
0.0,4,75.37475
0.0,4,75.379426
0.0,4,75.384097
0.0,2,75.386246
0.0,3,75.389786
0.0,3,75.39318
0.0,5,75.398508
0.0,3,75.40149
0.0,3,75.40447
0.0,4,75.408515
0.0,2,75.410652
0.0,5,75.415745
0.0,2,75.418046
0.0,3,75.421336
0.0,2,75.42338
0.0,3,75.426504
0.0,3,75.430098
1.5,2,75.432378
0.0,3,75.435961
0.0,3,75.439447
-1.0,3,75.442571
0.0,2,75.444842
0.0,3,75.448386
0.0,4,75.454378
0.0,3,75.458043
1.0,2,75.460476
0.0,2,75.464079
0.0,2,75.467671
0.0,4,75.474416
0.0,3,75.478843
0.0,2,75.481162
0.0,3,75.484205
0.0,2,75.486469
0.0,2,75.488751
0.0,4,75.492909
0.0,2,75.495212
0.0,2,75.49743
0.0,3,75.500657
0.0,2,75.503026
0.0,2,75.50506
0.0,4,75.509413
0.0,4,75.513449
0.0,2,75.515794
1.5,2,75.517839
1.5,2,75.519999
0.0,2,75.522147
0.0,2,75.524198
0.0,3,75.527269
0.0,5,75.532168
0.0,2,75.534302
0.0,4,75.538063
1.5,2,75.539912
0.0,3,75.543036
0.0,2,75.544884
0.0,4,75.548635
0.0,3,75.551464
-0.640291,4,75.555155
0.0,2,75.557024
0.0,3,75.559662
0.0,2,75.561545
0.0,2,75.563607
0.0,5,75.568144
0.0,5,75.572908
1.5,2,75.575006
0.0,4,75.579387
0.534554,4,75.583671
0.0,4,75.587776
0.0,2,75.590249
0.0,2,75.592609
-0.276226,3,75.596035
0.0,2,75.598279
0.0,3,75.601433
0.0,4,75.605411
0.0,2,75.607442
0.0,3,75.610403
0.0,4,75.614474
1.5,2,75.616512
0.0,4,75.621158
0.0,2,75.66159
0.0,3,75.664587
0.0,2,75.666698
0.0,2,75.668893
0.0,2,75.670981
0.0,2,75.673203
0.0,2,75.675546
-0.358608,2,75.677893
0.0,3,75.681127
0.0,3,75.684218
0.0,2,75.686178
0.0,2,75.688346
0.0,4,75.692521
0.0,2,75.694477
0.0,3,75.69746
1.5,2,75.699302
0.0,2,75.701274
0.0,3,75.70417
1.5,2,75.706034
0.0,2,75.708086
0.0,3,75.711412
0.0,3,75.714522
0.0,2,75.716715
-0.099912,2,75.718716
0.0,3,75.721663
0.0,3,75.724617
0.0,3,75.72753
0.0,3,75.730811
0.0,2,75.733031
0.0,3,75.736347
0.0,4,75.740673
0.0,2,75.742814
0.0,5,75.748104
0.0,3,75.751364
0.0,2,75.753532
0.0,4,75.757652
0.0,4,75.761644
0.0,6,75.767666
0.0,4,75.771971
0.0,3,75.77551
0.0,2,75.777836
0.0,5,75.783123
1.5,2,75.785242
0.0,3,75.788459
0.0,3,75.79145
0.0,3,75.794792
0.0,3,75.797938
0.0,4,75.801734
0.0,4,75.805361
0.0,3,75.808254
0.0,4,75.811931
0.0,3,75.815075
0.0,3,75.818103
0.0,2,75.82022
0.0,5,75.824865
0.0,3,75.827672
0.0,3,75.83045
-0.277658,2,75.832351
0.0,3,75.835515
0.0,3,75.838499
0.0,3,75.841634
1.465503,2,75.843762
0.0,4,75.847735
0.023368,4,75.85194
0.0,2,75.854218
0.0,3,75.857274
0.0,3,75.860187
0.0,4,75.864425
0.092746,2,75.866528
0.0,2,75.868811
1.5,2,75.870877
0.0,3,75.874023
0.0,3,75.8774
0.0,4,75.881792
0.0,4,75.886014
0.0,2,75.888068
0.0,3,75.891308
0.0,3,75.894279
0.0,5,75.899293
0.0,3,75.902305
0.0,5,75.907047
0.0,3,75.909985
0.0,2,75.912275
0.0,3,75.915452
0.0,3,75.918682
1.5,2,75.920666
0.0,2,75.922729
0.0,3,75.926028
0.0,4,75.930386
0.0,3,75.933782
0.0,5,75.93939
1.5,2,75.941595
0.0,4,75.945927
0.0,2,75.948164
0.0,3,75.951176
0.0,2,75.953434
0.0,2,75.955571
0.0,4,75.959931
0.0,3,75.963101
0.0,4,75.967293
0.0,3,75.970375
0.0,3,75.973436
0.0,4,75.978034
0.0,2,75.980229
0.0,3,75.983255
0.0,6,75.98937
0.0,3,75.992455
0.0,3,75.99594
0.0,3,75.999228
0.0,3,76.002337
0.0,3,76.005303
0.0,3,76.008494
0.0,3,76.011722
0.0,3,76.014968
0.0,4,76.019444
0.0,4,76.023635
0.0,3,76.026429
0.0,5,76.031602
0.0,4,76.035813
0.0,3,76.038987
0.0,3,76.042084
0.0,2,76.04429
0.0,2,76.04633
0.0,3,76.049474
0.0,5,76.054825
0.0,4,76.05906
0.0,3,76.06188
0.0,3,76.065055
1.5,2,76.067144
0.0,5,76.07256
0.0,2,76.075341
0.0,3,76.078887
0.0,3,76.082119
0.0,2,76.084236
0.0,4,76.088475
0.0,3,76.091676
0.0,3,76.094915
0.0,2,76.097012
0.0,3,76.100097
0.0,4,76.103948
0.0,3,76.107039
0.0,2,76.109026
0.0,3,76.111978
0.0,3,76.115203
-0.735036,2,76.117332
0.0,4,76.121728
0.0,3,76.124833
0.0,3,76.128161
0.0,2,76.130182
0.0,3,76.133211
0.0,2,76.135511
0.0,3,76.138977
0.0,4,76.143248
1.5,2,76.145219
0.0,2,76.147294
1.5,2,76.149429
0.0,3,76.152392
0.0,2,76.154583
0.0,3,76.15752
0.0,3,76.160433
0.0,4,76.164487
0.0,3,76.167638
0.0,2,76.169898
0.0,3,76.172822
0.0,4,76.177272
0.0,4,76.181681
0.0,3,76.184838
0.0,2,76.186795
0.0,2,76.18893
-0.102893,3,76.191725
0.0,4,76.19541
0.0,4,76.198941
0.0,5,76.203212
0.0,3,76.206136
0.0,4,76.209956
0.0,3,76.212802
0.0,2,76.214705
0.0,2,76.216604
0.0,2,76.218595
0.0,5,76.223337
0.0,3,76.226298
0.0,3,76.229273
0.0,3,76.232415
0.0,3,76.235662
0.0,3,76.239012
0.0,2,76.241176
0.0,4,76.245349
0.0,3,76.248478
0.0,3,76.251644
0.0,2,76.253837
0.0,2,76.255882
0.0,5,76.261082
0.0,3,76.26394
0.0,4,76.355366
0.0,4,76.359695
0.0,2,76.361775
0.0,4,76.365998
0.0,4,76.370129
0.0,3,76.37338
0.0,3,76.376594
0.0,4,76.381339
0.0,2,76.383696
0.0,2,76.386078
0.0,2,76.388122
0.0,3,76.391781
0.0,2,76.394261
0.0,4,76.398701
0.0,3,76.401917
0.0,2,76.403926
0.0,2,76.405954
0.0,3,76.408772
0.0,2,76.410705
0.0,3,76.413903
0.0,2,76.41598
0.0,3,76.41914
0.0,2,76.421415
0.0,3,76.424663
0.0,3,76.427618
0.0,2,76.42965
0.0,2,76.43177
0.0,3,76.435352
0.0,3,76.438528
0.0,4,76.442764
0.0,4,76.447151
0.0,4,76.451199
0.0,3,76.45448
0.0,3,76.457494
0.0,3,76.460522
-0.369675,3,76.463771
0.0,4,76.467789
0.0,2,76.470134
0.0,4,76.477135
0.0,4,76.48414
0.096749,2,76.487765
0.0,2,76.4914
0.0,3,76.496551
0.0,3,76.501542
0.0,3,76.50667
0.0,3,76.510748
0.0,2,76.512959
0.0,2,76.5151
0.0,2,76.517509
0.0,5,76.527239
0.0,2,76.529289
0.0,5,76.534062
0.0,3,76.536987
0.0,3,76.539843
0.0,2,76.541995
0.0,4,76.546028
0.0,3,76.549128
0.0,2,76.551443
0.0,4,76.555572
0.0,4,76.559582
0.0,2,76.561518
0.0,3,76.564821
0.0,3,76.568055
0.0,2,76.570291
0.0,4,76.574962
0.0,3,76.578101
0.0,2,76.580286
0.0,3,76.58321
1.5,2,76.585569
0.0,4,76.589784
0.0,2,76.592156
0.0,5,76.597352
0.0,2,76.599634
0.0,2,76.601756
0.0,4,76.60558
0.0,2,76.607694
0.0,3,76.610741
0.0,2,76.613048
0.0,3,76.616474
0.0,2,76.618635
0.0,2,76.620831
0.0,2,76.622971
0.0,3,76.625949
0.0,4,76.629931
0.0,3,76.632906
0.0,3,76.636295
0.0,3,76.639353
0.0,3,76.643146
0.0,3,76.646209
0.0,2,76.648524
0.0,3,76.651706
0.0,2,76.65375
0.0,2,76.655841
0.0,4,76.659715
0.0,2,76.661996
0.0,2,76.664324
0.0,2,76.666409
1.5,2,76.668766
1.5,2,76.671127
0.0,2,76.673321
0.0,6,76.679927
0.0,2,76.682107
0.0,2,76.684602
0.0,3,76.687728
-0.131612,4,76.692202
0.0,3,76.695208
0.0,4,76.699088
0.0,4,76.702912
0.0,4,76.706686
0.0,3,76.709532
0.0,3,76.713035
0.0,3,76.716146
0.257266,2,76.71862
0.0,3,76.721925
1.5,2,76.723985
0.0,2,76.726115
0.0,3,76.728837
0.46995,4,76.733067
0.0,3,76.736036
0.0,3,76.739311
0.0,2,76.741457
0.0,4,76.745696
0.0,3,76.748829
1.5,2,76.75076
0.0,3,76.754201
0.0,2,76.75622
0.0,2,76.758202
1.5,2,76.760608
0.0,4,76.764719
0.0,4,76.769113
0.0,3,76.772373
0.0,3,76.775837
0.0,4,76.780341
0.0,3,76.783584
0.0,3,76.786803
0.0,3,76.790078
0.0,3,76.793281
0.0,3,76.796875
0.0,3,76.800038
0.0,2,76.802074
0.0,3,76.805168
0.0,2,76.807194
1.5,2,76.809629
0.0,3,76.812741
0.539985,2,76.814975
0.0,4,76.855331
0.0,4,76.859014
0.0,2,76.860846
0.0,3,76.863845
0.0,3,76.86676
0.0,2,76.868761
0.0,3,76.871941
0.0,4,76.875839
0.0,2,76.877866
0.0,3,76.881251
0.0,4,76.885197
0.0,3,76.88804
0.0,3,76.891089
0.0,2,76.89346
0.0,3,76.89664
1.5,2,76.898656
0.0,3,76.901623
0.0,2,76.903657
0.0,5,76.908357
0.0,2,76.910292
0.0,2,76.912303
0.0,2,76.914558
0.0,2,76.916504
0.0,4,76.920241
0.0,3,76.923117
0.0,3,76.925928
0.0,2,76.927825
0.0,2,76.929686
0.0,2,76.931497
0.0,3,76.934379
0.0,3,76.937385
0.0,3,76.940241
0.0,4,76.944101
0.0,4,76.947798
0.0,2,76.949779
0.0,2,76.951621
0.0,4,76.955414
0.0,2,76.957408
0.0,4,76.961439
0.0,4,76.965238
0.0,2,76.967258
0.0,2,76.9695
0.0,4,76.973438
0.0,4,76.977606
0.0,3,76.980629
0.0,3,76.98357
0.0,2,76.985519
1.5,2,76.987459
0.0,3,76.990532
-0.435015,5,76.995276
0.0,3,76.998168
0.0,5,77.002617
0.0,5,77.007061
0.0,2,77.008932
0.0,4,77.012913
0.0,3,77.015786
0.0,4,77.019969
1.5,2,77.022173
0.0,2,77.02428
0.0,3,77.027311
0.0,3,77.030282
0.0,2,77.032463
0.0,2,77.034449
0.0,2,77.036418
0.0,5,77.041258
0.0,2,77.043112
0.0,3,77.046119
0.0,3,77.04899
0.0,3,77.051879
0.0,2,77.053951
0.0,2,77.055895
0.0,4,77.059797
0.0,4,77.063631
0.0,3,77.066534
0.0,3,77.069466
0.0,2,77.071681
0.0,3,77.075002
1.5,2,77.07711
0.0,4,77.081194
0.0,4,77.084956
0.0,2,77.087108
0.0,5,77.092195
0.0,4,77.096332
0.0,2,77.098371
0.0,2,77.100325
0.0,2,77.102378
0.0,3,77.105166
0.0,2,77.107197
0.0,4,77.111298
0.0,2,77.113414
0.0,4,77.117367
0.0,4,77.121009
0.0,3,77.123815
0.889336,2,77.125633
0.0,2,77.127562
0.0,2,77.129514
0.0,3,77.132684
0.0,3,77.1356
0.0,4,77.139782
0.0,2,77.142323
0.0,2,77.144598
0.0,2,77.146638
0.0,4,77.15042
1.5,2,77.15236
0.0,3,77.15531
0.0,2,77.157346
0.0,4,77.161116
1.5,2,77.163086
0.0,3,77.1661
0.0,2,77.168064
0.0,3,77.170908
0.0,2,77.173084
0.0,2,77.175305
0.0,3,77.178514
0.0,2,77.180809
0.0,4,77.184866
0.0,2,77.186996
0.0,3,77.189833
0.0,2,77.191914
0.0,2,77.194031
0.0,3,77.196913
0.0,3,77.19968
0.0,3,77.202598
0.0,3,77.205482
0.0,2,77.207486
1.5,2,77.20936
0.0,2,77.211397
0.0,2,77.213501
0.0,2,77.21556
0.0,2,77.217458
0.0,2,77.219404
0.0,3,77.222227
0.0,2,77.224109
0.0,2,77.226048
0.0,2,77.227944
0.0,3,77.230747
0.0,3,77.233817
0.0,3,77.236766
0.0,2,77.23888
-0.094353,3,77.242118
0.0,4,77.245979
0.0,2,77.247863
0.0,3,77.250696
0.0,4,77.254463
0.0,2,77.256384
0.0,2,77.258266
0.0,2,77.260155
0.0,2,77.26207
0.0,4,77.265877
0.0,3,77.268765
0.0,3,77.271782
0.0,3,77.274691
0.0,3,77.277857
0.0,2,77.279949
0.0,4,77.283662
0.0,3,77.286713
0.0,4,77.290932
0.0,3,77.293828
0.0,5,77.298413
0.0,3,77.301157
0.0,2,77.303112
0.0,3,77.306046
0.0,3,77.309024
0.0,3,77.311948
0.0,4,77.315537
0.0,3,77.318411
0.0,3,77.321199
0.0,3,77.323931
0.0,3,77.326682
1.5,2,77.32849
0.0,2,77.33048
0.0,2,77.332382
0.0,2,77.334268
0.0,2,77.336141
0.0,2,77.338154
0.0,2,77.340113
0.0,5,77.344765
0.0,4,77.348477
0.0,3,77.351379
0.0,2,77.353282
0.0,2,77.355159
0.0,4,77.358846
0.0,3,77.361592
0.0,4,77.365273
0.0,3,77.368074
0.0,3,77.370805
0.0,3,77.37377
0.0,2,77.377144
0.0,4,77.381866
0.0,2,77.38394
0.0,6,77.389613
0.0,3,77.39256
0.0,2,77.395005
0.0,3,77.397912
0.0,2,77.399838
0.0,4,77.403499
0.0,3,77.406225
0.0,2,77.407989
0.0,2,77.410004
0.0,2,77.411873
0.0,3,77.414702
0.0,2,77.41669
0.0,5,77.421167
0.0,2,77.423087
0.0,4,77.427077
1.5,2,77.428937
0.0,4,77.432786
0.0,3,77.435925
0.0,4,77.439643
0.0,3,77.442435
0.0,5,77.447009
0.0,3,77.449827
0.0,2,77.538195
0.0,5,77.543578
0.129388,3,77.546525
0.0,2,77.548459
0.0,4,77.552302
0.0,3,77.555382
0.0,3,77.558312
0.0,3,77.561232
0.0,2,77.563163
0.0,3,77.565993
0.0,5,77.570893
0.0,4,77.57483
0.0,2,77.57726
0.0,2,77.579454
-0.414339,2,77.581476
0.0,4,77.585193
0.0,3,77.588108
0.0,2,77.589992
0.0,2,77.591957
0.0,2,77.593838
0.0,4,77.597408
0.0,3,77.600209
-0.196563,4,77.604029
0.0,2,77.606031
0.0,3,77.608995
0.0,3,77.611929
-0.403194,2,77.613855
0.0,4,77.617913
0.0,3,77.62063
1.5,2,77.622459
0.0,2,77.624373
0.0,3,77.627192
0.0,2,77.629172
0.0,2,77.631206
0.0,3,77.634125
0.0,2,77.63607
0.0,2,77.638076
0.0,3,77.640944
0.0,2,77.642774
0.0,2,77.644699
0.0,3,77.647625
0.0,3,77.650562
1.5,2,77.652544
0.0,3,77.65553
0.0,2,77.657535
0.0,3,77.660507
1.5,2,77.662318
0.0,3,77.665307
0.0,3,77.668222
0.0,3,77.671288
0.0,4,77.675048
0.0,3,77.677878
0.0,2,77.679956
0.0,2,77.682238
0.0,2,77.684294
0.0,2,77.686347
0.0,2,77.688382
0.0,3,77.691304
0.0,4,77.695031
1.5,2,77.696844
0.0,3,77.699634
0.0,4,77.703228
0.0,4,77.706975
0.0,2,77.708953
0.0,2,77.710866
0.0,3,77.71377
0.0,2,77.715725
0.0,2,77.717642
0.0,4,77.721252
0.0,2,77.723097
1.5,2,77.724903
0.0,4,77.728605
0.0,2,77.730551
0.0,3,77.733632
0.0,2,77.735769
0.0,3,77.73882
0.0,3,77.742035
0.0,2,77.744288
0.0,3,77.747132
0.0,3,77.749995
0.0,3,77.752675
0.0,3,77.755333
0.0,3,77.757981
0.0,4,77.76159
0.0,3,77.76434
0.0,2,77.766289
0.0,3,77.769144
0.0,3,77.771947
0.0,3,77.774752
0.0,3,77.777798
0.0,2,77.780052
0.0,5,77.784741
0.0,2,77.78672
0.0,2,77.788683
0.0,5,77.7934
0.0,5,77.797801
0.0,4,77.801569
0.0,3,77.804379
0.0,2,77.806348
0.0,2,77.808185
0.0,2,77.810245
0.0,3,77.81303
-0.108777,3,77.816071
0.0,2,77.817996
0.0,3,77.820736
0.0,2,77.822527
0.0,3,77.825171
0.0,4,77.828982
0.0,3,77.83173
0.0,4,77.835241
0.0,2,77.837072
0.050775,3,77.839783
0.0,2,77.841566
0.0,2,77.843365
0.0,3,77.845994
0.0,3,77.848579
0.0,2,77.850301
0.0,2,77.852076
0.0,2,77.85389
0.0,3,77.856577
0.0,2,77.858422
0.0,3,77.861102
0.0,5,77.865409
0.0,2,77.867281
0.0,2,77.869145
0.0,3,77.871685
0.0,5,77.876167
0.0,2,77.87792
0.0,2,77.879742
0.0,4,77.883609
0.0,3,77.886344
0.0,3,77.889167
0.0,2,77.890987
0.0,5,77.89532
0.0,3,77.897997
0.0,3,77.900674
0.0,2,77.902355
0.0,2,77.904025
0.0,4,77.907493
0.0,2,77.941556
0.0,2,77.943769
0.0,2,77.945669
0.0,4,77.949415
0.0,4,77.953184
0.0,2,77.955035
0.0,3,77.957737
0.0,2,77.959492
0.0,3,77.962235
0.0,4,77.966141
0.0,3,77.969111
0.0,3,77.971975
0.0,3,77.9748
0.0,3,77.977569
1.5,2,77.979587
0.0,3,77.982642
0.0,3,77.985453
0.0,3,77.988152
1.5,2,77.989959
0.0,2,77.991796
0.0,2,77.993612
0.0,5,77.998072
0.026073,3,78.000627
0.0,4,78.004163
0.0,3,78.006729
1.5,2,78.008502
0.0,2,78.010504
0.0,3,78.01326
1.5,2,78.015026
0.0,3,78.017714
0.0,2,78.019537
0.0,2,78.02129
0.0,2,78.023076
0.0,3,78.025721
0.0,3,78.028256
0.0,3,78.030913
0.0,2,78.032681
0.0,3,78.035555
0.0,2,78.037398
0.0,3,78.040322
0.0,2,78.042096
0.0,2,78.043937
0.0,4,78.047474
0.0,3,78.050017
0.0,4,78.053543
0.0,3,78.056342
0.0,3,78.059048
0.0,4,78.062625
0.0,4,78.066129
0.0,2,78.067963
1.5,2,78.069754
0.0,2,78.071604
0.0,2,78.073354
0.0,4,78.077169
0.0,4,78.081417
0.0,4,78.084915
0.0,3,78.087502
0.0,2,78.089451
0.0,2,78.091321
0.0,4,78.094813
1.5,2,78.09658
0.0,3,78.099206
-0.5524,5,78.103464
0.0,3,78.106186
0.0,5,78.110579
0.0,3,78.113277
0.0,3,78.116013
0.0,4,78.119575
0.0,2,78.121355
0.0,3,78.124041
0.0,2,78.12577
0.0,2,78.127434
0.0,3,78.130096
0.0,3,78.132827
0.0,2,78.134663
0.0,3,78.137322
0.0,5,78.141717
0.0,3,78.144318
0.0,3,78.146878
0.0,3,78.149493
0.0,3,78.152112
0.0,3,78.15476
0.0,3,78.157585
0.0,2,78.159939
0.0,2,78.162112
0.0,4,78.166332
0.0,2,78.168609
0.0,3,78.171835
0.0,4,78.175935
0.0,3,78.178826
1.5,2,78.180898
0.0,2,78.183399
0.0,2,78.185789
1.5,2,78.188195
0.0,5,78.193439
0.0,2,78.19545
0.0,3,78.198284
0.0,4,78.20225
0.0,5,78.206574
0.0,2,78.208363
1.0,3,78.211009
0.0,2,78.212752
0.0,3,78.215497
0.0,3,78.218173
0.0,4,78.221542
0.0,4,78.224963
0.0,3,78.227493
1.5,2,78.229377
0.0,4,78.23305
0.0,5,78.237542
0.0,2,78.239395
0.0,4,78.242975
0.0,5,78.247499
0.0,2,78.249366
0.0,3,78.251974
0.0,3,78.254522
0.0,3,78.257108
0.0,2,78.258864
0.0,2,78.260601
0.0,2,78.262385
0.0,4,78.266017
0.0,3,78.268667
0.0,3,78.271628
0.0,3,78.274281
0.0,3,78.276842
0.0,3,78.27975
0.0,3,78.282616
0.0,3,78.285366
0.0,2,78.287144
0.0,4,78.2908
0.0,3,78.293565
0.0,5,78.297782
0.0,4,78.301167
0.0,2,78.302954
0.0,2,78.304733
0.0,3,78.307286
0.0,4,78.310682
0.0,4,78.314448
0.0,3,78.317118
0.0,2,78.318964
0.0,2,78.320911
0.0,2,78.322649
0.0,3,78.325387
0.0,3,78.328071
0.0,3,78.330775
1.5,2,78.332578
0.0,3,78.33525
0.0,2,78.33699
0.0,2,78.338896
0.0,2,78.340738
0.0,3,78.343441
0.0,3,78.346109
0.0,4,78.349489
0.0,2,78.351256
0.0,2,78.353081
0.0,2,78.355094
0.0,2,78.356826
0.0,2,78.358607
0.0,4,78.362269
0.0,3,78.364855
0.0,3,78.367605
0.0,3,78.370353
1.5,2,78.372104
1.5,2,78.37394
0.0,3,78.376833
0.0,3,78.379449
0.0,4,78.383302
0.0,4,78.387249
0.0,2,78.389213
0.0,2,78.39112
0.0,3,78.393763
0.0,2,78.395554
0.0,2,78.397379
0.0,3,78.399913
0.0,3,78.40258
0.0,2,78.404402
0.0,4,78.407714
0.0,3,78.410764
0.0,2,78.412639
0.0,3,78.415403
0.0,4,78.419182
0.0,4,78.422637
0.0,3,78.425364
0.0,3,78.427924
0.0,4,78.43155
0.0,3,78.43518
-0.638409,2,78.438246
0.0,3,78.442064
0.0,3,78.446202
0.0,3,78.449966
0.0,4,78.45522
0.0,2,78.457841
0.0,3,78.461114
0.0,3,78.463805
0.0,2,78.465754
0.0,2,78.46765
0.0,3,78.470353
0.0,2,78.472225
0.0,2,78.474225
0.0,2,78.476201
0.0,2,78.47817
0.0,2,78.480113
0.0,2,78.482319
0.0,2,78.484416
0.0,3,78.487298
0.0,2,78.489078
0.0,4,78.492586
0.0,4,78.496114
0.0,2,78.497871
0.0,4,78.501523
0.0,6,78.506744
0.0,3,78.509422
0.0,5,78.513828
0.0,2,78.515754
0.0,3,78.518429
0.0,2,78.520134
0.0,2,78.521952
0.0,3,78.524444
0.0,2,78.526271
0.0,4,78.612884
0.0,2,78.61509
0.0,3,78.618167
0.0,4,78.622266
0.0,2,78.624156
0.0,4,78.627841
0.0,4,78.63153
0.0,2,78.633453
0.0,2,78.635484
0.0,5,78.640032
0.0,2,78.641788
0.0,4,78.645327
0.0,4,78.648915
0.0,4,78.652526
0.0,4,78.65622
0.0,2,78.658042
0.0,3,78.660735
0.0,2,78.662673
0.0,3,78.665268
0.0,3,78.66829
0.0,5,78.672619
0.0,3,78.675466
0.0,4,78.678941
0.0,3,78.681699
0.0,3,78.684466
1.5,2,78.686377
1.5,2,78.688258
0.0,2,78.690065
0.0,3,78.692694
0.0,3,78.695301
0.0,2,78.697021
0.0,2,78.698769
0.0,2,78.700521
0.0,2,78.702331
0.0,3,78.70491
0.0,3,78.7075
0.0,2,78.709496
0.0,3,78.712096
0.0,4,78.71562
0.0,2,78.717474
0.0,2,78.719157
0.0,2,78.721047
0.0,2,78.722758
0.0,2,78.724499
0.0,3,78.727059
0.0,4,78.730624
0.0,3,78.73319
0.0,2,78.735152
0.0,3,78.738101
0.0,2,78.739875
0.0,4,78.743392
0.0,2,78.745247
0.0,3,78.747904
-1.0,4,78.751429
0.0,3,78.754073
0.0,4,78.757509
0.0,2,78.759295
0.0,3,78.76176
-0.951416,2,78.763597
0.0,5,78.768061
0.0,3,78.770845
0.0,4,78.774395
0.0,3,78.777157
0.0,2,78.778987
0.0,2,78.781277
0.0,3,78.784112
0.0,4,78.787853
0.0,2,78.789609
0.0,3,78.792246
0.0,3,78.794947
-0.962371,4,78.798348
0.0,2,78.800114
0.0,3,78.802925
0.0,3,78.805509
0.0,3,78.808085
0.0,2,78.809858
0.0,2,78.811593
0.0,4,78.815266
0.0,4,78.818982
0.0,4,78.82233
0.0,2,78.824075
0.0,3,78.82674
0.0,2,78.828505
0.0,2,78.830281
0.0,4,78.834224
-0.698037,4,78.837729
0.0,3,78.840446
0.0,6,78.845771
0.0,2,78.847718
0.0,3,78.85051
0.0,2,78.852335
0.0,3,78.854905
0.0,3,78.857499
0.0,2,78.859228
1.5,2,78.861007
0.0,2,78.862932
0.0,2,78.864652
0.0,2,78.866536
0.0,2,78.868378
0.405707,2,78.870254
0.0,3,78.872864
0.0,2,78.87463
0.0,3,78.877239
0.0,2,78.878927
0.0,3,78.881547
0.0,2,78.883422
0.0,4,78.887243
1.5,2,78.888979
0.0,4,78.892452
0.0,3,78.895009
0.0,3,78.897624
0.0,4,78.900965
0.0,2,78.902759
0.0,4,78.906131
0.0,3,78.908687
0.0,3,78.911384
0.0,3,78.914047
0.0,4,78.917567
1.5,2,78.919421
0.0,3,78.922027
0.0,2,78.92376
0.0,3,78.92633
0.0,3,78.92884
0.0,3,78.931631
0.0,2,78.933452
-0.748793,5,78.938107
0.0,2,78.940001
0.0,4,78.98032
0.0,2,78.982641
0.0,3,78.985512
0.0,2,78.987461
-1.0,3,78.990182
0.0,6,78.995531
0.0,2,78.997388
0.0,2,78.99921
0.0,3,79.001837
0.0,2,79.003613
0.0,3,79.006225
0.0,2,79.008178
0.0,3,79.010872
0.0,4,79.01449
0.0,2,79.016401
0.0,5,79.020826
0.0,2,79.022603
0.0,6,79.027675
0.0,7,79.033965
0.0,3,79.03675
0.0,2,79.038551
0.0,3,79.041172
0.0,3,79.043953
0.0,5,79.048264
0.0,4,79.051947
0.0,2,79.053836
0.0,3,79.056493
0.0,3,79.059015
0.0,4,79.062396
0.0,3,79.065192
0.0,3,79.067854
0.0,3,79.070513
0.0,3,79.073151
0.346887,2,79.074994
0.0,3,79.077667
0.0,2,79.079547
1.5,2,79.081498
1.5,2,79.083336
0.0,4,79.086901
0.0,3,79.089483
0.0,2,79.091235
0.0,3,79.094022
0.0,2,79.09582
0.0,4,79.0992
0.0,2,79.10102
0.0,3,79.103611
0.0,5,79.107869
0.0,4,79.11133
0.288632,2,79.113231
0.0,2,79.11509
0.0,3,79.117705
0.0,2,79.119571
0.0,4,79.123027
0.0,2,79.124774
0.0,2,79.126537
0.0,2,79.128327
0.0,2,79.129998
1.5,2,79.131729
0.0,2,79.133618
0.0,2,79.135519
0.0,3,79.138175
0.0,2,79.140138
0.0,3,79.142789
0.0,3,79.145387
0.0,2,79.14718
0.0,2,79.148989
0.0,2,79.150693
0.0,4,79.154285
0.0,2,79.156385
0.0,4,79.159885
1.5,2,79.16168
0.0,4,79.165159
0.0,2,79.166972
0.0,4,79.170661
0.0,3,79.173286
0.0,4,79.176706
0.0,2,79.178563
0.0,3,79.181172
0.0,2,79.183092
0.0,5,79.187874
0.0,3,79.19059
0.0,2,79.192318
0.0,2,79.194002
0.0,4,79.197384
0.0,2,79.199194
0.0,2,79.200881
0.0,2,79.203063
0.0,3,79.205769
0.0,2,79.207464
0.0,4,79.210999
1.5,2,79.212823
0.0,2,79.21465
0.0,4,79.218318
0.0,2,79.220151
0.094898,2,79.221859
0.0,2,79.223639
0.0,3,79.226202
1.5,2,79.227887
0.0,2,79.229586
0.0,4,79.233217
0.0,3,79.235871
0.0,3,79.238573
0.0,4,79.242064
0.0,2,79.243885
0.0,5,79.248148
0.0,4,79.251714
0.0,2,79.253498
0.0,2,79.255272
1.5,2,79.257021
0.0,4,79.260585
0.0,4,79.264064
0.0,3,79.266925
0.0,2,79.268621
0.0,3,79.271282
0.0,2,79.273291
0.0,2,79.275086
0.0,3,79.277796
0.0,3,79.280656
0.0,2,79.282809
0.0,3,79.285529
0.0,3,79.288334
0.0,3,79.290948
0.0,2,79.292776
0.0,3,79.295634
0.0,2,79.297501
0.137157,2,79.299326
0.0,3,79.302056
0.0,3,79.304602
0.0,2,79.306368
0.0,4,79.309855
0.0,3,79.312398
0.0,2,79.314318
1.5,2,79.316134
0.0,4,79.31962
0.0,3,79.322217
-0.232997,4,79.325586
0.0,5,79.330121
0.0,3,79.332767
0.0,2,79.334585
0.0,3,79.337308
0.0,4,79.340786
0.0,4,79.344428
0.0,2,79.346216
-0.207725,5,79.350608
0.0,2,79.352349
0.0,4,79.35579
0.0,2,79.357621
0.0,3,79.360209
0.0,3,79.362928
0.0,2,79.364806
0.064429,3,79.367478
0.0,2,79.369312
0.0,3,79.372104
0.0,2,79.373898
0.0,4,79.377428
0.0,3,79.380095
0.0,2,79.381835
0.0,3,79.384657
0.0,3,79.387695
0.0,2,79.389475
0.0,5,79.3939
-0.851595,4,79.397307
0.0,3,79.399955
0.0,2,79.401668
1.5,2,79.403359
0.0,3,79.406146
0.0,3,79.40877
0.0,3,79.411421
0.0,3,79.414054
0.0,5,79.418235
0.0,4,79.421713
0.0,2,79.423451
0.0,3,79.42597
0.0,3,79.428621
0.0,2,79.430349
0.0,3,79.433028
0.0,2,79.435032
0.0,2,79.43686
1.5,2,79.438655
0.574464,3,79.441425
0.0,4,79.444909
0.0,3,79.447525
0.0,2,79.449308
0.0,2,79.450989
0.0,2,79.452744
0.0,2,79.454605
0.0,2,79.456512
0.0,3,79.459115
0.0,4,79.462743
0.0,3,79.465327
0.0,3,79.468033
0.0,2,79.470006
0.0,2,79.471759
0.0,2,79.473516
0.0,2,79.475429
0.0,3,79.478112
0.0,2,79.479877
0.0,4,79.48369
0.0,3,79.486679
0.0,2,79.48868
0.0,3,79.491657
-1.0,3,79.494497
0.0,3,79.497452
0.0,2,79.499356
0.0,3,79.501997
0.0,3,79.504699
0.0,2,79.506478
0.0,2,79.508332
0.0,2,79.510195
0.0,3,79.512995
0.0,2,79.514829
0.0,3,79.517608
0.0,2,79.519429
0.0,2,79.521238
-1.0,4,79.524732
0.0,4,79.528241
0.0,2,79.530036
0.0,3,79.532806
0.0,3,79.535464
0.0,3,79.538204
1.5,2,79.539955
1.5,2,79.541742
0.0,2,79.543581
0.0,3,79.54634
0.0,3,79.549325
0.0,5,79.554315
0.0,6,79.55951
0.0,2,79.561265
0.0,3,79.563903
0.0,3,79.566734
0.0,4,79.650465
0.0,3,79.653715
0.0,2,79.65566
0.0,2,79.657526
1.5,2,79.659328
0.0,2,79.661297
0.0,3,79.66427
0.0,3,79.667039
0.0,3,79.66981
0.0,2,79.671676
0.0,3,79.674401
0.0,3,79.677132
0.0,3,79.679937
0.0,2,79.681785
0.0,4,79.685769
0.0,3,79.688659
0.0,2,79.69053
0.0,2,79.692359
0.0,2,79.694536
0.0,3,79.697426
0.0,2,79.699265
0.0,4,79.702638
0.0,2,79.704435
0.0,4,79.707817
1.5,2,79.709614
0.0,3,79.71254
0.0,4,79.716175
0.0,3,79.718939
0.0,3,79.721612
0.0,3,79.724186
0.0,3,79.726797
0.0,2,79.72861
0.0,3,79.731292
0.0,3,79.734101
1.5,2,79.735926
0.0,2,79.737736
0.0,3,79.740477
0.0,3,79.743134
0.146435,3,79.745749
0.0,2,79.747499
0.0,3,79.750161
0.0,4,79.753729
1.0,5,79.758119
0.0,2,79.760019
0.0,3,79.762789
0.0,2,79.764642
0.0,3,79.767344
0.0,2,79.769262
0.0,4,79.772783
0.0,3,79.775533
0.0,4,79.779426
0.0,2,79.781327
0.0,2,79.78349
0.0,3,79.786346
0.0,3,79.789066
0.0,2,79.790988
0.0,2,79.792747
0.0,4,79.796376
0.0,3,79.799027
0.0,5,79.803251
0.0,2,79.805154
1.5,2,79.806838
0.0,3,79.809557
0.0,4,79.813176
0.0,3,79.815917
0.0,4,79.819819
0.0,4,79.823322
0.0,3,79.825997
0.0,6,79.831194
0.0,2,79.833129
0.0,3,79.835886
1.5,2,79.837725
0.0,2,79.839617
0.0,3,79.842324
0.0,2,79.844148
0.0,4,79.847636
0.0,5,79.851917
0.0,2,79.853738
0.0,2,79.855552
0.0,3,79.858165
0.0,4,79.861554
0.0,4,79.864993
0.0,2,79.866777
0.0,4,79.87029
0.0,2,79.872141
0.0,2,79.873993
-1.395291,2,79.875803
0.0,2,79.877583
0.0,4,79.881173
0.0,3,79.88379
0.0,2,79.886487
0.0,3,79.890225
0.0,2,79.892262
0.0,2,79.894135
0.0,3,79.8968
0.0,4,79.900217
0.456697,2,79.9021
0.0,5,79.906381
0.0,3,79.909072
0.0,2,79.910797
0.0,3,79.913589
0.0,3,79.916376
0.0,3,79.919011
0.0,3,79.921574
0.0,2,79.923272
0.0,2,79.924963
0.0,2,79.926615
0.0,3,79.929169
0.0,2,79.93087
0.0,3,79.933383
0.0,3,79.936408
0.290048,2,79.938236
0.0,2,79.940079
0.0,2,79.941922
-0.022984,3,79.944652
0.0,2,79.946665
0.0,2,79.949048
0.0,3,79.952213
0.0,2,79.954052
0.0,2,79.955796
0.0,3,79.958341
0.0,5,79.962531
0.0,2,79.964284
0.0,4,80.005988
0.0,2,80.007665
0.0,3,80.010334
0.0,2,80.012154
0.0,3,80.014786
0.0,4,80.018308
0.0,3,80.021066
0.0,3,80.023837
1.5,2,80.025529
0.0,3,80.028197
0.0,3,80.030755
0.0,2,80.032562
0.0,3,80.035057
0.0,4,80.038505
0.0,3,80.041071
0.0,2,80.042701
0.0,5,80.046989
0.0,3,80.049526
0.0,4,80.052923
0.0,4,80.056387
0.0,3,80.059066
0.0,2,80.060867
0.0,3,80.063373
0.0,4,80.066763
0.0,4,80.070072
0.0,2,80.071738
0.0,3,80.074322
0.0,3,80.076866
0.0,3,80.079623
0.0,2,80.081305
0.0,2,80.083115
0.0,2,80.084743
0.0,3,80.088201
-1.746531,2,80.090551
0.0,4,80.094146
0.0,2,80.095955
0.0,2,80.097798
0.0,3,80.100422
0.0,4,80.103747
0.0,4,80.107145
0.0,3,80.10967
0.0,2,80.111485
0.0,3,80.114219
0.0,4,80.117751
0.0,3,80.120379
0.0,3,80.122963
0.0,4,80.126294
0.0,4,80.129756
0.0,4,80.13317
0.0,2,80.134957
0.0,4,80.138525
1.5,2,80.140225
0.0,3,80.142912
0.0,2,80.144653
0.0,2,80.146444
0.0,2,80.148269
0.0,3,80.151046
0.0,4,80.154758
0.0,2,80.156653
0.0,3,80.159215
0.0,3,80.161803
0.0,4,80.16531
0.0,3,80.16803
0.0,3,80.170789
0.0,3,80.173471
0.0,2,80.175319
-0.689115,2,80.177088
0.0,2,80.178961
0.0,2,80.180685
0.0,4,80.184702
1.5,2,80.187271
0.0,3,80.190454
0.0,5,80.196004
0.0,3,80.199008
0.0,2,80.200824
0.0,2,80.202675
0.0,3,80.20534
0.0,2,80.207151
0.0,4,80.210663
0.0,3,80.213516
0.0,2,80.21535
0.0,2,80.217229
0.0,2,80.219133
0.0,4,80.222775
0.0,4,80.226347
0.0,3,80.229015
0.0,2,80.230886
0.0,3,80.233658
0.0,2,80.23571
0.0,2,80.239077
0.0,2,80.241273
0.0,3,80.244099
0.0,4,80.247775
0.0,2,80.249554
0.0,4,80.253145
0.0,4,80.256809
0.0,5,80.261416
0.0,4,80.265071
0.0,4,80.268837
0.0,5,80.27338
0.0,3,80.276154
0.0,3,80.278909
0.0,4,80.282893
0.0,2,80.285062
0.0,4,80.288989
0.0,3,80.291756
0.0,2,80.293711
0.0,3,80.296625
0.0,2,80.298456
0.0,2,80.300306
0.0,2,80.30214
0.0,2,80.304028
0.0,4,80.307584
0.0,3,80.310474
0.0,3,80.313441
0.0,4,80.317444
0.0,2,80.319464
-0.360705,2,80.321385
0.0,3,80.324416
0.0,2,80.326396
0.0,5,80.331244
0.0,3,80.334091
0.0,3,80.336954
0.0,4,80.340907
0.0,3,80.343702
0.0,3,80.34649
0.0,6,80.351956
1.5,2,80.353899
0.0,3,80.356653
0.0,4,80.360425
0.0,3,80.363086
0.0,4,80.36708
0.0,2,80.368965
0.0,2,80.370961
0.0,2,80.373245
0.0,2,80.375199
0.0,3,80.378155
0.0,2,80.380261
0.0,2,80.382276
0.0,2,80.384222
0.0,4,80.389784
0.0,2,80.392201
0.0,2,80.394453
0.0,3,80.397399
0.0,3,80.400363
0.0,4,80.404169
0.0,3,80.406953
0.0,2,80.408836
-0.760068,4,80.412583
0.0,2,80.414709
0.0,5,80.419616
-1.0,3,80.422567
0.0,4,80.426166
1.0,3,80.429208
-0.133266,2,80.431276
0.0,4,80.435888
0.0,3,80.439027
-1.0,5,80.444315
0.0,2,80.446538
1.5,2,80.448607
0.0,2,80.450809
0.0,3,80.453674
0.0,3,80.45663
0.0,2,80.45858
0.0,2,80.46049
0.0,2,80.462492
0.0,3,80.465516
0.0,2,80.467449
0.0,2,80.469609
0.0,2,80.471745
0.0,3,80.474572
0.0,2,80.476692
0.0,2,80.478674
0.0,3,80.481697
0.0,3,80.485996
0.0,3,80.489526
0.0,2,80.491761
-0.164407,3,80.494665
0.0,2,80.496617
0.0,2,80.49859
1.5,2,80.500549
0.0,3,80.503363
0.0,5,80.508028
0.0,2,80.509989
0.0,3,80.513021
0.0,3,80.515996
0.0,4,80.520158
0.0,3,80.523011
0.0,2,80.525058
0.0,3,80.528157
0.0,3,80.531147
0.0,2,80.533342
0.0,3,80.536527
0.0,3,80.539623
0.0,3,80.542753
0.0,2,80.544727
0.0,4,80.548662
0.0,2,80.550565
0.0,3,80.553567
0.0,2,80.555705
0.0,3,80.558712
0.0,3,80.562054
0.0,2,80.564114
0.0,2,80.566153
0.0,2,80.568358
0.0,3,80.571277
1.5,2,80.573239
0.0,3,80.576411
-0.553607,2,80.578403
0.0,3,80.581547
0.0,3,80.584578
0.0,3,80.58789
0.0,3,80.592828
0.0,3,80.596805
0.0,5,80.602414
0.0,2,80.604622
0.0,3,80.607603
0.0,2,80.609947
0.0,2,80.612112
0.0,2,80.614172
0.0,3,80.617475
0.292961,3,80.620522
1.5,2,80.622492
0.0,2,80.624619
0.0,2,80.626493
0.0,2,80.628413
0.0,2,80.630487
0.0,3,80.633537
0.0,2,80.635664
0.0,4,80.639938
0.0,2,80.642036
0.0,2,80.644221
0.0,4,80.648469
0.0,2,80.650611
0.0,2,80.652878
0.0,4,80.656926
0.0,3,80.660012
-0.234147,2,80.661942
-0.874347,4,80.750877
0.0,2,80.753052
0.0,5,80.758137
0.0,3,80.761113
0.0,2,80.763386
0.0,3,80.76658
0.0,2,80.768858
0.0,2,80.771212
0.0,2,80.773295
0.0,5,80.778387
0.0,3,80.781457
0.0,4,80.78645
0.0,2,80.788892
0.0,3,80.792924
0.0,4,80.797224
0.0,4,80.801244
0.0,2,80.803272
0.0,6,80.809066
-1.045954,2,80.811363
0.0,5,80.81671
0.0,4,80.821178
0.0,2,80.82338
0.0,4,80.827468
0.0,3,80.830447
-0.322104,3,80.833922
0.0,4,80.838228
0.0,4,80.842564
0.0,2,80.844638
0.0,2,80.846785
0.0,3,80.849728
0.0,3,80.852883
0.0,3,80.856229
0.0,3,80.859599
0.0,2,80.861932
0.0,3,80.86505
0.0,4,80.869563
0.0,4,80.873941
0.0,2,80.876257
0.0,2,80.878489
0.0,2,80.88063
0.0,2,80.882924
0.0,3,80.88598
0.0,4,80.890699
0.0,2,80.89286
-0.233754,2,80.895251
0.0,5,80.900597
0.0,3,80.90369
0.0,2,80.905761
0.0,2,80.908081
0.0,3,80.911381
0.0,5,80.916681
0.0,3,80.919856
0.0,2,80.921868
0.0,3,80.924845
0.0,3,80.927762
0.0,3,80.931182
-0.059402,3,80.934488
0.0,2,80.937038
0.0,2,80.939333
0.0,3,80.942692
0.0,2,80.944891
0.0,3,80.94826
0.0,2,80.950655
1.5,2,80.952879
0.0,3,80.956053
0.0,2,80.957997
0.0,3,80.960892
0.0,2,80.962892
0.0,3,80.966279
0.0,2,80.96831
0.0,2,80.970549
0.0,2,80.972768
0.0,3,80.975876
0.0,3,80.978836
0.0,2,80.981006
0.0,3,80.984211
0.0,3,80.987753
0.0,3,80.991203
0.0,3,80.994455
0.0,3,80.997711
1.5,2,80.999678
0.0,2,81.00175
0.0,3,81.004777
0.0,3,81.007875
0.0,2,81.009892
0.0,2,81.012092
0.0,3,81.015476
0.0,5,81.020523
0.0,4,81.024686
0.0,3,81.027683
1.5,2,81.029783
0.0,2,81.031931
0.0,3,81.035197
0.0,2,81.03732
0.0,2,81.03982
0.0,3,81.043211
0.0,3,81.046216
0.0,2,81.04823
0.0,2,81.050324
0.0,3,81.053223
0.0,4,81.057532
0.0,3,81.060735
0.0,3,81.064038
1.5,2,81.066084
1.5,2,81.068257
0.0,3,81.071459
0.0,2,81.073652
1.5,2,81.075642
0.0,2,81.077662
0.0,2,81.079593
0.0,5,81.085337
0.0,2,81.087668
0.0,3,81.091065
0.0,4,81.131795
0.0,4,81.135953
0.0,3,81.139188
0.0,3,81.142196
0.0,4,81.145989
0.0,6,81.151866
0.0,6,81.15798
0.0,7,81.165191
0.0,4,81.169363
0.0,2,81.171432
0.0,5,81.176565
0.0,3,81.179636
1.5,2,81.181614
0.0,4,81.185505
1.5,2,81.1877
0.0,2,81.190384
0.0,2,81.192678
0.0,3,81.196117
0.0,3,81.199183
0.0,3,81.202102
0.0,2,81.204104
0.0,2,81.206076
-0.59979,2,81.208114
0.0,2,81.210022
0.0,5,81.215141
0.272492,2,81.217271
0.0,3,81.220344
0.0,3,81.223222
0.0,4,81.227037
0.0,2,81.229186
0.0,2,81.231278
0.0,2,81.233282
0.0,2,81.235465
0.0,2,81.23761
0.0,2,81.239887
1.5,2,81.242485
0.0,3,81.245728
0.0,3,81.248856
0.0,4,81.252901
0.0,3,81.256006
0.0,4,81.259873
0.0,4,81.263993
0.0,2,81.266065
0.0,3,81.269035
0.0,3,81.272282
0.0,2,81.274319
0.0,4,81.278156
0.0,2,81.280044
0.0,2,81.282413
0.0,4,81.287296
0.0,3,81.290896
0.0,2,81.29414
0.0,2,81.296639
0.495992,3,81.299687
0.0,5,81.304633
0.0,4,81.308479
0.0,3,81.311438
0.0,3,81.314736
0.0,2,81.316897
0.0,2,81.319054
0.0,2,81.321246
0.0,2,81.323298
0.0,2,81.325415
0.0,3,81.328288
0.0,2,81.33035
0.0,4,81.3346
0.0,3,81.337658
0.0,3,81.340829
0.0,4,81.344957
0.0,5,81.349766
0.0,3,81.352737
0.0,2,81.355042
0.0,2,81.357276
0.0,2,81.359317
0.0,2,81.361545
0.0,3,81.364896
0.0,2,81.366935
0.0,2,81.369063
0.0,3,81.372311
0.0,3,81.375394
0.0,3,81.378619
0.0,4,81.38264
0.0,2,81.384794
0.0,3,81.38763
0.0,2,81.389884
0.0,2,81.392403
0.0,4,81.396652
0.0,2,81.398669
0.0,4,81.402424
0.0,3,81.40533
0.0,3,81.408182
0.0,3,81.411378
0.0,2,81.413476
0.0,2,81.415588
0.0,4,81.419792
0.0,3,81.422789
0.0,5,81.427475
0.0,2,81.42943
0.0,2,81.431587
0.0,2,81.43387
0.0,2,81.436439
0.0,2,81.438774
0.0,3,81.442197
0.0,3,81.445351
0.0,5,81.450519
0.0,4,81.454642
0.0,2,81.456717
0.0,3,81.45971
0.0,3,81.462629
0.0,4,81.466574
0.0,3,81.469604
0.0,3,81.4727
0.0,2,81.474805
0.0,3,81.477911
0.0,3,81.480844
0.0,4,81.484899
0.0,4,81.489335
0.0,2,81.491661
0.0,2,81.493979
0.0,3,81.497173
0.0,3,81.500298
0.0,3,81.50351
0.0,3,81.506846
0.0,2,81.509164
0.0,3,81.512661
0.0,4,81.517112
0.0,2,81.519245
0.0,3,81.522206
0.0,3,81.525139
1.5,2,81.527166
0.0,3,81.530346
-0.319361,3,81.533441
0.0,4,81.537712
0.0,2,81.539813
0.0,2,81.541939
0.0,3,81.545414
0.0,2,81.547536
0.0,2,81.54965
0.0,2,81.551916
1.5,2,81.554042
0.0,5,81.558793
0.0,2,81.560753
0.0,3,81.563916
0.0,2,81.566044
0.0,3,81.569306
0.0,4,81.573514
0.0,3,81.576469
0.0,2,81.578543
0.0,3,81.581579
0.0,3,81.584833
0.0,2,81.587031
0.0,2,81.589185
0.0,4,81.593431
0.0,3,81.596871
0.0,4,81.601089
0.0,2,81.603286
0.0,2,81.605335
0.0,6,81.6112
0.0,4,81.615236
0.0,3,81.618722
1.5,2,81.620838
0.0,3,81.623824
0.0,3,81.626763
0.0,2,81.628802
0.0,2,81.630859
0.0,2,81.633018
0.0,4,81.637268
0.0,3,81.640595
0.0,3,81.64371
0.0,2,81.645768
0.0,3,81.648711
-0.013881,2,81.650671
0.0,6,81.656568
0.0,2,81.658528
0.0,2,81.660915
0.0,2,81.663151
0.0,2,81.665221
0.0,2,81.667533
0.0,3,81.67067
0.0,2,81.672765
0.0,4,81.676844
0.0,2,81.678806
0.0,3,81.681769
0.0,3,81.684891
1.5,2,81.68715
0.0,3,81.69095
0.0,4,81.695569
0.0,2,81.697675
0.0,2,81.699625
0.0,4,81.703439
0.0,2,81.705618
0.0,2,81.70776
0.0,4,81.712151
0.0,3,81.715403
0.0,2,81.717533
0.0,4,81.721577
1.0,2,81.723537
1.5,2,81.725652
0.0,3,81.728715
0.0,2,81.730792
0.0,2,81.732896
0.0,3,81.73591
0.0,3,81.739216
0.0,2,81.741326
0.0,3,81.74436
0.0,3,81.747424
1.5,2,81.74955
0.0,4,81.753784
0.0,4,81.757752
0.0,2,81.759899
1.5,2,81.761826
0.0,3,81.764887
0.0,5,81.770075
0.0,3,81.773357
0.0,2,81.775486
0.0,4,81.779474
0.0,3,81.782677
0.0,2,81.784885
0.0,2,81.787188
1.5,2,81.789302
1.5,2,81.791737
0.0,2,81.794437
0.0,4,81.79865
0.0,2,81.800619
0.061172,2,81.80276
0.0,5,81.807785
1.5,2,81.809804
0.0,2,81.811795
0.0,2,81.814063
0.0,3,81.817317
0.0,2,81.81969
1.5,2,81.821837
0.0,2,81.824007
1.5,2,81.826014
0.0,2,81.827944
0.0,3,81.83095
0.0,4,81.835009
0.0,2,81.837339
0.0,3,81.840539
0.0,3,81.843826
1.5,2,81.845861
0.0,5,81.851243
0.0,3,81.854252
0.0,3,81.857106
0.0,3,81.859918
-0.637371,2,81.862167
0.0,2,81.864272
0.0,3,81.954592
0.0,3,81.958028
0.0,3,81.961443
1.5,2,81.963567
0.0,3,81.966716
0.0,2,81.968874
0.0,3,81.972006
0.0,2,81.974206
0.0,4,81.978266
0.0,3,81.981343
0.0,4,81.985216
0.0,3,81.988161
0.0,2,81.991181
0.0,3,81.995178
0.0,3,81.998512
0.0,4,82.002311
0.0,3,82.00511
-0.154435,3,82.008205
0.0,3,82.011272
0.0,4,82.015507
-0.648895,5,82.020385
0.0,3,82.02383
0.0,2,82.026078
0.0,4,82.030269
0.0,3,82.033462
0.0,4,82.03788
0.0,2,82.040133
0.502255,2,82.0424
0.0,4,82.04679
0.0,2,82.048916
0.0,2,82.051074
0.0,4,82.054986
0.0,3,82.057976
0.0,2,82.060123
0.0,3,82.063267
0.0,3,82.066454
0.0,3,82.069822
0.0,2,82.072032
0.0,2,82.074229
0.0,3,82.077441
0.0,5,82.082536
0.0,4,82.086896
0.0,4,82.091223
0.0,3,82.094313
0.0,4,82.098827
0.0,2,82.100893
-0.26687,3,82.104031
0.0,3,82.106921
0.0,3,82.109902
0.0,4,82.113896
0.0,3,82.116874
0.0,5,82.121537
0.0,3,82.124492
0.0,3,82.127318
0.0,3,82.130136
0.0,3,82.133023
0.0,2,82.135107
0.0,2,82.137285
0.0,4,82.141677
0.0,3,82.145027
0.076817,3,82.148072
0.0,2,82.15007
1.5,2,82.152205
0.0,2,82.154385
0.0,2,82.156502
0.0,3,82.159782
0.0,4,82.164162
0.0,3,82.167399
0.0,4,82.171595
0.0,3,82.174871
0.0,4,82.178792
0.0,3,82.181905
0.0,2,82.183914
0.0,2,82.186092
0.0,2,82.188375
0.0,3,82.191714
0.0,2,82.194205
0.0,2,82.196461
0.0,3,82.199313
0.0,2,82.201374
0.0,3,82.204381
0.0,2,82.206474
0.0,3,82.209536
0.0,2,82.211755
0.0,4,82.216033
0.0,3,82.219121
0.0,2,82.221211
0.0,3,82.224185
0.0,3,82.226934
0.0,2,82.228904
0.0,3,82.231963
0.0,2,82.234152
0.0,2,82.236269
0.0,4,82.240403
0.0,3,82.24397
0.0,3,82.246973
0.0,3,82.250065
0.0,2,82.252237
0.0,2,82.254398
0.0,5,82.260141
0.0,2,82.262296
0.0,2,82.264315
0.0,4,82.30636
0.0,2,82.308256
0.0,2,82.310092
0.0,4,82.313837
0.0,3,82.316975
0.0,2,82.319223
1.5,2,82.32127
0.0,5,82.326138
0.0,2,82.328182
0.0,2,82.330431
1.5,2,82.332498
0.0,4,82.336807
0.0,2,82.339239
0.0,2,82.341485
0.0,2,82.343805
1.782211,2,82.346083
0.0,3,82.349397
0.0,3,82.35264
0.0,3,82.355815
0.0,4,82.359789
0.0,3,82.362962
0.0,2,82.365194
0.0,3,82.368387
0.0,3,82.371692
0.0,2,82.37383
0.0,5,82.379213
0.0,2,82.381541
0.0,4,82.386332
0.0,4,82.390906
0.0,2,82.393266
0.0,2,82.395936
0.0,2,82.39848
1.5,2,82.400639
0.0,3,82.404014
0.0,4,82.40818
0.0,2,82.410324
0.0,3,82.413503
0.0,3,82.416782
0.0,5,82.42198
0.0,4,82.425794
0.0,2,82.427724
0.0,3,82.430475
0.0,3,82.433616
0.0,2,82.436018
0.0,3,82.439257
0.0,4,82.443328
0.0,2,82.445369
0.0,3,82.448168
0.0,3,82.450985
0.0,2,82.453092
0.0,3,82.456233
0.0,2,82.458486
0.0,5,82.463475
0.0,3,82.466764
0.0,4,82.470877
1.5,2,82.472842
0.0,2,82.474972
0.0,2,82.477092
0.0,4,82.481268
0.0,3,82.4842
0.0,4,82.488355
0.0,2,82.490553
0.0,2,82.493042
0.0,3,82.497114
0.0,3,82.500398
0.0,2,82.502567
0.0,2,82.504585
0.0,2,82.506527
0.0,4,82.510597
0.0,3,82.51377
0.0,2,82.516062
-0.277154,3,82.519251
0.0,2,82.521406
-0.063676,2,82.523387
0.0,2,82.525277
0.0,3,82.528119
0.0,3,82.531105
0.0,4,82.535441
0.0,2,82.537832
0.0,4,82.54217
0.0,4,82.54646
1.5,2,82.548601
0.0,4,82.552959
0.0,3,82.556272
-0.106166,2,82.558427
0.0,2,82.560502
0.0,3,82.563588
0.0,4,82.568011
0.0,4,82.572457
0.0,2,82.574602
0.0,4,82.578933
0.0,4,82.582676
1.5,2,82.584614
0.0,3,82.588052
0.0,3,82.591218
0.0,2,82.593421
1.5,2,82.595672
0.0,2,82.598063
0.0,2,82.600227
1.5,2,82.602156
0.0,2,82.604151
0.0,2,82.606153
0.0,2,82.60816
0.0,2,82.610089
0.0,3,82.612992
1.5,2,82.61502
0.0,2,82.617092
-1.0,2,82.619235
0.0,4,82.623062
0.0,2,82.625079
0.0,2,82.626993
0.0,2,82.628916
1.5,2,82.630764
1.5,2,82.632628
0.0,2,82.63464
0.0,3,82.637551
0.0,2,82.639659
1.5,2,82.641792
0.0,5,82.646687
0.0,3,82.649787
0.0,2,82.651912
0.0,3,82.654913
0.0,2,82.656801
0.0,3,82.659629
0.0,2,82.66143
0.0,4,82.66532
0.0,2,82.667412
0.0,4,82.671446
0.0,3,82.674534
0.0,2,82.676622
0.0,2,82.678553
0.0,2,82.680625
0.0,2,82.682659
0.0,2,82.68468
0.0,3,82.687766
0.0,4,82.691924
0.0,2,82.694331
0.0,3,82.697372
0.0,4,82.701426
0.0,3,82.704592
0.0,5,82.709347
0.0,2,82.711581
0.0,2,82.713677
0.0,5,82.71889
1.5,2,82.720972
0.0,5,82.725817
0.0,2,82.727708
1.5,2,82.7297
0.0,2,82.731682
0.0,4,82.735715
0.0,3,82.739066
0.0,5,82.744252
0.0,2,82.746547
0.0,3,82.749474
0.0,3,82.752302
0.0,4,82.756173
0.0,3,82.759522
1.5,2,82.761625
0.0,4,82.7658
0.0,3,82.768867
0.0,2,82.77106
0.0,3,82.774209
0.0,4,82.778303
0.0,2,82.780428
0.0,2,82.782503
0.0,4,82.786456
1.5,2,82.788744
0.0,2,82.791272
0.0,3,82.794516
0.0,2,82.796544
0.0,2,82.798681
0.0,2,82.800758
0.0,2,82.802708
0.0,3,82.805482
0.0,2,82.807382
0.0,2,82.809595
0.0,4,82.813624
0.0,2,82.815763
0.0,3,82.818916
0.0,2,82.820958
0.0,3,82.823994
0.0,3,82.826811
0.0,4,82.830703
0.0,2,82.832753
0.0,4,82.83701
0.0,2,82.839233
-0.080702,2,82.841193
1.5,2,82.84312
0.0,3,82.846133
-0.068115,5,82.851032
0.0,2,82.853053
1.5,2,82.855057
1.5,2,82.857102
0.0,2,82.859067
0.0,2,82.861097
0.0,3,82.86381
0.0,3,82.866776
0.0,3,82.869638
0.0,2,82.871684
1.5,2,82.873639
0.0,2,82.875646
0.0,2,82.877537
1.5,2,82.879388
0.0,2,82.881251
0.0,2,82.883294
0.0,3,82.886413
0.0,5,82.891942
0.0,2,82.894199
-0.00524,4,82.898339
0.0,4,82.902087
0.0,2,82.904003
0.0,3,82.906905
0.0,3,82.909788
0.0,2,82.911741
0.0,4,82.915766
0.0,3,82.91862
0.0,5,82.923232
0.425832,4,82.926736
0.0,4,82.930189
0.0,3,82.932803
0.0,3,82.936205
0.0,2,82.938272
0.0,5,82.943424
0.0,3,82.946476
0.0,2,82.948615
0.0,2,82.950687
0.0,2,82.952628
1.5,2,82.954589
0.0,2,82.956619
0.0,2,82.95872
0.0,3,82.961619
0.0,4,82.965701
0.0,4,82.969585
0.0,4,82.973609
-0.073783,4,82.977651
0.0,5,82.982313
0.0,2,82.984239
-0.897398,2,82.986197
0.0,3,82.989002
1.5,2,82.991036
0.0,3,82.994226
0.0,2,82.996574
0.0,4,83.000517
0.0,4,83.004212
0.0,2,83.006207
0.0,3,83.008953
0.0,3,83.012033
1.0,2,83.014057
0.0,3,83.016981
0.0,3,83.020065
0.0,4,83.023909
0.0,2,83.025883
0.0,2,83.027896
0.0,3,83.030817
0.0,3,83.033771
0.0,3,83.036817
0.0,2,83.038982
1.5,2,83.04102
0.0,3,83.043801
0.0,2,83.045708
0.0,4,83.049464
0.0,4,83.139627
0.0,3,83.143036
0.0,5,83.14821
0.0,2,83.150333
0.0,3,83.153555
0.0,3,83.156538
0.0,2,83.158622
0.0,2,83.16058
0.0,2,83.162517
0.0,2,83.164742
0.0,3,83.167759
0.0,4,83.171895
-0.930379,4,83.175952
0.0,3,83.179024
0.0,4,83.182885
0.0,2,83.185209
0.0,2,83.187376
0.0,3,83.19021
0.0,4,83.194536
0.0,3,83.197625
0.0,3,83.20055
0.0,5,83.205263
0.0,3,83.208159
0.0,2,83.210051
1.5,2,83.212091
0.0,6,83.217792
0.0,4,83.221764
0.0,2,83.22377
0.0,4,83.22756
0.0,5,83.232217
0.0,2,83.234256
0.0,2,83.236305
0.0,3,83.239364
0.0,3,83.242556
0.0,3,83.245447
-0.367445,2,83.2475
0.0,2,83.249539
0.0,2,83.251508
0.0,2,83.253516
0.0,3,83.256479
1.5,2,83.25865
0.0,2,83.260754
0.0,3,83.263751
0.0,2,83.26568
0.0,3,83.268658
0.0,3,83.271684
0.0,3,83.274698
0.0,4,83.278393
0.0,5,83.283096
0.0,4,83.286696
0.0,4,83.290549
0.0,2,83.292999
0.0,3,83.296145
0.0,3,83.299604
0.0,3,83.302888
0.0,4,83.306994
0.0,4,83.311374
0.0,2,83.313618
0.0,2,83.31565
0.0,4,83.319893
0.0,3,83.323321
0.0,3,83.326541
0.0,3,83.329944
0.604714,3,83.333207
0.0,3,83.336497
0.0,3,83.339833
0.0,3,83.342842
0.0,3,83.345703
0.0,2,83.347593
0.0,2,83.349524
0.0,3,83.352608
0.0,3,83.355485
0.0,3,83.358339
0.0,2,83.360307
0.0,3,83.363035
0.0,3,83.365956
0.0,3,83.368824
0.0,2,83.370881
0.0,4,83.374961
0.0,5,83.379609
1.5,2,83.381516
0.0,3,83.384234
0.0,2,83.386307
0.0,3,83.389286
0.0,3,83.392128
0.0,2,83.39425
0.0,3,83.397663
0.0,2,83.399698
0.0,2,83.401743
0.0,5,83.406488
0.0,4,83.410131
0.0,3,83.449879
0.0,6,83.455549
0.0,3,83.458349
0.0,2,83.460253
0.0,3,83.463112
0.0,3,83.465872
0.0,4,83.469585
0.0,2,83.471622
1.5,2,83.473517
0.0,2,83.475465
0.0,2,83.477413
1.5,2,83.479321
0.0,3,83.482065
0.0,3,83.485102
0.0,2,83.48709
0.0,2,83.489092
0.0,3,83.492103
0.0,2,83.49468
0.0,2,83.496738
0.0,3,83.499493
0.0,3,83.502235
0.0,3,83.504946
0.0,3,83.507652
0.0,3,83.510402
0.0,3,83.513472
0.0,4,83.51738
0.0,6,83.523564
0.0,3,83.52668
0.0,4,83.530749
0.0,2,83.532824
0.0,3,83.535644
0.0,4,83.53953
0.0,3,83.5426
0.0,5,83.547441
0.0,3,83.55033
0.0,2,83.552341
0.0,5,83.557158
0.0,2,83.559183
0.0,2,83.561325
0.0,2,83.563352
1.5,2,83.565351
0.0,3,83.568453
0.0,3,83.571401
0.0,2,83.573381
0.0,3,83.576381
1.5,2,83.578375
0.0,5,83.582901
0.0,3,83.585789
0.0,3,83.588907
0.0,3,83.591745
0.0,2,83.59371
0.0,3,83.596701
0.0,4,83.600959
0.0,2,83.602953
0.0,2,83.604828
0.0,3,83.607648
0.0,2,83.609814
0.0,3,83.61286
0.0,3,83.615981
1.5,2,83.618043
0.0,3,83.620886
0.0,2,83.622795
0.0,3,83.62555
1.5,2,83.627376
1.5,2,83.629349
0.0,2,83.631457
0.0,3,83.634484
0.0,4,83.638266
0.0,4,83.642176
0.0,3,83.645124
0.0,2,83.647176
1.5,2,83.649149
0.0,2,83.651157
0.0,4,83.65502
0.0,2,83.65693
0.0,2,83.658857
0.0,3,83.661625
0.0,3,83.664596
0.0,2,83.666527
0.0,2,83.668567
0.0,2,83.670568
0.0,2,83.672607
0.0,2,83.674598
0.0,2,83.676543
0.0,3,83.679866
0.0,3,83.682752
0.0,3,83.685742
0.0,2,83.687814
0.0,4,83.691723
0.0,4,83.695969
0.0,2,83.697918
0.0,2,83.699826
0.0,3,83.702592
0.0,4,83.706273
0.0,2,83.70814
0.0,2,83.710025
0.0,4,83.713839
0.0,4,83.717562
0.0,2,83.719629
0.0,2,83.721499
0.0,2,83.723356
0.0,3,83.726194
-1.0,4,83.729919
0.0,2,83.731737
0.0,3,83.734561
0.0,4,83.73841
0.0,3,83.741239
0.0,3,83.744128
0.0,3,83.746962
0.0,4,83.750788
0.0,3,83.753475
0.0,3,83.756258
0.0,3,83.759125
-0.090993,2,83.760999
0.0,3,83.764053
0.0,2,83.766035
0.0,4,83.769847
0.0,3,83.772782
0.0,3,83.775497
0.0,3,83.778349
-0.553486,2,83.780263
0.0,2,83.782253
0.0,2,83.784382
0.0,3,83.787527
0.0,2,83.789521
0.0,2,83.791442
0.0,2,83.793518
-0.633033,4,83.797493
0.0,3,83.800336
0.0,2,83.802332
0.0,4,83.806233
0.0,6,83.811993
0.0,4,83.815785
0.0,2,83.817867
0.0,3,83.820725
0.0,2,83.822572
0.0,2,83.824441
0.0,4,83.828112
0.0,2,83.830046
0.0,3,83.833084
0.0,3,83.835971
0.0,2,83.83836
0.0,2,83.841013
0.0,2,83.842935
0.0,4,83.846525
0.0,3,83.84926
0.0,2,83.851072
0.0,3,83.853919
0.0,4,83.857507
0.0,5,83.862272
0.0,3,83.865039
0.0,3,83.86795
1.0,4,83.871621
0.0,3,83.874495
0.0,2,83.87648
1.5,2,83.878336
0.0,3,83.881078
1.5,2,83.882945
0.0,4,83.886603
0.0,2,83.888683
0.0,2,83.890771
0.0,3,83.893581
-1.687573,2,83.895603
0.0,3,83.898737
0.0,2,83.90075
0.0,3,83.9036
0.0,3,83.906498
0.0,2,83.908618
0.0,3,83.911558
0.0,2,83.913511
0.435164,2,83.915591
0.0,2,83.917575
0.0,3,83.920249
0.0,3,83.923149
0.0,4,83.92693
0.0,4,83.931123
0.0,3,83.9341
0.0,2,83.9364
0.0,3,83.939312
0.0,2,83.94124
1.5,2,83.943211
0.0,2,83.945209
0.0,3,83.947967
0.0,3,83.951065
0.0,5,83.955785
0.0,2,83.957674
0.0,2,83.959494
0.0,4,83.963049
0.0,6,83.96879
0.0,2,83.970701
0.0,4,83.974369
0.0,3,83.977039
0.0,2,83.978855
0.0,2,83.980698
0.0,2,83.982593
0.0,2,83.984467
0.0,3,83.987348
0.0,3,83.990139
0.0,2,83.992032
0.0,2,83.994005
0.0,3,83.996983
0.0,3,83.99959
0.0,2,84.001323
1.5,2,84.003096
0.0,3,84.005812
0.0,3,84.008456
0.0,3,84.011111
0.0,3,84.013957
1.5,2,84.015778
0.0,2,84.017585
0.0,4,84.021101
0.0,3,84.023741
0.0,3,84.026418
0.0,3,84.028998
0.0,3,84.031584
0.0,2,84.033576
0.0,3,84.036321
0.0,4,84.039999
0.0,3,84.042781
0.0,2,84.04467
0.0,2,84.046558
0.0,2,84.0484
0.0,2,84.050149
0.0,3,84.052796
0.0,3,84.055734
0.0,6,84.061099
0.0,2,84.062924
0.0,3,84.06564
0.0,5,84.070372
0.0,3,84.073668
0.0,2,84.075572
0.0,3,84.078309
0.0,2,84.080175
0.0,4,84.083644
0.0,2,84.085435
0.0,2,84.087286
0.0,2,84.089269
0.0,2,84.091104
0.0,2,84.092947
0.0,4,84.096528
0.0,2,84.098499
0.0,3,84.101396
0.0,5,84.105927
0.0,2,84.107772
0.0,7,84.113994
0.0,3,84.116879
0.0,3,84.119666
0.0,3,84.122351
0.0,4,84.125885
0.0,3,84.128633
0.0,2,84.13046
0.0,3,84.133162
0.0,3,84.135865
0.0,3,84.13858
0.0,3,84.141367
0.0,2,84.143189
0.0,2,84.145059
0.0,2,84.146839
0.0,2,84.148684
0.0,2,84.150542
0.0,2,84.152484
0.0,2,84.154361
0.0,2,84.1562
0.0,2,84.158002
0.0,3,84.16083
0.0,2,84.162703
0.0,2,84.164539
0.0,2,84.166377
0.0,2,84.168243
0.0,2,84.256104
0.0,2,84.258216
1.5,2,84.260431
0.0,2,84.26253
1.5,2,84.264652
0.0,3,84.267792
0.0,3,84.270836
0.0,2,84.272737
0.0,2,84.27484
0.0,4,84.278518
0.0,3,84.281374
0.0,3,84.284283
0.0,2,84.286237
1.5,2,84.288341
0.0,3,84.291359
0.0,4,84.295948
0.0,2,84.297975
0.0,4,84.30196
0.0,4,84.305907
-0.113734,3,84.308619
0.0,4,84.312529
0.0,2,84.314441
0.172596,2,84.31669
0.0,2,84.318652
0.0,3,84.321433
0.0,3,84.32457
0.0,3,84.327341
0.0,5,84.332033
0.0,4,84.335724
0.0,2,84.3378
0.0,4,84.341554
-0.408358,6,84.347281
0.0,2,84.349101
0.0,2,84.351198
0.0,3,84.354085
0.0,3,84.356938
0.0,2,84.359038
0.0,4,84.36282
0.0,4,84.366959
0.0,3,84.369856
0.0,3,84.37291
0.0,3,84.375928
0.0,2,84.377944
0.0,2,84.380058
0.0,4,84.383662
0.0,3,84.386645
0.0,2,84.388872
1.0,3,84.391787
0.0,2,84.393987
0.0,2,84.395891
0.0,2,84.397933
-0.972902,4,84.401982
0.0,3,84.404914
0.0,3,84.407896
0.0,2,84.409757
0.0,2,84.411587
0.0,2,84.413686
0.0,3,84.416513
0.0,5,84.421004
0.0,2,84.422811
0.0,2,84.424601
0.0,2,84.426366
0.0,2,84.428926
0.0,4,84.433267
-0.165454,5,84.438572
0.0,3,84.441489
-0.31728,3,84.444422
0.0,4,84.448108
0.0,6,84.453465
0.0,4,84.457188
0.0,3,84.459813
0.0,2,84.461626
0.0,2,84.463554
0.0,2,84.465472
0.0,3,84.468109
0.0,3,84.471129
0.0,2,84.473094
1.5,2,84.474934
0.0,5,84.4796
0.0,2,84.48138
0.0,5,84.486082
0.0,4,84.489718
0.0,2,84.491725
0.0,4,84.495451
0.0,4,84.530509
0.0,5,84.535163
0.0,3,84.537802
0.0,2,84.539639
0.0,2,84.541527
0.0,5,84.546441
0.0,4,84.550119
0.0,3,84.552834
0.0,3,84.555526
-0.790547,2,84.557282
0.0,5,84.561655
0.0,3,84.564462
0.0,2,84.566335
0.0,2,84.568268
0.0,3,84.571055
0.0,3,84.573753
0.0,4,84.577399
0.0,3,84.580022
0.0,4,84.583615
0.0,2,84.585412
0.0,2,84.587223
0.0,3,84.59003
0.0,2,84.591906
0.0,4,84.595533
0.0,2,84.597351
0.0,4,84.60128
0.413521,2,84.603204
0.0,2,84.605008
0.0,3,84.607601
1.5,2,84.609589
0.0,3,84.61242
0.0,2,84.614155
0.0,5,84.618723
0.0,3,84.621411
-0.63337,2,84.623325
0.0,2,84.625208
0.0,2,84.626987
0.0,4,84.630524
0.0,3,84.633263
0.0,2,84.635051
0.0,3,84.637773
0.0,3,84.640477
0.0,2,84.642263
1.5,2,84.644207
0.0,3,84.646924
0.0,2,84.648736
0.0,2,84.650738
0.0,3,84.653676
0.0,2,84.65546
0.0,4,84.659169
0.0,3,84.662094
0.0,3,84.664914
0.0,2,84.666792
0.0,2,84.668745
0.0,3,84.671573
0.0,3,84.67438
0.0,2,84.676151
0.0,3,84.678965
0.0,3,84.681676
0.0,2,84.683494
0.0,3,84.686446
0.0,3,84.689272
0.0,3,84.69206
0.0,2,84.694033
0.0,4,84.698026
0.0,3,84.701
0.0,2,84.702806
0.0,4,84.70637
0.0,2,84.708386
-0.636404,3,84.71122
0.0,4,84.714932
0.0,2,84.716819
0.0,2,84.718634
0.0,3,84.721606
-0.696873,4,84.725036
0.0,3,84.727807
0.0,4,84.731441
0.0,3,84.734168
0.0,2,84.736302
0.0,2,84.738229
0.0,3,84.740998
0.0,3,84.743891
1.5,2,84.745712
0.0,2,84.747674
0.0,2,84.749544
1.5,2,84.751384
0.0,4,84.755038
0.0,4,84.758598
0.0,2,84.760521
0.0,3,84.763394
0.0,3,84.766238
0.0,3,84.768984
0.0,3,84.771791
0.0,2,84.773607
0.0,2,84.775563
-0.005118,3,84.778351
0.0,2,84.780133
0.0,3,84.782888
0.0,3,84.785753
1.5,2,84.78759
0.0,3,84.790425
-0.192471,2,84.792428
0.0,4,84.796808
0.0,2,84.799065
0.0,4,84.802813
0.185561,2,84.804802
0.0,3,84.807615
0.0,3,84.810402
0.0,2,84.812341
0.0,5,84.816845
1.0,3,84.819811
0.0,2,84.821637
0.0,5,84.826264
0.0,2,84.82808
0.0,2,84.82987
0.0,3,84.832741
0.0,3,84.83565
0.0,4,84.839527
0.0,3,84.842588
1.5,2,84.844496
0.0,5,84.849149
0.0,2,84.8509
0.0,2,84.852922
0.0,2,84.85476
0.0,2,84.856551
0.0,3,84.859379
0.0,3,84.862144
0.0,3,84.864775
0.0,3,84.867638
0.0,3,84.870434
0.0,2,84.872366
0.0,4,84.875909
0.0,2,84.877686
0.0,2,84.879539
0.0,2,84.881386
1.5,2,84.883397
0.0,2,84.885226
0.0,3,84.888004
0.0,3,84.890785
0.0,4,84.894417
0.0,3,84.897174
0.0,3,84.900065
0.0,2,84.902021
0.0,4,84.905601
0.0,3,84.908333
0.0,2,84.910305
0.811397,3,84.913112
0.0,2,84.915017
1.5,2,84.916863
0.0,2,84.918711
0.0,2,84.920595
0.0,4,84.924264
0.0,3,84.926838
0.0,3,84.92959
1.5,2,84.931482
0.0,3,84.934331
0.0,6,84.940069
0.0,3,84.942761
0.0,4,84.946408
0.0,3,84.949202
0.0,3,84.952139
0.0,4,84.955783
0.0,4,84.959636
0.0,3,84.962339
0.0,4,84.966343
0.0,4,84.969915
0.0,5,84.974591
0.0,2,84.97649
-0.7594,2,84.978598
0.0,3,84.981197
0.0,2,84.983016
0.0,4,84.986787
0.0,2,84.988681
0.0,4,84.99242
1.5,2,84.994207
0.0,4,84.997997
-1.0,4,85.001559
0.0,5,85.006052
0.0,2,85.007913
0.0,2,85.00973
0.0,2,85.011479
0.0,4,85.015205
0.0,2,85.016947
0.0,2,85.018726
0.0,5,85.023146
0.0,2,85.024944
0.0,2,85.026846
0.0,3,85.029709
0.0,2,85.031591
0.0,2,85.03367
0.0,2,85.035685
0.717545,2,85.037527
0.0,3,85.040658
0.0,2,85.042707
0.0,4,85.046444
-0.417325,4,85.050375
0.0,3,85.053111
0.0,4,85.056912
0.0,5,85.0615
0.0,4,85.065192
0.0,3,85.068047
0.0,2,85.069921
1.5,2,85.071757
0.0,2,85.073552
0.0,2,85.075703
0.0,4,85.07926
0.0,2,85.081114
0.0,2,85.083145
0.0,4,85.086842
0.0,3,85.089966
0.0,5,85.09469
0.0,3,85.097491
0.0,4,85.101484
0.0,2,85.103759
0.0,2,85.105619
0.0,5,85.110273
0.0,3,85.113094
0.0,6,85.118499
0.0,3,85.121111
0.0,5,85.12558
0.0,2,85.127351
0.0,4,85.130837
0.0,3,85.133628
0.0,2,85.135324
0.0,2,85.13708
0.0,4,85.140682
0.0,3,85.143262
0.0,4,85.1469
0.0,4,85.150258
1.5,2,85.15205
0.0,4,85.15571
0.0,3,85.158319
0.0,3,85.161065
0.0,2,85.162772
0.0,3,85.165666
0.0,4,85.169185
0.0,4,85.172596
0.0,5,85.177006
0.0,4,85.180459
0.0,2,85.182314
0.0,2,85.183992
0.0,3,85.186662
0.0,2,85.188536
0.0,4,85.193019
0.0,4,85.197073
0.0,3,85.199842
0.0,2,85.201687
0.0,4,85.205054
0.0,4,85.208555
0.0,3,85.211308
0.0,2,85.213041
0.0,3,85.215775
0.0,2,85.217674
0.0,2,85.219438
0.0,4,85.223107
0.0,3,85.225638
0.0,2,85.227321
0.0,3,85.230025
0.0,4,85.233639
0.0,7,85.239708
0.0,4,85.243211
0.0,4,85.246598
0.0,2,85.334844
0.0,2,85.338303
0.0,2,85.340949
0.0,3,85.345322
0.0,2,85.347952
0.0,3,85.352097
0.0,4,85.356121
0.0,3,85.358753
0.0,4,85.362273
0.0,2,85.364093
-1.0,3,85.36702
0.0,4,85.370636
0.0,3,85.373606
0.0,4,85.377403
0.0,5,85.381791
0.0,2,85.383658
0.0,4,85.387223
0.0,3,85.390002
-1.4669,2,85.391952
0.0,2,85.393913
0.0,4,85.397311
0.0,4,85.401198
0.0,3,85.404018
0.0,3,85.406663
0.0,4,85.410014
0.0,3,85.412912
0.0,2,85.414777
0.0,3,85.417462
0.0,3,85.420379
0.0,4,85.423823
1.5,2,85.425594
0.0,3,85.42827
0.0,4,85.4321
0.0,3,85.435238
0.0,2,85.437277
0.0,3,85.440071
0.0,3,85.442829
0.0,2,85.444702
0.0,2,85.44641
0.0,2,85.448236
0.0,2,85.449928
0.0,4,85.453437
0.0,3,85.456357
0.0,2,85.458142
0.0,2,85.460035
0.0,2,85.461985
0.0,2,85.463771
0.0,3,85.466437
0.0,3,85.469386
0.0,4,85.472819
0.0,2,85.474736
0.0,2,85.476726
0.0,2,85.478473
-0.73701,5,85.482774
0.0,3,85.485321
0.0,4,85.488903
0.0,4,85.492461
0.0,4,85.496008
0.0,4,85.499865
0.0,2,85.501731
0.0,3,85.504496
0.0,2,85.506195
0.0,4,85.509742
0.0,4,85.513211
0.0,2,85.515028
0.0,3,85.517767
1.5,2,85.519549
0.0,4,85.523062
0.0,2,85.52487
0.0,3,85.52745
0.0,2,85.529243
0.0,2,85.531398
0.0,2,85.5338
0.253079,3,85.53728
0.0,3,85.540187
0.0,4,85.544543
0.0,3,85.548008
0.0,3,85.586571
0.0,2,85.58863
0.0,3,85.591421
0.0,2,85.59341
0.0,4,85.597073
0.0,3,85.599773
0.0,3,85.602896
0.0,3,85.605755
0.0,3,85.608517
0.0,2,85.610257
0.0,4,85.61383
0.0,3,85.616613
1.971456,2,85.61864
0.0,2,85.620463
1.5,2,85.622323
0.0,3,85.625213
0.0,2,85.627069
0.0,2,85.629131
0.0,2,85.630968
0.0,3,85.63371
0.0,2,85.635589
0.0,3,85.63829
0.0,5,85.642955
0.0,2,85.644775
-1.0,3,85.647472
0.0,3,85.650309
0.0,5,85.654688
0.0,2,85.656608
0.0,2,85.658382
0.0,2,85.660192
0.738253,5,85.664856
0.0,4,85.668513
0.0,5,85.673012
0.0,3,85.675721
0.0,2,85.677653
0.0,2,85.679432
0.0,3,85.682146
0.0,2,85.684265
0.0,2,85.686193
0.0,6,85.691689
0.0,2,85.693507
0.0,2,85.695466
0.0,2,85.697305
0.0,4,85.70136
0.0,4,85.705032
0.0,3,85.707713
0.0,2,85.709487
0.0,5,85.714042
0.0,2,85.715818
0.0,3,85.71855
0.0,2,85.720567
0.0,2,85.722385
0.0,3,85.725012
0.0,2,85.726887
0.0,3,85.729469
0.0,4,85.733072
0.0,2,85.735039
0.0,3,85.737749
0.0,2,85.739649
0.0,2,85.741509
0.0,2,85.743359
1.5,2,85.745312
0.0,4,85.748782
0.0,5,85.753326
0.0,2,85.755271
0.0,3,85.757993
0.0,2,85.759923
0.0,2,85.761838
0.0,4,85.765439
0.0,2,85.767277
0.0,3,85.770108
0.0,4,85.773591
0.0,3,85.776303
0.0,2,85.778137
0.0,4,85.781733
0.0,2,85.783602
0.0,3,85.786365
0.0,3,85.78941
0.0,3,85.792181
0.0,3,85.795006
1.5,2,85.797153
0.0,3,85.800113
0.826884,2,85.801964
0.0,4,85.805439
0.0,2,85.807197
0.0,3,85.81
0.0,3,85.812742
0.0,5,85.817206
0.0,3,85.819878
0.0,3,85.822584
0.0,5,85.826906
0.0,2,85.828807
1.5,2,85.830742
0.0,4,85.834368
0.0,4,85.838119
0.0,2,85.839926
0.0,4,85.843572
0.0,2,85.845459
0.0,3,85.848073
0.0,3,85.850869
0.0,3,85.853542
0.0,4,85.857038
0.0,3,85.860217
0.0,4,85.864095
1.5,2,85.866019
-1.198596,2,85.867893
0.0,2,85.869677
0.0,4,85.87341
0.0,2,85.875993
0.0,3,85.878907
0.0,2,85.880979
0.0,2,85.882795
0.0,3,85.885552
0.0,3,85.888254
0.0,3,85.890974
0.0,3,85.893882
0.0,2,85.895736
0.0,3,85.898432
1.5,2,85.900415
0.0,5,85.90516
0.0,4,85.908727
0.0,2,85.910479
0.0,3,85.913189
0.0,4,85.916755
0.0,2,85.918659
0.0,4,85.922157
0.0,2,85.923905
0.0,3,85.926622
0.0,5,85.931017
0.0,4,85.934694
0.0,3,85.937626
0.0,2,85.939518
1.5,2,85.941355
0.0,2,85.943376
0.0,3,85.946087
0.0,3,85.948911
0.0,3,85.951647
0.0,2,85.953458
0.0,3,85.956191
0.0,4,85.959624
0.0,3,85.962345
0.0,3,85.965141
0.0,4,85.968744
-0.219508,4,85.972323
0.0,2,85.974156
1.5,2,85.975962
0.0,2,85.977775
0.0,2,85.979563
0.0,2,85.981407
0.0,3,85.984316
0.0,3,85.98709
0.0,2,85.988972
0.0,3,85.991682
0.0,5,85.996057
0.0,3,85.999031
0.0,3,86.001897
0.0,3,86.004638
0.0,3,86.007225
0.0,2,86.008986
0.0,2,86.010896
0.0,4,86.014506
0.0,2,86.016344
0.0,4,86.020077
0.0,3,86.022662
0.0,3,86.025393
0.0,2,86.027108
0.0,2,86.028825
0.0,3,86.031645
0.0,2,86.03347
0.0,3,86.036197
0.0,3,86.038918
0.0,4,86.042559
0.0,3,86.045247
0.0,3,86.047894
0.0,2,86.049729
0.0,2,86.051557
0.0,3,86.054384
0.0,2,86.056209
0.0,2,86.058043
0.0,3,86.060765
0.0,3,86.063429
0.0,3,86.06619
0.0,4,86.069711
0.0,2,86.071561
0.0,3,86.074421
0.0,3,86.077032
0.0,2,86.078813
0.0,2,86.080653
0.0,5,86.084986
0.0,3,86.087815
0.0,2,86.089655
0.0,3,86.092384
0.0,2,86.094162
1.5,2,86.096085
0.0,3,86.098775
0.0,3,86.101489
0.0,2,86.103544
0.0,3,86.106302
0.0,2,86.108214
0.0,4,86.111687
0.0,5,86.116073
0.0,4,86.119987
0.0,4,86.124088
0.0,2,86.12604
1.5,2,86.127857
0.0,3,86.130584
0.0,4,86.134085
0.0,4,86.137604
0.0,4,86.14102
0.0,5,86.1453
0.479706,2,86.147118
0.824385,3,86.14981
0.0,3,86.152484
0.0,2,86.154329
0.0,4,86.157801
0.0,2,86.159568
0.0,3,86.162315
0.0,2,86.164133
0.0,3,86.166779
-0.051234,2,86.168581
0.0,2,86.170387
0.0,4,86.173842
0.0,3,86.176532
0.0,2,86.178286
0.0,2,86.179976
0.0,2,86.181677
0.0,2,86.183447
0.0,4,86.186944
0.0,3,86.189676
0.0,3,86.192393
0.0,3,86.195056
0.0,5,86.199491
0.0,2,86.201626
0.0,2,86.203541
0.0,3,86.206233
0.0,3,86.208826
0.0,3,86.211405
0.0,2,86.213174
0.0,2,86.214894
0.0,3,86.217368
0.0,3,86.219939
0.0,4,86.223332
0.0,4,86.227602
0.0,2,86.230648
0.0,2,86.233226
0.0,2,86.235986
0.0,3,86.238667
0.0,3,86.241608
0.0,3,86.244321
0.0,4,86.247683
0.0,2,86.249412
0.0,2,86.251053
0.0,2,86.252887
0.0,3,86.255675
0.0,2,86.257444
0.0,3,86.260051
0.0,5,86.264285
0.0,4,86.268203
0.0,3,86.27131
0.0,2,86.273216
0.0,4,86.276636
0.0,2,86.278351
0.0,2,86.280073
0.0,3,86.282627
0.0,4,86.285971
0.0,2,86.287705
0.0,2,86.289553
0.0,2,86.291379
0.0,3,86.293898
0.0,3,86.296578
1.5,2,86.298441
0.0,3,86.301136
0.0,4,86.304728
0.0,3,86.307318
0.0,4,86.310774
0.0,2,86.312542
-0.466265,2,86.314296
0.0,3,86.316977
0.0,5,86.399636
0.0,4,86.404014
0.0,3,86.406894
0.0,4,86.410605
0.0,2,86.412506
0.0,5,86.417241
0.0,4,86.421157
1.5,2,86.423072
0.0,2,86.424877
1.5,2,86.42666
1.5,2,86.428721
0.0,3,86.431489
0.0,2,86.433474
0.0,3,86.437169
0.0,4,86.441086
0.0,2,86.443167
0.245612,2,86.445051
0.0,4,86.448804
0.0,3,86.451751
0.0,2,86.453653
0.0,4,86.457313
0.0,2,86.45905
0.0,2,86.460802
0.0,3,86.463598
0.0,3,86.466278
0.0,4,86.469914
0.0,3,86.472734
0.0,2,86.474611
0.0,2,86.476352
1.5,2,86.478132
0.0,3,86.480698
0.0,3,86.48331
0.0,2,86.485206
0.0,2,86.487079
0.0,5,86.491678
0.309622,2,86.493655
0.0,5,86.498389
0.0,2,86.501116
0.0,2,86.503428
0.0,5,86.508473
0.0,3,86.511209
0.0,3,86.514086
0.0,2,86.51593
0.0,2,86.517834
0.0,2,86.519841
0.0,2,86.521686
-0.227912,5,86.526257
0.0,4,86.52978
0.0,2,86.531609
0.0,2,86.533773
0.0,3,86.536708
0.0,2,86.538808
0.0,4,86.543057
1.5,2,86.545126
0.0,2,86.547249
0.0,2,86.549259
0.0,2,86.551113
0.0,4,86.555079
0.0,4,86.558867
0.0,3,86.562289
0.0,2,86.564276
0.0,2,86.566381
0.0,4,86.570496
1.0,3,86.57353
0.0,4,86.577628
0.0,3,86.58068
0.0,4,86.584391
0.0,4,86.588261
0.0,3,86.632696
0.0,4,86.636977
0.0,3,86.640183
0.0,4,86.644426
0.0,4,86.64857
0.0,4,86.652914
0.0,4,86.656929
0.0,2,86.659022
1.5,2,86.660918
0.0,3,86.663949
1.5,2,86.666137
0.0,3,86.669179
1.5,2,86.671317
0.0,2,86.67361
0.0,3,86.676631
0.0,3,86.679713
0.0,3,86.682647
0.0,4,86.686681
0.0,3,86.689744
0.0,3,86.693061
0.0,4,86.697318
0.0,3,86.700633
0.0,2,86.703291
0.0,2,86.705572
0.0,3,86.708744
0.0,4,86.712674
0.0,2,86.71496
0.0,4,86.719039
-0.849137,4,86.723107
1.5,2,86.72507
1.0,3,86.728197
0.0,4,86.732088
0.0,2,86.734189
0.0,4,86.738262
0.0,2,86.740476
0.0,2,86.742728
0.0,4,86.746761
0.0,4,86.750973
0.0,2,86.753143
0.0,4,86.757108
0.0,2,86.759025
0.0,2,86.761118
0.0,3,86.764428
0.0,5,86.769511
-0.003503,4,86.773617
0.0,2,86.775784
0.0,3,86.778914
0.0,3,86.781897
0.0,3,86.78511
0.0,3,86.788214
0.0,4,86.792479
0.0,4,86.796612
0.0,3,86.800298
0.0,2,86.802453
1.5,2,86.804557
0.0,5,86.809537
0.0,5,86.814618
0.0,2,86.816844
0.0,4,86.821119
0.0,3,86.824358
0.0,4,86.828288
0.0,2,86.830325
0.492925,2,86.832502
0.0,4,86.836678
0.0,3,86.840107
0.0,2,86.842243
0.0,3,86.845369
0.0,2,86.847575
0.0,2,86.849531
0.0,2,86.851668
0.0,4,86.855837
0.0,2,86.858023
0.0,5,86.863823
0.0,4,86.868266
0.0,4,86.872385
0.0,3,86.875766
0.914884,2,86.87811
0.0,2,86.880375
0.0,2,86.882498
0.0,3,86.885458
0.0,3,86.888685
0.0,3,86.891923
0.0,3,86.895229
0.0,2,86.897457
0.0,5,86.903007
0.0,3,86.906212
0.0,3,86.909691
0.0,4,86.914022
0.0,4,86.918295
1.5,2,86.920513
0.0,4,86.924656
0.0,2,86.9267
-0.398263,2,86.928955
1.5,2,86.931349
0.0,2,86.93351
0.0,2,86.936154
0.0,2,86.938667
0.0,3,86.942592
0.0,5,86.949808
0.0,3,86.953239
0.0,3,86.956603
0.0,2,86.958818
0.0,5,86.96393
0.0,4,86.968375
0.0,3,86.971946
1.5,2,86.974144
0.0,5,86.979546
0.0,3,86.982593
0.0,3,86.9858
0.0,3,86.989136
1.5,2,86.991373
0.0,3,86.994742
0.0,2,86.997059
0.0,5,87.002703
0.0,2,87.005404
1.5,2,87.007606
0.0,3,87.010745
0.0,3,87.014312
1.5,2,87.01636
0.0,3,87.019554
0.0,2,87.021751
0.0,3,87.024707
0.0,4,87.028859
0.016569,3,87.031832
0.0,2,87.034245
0.0,3,87.037488
0.0,3,87.041052
0.0,4,87.045606
0.0,3,87.049308
0.627058,3,87.052432
0.0,2,87.054657
0.0,2,87.056798
0.0,3,87.059916
0.0,2,87.062375
0.0,3,87.065533
0.0,3,87.069146
0.0,6,87.075542
0.0,2,87.077746
0.0,2,87.079727
0.0,3,87.083307
0.0,2,87.085531
0.0,4,87.090673
0.0,2,87.092868
0.0,2,87.095316
0.0,4,87.099442
0.0,4,87.103527
0.0,2,87.105971
0.0,2,87.108795
0.0,3,87.112604
0.0,3,87.115797
0.0,3,87.119636
-1.0,2,87.121872
0.0,4,87.126307
1.5,2,87.128357
0.0,2,87.130631
0.0,3,87.134153
0.0,3,87.137692
0.0,6,87.144456
0.0,4,87.148534
0.0,3,87.151913
0.0,3,87.155319
0.0,3,87.159511
0.0,4,87.164237
0.0,2,87.166813
0.0,3,87.170188
0.0,4,87.174793
0.0,3,87.178063
0.0,4,87.182282
0.0,3,87.185324
0.0,2,87.187832
0.0,3,87.191192
0.0,2,87.19349
0.0,3,87.197057
0.0,4,87.201576
0.0,3,87.205627
0.0,2,87.208229
0.0,2,87.210584
0.0,4,87.215579
0.0,2,87.217816
1.5,2,87.220136
0.0,3,87.223258
0.0,2,87.225411
1.5,2,87.227461
0.0,5,87.232825
0.0,3,87.236167
1.5,2,87.238428
0.0,6,87.244874
0.0,4,87.249138
0.0,4,87.253527
-0.1781,3,87.256719
0.0,4,87.260871
1.5,2,87.263027
0.0,4,87.267404
-0.052445,2,87.269664
0.0,4,87.273976
0.0,2,87.276248
0.0,3,87.27951
0.0,2,87.281486
0.0,2,87.283611
0.0,2,87.285934
0.0,2,87.288151
0.0,3,87.291696
0.0,3,87.294924
0.0,2,87.297172
0.0,3,87.30101
0.0,2,87.303516
0.0,2,87.305912
0.0,3,87.309217
0.0,4,87.313537
0.0,3,87.316872
0.0,3,87.320328
0.0,4,87.324797
0.0,2,87.326934
0.0,3,87.330182
0.0,2,87.332373
0.0,6,87.340626
0.0,3,87.346296
0.0,3,87.34974
0.0,3,87.353126
0.0,4,87.357557
0.0,3,87.361035
0.0,5,87.366481
0.0,2,87.368702
0.0,3,87.372165
0.0,3,87.375314
0.0,3,87.378484
0.0,3,87.382694
0.0,3,87.386961
0.0,2,87.390172
0.0,2,87.393302
0.0,2,87.396211
0.0,4,87.402063
0.0,4,87.409206
0.0,2,87.411635
0.0,4,87.415885
0.0,2,87.418413
0.0,3,87.422372
0.0,3,87.426055
0.0,2,87.428435
0.0,3,87.432106
0.0,3,87.436474
-0.077819,5,87.443573
0.0,4,87.448166
0.0,2,87.451068
0.0,3,87.455762
0.0,4,87.460265
0.0,2,87.462428
0.0,4,87.46653
0.0,4,87.470686
0.0,3,87.473941
1.5,2,87.476088
0.0,2,87.478277
0.0,2,87.480192
-0.401772,4,87.484207
0.0,2,87.486475
1.5,2,87.488589
0.0,4,87.492784
0.0,2,87.495061
0.0,2,87.497229
0.0,2,87.499491
1.5,2,87.501768
1.5,2,87.504391
0.0,3,87.508336
0.0,3,87.511554
0.0,3,87.51478
0.0,5,87.520058
0.0,2,87.522071
0.0,2,87.524134
-0.04653,2,87.526073
0.0,5,87.53152
0.0,3,87.534926
0.0,3,87.538091
0.0,2,87.540275
0.0,4,87.544668
0.0,2,87.54695
0.0,4,87.551711
0.0,4,87.556311
1.5,2,87.654906
0.0,3,87.65837
0.0,4,87.662942
0.0,2,87.665205
0.0,2,87.667608
0.0,3,87.670716
0.0,5,87.676145
0.0,2,87.678237
0.0,4,87.682162
0.0,2,87.684536
0.0,2,87.686762
0.0,2,87.689336
0.0,3,87.692711
0.0,2,87.694871
0.0,2,87.696975
0.0,4,87.700952
0.0,3,87.704443
0.0,6,87.711799
0.0,3,87.71512
0.0,3,87.718673
0.0,2,87.720842
0.0,2,87.722953
0.0,3,87.726081
0.0,2,87.728034
0.0,4,87.732476
0.0,2,87.734634
0.0,4,87.739041
0.0,3,87.742132
0.0,2,87.744545
0.0,2,87.746718
0.0,4,87.751186
0.0,2,87.753514
0.0,3,87.756706
0.0,2,87.758654
0.0,4,87.76252
0.0,3,87.766033
0.0,2,87.768225
0.0,3,87.771585
0.0,3,87.774771
0.0,4,87.779042
0.0,3,87.78216
0.0,3,87.785492
-0.346879,2,87.787926
0.0,4,87.792447
0.0,2,87.794981
0.0,2,87.79734
0.0,2,87.799555
0.035513,2,87.801872
0.0,4,87.805799
0.0,2,87.808178
0.0,3,87.812183
0.0,2,87.814978
0.0,3,87.818339
0.0,2,87.820487
0.0,3,87.823643
0.0,5,87.828464
0.0,3,87.83165
0.0,4,87.835925
0.0,2,87.838187
0.0,2,87.840184
0.0,3,87.843686
0.0,3,87.846809
0.0,3,87.882193
0.0,3,87.885564
0.0,2,87.88766
0.0,4,87.892095
0.0,2,87.89418
0.0,4,87.898238
0.0,3,87.901227
0.0,2,87.903177
0.0,3,87.906722
0.0,2,87.909416
0.0,2,87.912093
0.0,3,87.915468
0.0,3,87.91914
0.0,2,87.921218
0.0,3,87.924372
0.0,3,87.927214
0.0,5,87.932529
0.0,3,87.936381
0.0,2,87.938959
0.963871,2,87.941232
0.0,2,87.943562
0.0,3,87.946708
0.0,3,87.949825
0.0,4,87.95422
0.0,4,87.958428
1.108207,2,87.961114
0.0,3,87.964428
1.5,2,87.966961
0.0,3,87.970383
0.0,3,87.973983
0.0,3,87.977293
0.0,3,87.98044
0.0,3,87.983211
0.0,2,87.985189
1.0,2,87.987477
0.0,2,87.989742
0.0,2,87.992211
0.0,3,87.995844
0.0,3,87.999326
0.0,4,88.004559
0.0,3,88.008531
0.0,2,88.010925
0.0,2,88.013338
0.0,2,88.015993
0.0,2,88.018327
0.0,3,88.021495
0.0,2,88.023397
0.0,3,88.026338
0.0,2,88.028293
0.0,2,88.030723
0.0,4,88.034767
0.0,4,88.039259
0.0,2,88.041386
0.0,4,88.045773
0.0,2,88.048024
0.0,3,88.051666
1.5,2,88.053842
0.0,2,88.056171
0.0,5,88.061063
0.0,2,88.063028
0.0,2,88.065565
0.0,4,88.069909
0.0,2,88.072209
0.0,2,88.074345
0.0,4,88.078284
0.0,2,88.080213
0.0,3,88.083214
0.0,2,88.085577
0.0,3,88.088788
0.0,2,88.091021
0.0,4,88.095256
0.0,3,88.098308
0.0,4,88.102266
0.0,2,88.104203
0.0,3,88.107536
0.0,3,88.111594
0.0,3,88.115425
0.0,4,88.119759
0.0,2,88.121707
0.0,2,88.123746
0.0,3,88.126705
0.0,3,88.129561
0.0,3,88.132608
0.0,4,88.136952
0.0,3,88.140266
0.0,2,88.14246
0.0,2,88.144604
0.0,2,88.14668
0.0,4,88.150507
0.125189,2,88.15243
0.0,2,88.154865
0.0,3,88.15802
0.0,2,88.160199
0.0,2,88.162561
-0.820944,2,88.164758
0.0,3,88.168033
0.0,2,88.170422
0.0,2,88.172666
0.0,4,88.176681
0.0,2,88.178741
0.0,4,88.182567
0.0,3,88.185953
0.0,3,88.189717
0.0,3,88.193073
0.0,2,88.195391
0.0,2,88.197418
0.0,3,88.200417
0.0,2,88.202524
0.0,5,88.208771
0.0,3,88.21241
0.0,3,88.21586
-0.803013,4,88.220564
0.0,3,88.223618
0.0,3,88.226635
0.0,2,88.228768
0.0,4,88.233151
0.0,3,88.236383
0.0,4,88.24087
0.0,6,88.246876
0.0,2,88.248931
0.0,2,88.251105
1.5,2,88.253417
0.0,3,88.256556
0.0,2,88.259115
0.0,2,88.261271
0.0,3,88.264533
0.0,3,88.268091
0.0,2,88.270342
0.0,5,88.275646
0.0,2,88.277799
0.0,3,88.280816
0.0,3,88.283717
0.0,4,88.287943
0.0,2,88.290294
1.5,2,88.29259
0.0,4,88.297194
1.5,2,88.299413
0.0,5,88.304354
0.0,4,88.308463
0.0,2,88.311004
0.0,3,88.314368
0.0,2,88.31669
0.0,2,88.318893
1.5,2,88.321013
0.0,2,88.322919
0.0,2,88.32497
0.0,5,88.329762
0.0,3,88.332705
0.0,2,88.334823
0.0,3,88.338078
0.0,4,88.342654
0.0,5,88.348218
0.0,3,88.351474
0.0,4,88.355626
0.0,3,88.358809
0.0,2,88.361294
0.0,2,88.363784
0.0,3,88.367485
0.0,2,88.370039
0.0,3,88.374343
0.0,2,88.376926
0.0,2,88.378928
0.0,3,88.381885
0.0,2,88.383867
0.0,3,88.386887
0.0,5,88.392071
0.0,3,88.395159
0.0,2,88.397229
0.0,2,88.399158
0.0,2,88.401088
0.0,3,88.403853
0.0,3,88.406955
0.0,3,88.41017
0.0,3,88.413429
0.0,2,88.415551
0.0,3,88.418714
0.0,5,88.424062
0.0,3,88.42713
0.0,4,88.431056
0.0,2,88.433234
0.0,3,88.436839
0.0,3,88.440104
0.0,4,88.444154
0.0,4,88.448014
0.0,4,88.451741
0.0,3,88.454818
0.0,2,88.456875
0.0,3,88.460103
0.0,5,88.465147
0.0,3,88.468347
0.0,2,88.47036
0.0,2,88.472529
0.0,5,88.477414
0.0,2,88.479436
0.0,2,88.481449
0.0,2,88.483378
0.0,2,88.485352
0.0,3,88.488421
0.0,3,88.491806
0.0,2,88.494384
0.0,3,88.497589
0.0,3,88.500667
0.0,2,88.502883
0.0,3,88.506393
0.0,3,88.509634
1.0,3,88.512736
0.0,3,88.516126
0.0,2,88.518271
0.0,3,88.521514
0.0,2,88.524061
0.0,3,88.529653
0.0,2,88.53239
0.0,3,88.53601
0.0,4,88.54083
0.0,2,88.543355
0.0,4,88.548809
0.0,2,88.551435
0.0,3,88.55532
0.0,3,88.558834
0.0,2,88.560938
0.0,3,88.564113
0.0,2,88.566337
1.5,2,88.568491
1.5,2,88.570675
0.0,3,88.574096
0.0,3,88.577557
0.0,5,88.583094
0.0,4,88.587631
0.0,3,88.590859
0.0,4,88.594969
0.0,3,88.598011
0.0,2,88.600033
0.0,2,88.601977
0.0,4,88.605747
0.0,2,88.607918
0.598566,4,88.612291
0.0,4,88.616583
0.0,2,88.618774
0.0,6,88.624669
0.0,3,88.627726
1.5,2,88.629747
0.0,4,88.633772
0.0,2,88.636073
0.0,2,88.638117
0.0,4,88.642377
0.0,4,88.64615
0.0,6,88.652215
0.0,2,88.65433
0.0,3,88.65725
0.0,3,88.660151
0.0,4,88.664305
1.5,2,88.666262
1.5,2,88.668399
-0.131513,4,88.672388
0.0,2,88.674532
0.0,2,88.676576
1.5,2,88.678411
0.0,2,88.680319
0.0,3,88.683281
0.0,3,88.68665
0.0,2,88.688905
0.0,2,88.691021
0.0,3,88.694003
0.0,2,88.69621
1.0,2,88.698187
0.0,2,88.700081
0.0,2,88.702166
0.0,3,88.705306
0.0,4,88.709585
0.0,2,88.711746
0.0,2,88.713759
0.0,3,88.716889
0.0,3,88.720353
0.0,4,88.724773
0.0,2,88.726773
0.0,4,88.730728
0.0,2,88.733062
0.0,2,88.735121
0.0,5,88.740902
0.0,3,88.744283
0.0,3,88.74723
0.0,3,88.750162
0.0,3,88.753546
0.0,3,88.756822
0.0,2,88.759384
0.0,3,88.76267
0.0,4,88.76733
0.0,5,88.772768
0.0,2,88.775218
0.0,2,88.777302
0.0,3,88.780505
0.0,3,88.783587
0.0,2,88.785732
0.0,3,88.789388
0.0,2,88.791796
0.0,2,88.79417
0.0,2,88.796282
0.0,2,88.798376
0.0,4,88.891569
0.0,3,88.894989
0.0,3,88.898432
0.0,2,88.900365
0.0,4,88.904256
0.0,2,88.906378
0.0,4,88.910812
0.0,2,88.913137
0.0,2,88.915271
0.0,3,88.918609
0.0,2,88.920648
0.0,3,88.923426
0.0,2,88.925665
0.0,2,88.927988
-0.097129,3,88.931204
0.0,2,88.933172
0.0,3,88.936313
0.0,3,88.939561
0.0,7,88.946971
0.0,3,88.95017
-1.0,4,88.954483
0.0,5,88.959357
0.0,4,88.963289
0.0,3,88.966338
0.0,3,88.969327
0.0,3,88.972399
0.0,4,88.976301
0.0,4,88.979874
0.0,2,88.98196
0.0,3,88.985
0.0,4,88.989135
0.0,3,88.99219
-0.84115,3,88.995329
0.0,4,88.998999
0.0,3,89.001985
0.0,2,89.004279
0.0,4,89.009001
0.0,2,89.011194
0.0,2,89.013281
1.5,2,89.015444
1.5,2,89.017656
0.0,2,89.019929
0.0,3,89.023081
0.0,2,89.025154
0.0,4,89.028815
0.0,3,89.03171
0.0,3,89.034804
-0.082469,4,89.038889
-0.177705,2,89.040868
0.0,2,89.043006
0.0,2,89.045227
0.0,3,89.081131
0.0,3,89.08412
0.0,4,89.088084
0.0,2,89.090004
0.0,3,89.092962
0.0,3,89.095975
0.0,4,89.099874
0.0,2,89.101816
0.0,5,89.106479
0.0,5,89.111745
0.0,2,89.113769
0.0,4,89.117912
0.0,3,89.12113
0.0,3,89.123952
0.0,3,89.126891
0.0,5,89.131754
0.0,3,89.134856
0.0,4,89.138778
0.0,2,89.14089
0.0,4,89.144916
0.0,3,89.147888
0.0,3,89.150977
0.0,4,89.155026
0.0,3,89.157948
0.0,4,89.161805
0.0,2,89.163937
0.0,3,89.166878
0.0,3,89.170007
0.0,2,89.172047
1.5,2,89.174085
0.0,2,89.176145
0.0,2,89.178046
0.0,2,89.179868
0.0,2,89.181834
0.0,4,89.18574
0.0,3,89.188655
0.0,4,89.192434
0.0,2,89.194461
0.0,3,89.197415
0.0,4,89.200969
0.0,3,89.203791
0.0,5,89.21107
0.0,2,89.214044
0.0,3,89.218322
0.0,3,89.221139
0.0,4,89.224939
0.491004,2,89.226901
0.0,2,89.228698
0.0,4,89.232405
0.0,2,89.234535
0.0,2,89.236581
0.0,4,89.24041
0.0,4,89.244095
0.0,2,89.246111
0.0,5,89.250444
0.0,5,89.255258
0.0,2,89.25715
0.0,2,89.259094
1.5,2,89.260993
0.0,3,89.263721
0.0,3,89.266654
0.0,5,89.271324
0.0,4,89.275081
0.0,4,89.278538
0.0,4,89.282208
0.0,2,89.283997
0.0,4,89.287437
0.0,4,89.291265
0.0,3,89.29414
0.0,3,89.296917
0.0,2,89.298755
0.0,4,89.302789
0.0,2,89.304837
0.0,5,89.309651
0.0,3,89.312403
0.0,2,89.314629
0.0,3,89.317641
0.0,2,89.319608
0.0,2,89.321499
0.0,3,89.324316
0.0,3,89.327039
0.0,3,89.329895
0.0,2,89.331935
0.0,3,89.334736
0.0,3,89.337917
0.0,2,89.339841
0.0,3,89.342833
0.0,2,89.344674
0.0,3,89.347263
0.0,2,89.349124
0.0,3,89.352155
0.0,3,89.35502
0.0,2,89.357125
0.0,3,89.359996
0.0,2,89.361903
0.0,3,89.365038
0.0,3,89.36792
0.0,3,89.370783
0.489863,2,89.372801
0.0,2,89.374682
0.0,2,89.376655
0.0,2,89.378647
0.0,3,89.381319
0.0,3,89.384138
0.0,2,89.386088
0.0,3,89.388922
0.0,2,89.390787
0.0,3,89.393932
0.0,4,89.397617
0.0,4,89.401313
0.0,2,89.403198
0.0,2,89.405211
0.0,6,89.410883
0.0,2,89.412854
0.0,2,89.414776
0.0,4,89.418438
0.0,2,89.420474
0.0,2,89.422323
0.0,3,89.42502
0.0,3,89.428027
0.0,3,89.431109
0.0,2,89.433143
0.0,2,89.435377
0.0,3,89.438281
0.0,3,89.441322
0.0,2,89.44345
0.0,6,89.449322
0.0,4,89.453242
0.0,2,89.45534
0.0,2,89.457416
-0.008361,2,89.459371
1.5,2,89.461298
0.0,2,89.463422
1.5,2,89.4654
0.0,4,89.469195
0.0,3,89.472115
-0.854844,5,89.476657
0.0,2,89.47859
0.0,2,89.48043
1.5,2,89.48228
0.0,5,89.486867
0.0,3,89.489734
1.5,2,89.491753
0.0,3,89.494685
1.5,2,89.496629
0.0,4,89.500354
0.0,4,89.504007
0.0,2,89.506054
0.0,3,89.509142
0.0,3,89.512115
0.0,4,89.516001
0.0,4,89.520062
0.0,2,89.522043
0.0,4,89.525795
0.0,2,89.527896
0.0,3,89.530806
0.0,3,89.533917
0.0,3,89.536802
0.471328,2,89.538898
0.0,2,89.540954
0.0,3,89.543925
0.0,3,89.546738
0.0,3,89.549675
0.0,4,89.553424
-1.227674,2,89.555563
0.0,2,89.557768
0.0,3,89.561015
0.0,3,89.564067
0.0,3,89.567181
0.0,2,89.569301
0.0,2,89.571262
0.0,2,89.573273
0.0,3,89.576734
0.0,3,89.579946
0.0,3,89.582786
0.0,4,89.586458
0.0,3,89.589397
0.0,2,89.591502
0.0,3,89.594459
0.0,2,89.596386
0.0,2,89.598328
0.0,3,89.60113
0.0,4,89.604793
0.0,2,89.606636
0.0,2,89.608542
0.0,2,89.610737
0.0,4,89.614693
0.0,3,89.617607
0.0,3,89.620491
-0.069119,2,89.622359
0.0,4,89.626123
0.0,5,89.630597
0.0,2,89.632701
0.0,2,89.634635
0.0,4,89.638413
0.0,5,89.643043
0.0,2,89.64515
0.0,3,89.648118
0.0,3,89.651092
0.0,3,89.654002
0.0,2,89.655981
0.0,2,89.658019
0.0,2,89.660131
0.0,2,89.662166
0.0,3,89.665373
1.5,2,89.667408
0.0,3,89.670519
0.0,2,89.672634
0.0,2,89.674684
0.0,3,89.677982
0.0,2,89.680007
0.0,2,89.681894
1.5,2,89.683878
0.0,2,89.686014
-0.535281,2,89.688104
0.0,2,89.689988
0.0,6,89.69588
0.0,2,89.698008
0.0,3,89.701134
-0.687207,5,89.70594
0.0,2,89.708175
0.0,2,89.710258
0.0,3,89.713201
0.0,4,89.717073
0.0,2,89.719063
0.0,2,89.721003
0.0,2,89.723058
-0.572092,4,89.726704
0.0,3,89.729563
-1.0,2,89.731461
0.0,3,89.734394
0.0,2,89.736415
0.0,3,89.739404
0.0,3,89.742543
0.0,4,89.746532
0.0,4,89.750649
0.0,5,89.75552
1.5,2,89.757564
0.0,3,89.76043
1.5,2,89.762482
0.0,3,89.765461
0.0,5,89.770531
0.0,4,89.774351
0.0,3,89.77731
1.5,2,89.779222
0.0,3,89.782232
0.0,2,89.784296
0.0,2,89.786359
0.0,2,89.788424
0.0,3,89.791743
0.0,3,89.794886
0.0,2,89.796978
0.0,3,89.799819
0.0,2,89.801711
0.0,2,89.80372
0.0,4,89.807443
0.0,2,89.809423
-1.0,4,89.813474
0.0,4,89.817538
0.0,3,89.82064
0.0,2,89.822719
0.0,3,89.825949
0.0,3,89.82879
0.0,3,89.83166
0.0,4,89.835335
-0.187038,3,89.838269
0.0,3,89.841187
0.0,3,89.844014
0.0,2,89.845958
0.0,4,89.849703
0.0,3,89.852623
0.0,2,89.854724
0.0,4,89.858506
0.0,3,89.861463
0.0,2,89.863333
0.0,4,89.867148
0.0,2,89.869159
0.0,2,89.871183
0.0,3,89.874146
0.0,3,89.877083
0.0,3,89.879982
0.0,3,89.883083
0.0,2,89.885049
0.0,4,89.888872
0.0,2,89.89087
0.0,2,89.892978
0.0,3,89.895801
0.0,2,89.897722
0.0,2,89.899595
0.0,3,89.902328
0.0,2,89.904272
0.0,3,89.907025
0.0,3,89.909919
0.0,3,89.912962
0.0,4,89.916649
0.0,3,89.919393
0.980422,2,89.921354
0.0,3,89.924091
1.5,2,89.925906
0.0,2,89.927787
0.0,3,89.930892
0.0,2,89.93272
1.5,2,89.934613
0.0,4,90.024973
0.0,3,90.028442
0.0,2,90.030411
0.0,3,90.03364
0.0,2,90.035892
0.0,4,90.040224
0.0,3,90.043286
0.0,3,90.046147
0.0,3,90.049409
0.0,2,90.051271
0.0,6,90.056896
0.0,3,90.059605
0.0,2,90.061971
0.0,2,90.064276
0.0,3,90.067514
0.0,3,90.070616
0.0,4,90.074462
0.0,4,90.078156
0.0,4,90.081987
0.0,3,90.084877
0.0,2,90.086727
0.0,3,90.089768
0.0,3,90.09287
0.0,2,90.094695
0.0,3,90.097625
0.0,3,90.100303
0.0,4,90.104034
0.0,2,90.105926
0.0,2,90.107707
0.0,2,90.109599
0.0,2,90.111584
0.0,2,90.113972
0.0,2,90.116071
0.0,5,90.120867
0.0,2,90.122621
0.0,4,90.126448
0.0,3,90.129115
0.0,4,90.13316
0.0,3,90.135889
0.0,4,90.140014
0.0,3,90.142645
0.0,4,90.146556
0.0,4,90.150112
0.0,2,90.186169
0.0,3,90.189308
1.5,2,90.191157
0.0,3,90.1944
0.0,3,90.197368
0.0,2,90.199397
0.0,3,90.20238
0.0,3,90.205151
0.0,4,90.209096
0.0,3,90.212565
0.0,3,90.215802
0.0,3,90.218567
0.0,2,90.220634
0.0,2,90.222433
0.0,4,90.226232
0.0,4,90.230209
0.0,3,90.232983
0.0,2,90.235161
0.0,2,90.237243
0.0,2,90.239076
0.0,3,90.242237
0.0,2,90.244344
0.0,2,90.24616
0.0,5,90.250937
1.5,2,90.252744
0.0,5,90.257467
0.0,4,90.261149
0.0,3,90.264197
0.0,3,90.267039
0.0,2,90.269032
0.0,5,90.274011
0.0,3,90.276918
0.0,3,90.279706
0.0,3,90.282243
0.0,3,90.285427
0.0,2,90.287315
1.5,2,90.289129
0.0,5,90.294082
0.0,2,90.295976
0.0,3,90.298806
0.0,4,90.302651
0.0,4,90.306709
0.0,3,90.309434
0.0,5,90.314812
0.0,2,90.317076
0.0,3,90.320272
0.0,2,90.322053
0.0,3,90.324699
0.0,3,90.327647
0.0,2,90.329525
0.0,2,90.331311
0.0,3,90.334538
0.0,2,90.336436
0.0,3,90.339526
0.0,3,90.342504
0.0,3,90.345111
0.0,4,90.348907
0.0,3,90.351524
0.0,2,90.353837
0.0,2,90.355892
0.0,4,90.359582
0.0,2,90.361905
0.0,2,90.363795
0.0,3,90.366747
0.0,3,90.36997
0.0,2,90.372029
0.0,4,90.376147
0.0,2,90.37798
0.0,3,90.380762
0.0,2,90.38267
0.0,3,90.385398
0.0,2,90.387388
0.0,3,90.39062
0.0,3,90.393463
1.5,2,90.395405
0.0,4,90.39901
0.0,2,90.40088
0.0,3,90.403815
0.0,2,90.405727
0.0,2,90.407532
0.0,2,90.409543
0.0,2,90.412062
0.0,2,90.414224
0.0,2,90.416372
0.0,3,90.41926
0.0,3,90.422034
0.0,7,90.428351
0.0,2,90.430443
0.0,3,90.433994
0.0,3,90.437658
0.0,4,90.441473
1.5,2,90.443459
0.0,4,90.447075
-0.080347,2,90.448982
0.0,3,90.452047
0.0,2,90.453994
0.0,3,90.456729
0.0,3,90.459565
0.0,3,90.462118
0.0,2,90.46393
0.0,4,90.467891
0.0,3,90.470527
1.945943,2,90.472543
0.0,2,90.474387
0.0,3,90.477025
-0.953303,2,90.478913
0.0,2,90.480691
0.0,3,90.483279
0.0,2,90.485252
0.0,2,90.487335
-0.310441,4,90.490884
0.0,3,90.493902
0.0,3,90.496687
0.0,3,90.499622
0.0,2,90.50155
-0.435575,3,90.504202
0.0,2,90.506118
0.0,2,90.508039
0.0,4,90.51216
0.0,3,90.515217
0.0,2,90.516948
0.0,2,90.518729
0.0,4,90.522461
0.0,4,90.525838
0.0,3,90.528749
0.0,3,90.531522
0.0,4,90.535508
0.0,4,90.53917
0.0,2,90.541309
0.0,4,90.545025
0.0,3,90.547751
0.0,3,90.550847
1.5,2,90.552571
0.0,2,90.554471
0.0,3,90.557286
0.0,4,90.560704
0.0,3,90.564803
0.0,5,90.569709
0.0,3,90.572609
0.0,2,90.574398
0.0,3,90.577331
0.0,2,90.579211
0.0,3,90.581799
0.0,3,90.584857
0.0,2,90.586661
0.0,2,90.588594
0.0,2,90.590714
0.0,2,90.59271
0.0,3,90.59543
0.0,2,90.597361
0.0,4,90.600796
0.0,4,90.604349
0.0,4,90.608079
0.0,2,90.610004
0.0,6,90.616391
0.0,2,90.61855
0.0,3,90.621482
1.5,2,90.623259
0.0,3,90.625975
0.0,3,90.628763
0.0,3,90.631605
0.0,4,90.635328
0.0,3,90.638075
0.0,3,90.641196
0.0,3,90.643854
0.444734,3,90.646595
0.0,2,90.648403
0.0,4,90.652001
0.0,3,90.655124
0.0,4,90.65861
0.0,5,90.663461
0.0,4,90.667408
0.0,2,90.669337
0.0,3,90.671999
0.0,2,90.673987
1.5,2,90.675966
0.0,3,90.678661
0.0,4,90.682326
0.0,3,90.684903
0.0,2,90.686772
0.0,4,90.690681
0.0,3,90.693428
0.0,2,90.695341
0.0,2,90.69724
0.0,2,90.69899
0.0,4,90.7027
0.0,3,90.705446
0.0,4,90.709226
0.0,4,90.713688
0.0,2,90.715808
0.0,3,90.718587
0.0,2,90.720493
0.0,2,90.722407
0.0,2,90.7243
0.0,3,90.726966
0.0,5,90.731783
0.0,2,90.733583
0.0,2,90.735584
0.0,2,90.737626
0.0,5,90.742465
0.0,3,90.745654
0.0,2,90.747473
0.0,3,90.750475
0.0,3,90.753358
0.0,2,90.755241
1.0,2,90.757199
0.0,2,90.759135
0.0,3,90.761708
0.0,2,90.763626
0.0,2,90.765753
0.0,3,90.768512
0.0,3,90.771507
0.0,4,90.775271
0.0,3,90.778184
0.0,3,90.780941
0.0,2,90.782682
0.0,4,90.78666
0.0,2,90.788543
-1.0,2,90.790457
0.0,2,90.792738
0.0,3,90.795575
0.0,3,90.798394
0.0,2,90.800197
0.0,3,90.803001
0.0,3,90.805927
0.0,3,90.808678
0.0,4,90.812195
0.0,2,90.81431
0.0,3,90.817865
1.5,2,90.819803
0.0,4,90.8234
0.0,2,90.825205
0.0,2,90.827365
0.0,2,90.829258
0.0,6,90.83496
0.0,3,90.837691
1.5,2,90.839491
0.0,3,90.842671
0.0,2,90.84467
0.0,2,90.846421
0.0,3,90.849556
0.0,4,90.853143
0.0,2,90.855088
0.0,2,90.85691
0.0,5,90.861404
0.0,2,90.863397
0.0,2,90.865435
0.0,2,90.867335
0.0,4,90.870992
0.0,2,90.872774
0.0,4,90.876244
0.0,3,90.878912
0.0,3,90.881391
0.0,3,90.884732
0.0,3,90.887379
0.0,2,90.889406
1.5,2,90.891307
0.0,3,90.89391
0.0,4,90.897377
0.0,3,90.900071
0.0,3,90.902709
0.0,3,90.905448
0.0,3,90.908176
0.0,2,90.909947
0.0,3,90.9133
0.0,3,90.916264
0.0,3,90.919172
0.0,3,90.921861
0.0,4,90.925294
0.0,2,90.927171
0.0,4,90.930581
0.0,3,90.933527
0.0,2,90.935582
0.0,2,90.937585
0.0,3,90.940672
0.0,2,90.942477
0.0,3,90.945221
0.0,3,90.94786
1.5,2,90.949637
0.0,3,90.952769
0.0,3,90.955545
0.0,4,90.95978
0.0,2,90.962039
0.0,4,90.965793
1.5,2,90.967721
0.0,4,90.971219
0.0,2,90.973115
0.0,2,90.97507
0.0,3,90.977692
0.0,2,90.979447
-0.15686,4,90.982979
0.0,5,90.987301
0.0,3,90.990231
0.0,3,90.992829
0.0,2,90.994653
0.0,3,90.997575
0.0,2,90.999367
0.0,3,91.00198
-0.236448,3,91.00481
0.0,4,91.008383
0.0,2,91.010401
0.0,2,91.012443
0.0,4,91.016203
0.0,2,91.018134
-0.017673,3,91.020782
0.0,4,91.024382
0.0,3,91.026943
0.0,2,91.028772
0.0,3,91.031633
0.0,3,91.034257
0.0,2,91.036117
0.0,5,91.040681
0.0,3,91.125636
0.0,2,91.127722
0.0,2,91.129588
0.0,2,91.131379
0.0,2,91.133282
0.0,4,91.137012
0.0,4,91.140715
0.0,6,91.146011
0.0,3,91.148791
0.0,2,91.150552
0.0,3,91.153085
0.0,4,91.156869
0.0,3,91.159563
1.5,2,91.16142
0.0,3,91.16425
0.0,2,91.166041
0.0,4,91.17015
0.0,3,91.172974
0.0,3,91.175626
0.0,2,91.177505
0.0,2,91.179221
0.0,3,91.18197
0.0,4,91.185558
0.0,2,91.187409
-1.139736,2,91.189447
0.0,4,91.193098
0.0,2,91.194988
0.0,2,91.196865
0.0,2,91.198759
0.0,2,91.200475
0.0,3,91.203198
0.0,3,91.205893
0.0,3,91.208501
0.0,3,91.211614
0.0,3,91.21499
0.0,3,91.218111
-0.096456,2,91.219935
0.0,4,91.263202
0.0,3,91.266212
0.0,2,91.26814
0.0,3,91.270807
0.0,2,91.272918
0.0,4,91.276546
0.0,5,91.281133
0.0,3,91.28369
0.0,3,91.286664
-1.0,4,91.290464
0.0,3,91.293469
0.0,3,91.296274
-1.0,4,91.299817
0.0,4,91.303348
0.0,2,91.305139
0.0,4,91.30924
0.0,2,91.310987
0.0,3,91.313705
0.0,2,91.315985
0.0,5,91.321224
0.0,3,91.323876
0.0,2,91.325566
0.0,3,91.328392
0.0,2,91.33023
0.0,4,91.333658
0.0,3,91.336647
0.0,4,91.34023
1.5,2,91.342149
0.0,5,91.346543
0.0,3,91.34943
0.0,3,91.352235
0.0,2,91.354173
0.0,2,91.356109
0.0,3,91.358693
1.5,2,91.360384
0.0,2,91.362394
1.5,2,91.36445
0.0,2,91.366313
0.0,2,91.368031
0.0,5,91.372724
0.0,2,91.374544
0.0,3,91.377215
0.0,4,91.380565
0.0,5,91.385147
0.0,3,91.387836
0.0,2,91.389639
0.0,2,91.391831
0.0,3,91.394495
0.0,2,91.396302
0.0,3,91.399079
0.0,2,91.400771
0.0,2,91.402493
0.0,2,91.404377
0.0,3,91.407043
0.0,4,91.410403
1.5,2,91.412158
0.0,4,91.415767
0.324625,3,91.41927
0.0,3,91.422
0.0,2,91.423759
0.0,2,91.425651
0.0,2,91.427403
0.0,4,91.430825
0.0,4,91.434697
0.0,3,91.437612
0.0,4,91.44155
0.0,3,91.444365
0.0,6,91.449574
0.0,2,91.45127
0.0,2,91.453279
0.0,3,91.456211
0.0,4,91.459813
0.0,3,91.462816
0.0,2,91.464618
0.0,2,91.466513
0.0,3,91.469567
0.0,2,91.471365
0.0,3,91.474143
0.0,4,91.477607
0.0,2,91.479349
0.0,3,91.482097
0.0,2,91.483984
0.0,2,91.485658
0.0,3,91.488596
0.0,3,91.491474
0.0,3,91.494243
1.5,2,91.496077
0.0,4,91.499542
0.0,3,91.502311
0.0,4,91.505768
0.0,4,91.509435
0.0,5,91.51465
0.0,2,91.516707
0.0,4,91.520303
0.0,2,91.522206
0.0,4,91.525761
0.0,4,91.529351
1.5,2,91.531394
0.0,3,91.534235
0.0,3,91.537178
0.0,2,91.539145
0.0,3,91.541792
0.0,5,91.546533
0.0,3,91.549195
0.0,2,91.551282
1.5,2,91.553247
0.0,3,91.555904
0.0,4,91.55955
0.0,5,91.564002
0.0,2,91.566068
0.0,2,91.567919
0.0,5,91.572574
0.0,2,91.574445
0.0,3,91.577196
0.31063,2,91.57964
0.0,2,91.58172
0.0,2,91.583615
0.0,4,91.587698
0.0,2,91.589679
0.0,3,91.592917
0.0,3,91.59647
0.0,2,91.598343
0.0,2,91.600313
0.0,4,91.603833
0.0,2,91.605772
0.0,2,91.607661
0.0,2,91.609647
0.0,4,91.613295
0.0,2,91.615421
0.0,3,91.618692
0.0,3,91.62161
0.0,2,91.623404
0.0,5,91.628
0.0,4,91.631606
0.0,2,91.633569
0.0,3,91.636509
0.0,3,91.639251
0.0,4,91.643151
0.0,3,91.64589
0.0,2,91.647946
0.970059,2,91.649921
0.0,2,91.651798
0.0,7,91.657973
0.0,2,91.659785
0.0,2,91.661885
0.0,2,91.663881
0.0,5,91.668424
0.0,3,91.671908
0.0,2,91.673872
0.0,2,91.675798
0.0,2,91.677578
0.0,3,91.680189
0.0,4,91.683933
0.0,3,91.686688
0.0,3,91.689536
0.0,3,91.69255
0.0,2,91.694397
0.0,2,91.696198
0.0,2,91.69805
0.0,3,91.700694
0.0,2,91.70242
0.0,3,91.705172
0.0,2,91.707052
0.0,3,91.709736
0.0,5,91.715107
0.0,2,91.71711
0.0,4,91.720871
0.0,6,91.726151
-1.0,4,91.729536
0.0,3,91.732536
0.0,2,91.734503
0.0,4,91.738032
0.0,3,91.741046
0.0,2,91.742891
0.0,3,91.74566
0.0,4,91.749114
0.0,4,91.752863
0.0,3,91.755663
0.0,2,91.757508
1.5,2,91.759582
0.0,3,91.762571
-1.713516,2,91.764409
0.0,3,91.767414
0.0,6,91.772837
0.0,2,91.774816
0.0,3,91.777433
0.0,2,91.779301
0.0,3,91.78202
0.0,4,91.78539
0.0,3,91.788373
0.0,3,91.791111
0.0,3,91.793897
0.0,3,91.796538
0.0,4,91.799885
1.5,2,91.801745
0.0,2,91.803602
0.0,2,91.805321
0.0,3,91.808029
0.0,4,91.811988
0.0,4,91.815592
0.0,2,91.817834
0.0,4,91.821942
0.0,2,91.823772
0.0,3,91.826363
0.0,5,91.830998
0.0,2,91.832834
0.0,5,91.837392
0.0,4,91.840958
0.0,2,91.843083
0.0,2,91.845076
0.0,2,91.846829
0.0,2,91.848561
0.0,4,91.852512
1.5,2,91.854214
0.0,3,91.856966
0.0,4,91.860476
0.0,2,91.862198
1.5,2,91.864244
0.0,2,91.866286
0.0,4,91.869749
0.0,2,91.871781
0.0,3,91.874618
0.0,2,91.876371
1.5,2,91.878252
0.0,4,91.881818
0.0,2,91.883674
0.0,4,91.887791
0.0,3,91.890402
0.0,4,91.894182
0.0,4,91.897592
0.0,2,91.899389
1.5,2,91.901348
1.5,2,91.903025
0.0,2,91.904846
1.5,2,91.906645
0.0,3,91.909406
0.0,4,91.912871
0.0,2,91.915145
0.0,2,91.917346
0.0,3,91.920288
0.0,2,91.922194
0.0,2,91.923899
0.0,3,91.92658
0.0,5,91.930732
0.0,2,91.932487
0.0,2,91.934819
1.5,2,91.9368
0.0,3,91.939529
0.0,3,91.942597
0.0,2,91.944541
0.0,3,91.947405
0.0,2,91.94938
0.0,2,91.951192
0.0,3,91.953956
0.0,2,91.95566
0.0,3,91.958325
0.0,3,91.961074
0.0,2,91.96317
0.0,3,91.965794
0.0,3,91.968841
0.0,3,91.971625
0.0,2,91.973443
0.0,3,91.97611
0.0,2,91.977966
0.0,4,91.981316
0.0,5,91.986018
0.0,2,91.987709
0.0,3,91.990737
0.0,2,91.992507
0.0,2,91.994289
0.0,2,91.996149
0.0,3,91.998685
0.0,4,92.001962
0.0,5,92.006351
0.0,3,92.008931
0.0,3,92.011837
0.0,3,92.01522
0.0,3,92.01818
0.0,2,92.020043
0.0,4,92.023534
0.0,2,92.02532
0.0,2,92.027178
0.0,4,92.030799
0.0,5,92.035592
0.0,2,92.037678
0.0,4,92.041753
0.0,3,92.044619
0.0,2,92.046483
0.0,2,92.048261
0.0,3,92.050795
0.0,3,92.053937
0.0,2,92.055787
-1.492977,2,92.057629
1.5,2,92.059752
0.0,2,92.063101
0.0,2,92.065648
0.0,2,92.067951
1.5,2,92.069902
0.0,2,92.071918
0.0,4,92.075774
0.0,2,92.077723
0.0,3,92.080576
1.5,2,92.082478
0.0,3,92.085036
0.0,2,92.087181
0.0,4,92.090901
1.5,2,92.092844
1.5,2,92.095092
0.0,3,92.097782
0.0,4,92.102569
-1.0,5,92.108351
1.5,2,92.111107
0.0,2,92.11373
0.0,3,92.118189
0.0,5,92.124441
0.0,4,92.129383
0.0,3,92.133092
1.5,2,92.218315
0.0,2,92.220375
0.0,3,92.223085
0.0,4,92.226496
0.0,3,92.229281
0.0,4,92.232662
0.0,3,92.235695
0.0,2,92.237507
0.0,2,92.239304
0.0,4,92.243105
0.0,3,92.24571
0.0,2,92.247563
0.0,4,92.251048
0.0,2,92.252828
0.0,3,92.255668
0.0,3,92.258328
0.0,2,92.260394
0.0,4,92.264547
0.0,2,92.266361
1.0,2,92.268168
0.0,3,92.27096
0.0,2,92.272765
1.0,3,92.275409
0.0,3,92.278041
0.0,3,92.280502
0.0,3,92.283158
0.0,2,92.284918
1.5,2,92.286569
0.0,2,92.288251
0.0,3,92.326272
0.0,4,92.330149
0.0,3,92.332976
0.0,3,92.335627
0.0,2,92.337646
0.0,2,92.340003
0.0,4,92.344497
0.0,4,92.348093
0.0,6,92.353453
0.0,6,92.358835
0.0,3,92.36155
0.0,2,92.363524
0.0,2,92.365343
0.0,4,92.368881
0.0,2,92.370652
0.0,2,92.37254
0.0,3,92.375183
0.0,2,92.37704
0.0,3,92.379643
0.0,2,92.381504
0.0,2,92.383407
0.0,2,92.385116
0.0,3,92.387674
0.0,3,92.390239
0.0,2,92.392004
0.0,2,92.39376
0.0,2,92.395564
0.0,2,92.397442
0.0,3,92.400085
0.0,2,92.401881
1.5,2,92.403567
0.0,2,92.405231
0.0,3,92.407928
0.0,3,92.41055
0.0,2,92.412277
0.0,3,92.415169
0.0,2,92.417242
0.0,4,92.421033
0.0,3,92.423735
0.0,3,92.426316
-1.0,2,92.428032
0.0,3,92.430628
0.0,2,92.432406
0.0,3,92.435242
0.0,4,92.438957
0.0,5,92.443771
0.0,3,92.446522
0.0,3,92.44937
0.0,3,92.452159
0.0,3,92.454807
1.5,2,92.456484
0.0,4,92.459765
0.0,2,92.461355
0.0,3,92.464093
0.0,3,92.466569
0.0,2,92.46829
0.0,3,92.47102
0.0,3,92.47356
0.0,3,92.476085
0.0,2,92.477689
0.0,3,92.480157
0.0,2,92.481782
0.0,2,92.483588
0.0,2,92.485313
0.0,2,92.486974
0.0,5,92.491293
0.0,2,92.493073
0.0,3,92.495604
0.0,3,92.498076
0.0,4,92.501293
0.0,2,92.502938
0.0,3,92.505414
0.0,3,92.507947
0.0,3,92.510504
1.5,2,92.512303
0.0,3,92.515173
0.0,2,92.516955
0.0,3,92.519703
0.0,2,92.52146
0.0,4,92.524735
0.0,3,92.527117
0.0,5,92.531158
0.0,4,92.534704
0.0,3,92.537156
0.0,2,92.538989
0.0,2,92.540743
0.0,2,92.542467
0.0,5,92.546535
0.0,2,92.548099
0.0,3,92.550567
0.0,3,92.553177
0.0,2,92.554841
0.0,2,92.556545
0.0,3,92.55903
0.0,3,92.561725
0.0,3,92.564266
0.0,4,92.567713
0.0,2,92.569365
0.0,2,92.57103
0.0,3,92.573508
0.0,4,92.577008
0.0,4,92.580836
0.0,5,92.585243
0.0,3,92.588063
0.0,2,92.589976
0.0,2,92.591783
0.0,3,92.594387
0.0,2,92.596102
0.0,3,92.598577
0.0,3,92.601114
0.0,2,92.602758
0.0,3,92.605325
1.5,2,92.60698
0.0,2,92.608899
0.0,3,92.611516
0.0,2,92.613231
0.0,2,92.615019
0.0,3,92.617663
0.0,5,92.622321
0.0,3,92.624957
0.0,4,92.628319
0.0,3,92.631086
0.0,2,92.632819
1.5,2,92.634558
0.0,2,92.636409
0.0,4,92.639855
0.0,4,92.643435
0.0,3,92.646058
0.0,3,92.648589
0.0,3,92.651374
0.0,3,92.653929
0.0,3,92.656476
0.0,2,92.658216
0.0,3,92.660812
0.0,2,92.662549
0.0,4,92.66616
1.0,3,92.668769
0.0,3,92.671544
0.0,4,92.675028
1.5,2,92.676721
0.0,2,92.678473
0.0,4,92.681802
0.0,2,92.683568
0.0,4,92.687176
0.0,4,92.690631
0.0,2,92.692605
0.0,2,92.694387
0.0,3,92.696978
0.0,3,92.699583
0.0,3,92.702067
0.0,2,92.703799
0.0,5,92.70788
1.5,2,92.709629
0.0,4,92.712985
0.0,3,92.715806
0.0,3,92.718595
0.0,4,92.722105
0.0,4,92.725385
0.0,3,92.728123
0.0,3,92.730695
0.0,3,92.733238
0.0,2,92.735243
0.0,2,92.736983
0.0,4,92.740396
0.0,5,92.744917
0.0,3,92.747555
0.0,5,92.751824
0.0,4,92.755215
1.5,2,92.756904
0.0,4,92.760269
0.0,2,92.762314
0.0,2,92.764152
0.0,3,92.766698
0.0,3,92.769657
0.0,3,92.772285
0.0,3,92.774975
0.0,3,92.777544
0.0,3,92.780053
0.0,2,92.781727
0.0,4,92.785311
1.5,2,92.78705
0.0,2,92.788784
0.0,2,92.790646
0.0,3,92.793255
0.0,4,92.796631
0.0,2,92.798292
0.0,3,92.800757
0.0,2,92.802466
0.0,2,92.804208
0.0,2,92.805886
0.0,2,92.807599
0.0,2,92.80924
0.0,3,92.811994
0.0,3,92.814446
-0.143386,2,92.816355
-0.454237,6,92.821631
0.0,2,92.823393
0.0,2,92.825133
0.0,2,92.826789
0.0,3,92.82932
0.0,4,92.832903
0.0,4,92.83632
0.0,4,92.839856
0.0,2,92.84154
0.0,2,92.843265
0.0,2,92.845014
0.0,3,92.847504
0.0,4,92.850855
0.0,3,92.853697
0.0,2,92.855409
0.0,4,92.85908
0.0,3,92.861828
0.0,2,92.863546
0.0,2,92.865376
0.0,4,92.869139
0.0,3,92.871698
0.0,2,92.873738
0.0,4,92.877353
0.0,4,92.880765
0.0,2,92.882444
0.0,2,92.884153
0.0,3,92.886735
0.0,5,92.891173
0.0,5,92.895352
0.0,3,92.898005
0.0,3,92.900609
0.0,2,92.902402
0.0,3,92.905024
0.0,2,92.906751
0.0,2,92.908638
0.0,4,92.912116
0.0,4,92.91561
0.0,3,92.918906
0.0,2,92.920891
0.0,2,92.922757
0.0,2,92.924507
1.5,2,92.92629
0.0,3,92.929196
0.0,3,92.93184
-0.726107,3,92.934579
0.0,3,92.937931
0.0,3,92.940736
0.0,2,92.942723
0.0,2,92.944597
0.0,5,92.949128
0.0,2,92.951162
0.0,4,92.954722
0.0,4,92.958185
0.0,3,92.960739
0.0,2,92.962485
0.0,4,92.966277
1.5,2,92.968166
0.0,3,92.971007
0.0,5,92.975453
0.0,2,92.977276
0.0,4,92.980711
0.0,3,92.983205
0.0,3,92.986097
0.0,3,92.9888
0.0,3,92.991596
0.0,2,92.993464
1.5,2,92.995309
0.0,4,92.998824
0.0,3,93.001519
0.0,2,93.003317
0.0,3,93.00598
0.01064,2,93.007706
0.0,3,93.010294
0.0,2,93.012441
0.0,2,93.014487
0.0,2,93.016846
0.0,4,93.020485
0.0,3,93.023072
0.0,2,93.024792
0.0,3,93.027456
-0.000605,2,93.029213
0.0,3,93.031788
0.0,3,93.034738
0.0,2,93.036589
0.0,4,93.040374
0.0,2,93.042373
0.0,3,93.045129
0.0,4,93.048969
0.0,2,93.050986
0.0,4,93.054619
0.0,4,93.058148
0.0,4,93.061896
0.0,4,93.06556
0.0,3,93.068529
0.0,2,93.070472
0.0,2,93.072285
0.0,2,93.07415
0.0,3,93.076816
0.0,3,93.079482
0.0,3,93.082276
0.0,4,93.085963
0.0,2,93.087777
0.0,3,93.090891
0.0,3,93.093753
0.0,3,93.096426
0.0,2,93.09821
0.0,3,93.100728
0.0,3,93.103368
0.0,3,93.105972
0.0,3,93.108503
1.5,2,93.110566
0.0,2,93.112611
0.0,3,93.115345
0.0,5,93.120588
0.0,2,93.122564
0.0,3,93.125369
0.0,3,93.128009
1.5,2,93.129684
0.0,2,93.131779
0.0,3,93.134744
0.0,2,93.136752
0.0,4,93.140757
0.0,2,93.14272
0.0,3,93.145524
0.0,2,93.147374
0.0,3,93.15009
0.0,2,93.152183
0.0,3,93.155437
0.0,4,93.160205
0.0,4,93.164214
0.0,3,93.167408
0.0,4,93.171339
0.0,5,93.25792
0.0,2,93.259931
0.0,4,93.263891
0.0,3,93.267039
0.0,4,93.271286
0.0,3,93.27425
0.0,2,93.276215
0.0,2,93.278105
0.0,2,93.279924
0.0,2,93.281782
0.0,3,93.284841
0.0,4,93.288715
0.0,4,93.292623
0.0,3,93.29576
0.0,3,93.299203
0.0,3,93.302129
0.0,3,93.305056
0.0,3,93.307698
0.0,2,93.350398
0.0,3,93.353475
0.0,4,93.357622
0.0,3,93.360958
1.5,2,93.362991
-0.143062,2,93.365055
0.0,2,93.367245
0.0,2,93.369467
0.0,3,93.372525
0.0,4,93.376282
0.0,3,93.379125
0.0,4,93.382942
0.0,2,93.384845
0.0,3,93.387671
0.0,2,93.389791
0.0,4,93.393407
0.0,3,93.395953
0.0,2,93.397594
-0.422634,4,93.401165
0.0,3,93.403844
0.0,3,93.406585
0.0,3,93.409428
0.0,2,93.411506
0.0,2,93.413567
0.0,3,93.416456
1.5,2,93.418594
0.0,2,93.421011
0.0,4,93.424914
0.0,2,93.426692
0.0,2,93.428518
0.0,2,93.430416
0.0,2,93.43255
-0.004395,2,93.434807
1.5,2,93.437467
0.0,4,93.442599
0.0,2,93.445148
0.0,2,93.447646
0.0,2,93.450267
0.0,2,93.45282
0.0,4,93.457562
0.0,2,93.460083
0.0,2,93.462765
0.0,2,93.465445
0.0,3,93.469223
0.0,2,93.471613
0.0,3,93.474793
0.0,2,93.476962
0.0,4,93.480793
0.0,3,93.483776
0.0,2,93.485889
0.0,2,93.487888
0.0,3,93.4911
0.0,3,93.494285
0.0,3,93.497652
0.0,3,93.501168
0.0,4,93.505638
0.0,2,93.507951
0.0,3,93.511652
0.0,2,93.51415
0.0,2,93.516912
0.0,3,93.521084
0.0,3,93.524511
0.0,3,93.527648
0.0,2,93.530007
0.0,2,93.532306
0.0,3,93.53543
0.0,2,93.537399
0.0,3,93.540393
0.0,2,93.542564
0.0,3,93.545596
0.0,2,93.547868
0.0,2,93.55031
0.0,2,93.552308
1.5,2,93.554393
0.0,4,93.558134
0.0,4,93.561933
0.0,2,93.564061
1.5,2,93.566125
0.0,4,93.570404
0.0,3,93.573535
0.0,3,93.576651
0.0,3,93.579472
0.0,3,93.582755
0.0,3,93.586351
0.0,3,93.589821
0.0,4,93.59412
0.0,3,93.597262
0.0,4,93.601531
0.0,3,93.604776
0.0,2,93.607079
0.0,3,93.61094
0.0,4,93.615395
0.0,2,93.617537
0.0,2,93.61987
0.0,3,93.623169
0.0,2,93.625289
0.0,3,93.628423
0.0,2,93.630606
0.0,3,93.633582
0.0,2,93.635823
0.0,2,93.637952
0.0,3,93.640941
0.0,2,93.64308
0.0,2,93.645223
0.0,3,93.647982
0.0,3,93.650877
0.0,5,93.655773
0.0,3,93.658803
0.0,3,93.661982
0.0,2,93.664092
0.0,2,93.666019
0.0,2,93.668165
0.0,2,93.670228
0.0,3,93.673336
0.0,3,93.676321
0.0,2,93.678451
0.0,3,93.681419
0.0,2,93.683333
0.0,2,93.685364
0.0,3,93.6883
0.0,4,93.692191
0.0,2,93.694298
0.0,2,93.696203
0.0,3,93.699006
0.0,3,93.701998
0.0,5,93.706618
0.0,3,93.709797
0.0,4,93.713454
0.0,3,93.716503
0.0,5,93.721877
0.0,3,93.724857
0.0,2,93.726958
0.0,2,93.729071
0.0,3,93.732278
-0.267015,4,93.736521
0.0,2,93.738597
0.0,3,93.741734
0.0,2,93.743749
-0.088779,5,93.748815
0.0,4,93.752923
0.0,3,93.756091
0.0,2,93.75806
1.5,2,93.759946
0.0,4,93.764072
0.0,3,93.767165
0.0,4,93.77119
0.0,4,93.775168
0.0,5,93.780004
0.0,2,93.78183
0.0,2,93.783784
0.0,2,93.786001
0.0,2,93.788118
0.0,5,93.79339
0.0,3,93.796747
0.0,3,93.800277
0.0,5,93.80548
0.0,3,93.808449
0.0,2,93.810569
0.0,4,93.81482
0.0,4,93.819019
0.0,3,93.822579
0.0,3,93.826023
0.0,2,93.82821
0.0,2,93.83024
0.0,3,93.833211
0.0,2,93.835405
0.0,2,93.837443
0.0,2,93.839647
0.0,3,93.842763
0.0,2,93.845046
0.0,3,93.848271
0.0,2,93.850479
0.0,2,93.852723
0.0,3,93.85576
0.0,2,93.857788
0.0,3,93.860769
0.0,2,93.862957
0.0,4,93.86718
0.0,2,93.869301
0.0,4,93.873559
0.0,3,93.876672
0.0,3,93.879718
0.0,4,93.883957
0.0,4,93.888166
0.0,4,93.892404
0.0,2,93.894513
0.0,3,93.897548
0.0,2,93.899613
0.0,3,93.902564
0.0,3,93.905569
0.0,2,93.907656
0.0,3,93.910663
0.0,6,93.916945
0.0,3,93.920491
0.0,3,93.924088
1.5,2,93.926158
0.0,4,93.930119
0.0,3,93.933291
0.0,4,93.937788
0.0,2,93.94011
1.5,2,93.942246
0.0,2,93.944504
0.0,3,93.947499
0.0,3,93.950665
0.0,2,93.952796
0.0,3,93.955941
0.0,4,93.960224
0.0,3,93.96342
0.0,2,93.965385
0.0,2,93.967252
1.5,2,93.969455
0.0,2,93.971592
0.0,2,93.9737
0.0,3,93.976839
0.0,2,93.978949
0.0,3,93.981929
0.0,4,93.985765
0.0,4,93.989656
1.5,2,93.991828
0.0,4,93.995885
0.0,3,93.999171
0.0,3,94.002272
0.0,4,94.006385
0.0,3,94.009538
0.0,2,94.011577
1.0,2,94.013906
1.5,2,94.016053
0.0,2,94.018506
0.0,4,94.022824
0.0,3,94.02584
0.0,3,94.029019
0.0,4,94.033173
0.0,2,94.035425
0.0,3,94.038583
0.0,2,94.040812
1.5,2,94.042975
0.0,4,94.047228
0.0,3,94.050561
0.0,3,94.053972
0.0,5,94.059092
0.0,4,94.063058
0.0,2,94.065184
1.5,2,94.067061
0.0,3,94.070456
0.0,2,94.072737
0.0,4,94.076936
0.0,3,94.079985
0.0,4,94.084237
0.0,3,94.087323
0.0,2,94.089541
0.0,4,94.093657
0.0,3,94.0968
0.0,2,94.098952
0.0,2,94.100939
0.0,3,94.104026
0.0,4,94.107911
0.0,2,94.110146
0.0,5,94.115524
1.5,2,94.11775
0.0,7,94.12549
0.0,4,94.129766
0.0,3,94.132894
0.0,3,94.135991
0.0,3,94.139148
0.0,2,94.141406
0.0,2,94.143586
0.669248,2,94.145767
0.0,3,94.148964
0.0,3,94.152154
0.0,2,94.154294
0.0,2,94.15616
0.0,3,94.159252
0.0,2,94.161441
0.0,2,94.163615
0.0,4,94.167878
0.0,2,94.170134
0.0,2,94.172158
1.5,2,94.174268
0.0,3,94.177197
0.0,2,94.179121
0.0,3,94.182253
0.0,3,94.185326
0.0,2,94.187541
0.0,3,94.190893
0.0,2,94.193275
0.0,2,94.19579
1.5,2,94.198262
0.0,3,94.20146
0.0,3,94.204514
0.049124,5,94.209286
0.0,3,94.212431
0.0,2,94.214505
0.0,3,94.217684
0.0,3,94.221166
0.0,3,94.224341
0.0,4,94.228417
0.0,3,94.231717
0.0,3,94.234748
0.0,2,94.236913
0.0,4,94.241227
0.0,3,94.244343
0.0,3,94.247355
0.0,2,94.249424
0.0,4,94.253373
0.0,3,94.25645
0.0,2,94.258669
0.0,4,94.26243
0.0,2,94.264566
0.0,3,94.268002
0.0,2,94.270028
0.0,3,94.27363
0.0,2,94.275764
0.0,2,94.278013
0.0,3,94.281065
0.0,2,94.283024
0.0,2,94.285154
0.0,2,94.287612
0.0,2,94.289789
0.0,5,94.295247
0.0,2,94.297421
0.0,2,94.299659
0.0,2,94.301973
-1.0,3,94.305353
0.0,4,94.30983
0.0,3,94.312913
0.0,3,94.316481
0.0,2,94.31854
0.0,2,94.320821
0.0,2,94.323155
0.0,2,94.325997
0.0,2,94.328441
0.0,4,94.332812
0.0,2,94.335184
0.0,4,94.339352
0.0,3,94.342942
0.0,3,94.346345
0.0,4,94.350941
0.0,2,94.353104
0.0,3,94.35629
0.0,2,94.358352
0.0,4,94.362294
0.0,2,94.364718
0.0,3,94.367909
0.0,3,94.371363
0.0,3,94.374866
0.0,3,94.466388
0.0,4,94.471008
0.0,2,94.473637
0.0,2,94.475695
0.0,2,94.478045
-1.313342,2,94.480423
0.0,3,94.483606
0.845856,2,94.48597
-0.388271,4,94.490533
0.0,3,94.494122
0.0,2,94.496281
0.0,3,94.49969
0.0,2,94.541055
0.0,4,94.545128
0.0,3,94.548512
0.0,4,94.553174
0.0,3,94.556302
0.0,2,94.558387
0.0,2,94.560326
0.0,3,94.563148
0.0,3,94.566737
0.0,4,94.570837
0.0,4,94.575392
0.0,3,94.57867
0.0,3,94.581814
0.0,3,94.584788
0.0,2,94.58731
0.0,3,94.590599
0.0,2,94.592947
0.0,3,94.596433
0.0,3,94.599512
0.0,4,94.603318
0.0,4,94.607297
0.0,5,94.612067
1.5,2,94.614322
0.0,3,94.617723
0.0,2,94.619737
0.0,4,94.624819
0.0,3,94.628587
0.0,6,94.634978
0.0,3,94.638271
0.0,2,94.640299
0.0,7,94.647881
1.5,2,94.650255
0.0,3,94.653411
0.0,3,94.65641
0.0,4,94.660372
0.0,3,94.663482
0.0,3,94.666758
0.0,2,94.66879
0.0,2,94.671273
0.0,4,94.675529
0.0,2,94.677507
1.5,2,94.679466
0.0,3,94.682469
0.0,4,94.68692
0.0,3,94.690081
0.0,2,94.692354
0.0,3,94.695508
0.0,2,94.697595
0.0,3,94.700491
0.0,2,94.702439
0.0,3,94.705298
0.0,3,94.708161
0.0,4,94.712977
-0.057557,5,94.718353
0.0,3,94.722392
0.0,2,94.724749
0.0,3,94.727957
0.0,2,94.729951
0.0,2,94.732123
0.0,3,94.735334
0.0,3,94.738451
0.0,3,94.741799
0.0,3,94.745126
0.0,3,94.748002
0.0,3,94.751006
0.0,3,94.754546
1.5,2,94.756747
0.0,3,94.760336
0.0,3,94.763672
0.0,3,94.767282
0.0,2,94.76953
0.0,3,94.772632
0.0,4,94.777144
0.0,5,94.782007
0.0,2,94.784156
1.411065,2,94.786068
0.0,4,94.790364
0.0,3,94.79355
0.0,2,94.795674
0.0,2,94.797675
0.0,3,94.800654
0.0,2,94.802609
0.0,3,94.805375
0.0,2,94.807307
0.0,4,94.811704
0.0,4,94.81624
0.0,2,94.81863
0.0,3,94.821869
0.0,2,94.824085
0.0,3,94.827992
0.0,2,94.83064
0.0,2,94.832737
1.5,2,94.834894
0.0,2,94.837223
1.5,2,94.839326
0.0,2,94.841517
0.0,2,94.843656
0.0,2,94.846017
0.0,2,94.848227
0.0,2,94.850471
0.0,4,94.854784
0.0,2,94.856984
0.0,3,94.860057
0.0,3,94.863057
0.0,2,94.865402
0.0,5,94.870833
0.0,3,94.874364
0.0,2,94.876557
0.0,3,94.879517
0.0,3,94.882642
0.0,3,94.885811
1.5,2,94.887992
0.0,3,94.891371
0.0,2,94.893935
0.0,2,94.896436
0.0,2,94.898639
0.0,4,94.902741
0.0,2,94.904743
0.0,2,94.906687
0.0,2,94.908687
0.0,3,94.911635
0.0,2,94.914129
0.0,5,94.91971
0.0,3,94.923716
0.0,2,94.926117
0.0,4,94.930511
1.5,2,94.932558
0.0,3,94.936409
0.0,2,94.938762
0.0,2,94.941257
0.0,5,94.946716
0.0,4,94.951036
0.0,3,94.9542
0.0,4,94.958177
0.0,4,94.962182
1.5,2,94.964407
0.0,4,94.968668
0.0,3,94.972008
0.0,4,94.975845
0.0,3,94.978746
0.0,4,94.982475
0.0,2,94.984519
0.0,3,94.987685
0.0,2,94.989931
0.0,3,94.993115
0.0,3,94.996007
0.0,3,94.998778
0.0,3,95.001803
0.0,4,95.006293
0.0,5,95.011386
0.0,2,95.013507
0.0,3,95.016733
0.0,3,95.020163
0.0,4,95.024474
0.0,2,95.026598
0.0,3,95.02957
-0.101002,4,95.033789
0.0,3,95.036854
0.0,4,95.041062
1.5,2,95.043174
0.0,2,95.045243
0.0,2,95.047192
0.0,2,95.04926
0.0,5,95.053992
0.0,2,95.056218
1.5,2,95.05833
0.0,3,95.061485
0.0,2,95.063475
0.0,2,95.065471
0.0,2,95.067559
0.0,3,95.070801
0.0,3,95.074154
0.0,2,95.076449
0.0,5,95.081218
0.0,3,95.084242
0.0,3,95.087263
0.0,2,95.089433
0.0,3,95.092544
0.0,3,95.095556
0.0,3,95.09867
0.0,3,95.101522
1.5,2,95.10347
0.0,4,95.10708
0.0,4,95.111327
0.0,3,95.114484
0.0,3,95.11784
0.0,3,95.120872
0.0,2,95.122988
0.0,4,95.127486
0.0,2,95.129815
0.0,2,95.132042
0.0,3,95.135014
0.0,3,95.138075
0.0,4,95.14216
0.0,4,95.146177
0.0,3,95.149091
0.0,4,95.153209
1.5,2,95.15516
0.0,2,95.157077
0.0,3,95.159993
0.0,2,95.162046
0.0,4,95.166323
0.0,2,95.168363
0.0,4,95.172247
0.0,4,95.176433
0.065452,2,95.178558
0.0,3,95.181468
0.0,2,95.18359
1.5,2,95.186802
0.0,4,95.192761
0.0,3,95.197408
0.0,2,95.200177
0.0,4,95.205443
0.0,2,95.208223
0.0,4,95.21206
0.0,2,95.214002
0.0,2,95.216133
0.0,4,95.220015
0.0,3,95.223382
1.5,2,95.225496
0.0,2,95.22767
0.0,3,95.230391
0.0,5,95.235427
0.0,5,95.240554
0.0,3,95.243933
0.0,2,95.245987
0.0,3,95.248797
0.0,4,95.252683
0.0,2,95.255188
0.0,3,95.258326
0.0,3,95.261451
0.0,2,95.263684
0.0,3,95.266736
0.0,2,95.268961
1.5,2,95.271218
0.0,2,95.273541
0.0,2,95.275566
0.0,3,95.27853
0.0,2,95.28051
0.0,4,95.284345
0.0,4,95.288327
1.5,2,95.290408
0.0,6,95.29639
0.0,2,95.298491
0.0,3,95.301357
0.0,3,95.304341
0.0,4,95.30825
0.0,2,95.31021
0.0,3,95.313342
0.0,2,95.315277
0.0,4,95.319311
0.0,4,95.323332
0.0,5,95.328807
0.0,3,95.332211
0.0,3,95.335546
0.0,3,95.338708
0.0,3,95.342155
0.0,3,95.345136
0.0,6,95.350844
0.0,2,95.353042
0.436031,3,95.356441
0.0,3,95.359647
0.0,2,95.361899
0.0,2,95.363938
0.0,4,95.368196
0.0,3,95.371281
0.0,2,95.373429
0.0,3,95.376655
0.0,3,95.379729
0.0,3,95.382709
0.0,4,95.386457
0.0,2,95.388567
0.0,5,95.393728
0.0,2,95.395981
0.0,3,95.3994
0.0,4,95.403447
0.0,4,95.407159
0.0,4,95.410868
0.0,3,95.413547
0.0,3,95.416474
0.0,2,95.418704
-0.283237,3,95.421757
0.0,3,95.425185
-0.074483,4,95.42941
0.0,4,95.433715
1.5,2,95.436362
0.0,2,95.438862
0.0,4,95.443333
1.5,2,95.44562
1.5,2,95.44768
0.0,3,95.450783
0.0,4,95.455085
0.0,3,95.458255
0.0,2,95.460123
0.0,2,95.462003
0.0,2,95.4641
0.0,2,95.466367
0.0,3,95.469669
0.0,5,95.474759
0.0,2,95.476712
0.0,2,95.478537
0.0,2,95.480505
0.0,2,95.482458
0.0,2,95.484482
0.0,3,95.487433
0.0,2,95.489516
0.0,2,95.491699
0.0,4,95.495616
0.0,3,95.498375
0.0,3,95.501146
0.0,2,95.502946
0.0,2,95.504955
0.0,2,95.507399
0.0,3,95.510691
0.0,3,95.513784
0.0,4,95.517963
0.0,2,95.52033
0.0,3,95.523682
0.0,2,95.525748
0.0,2,95.527825
0.0,4,95.531979
0.0,6,95.537751
0.0,5,95.542555
0.0,2,95.544596
0.0,2,95.546764
0.0,4,95.550565
0.0,6,95.55651
0.0,3,95.55957
0.0,4,95.563706
0.0,3,95.566611
0.0,2,95.568741
0.0,4,95.573024
0.0,3,95.575983
0.0,2,95.578127
1.5,2,95.580215
0.0,2,95.582214
0.0,3,95.585207
0.0,2,95.587204
0.0,3,95.679885
0.0,3,95.683372
0.0,3,95.686746
0.0,2,95.725488
0.0,2,95.727514
0.0,2,95.729539
0.0,5,95.734585
0.0,2,95.736698
0.0,3,95.739745
0.0,3,95.742673
0.0,4,95.746821
0.0,2,95.74896
0.0,2,95.751025
0.0,4,95.755053
0.0,2,95.757056
0.0,4,95.7611
0.0,3,95.764087
0.0,4,95.768373
0.0,3,95.771672
0.0,2,95.773601
0.0,3,95.776508
0.0,5,95.781299
1.5,2,95.783329
0.0,3,95.786531
1.5,2,95.788521
0.0,2,95.790614
0.0,2,95.792713
0.0,3,95.795585
0.0,3,95.798614
0.0,3,95.801578
0.0,3,95.804492
0.0,4,95.808507
0.0,2,95.810351
0.0,3,95.813271
0.0,2,95.815568
0.0,3,95.818707
-1.0,6,95.824918
0.0,2,95.827146
1.5,2,95.829378
0.0,5,95.834523
0.0,2,95.836344
0.0,4,95.840061
0.0,3,95.842995
1.0,2,95.844873
0.0,3,95.84758
0.0,3,95.850504
0.0,3,95.853451
0.0,2,95.855314
0.0,3,95.858312
0.0,2,95.860333
0.0,2,95.86227
1.5,2,95.864444
0.023559,2,95.866628
0.0,2,95.868584
0.0,2,95.87072
0.0,2,95.872878
0.0,3,95.875784
0.0,3,95.878653
0.0,3,95.881429
0.0,4,95.885193
0.0,2,95.887083
0.0,4,95.890727
0.0,3,95.893449
0.0,5,95.89786
0.0,2,95.899663
0.0,3,95.902313
0.0,3,95.905071
0.0,4,95.908664
0.0,2,95.91065
0.0,4,95.914321
0.0,2,95.916554
0.0,2,95.91864
0.0,2,95.920632
0.0,3,95.923867
0.0,2,95.926371
0.0,4,95.930579
0.0,3,95.93349
0.0,3,95.936626
0.0,4,95.940459
0.0,2,95.942652
0.0,2,95.944962
0.0,2,95.947118
0.0,2,95.949088
0.0,3,95.952202
0.0,3,95.95522
1.5,2,95.957257
0.0,3,95.960183
0.0,2,95.962224
0.0,4,95.966238
0.0,2,95.968461
0.0,4,95.972502
0.0,5,95.977422
0.0,4,95.980888
0.0,3,95.983905
1.5,2,95.985956
0.0,4,95.989819
0.0,2,95.991893
0.0,3,95.994978
0.0,3,95.997873
0.0,3,96.000557
0.0,4,96.004418
0.0,4,96.008176
0.0,4,96.011788
0.0,2,96.013804
0.0,2,96.015726
0.0,2,96.017841
0.0,4,96.021749
0.0,2,96.02412
0.0,3,96.027053
0.0,3,96.029967
0.0,3,96.03358
0.0,2,96.036443
0.0,2,96.039235
0.0,2,96.042217
0.0,2,96.045019
0.0,3,96.048803
0.0,3,96.053127
0.0,3,96.05702
0.0,5,96.063775
0.0,6,96.072235
0.0,2,96.074886
0.0,3,96.077844
0.0,2,96.080142
0.0,3,96.083384
0.0,3,96.086443
0.0,2,96.088787
0.0,3,96.092045
0.0,2,96.094389
0.0,2,96.096614
0.0,3,96.099401
0.0,5,96.104382
0.0,2,96.106315
0.0,3,96.109549
0.0,2,96.11177
0.0,4,96.115729
0.0,2,96.117908
0.0,2,96.120018
-1.0,4,96.124288
1.5,2,96.126567
0.409791,3,96.129955
0.0,2,96.132481
0.0,3,96.135647
0.0,3,96.138777
0.0,3,96.141898
0.0,2,96.143962
0.0,3,96.14698
0.0,2,96.148967
0.0,4,96.152936
0.0,3,96.155967
0.0,2,96.158021
0.0,2,96.160273
0.0,2,96.162349
0.0,2,96.164502
0.0,4,96.168705
0.0,2,96.171054
0.0,4,96.17534
0.0,4,96.179614
0.0,4,96.183391
0.0,3,96.186385
0.0,2,96.188518
0.0,2,96.190658
0.0,4,96.194879
0.0,3,96.198058
0.0,4,96.201836
0.0,3,96.204731
0.0,2,96.206794
0.0,4,96.210837
0.0,2,96.213071
0.0,3,96.216408
0.0,2,96.218817
0.0,5,96.224364
0.0,2,96.226633
0.0,3,96.229669
0.0,2,96.231756
0.0,2,96.234028
0.0,3,96.237364
0.0,4,96.241645
0.0,2,96.243818
0.0,2,96.245972
0.0,4,96.250355
0.0,4,96.254529
0.0,2,96.25651
0.0,3,96.259327
0.0,3,96.262554
0.0,3,96.265687
0.0,3,96.268967
0.0,4,96.273042
0.0,4,96.276992
0.0,2,96.278863
0.0,3,96.281802
0.0,3,96.284766
0.0,4,96.28878
1.5,2,96.290841
0.0,3,96.293773
0.0,2,96.296091
0.0,3,96.299291
0.0,3,96.302162
0.0,4,96.30598
0.0,2,96.307886
0.0,5,96.312948
0.0,2,96.314877
0.0,2,96.317293
0.0,2,96.319578
0.0,3,96.322631
0.0,2,96.324795
0.0,4,96.328983
0.0,2,96.331092
0.0,2,96.333145
0.0,3,96.336032
0.0,2,96.338177
1.5,2,96.34032
0.0,3,96.343337
0.0,4,96.347298
0.0,4,96.351235
-1.0,4,96.355274
0.0,3,96.358435
0.0,2,96.360623
-1.0,4,96.364573
1.5,2,96.366503
-0.688008,2,96.368716
0.0,2,96.370795
0.0,3,96.374048
0.0,4,96.377901
0.0,2,96.380033
0.0,2,96.382102
0.0,2,96.384189
0.0,4,96.388639
0.0,3,96.391622
0.0,2,96.393902
0.0,4,96.39799
0.0,3,96.401159
0.0,3,96.404296
0.0,4,96.408176
0.0,2,96.410276
0.0,2,96.412219
0.0,2,96.414214
0.0,4,96.418338
0.0,2,96.420481
0.0,3,96.42374
-0.034123,4,96.428265
0.0,2,96.430327
0.0,3,96.433634
0.0,2,96.436303
0.0,5,96.441798
0.0,3,96.444896
0.0,4,96.449008
0.0,4,96.453163
0.0,2,96.455444
0.0,3,96.458677
0.0,5,96.463748
1.5,2,96.465948
0.0,2,96.468042
0.0,5,96.473702
0.0,3,96.477129
0.0,3,96.480164
0.0,4,96.484426
0.0,2,96.486689
0.0,3,96.489881
0.0,2,96.492122
1.5,2,96.494286
0.0,3,96.497687
0.0,3,96.500808
0.0,2,96.502765
0.0,3,96.506065
0.0,3,96.509004
0.0,4,96.51308
0.0,2,96.515378
0.0,3,96.518696
0.0,4,96.523148
0.0,2,96.525758
0.0,3,96.529047
0.0,4,96.533258
-0.041398,2,96.535513
0.0,2,96.537616
0.0,3,96.541018
0.0,5,96.546226
0.0,3,96.549453
0.0,2,96.551471
0.0,2,96.553812
0.0,3,96.556761
1.0,3,96.559665
0.0,3,96.562791
0.0,3,96.565912
0.0,2,96.56828
0.0,2,96.570515
0.0,2,96.572544
1.5,2,96.574806
0.0,3,96.577766
0.0,3,96.580624
0.0,2,96.582806
0.0,2,96.584981
0.0,2,96.587079
0.0,2,96.589382
0.0,3,96.592502
0.0,2,96.594828
0.0,2,96.596922
1.5,2,96.598875
0.0,3,96.601746
0.0,2,96.603739
0.0,3,96.606668
0.0,3,96.610993
0.0,2,96.613987
0.0,4,96.618795
0.0,4,96.623304
1.5,2,96.625774
0.0,4,96.631574
0.0,2,96.633797
0.0,3,96.637173
0.0,3,96.640545
0.0,2,96.64273
0.0,3,96.646129
0.0,2,96.648207
0.0,5,96.65344
0.0,3,96.656454
0.0,2,96.658772
0.0,2,96.66104
0.0,3,96.664155
0.0,2,96.666397
0.0,2,96.668571
0.0,3,96.671773
0.0,4,96.675979
0.0,4,96.6802
-0.931506,3,96.683053
0.0,2,96.685055
0.0,2,96.687246
0.0,3,96.690385
0.0,4,96.694612
0.0,2,96.696534
0.0,3,96.69947
0.0,2,96.701439
0.0,3,96.704259
0.0,3,96.707411
-0.036176,3,96.710429
0.0,2,96.712273
0.0,5,96.718146
-0.13102,2,96.720749
0.0,4,96.726308
0.0,3,96.730176
0.0,2,96.732214
0.0,2,96.734485
0.0,2,96.736738
0.0,3,96.739792
0.0,2,96.742057
0.0,2,96.744049
0.0,3,96.747015
0.0,3,96.750214
0.0,3,96.753167
0.0,4,96.758139
0.0,3,96.761243
0.0,5,96.766289
0.0,6,96.772505
0.0,3,96.775599
0.0,2,96.820027
0.0,3,96.823051
0.0,5,96.828921
0.0,4,96.834339
0.0,4,96.926826
0.0,2,96.929873
0.0,3,96.93339
0.0,2,96.935752
0.0,2,96.938074
0.0,3,96.941127
0.0,3,96.944485
0.0,2,96.946569
0.0,2,96.948412
0.0,2,96.950328
0.0,2,96.95261
0.0,2,96.954643
0.0,2,96.95668
0.0,3,96.959858
0.0,2,96.962278
0.0,2,96.964532
1.5,2,96.966596
0.0,3,96.969581
0.0,2,96.971553
0.456353,3,96.974717
0.0,4,96.97859
0.0,3,96.981586
0.0,5,96.986213
0.0,3,96.989332
0.0,3,96.992258
0.0,2,96.994469
0.0,3,96.99737
0.0,5,97.002083
0.0,3,97.004968
0.0,4,97.009114
0.0,4,97.013004
0.0,4,97.016997
0.0,2,97.019035
0.0,2,97.021019
1.5,2,97.023318
0.0,2,97.02598
0.0,2,97.027992
0.0,2,97.030332
0.0,3,97.033309
0.0,2,97.035406
0.0,3,97.038491
0.0,3,97.041511
0.0,3,97.044979
0.0,2,97.04706
0.0,5,97.052209
0.0,3,97.055087
0.0,3,97.058044
0.0,2,97.060053
0.0,2,97.061959
0.038084,2,97.064157
0.0,3,97.066936
0.0,2,97.068815
0.0,2,97.071087
0.0,4,97.074987
0.0,2,97.077027
0.0,2,97.078951
0.0,2,97.08077
0.0,2,97.082823
0.0,2,97.085293
0.0,2,97.087392
0.0,3,97.090415
0.972694,3,97.093724
0.0,4,97.097345
0.0,3,97.100147
0.0,2,97.10198
0.0,3,97.104791
0.0,2,97.106687
0.0,3,97.109403
0.0,3,97.112402
0.0,4,97.116277
0.0,3,97.119058
0.0,3,97.121846
0.0,3,97.124536
0.0,2,97.12652
0.0,2,97.128541
0.0,3,97.132226
0.0,2,97.134662
0.0,4,97.138457
0.0,2,97.140764
0.0,3,97.143735
0.0,2,97.145643
0.0,2,97.147945
0.0,2,97.15002
0.0,2,97.152085
0.0,2,97.154093
0.0,3,97.156911
0.0,3,97.159663
0.0,3,97.162912
0.0,3,97.165879
0.0,2,97.167964
0.0,4,97.171959
0.0,2,97.173839
0.0,5,97.178421
0.0,3,97.181198
0.0,2,97.183503
0.0,4,97.187408
0.0,3,97.190676
0.0,3,97.193641
0.0,3,97.196451
0.0,4,97.200112
1.5,2,97.201993
0.0,3,97.204726
0.0,6,97.210422
0.0,3,97.213446
1.5,2,97.215403
0.0,4,97.219402
0.0,2,97.221408
0.0,2,97.223334
0.0,2,97.225343
0.0,2,97.227588
0.0,2,97.229558
0.0,2,97.231859
0.0,3,97.234681
0.0,3,97.23759
0.0,3,97.240488
1.5,2,97.242435
0.0,3,97.245219
0.0,3,97.247949
0.0,3,97.250801
0.0,4,97.254874
0.0,4,97.259035
0.0,4,97.262794
0.0,2,97.26493
0.0,4,97.268948
0.0,2,97.270911
0.0,3,97.27407
0.0,2,97.276055
0.0,2,97.278153
0.0,4,97.281919
0.0,3,97.284707
0.0,5,97.289718
0.0,6,97.295579
0.0,2,97.297448
0.0,3,97.30042
0.0,2,97.302264
0.0,2,97.304105
0.0,5,97.309256
0.0,3,97.312172
0.0,2,97.314096
0.0,2,97.31598
0.0,5,97.320422
0.0,2,97.322277
0.0,2,97.324039
0.0,2,97.325788
0.0,3,97.328665
0.0,3,97.331692
0.0,4,97.335425
0.0,2,97.337189
0.0,2,97.339024
0.0,2,97.340897
0.0,3,97.34364
0.0,5,97.347906
0.0,2,97.349762
0.0,2,97.351549
0.0,2,97.353386
0.0,4,97.356934
0.0,4,97.360338
0.0,4,97.363898
0.0,3,97.366519
0.0,2,97.368359
0.0,5,97.372731
0.0,2,97.374558
0.0,2,97.376428
0.0,3,97.379103
0.531647,4,97.382655
0.0,2,97.384518
0.0,3,97.387469
0.0,2,97.389649
0.0,3,97.392578
0.0,4,97.396133
0.0,2,97.397974
0.0,5,97.402251
0.0,2,97.404289
0.0,4,97.407857
0.0,3,97.410642
0.0,4,97.414334
0.0,5,97.418959
0.0,3,97.421836
0.0,2,97.423679
0.0,3,97.426386
0.0,2,97.428461
0.0,2,97.430461
0.0,4,97.434208
0.0,2,97.43626
0.412779,3,97.439163
0.0,2,97.441036
0.0,5,97.445447
0.0,3,97.447998
0.0,2,97.449694
0.0,2,97.451438
1.5,2,97.453258
0.0,2,97.455092
0.0,2,97.45688
0.0,2,97.458775
1.5,2,97.460779
0.0,3,97.463789
0.0,3,97.466697
0.0,2,97.468525
0.0,3,97.471303
0.0,2,97.473165
0.0,2,97.475108
0.0,4,97.478761
0.0,3,97.481496
0.0,4,97.485106
0.0,2,97.486974
0.0,2,97.48893
0.0,3,97.491677
0.0,4,97.495379
0.0,3,97.498021
0.0,2,97.499945
0.0,3,97.502735
0.0,4,97.506324
0.0,3,97.509145
0.0,2,97.511134
0.0,3,97.513944
0.0,2,97.515763
0.0,2,97.517717
0.0,2,97.519544
0.0,2,97.521456
0.0,4,97.525241
0.0,2,97.52739
0.0,3,97.530285
0.0,3,97.532994
0.0,2,97.534945
0.0,4,97.538567
0.0,2,97.540346
0.0,5,97.544688
0.0,2,97.546516
0.0,2,97.548405
0.0,2,97.550184
0.0,2,97.55218
0.0,3,97.554813
0.0,3,97.557617
0.0,3,97.560168
0.0,3,97.562902
0.0,2,97.564725
0.0,3,97.567539
0.0,2,97.569454
0.0,3,97.572278
0.0,3,97.575053
0.0,3,97.57778
0.0,3,97.580472
0.0,2,97.582271
0.0,4,97.585895
0.0,4,97.589462
0.0,2,97.591446
1.5,2,97.593325
0.0,3,97.596111
0.0,2,97.598026
0.0,2,97.599748
0.0,4,97.603149
0.0,3,97.606083
0.0,2,97.607914
0.166193,2,97.609695
0.0,2,97.611548
0.0,3,97.614261
0.0,2,97.616046
0.0,3,97.618781
0.0,4,97.622214
0.0,3,97.62489
0.0,3,97.627792
0.0,2,97.629797
0.0,2,97.632079
0.0,4,97.636001
0.0,4,97.639899
0.0,2,97.642028
0.0,2,97.644142
0.0,3,97.647007
1.5,2,97.648754
1.5,2,97.650603
0.0,2,97.652371
0.0,2,97.654243
0.0,3,97.656988
1.5,2,97.658726
0.0,4,97.662281
0.0,4,97.665951
0.0,2,97.667827
0.0,3,97.670595
0.0,2,97.672435
0.0,2,97.674393
0.0,4,97.677883
-2.0,2,97.679663
0.0,3,97.682377
0.0,2,97.684221
0.0,3,97.686788
0.0,5,97.691285
0.0,3,97.693985
0.0,4,97.697598
0.0,2,97.699351
0.0,3,97.701951
0.0,3,97.70457
0.0,2,97.706338
-0.581671,3,97.70906
0.0,4,97.712724
0.0,5,97.71721
0.0,2,97.719256
0.0,2,97.721042
0.0,5,97.725767
1.5,2,97.727794
0.0,3,97.730706
0.0,2,97.732658
-0.439129,3,97.73529
0.0,3,97.737988
0.0,3,97.74074
0.0,2,97.742585
0.0,4,97.745916
0.0,2,97.747615
0.0,3,97.750227
0.0,4,97.75388
1.5,2,97.755715
0.0,2,97.758205
0.0,2,97.760166
0.0,2,97.762133
0.0,4,97.765634
0.0,2,97.767552
0.0,2,97.769502
0.0,4,97.773031
0.0,2,97.774884
0.0,2,97.776783
0.0,2,97.778576
0.0,5,97.782764
0.0,3,97.785432
0.0,3,97.78833
0.0,3,97.791059
0.0,3,97.79365
0.0,4,97.797161
0.0,2,97.798905
0.0,3,97.801465
0.0,2,97.803246
0.0,2,97.805161
1.5,2,97.806887
0.0,2,97.808871
0.0,4,97.81242
0.0,3,97.815017
0.0,2,97.816927
1.5,2,97.818771
0.0,2,97.820665
0.0,5,97.825125
1.5,2,97.82686
0.0,3,97.829759
0.0,3,97.832741
0.0,2,97.834627
0.0,2,97.836578
0.0,4,97.840249
0.0,3,97.843004
0.0,2,97.844908
0.0,2,97.846799
0.0,3,97.84946
0.0,2,97.851348
0.0,2,97.8532
0.0,4,97.856876
0.0,2,97.858787
0.0,2,97.860843
0.0,4,97.901282
0.0,3,97.904313
0.0,3,97.907152
0.0,2,97.909034
0.0,3,97.911756
0.0,2,97.913743
0.0,2,97.915674
0.0,4,97.919285
0.0,2,97.921136
0.0,3,97.92386
0.0,4,97.927464
0.0,3,97.93058
0.0,2,97.932483
0.0,2,97.934643
0.0,2,97.936712
0.0,3,98.017847
0.0,2,98.020279
0.0,2,98.022286
0.0,3,98.025168
0.0,3,98.029784
0.0,4,98.037015
0.0,4,98.043958
0.0,3,98.048987
0.0,3,98.053923
0.0,2,98.057621
0.0,4,98.064186
0.0,3,98.068138
0.0,4,98.074059
0.0,2,98.07789
0.0,2,98.080614
0.0,2,98.082682
0.0,2,98.084523
0.0,3,98.087254
0.0,5,98.091576
0.0,3,98.094208
0.0,3,98.097082
0.0,2,98.098929
1.5,2,98.100629
0.0,4,98.104118
1.5,2,98.105795
0.0,4,98.10933
1.5,2,98.111149
0.0,3,98.113867
0.0,3,98.116611
0.0,2,98.118532
0.0,4,98.122048
0.0,2,98.123865
0.162697,2,98.125854
0.0,4,98.129492
0.0,3,98.132619
0.0,3,98.135433
0.0,5,98.139947
0.0,2,98.141685
0.0,3,98.144442
0.0,4,98.148253
0.0,2,98.150268
0.0,3,98.153013
0.0,3,98.155628
-0.065171,2,98.157515
0.0,2,98.159326
0.0,3,98.16208
0.0,3,98.164889
0.74617,2,98.166771
0.0,2,98.168563
1.0,3,98.171323
0.0,2,98.17329
0.0,4,98.176816
0.0,2,98.178625
0.0,2,98.180388
0.0,3,98.182947
0.0,3,98.185736
0.0,2,98.187573
0.0,2,98.189401
0.0,2,98.191251
1.5,2,98.193105
0.0,2,98.195048
0.0,3,98.197722
0.0,3,98.200304
0.0,2,98.20224
0.0,2,98.203976
0.0,3,98.206611
0.0,5,98.210971
0.0,3,98.21378
0.0,3,98.216501
0.0,3,98.219188
0.386075,4,98.222664
0.0,3,98.2252
-1.0,4,98.229053
0.0,4,98.23282
0.0,3,98.235573
0.0,2,98.23735
0.0,2,98.23906
0.0,3,98.241733
0.0,2,98.243572
0.0,2,98.245342
0.0,3,98.247903
0.0,2,98.249594
0.0,3,98.252184
0.0,2,98.253948
1.5,2,98.25576
0.0,3,98.25857
0.0,2,98.260321
0.0,3,98.26319
0.0,2,98.26503
0.0,4,98.268591
0.0,4,98.27221
0.0,3,98.275036
0.0,4,98.278544
0.0,2,98.280232
0.0,2,98.282034
0.0,2,98.283792
0.0,2,98.285705
0.0,2,98.287481
0.0,2,98.289442
0.0,3,98.292146
0.0,4,98.295531
0.0,2,98.297216
0.0,3,98.300135
0.0,2,98.30197
0.0,3,98.304556
0.293266,4,98.308074
0.0,2,98.310041
0.0,4,98.313739
0.0,2,98.315529
0.0,2,98.31738
0.0,3,98.320182
0.0,4,98.323803
0.0,3,98.326606
0.0,5,98.331104
0.0,4,98.335157
0.0,3,98.338038
0.0,3,98.340643
0.0,2,98.342563
0.0,3,98.345136
0.0,3,98.34784
0.0,3,98.350369
0.0,4,98.3541
0.0,4,98.357673
0.0,4,98.361398
0.0,5,98.365767
0.0,3,98.368551
0.0,2,98.370316
0.0,3,98.373042
0.0,3,98.375735
0.0,5,98.379968
0.0,4,98.38346
0.0,4,98.387002
0.0,3,98.389957
0.0,3,98.392703
0.0,2,98.3946
0.0,2,98.396595
0.0,2,98.398459
0.0,2,98.400206
0.0,3,98.402874
0.0,4,98.406293
0.0,3,98.408858
0.0,2,98.410753
0.0,2,98.412418
0.0,2,98.414232
0.0,4,98.417837
0.0,3,98.420427
0.0,4,98.423985
0.0,4,98.427407
0.0,2,98.42928
0.0,2,98.431525
0.0,2,98.43363
1.5,2,98.435968
0.0,2,98.437956
0.0,2,98.439879
0.0,2,98.441757
1.5,2,98.443701
0.0,4,98.447547
1.5,2,98.449452
0.0,3,98.452267
0.16414,2,98.454193
0.0,2,98.455977
0.0,4,98.459575
0.0,2,98.461374
0.0,3,98.464178
0.0,2,98.466124
0.0,2,98.467961
0.0,4,98.471581
1.5,2,98.473534
1.5,2,98.47539
0.0,2,98.477278
0.0,2,98.479083
0.0,2,98.481011
0.0,3,98.483714
0.0,3,98.486452
0.0,3,98.489314
0.0,2,98.491299
0.0,2,98.493291
0.0,4,98.496832
0.0,2,98.49858
0.0,2,98.500459
0.0,2,98.50229
0.0,3,98.505047
0.0,3,98.507885
0.0,2,98.509689
0.0,6,98.515174
0.0,3,98.518045
0.0,3,98.521034
0.0,3,98.523653
0.0,3,98.526403
0.0,3,98.529428
0.0,3,98.532207
0.0,2,98.534102
0.0,2,98.535947
0.0,2,98.537744
0.0,3,98.540494
-0.189136,3,98.543278
0.0,3,98.545912
0.0,2,98.5476
0.0,3,98.550279
0.0,3,98.553035
0.0,4,98.556709
0.0,2,98.55854
0.0,2,98.560397
0.0,3,98.563202
0.0,3,98.566205
0.0,3,98.569645
0.0,2,98.571622
0.0,2,98.573505
0.0,2,98.575363
0.0,2,98.577398
0.0,2,98.579306
0.0,3,98.581949
0.0,3,98.584672
-0.246693,4,98.588322
0.0,2,98.5903
0.0,4,98.594031
0.0,2,98.595829
0.0,2,98.597988
0.0,2,98.599932
0.0,2,98.602037
0.0,2,98.604134
0.0,3,98.607434
0.0,4,98.61191
0.0,2,98.613939
0.0,4,98.617942
0.0,3,98.621196
0.0,2,98.623378
0.0,2,98.625534
0.0,4,98.62982
0.0,3,98.633328
0.0,2,98.635675
0.0,2,98.637606
0.0,2,98.639543
0.0,4,98.643361
0.0,3,98.646171
0.0,4,98.649732
0.0,3,98.65248
0.0,2,98.654382
0.373,2,98.656196
0.0,2,98.657947
0.0,3,98.660507
0.0,3,98.663135
0.0,2,98.66495
0.0,3,98.667809
0.0,3,98.670495
0.0,2,98.672363
0.0,2,98.674338
0.0,3,98.677004
0.0,2,98.678804
0.0,4,98.682317
0.0,5,98.686763
0.0,2,98.688652
0.0,4,98.692129
0.0,3,98.694886
0.0,4,98.698413
0.0,2,98.700241
0.0,4,98.7037
0.0,2,98.70561
0.0,3,98.708391
0.0,3,98.711227
0.0,3,98.713943
0.0,4,98.717459
0.0,5,98.721728
0.0,3,98.724447
0.0,2,98.726378
0.0,2,98.728395
1.5,2,98.730559
0.0,3,98.733632
0.0,3,98.73637
0.0,3,98.739127
0.0,6,98.744365
0.0,2,98.746207
0.0,2,98.748091
-0.407916,4,98.751608
0.0,2,98.753401
0.0,2,98.755284
0.0,3,98.757812
0.0,2,98.759778
0.0,2,98.762255
0.0,2,98.764451
0.0,3,98.767353
0.0,4,98.770957
0.0,2,98.772791
0.0,2,98.774587
0.0,3,98.77718
0.0,4,98.780639
0.0,3,98.783296
1.5,2,98.785199
0.0,2,98.787081
0.0,3,98.789742
0.0,2,98.791546
0.0,2,98.793352
0.0,3,98.795992
0.0,2,98.797781
0.0,2,98.799607
0.0,3,98.802284
0.0,3,98.804893
0.0,3,98.807677
0.0,2,98.809491
0.336131,2,98.811454
0.0,2,98.813241
0.0,3,98.815995
0.0,4,98.819817
0.0,2,98.821773
0.0,4,98.825243
1.5,2,98.827055
0.0,2,98.828863
0.0,2,98.83065
0.0,2,98.832544
0.0,5,98.837429
0.0,4,98.841162
0.0,5,98.845556
0.0,2,98.847234
0.0,2,98.849167
0.0,4,98.852662
1.5,2,98.854561
0.0,4,98.858135
-0.881447,3,98.860829
0.0,2,98.862746
0.0,2,98.864527
0.0,2,98.866406
0.0,3,98.869216
0.0,2,98.871011
0.0,2,98.87275
0.0,3,98.875536
0.0,3,98.878247
0.0,3,98.880833
0.0,3,98.883437
0.0,2,98.885264
0.0,3,98.888061
0.0,4,98.891594
0.0,2,98.893322
0.0,2,98.895131
0.0,2,98.896967
0.0,2,98.89878
0.0,2,98.900566
0.0,2,98.902391
0.0,6,98.907377
0.0,2,98.909369
1.5,2,98.911228
0.0,4,98.914685
0.0,3,98.917443
0.0,3,98.920115
0.0,3,98.922647
0.0,2,98.924447
0.0,3,98.964208
0.0,2,98.966402
0.0,2,98.968395
0.0,2,98.970312
0.0,4,98.974041
0.0,3,98.976808
0.0,2,98.978668
0.0,4,98.982174
-0.507762,5,98.986602
0.0,3,98.989266
0.0,3,98.992074
0.0,4,98.995625
0.0,3,98.998348
1.5,2,99.00011
0.0,4,99.003489
0.0,4,99.006926
0.0,4,99.010395
0.0,3,99.013161
-0.398375,3,99.015989
0.0,3,99.018546
0.0,2,99.020357
-0.134633,2,99.097019
0.0,2,99.099108
0.0,2,99.101058
0.0,4,99.104379
0.0,3,99.107022
0.0,2,99.108781
0.0,2,99.110554
0.0,3,99.113182
0.0,3,99.115876
0.0,3,99.118489
0.0,2,99.120162
0.0,2,99.121901
0.0,2,99.123614
0.0,3,99.126124
0.0,2,99.127823
0.0,2,99.129596
0.0,2,99.131417
0.0,2,99.133445
0.0,3,99.136359
0.0,2,99.138219
0.0,4,99.141749
0.0,3,99.144335
0.0,3,99.146926
0.0,2,99.149122
-0.492922,2,99.151135
0.0,4,99.154866
0.0,4,99.158524
-0.748435,2,99.160355
0.17069,3,99.163109
-0.33936,2,99.164969
0.0,2,99.166891
0.0,3,99.16966
0.0,4,99.173313
0.0,4,99.176956
0.0,3,99.179828
0.0,2,99.181931
0.0,4,99.185594
0.0,2,99.187758
-1.0,2,99.189764
0.0,2,99.191768
0.0,2,99.193726
0.0,2,99.195739
0.0,4,99.199544
0.0,3,99.20249
0.0,4,99.206177
0.0,5,99.211061
1.5,2,99.213076
0.0,3,99.216172
0.0,3,99.219172
0.0,4,99.22308
0.0,2,99.225007
0.0,3,99.228156
0.0,3,99.231614
0.0,3,99.234787
0.0,2,99.236969
0.0,3,99.239957
0.0,3,99.242944
0.0,2,99.244962
0.0,3,99.247921
0.0,3,99.250879
0.0,4,99.254621
0.0,2,99.256504
0.0,4,99.260041
0.0,4,99.263704
0.0,2,99.265525
0.0,3,99.268239
0.0,2,99.270059
0.0,2,99.271942
0.0,3,99.274628
0.0,3,99.27736
0.0,2,99.279158
0.0,3,99.28177
0.0,2,99.283587
0.0,2,99.28554
0.0,3,99.288257
0.0,4,99.29179
0.0,3,99.294503
0.0,2,99.296367
0.0,5,99.300774
0.0,3,99.303486
0.0,2,99.305339
0.0,2,99.307205
0.0,2,99.309095
0.0,3,99.311844
0.0,3,99.314656
0.0,2,99.316478
0.0,3,99.319214
0.0,4,99.322704
0.0,4,99.32624
0.094502,2,99.328122
0.0,2,99.330005
0.0,2,99.331843
0.0,2,99.333863
0.0,2,99.335881
0.0,4,99.339752
-0.369799,3,99.342521
0.0,2,99.344251
1.5,2,99.345994
0.0,5,99.350371
0.0,3,99.353223
0.0,3,99.35604
0.0,5,99.360483
0.0,4,99.364255
0.0,2,99.366153
0.0,2,99.367994
0.0,3,99.370906
0.0,2,99.372725
1.5,2,99.374588
0.0,3,99.377356
0.0,3,99.380072
0.0,2,99.38186
0.0,2,99.383728
0.0,2,99.385555
1.5,2,99.387326
0.0,4,99.391107
0.0,4,99.394765
0.0,4,99.398348
0.0,3,99.401217
0.0,2,99.4032
0.0,3,99.405911
0.0,2,99.407832
0.0,4,99.411536
0.0,3,99.414453
0.0,3,99.417432
0.0,3,99.420372
1.5,2,99.422472
0.0,2,99.424551
0.0,2,99.426389
0.0,4,99.429976
0.0,3,99.432866
0.0,3,99.435978
0.0,2,99.438009
0.0,3,99.440845
0.0,3,99.443639
0.0,3,99.446367
1.5,2,99.448291
0.0,2,99.450366
0.0,5,99.455379
0.0,3,99.45837
0.0,2,99.460406
0.0,4,99.464149
0.0,2,99.46633
0.0,3,99.469183
0.0,2,99.471044
0.0,2,99.473087
0.0,3,99.476078
0.0,4,99.480031
0.0,2,99.481889
0.0,3,99.484824
0.0,3,99.487782
0.0,4,99.491673
0.0,3,99.494554
0.0,3,99.497278
0.0,3,99.500424
0.0,3,99.503288
0.0,2,99.505296
0.0,3,99.508142
0.0,2,99.509958
0.0,3,99.512855
0.0,3,99.515702
-0.520343,2,99.517669
0.0,3,99.520504
0.0,2,99.522356
0.0,4,99.525878
0.0,2,99.527868
0.0,2,99.530062
0.0,4,99.53403
0.0,2,99.536247
0.0,2,99.538246
0.0,2,99.540159
0.0,3,99.543423
0.0,5,99.548161
0.0,3,99.550962
1.5,2,99.552989
0.0,4,99.5571
0.0,4,99.560612
0.0,4,99.564116
0.0,2,99.565907
0.0,2,99.567735
0.0,2,99.569719
0.0,3,99.572367
0.0,3,99.575
0.0,2,99.576799
0.0,2,99.578541
0.0,2,99.580346
0.0,2,99.582119
-0.079079,4,99.585857
0.0,2,99.587763
0.0,2,99.589549
0.0,3,99.592205
0.0,2,99.594059
0.0,4,99.597576
0.0,4,99.601069
0.0,2,99.602997
0.0,3,99.605602
0.0,2,99.607324
0.0,2,99.609073
0.0,4,99.612559
1.0,2,99.614334
0.0,5,99.618617
0.0,3,99.621325
-0.023424,2,99.623159
0.0,2,99.624994
0.0,2,99.626772
1.5,2,99.628522
0.0,2,99.630343
0.0,3,99.633024
0.0,4,99.636881
0.0,3,99.639534
0.530412,2,99.641369
0.0,4,99.644877
0.0,3,99.647539
0.0,3,99.65032
0.0,2,99.652379
0.0,5,99.657909
0.0,3,99.661218
0.0,3,99.664064
0.0,3,99.666854
0.0,2,99.668784
0.0,4,99.672461
0.0,3,99.675283
0.0,3,99.678147
0.0,5,99.682538
0.0,4,99.686162
0.0,3,99.689035
0.0,4,99.692869
0.0,2,99.694931
0.0,3,99.697666
0.0,5,99.702139
0.0,2,99.704055
0.0,4,99.707741
0.0,3,99.710552
0.0,3,99.713154
0.50965,2,99.714988
0.0,2,99.716992
0.0,4,99.720547
0.0,3,99.72323
0.0,4,99.726793
0.0,2,99.728642
0.0,2,99.730445
0.0,4,99.734094
0.0,2,99.735858
0.0,4,99.739319
0.0,2,99.741116
0.0,2,99.742929
0.0,4,99.746345
0.0,2,99.748115
0.0,4,99.751533
0.0,3,99.754104
1.5,2,99.755861
0.0,3,99.758553
0.0,5,99.762861
0.0,3,99.765988
0.0,2,99.767811
0.0,5,99.772238
0.0,2,99.774054
0.0,2,99.77587
0.0,3,99.778489
0.0,2,99.780282
0.0,3,99.782861
0.0,2,99.784649
0.0,4,99.788111
0.0,3,99.790723
0.0,2,99.792563
0.0,4,99.79602
0.0,5,99.80034
0.0,4,99.803897
0.0,3,99.80655
0.0,2,99.808356
0.0,2,99.810194
0.0,2,99.811998
0.0,4,99.815587
0.0,3,99.818365
0.0,2,99.820329
0.0,4,99.823926
0.0,2,99.825752
0.0,2,99.827518
0.0,3,99.830267
0.0,2,99.832153
0.0,4,99.835798
0.0,3,99.838734
0.0,2,99.840527
0.0,2,99.842521
0.0,4,99.846218
0.0,2,99.848045
0.0,2,99.849944
0.0,2,99.851804
0.0,3,99.854382
0.0,2,99.85632
0.0,3,99.859075
0.0,3,99.861739
0.0,3,99.864478
0.0,3,99.867353
0.0,3,99.870101
0.0,3,99.872926
0.0,2,99.874723
0.0,2,99.876564
0.0,3,99.879312
0.0,2,99.881234
0.0,2,99.883097
0.228347,2,99.885171
0.0,3,99.887922
0.0,2,99.889767
0.0,4,99.893389
1.5,2,99.895218
0.0,4,99.898825
0.0,3,99.901584
0.0,3,99.904605
0.0,3,99.907355
0.0,3,99.910054
0.0,5,99.915306
0.0,3,99.918612
0.0,2,99.920636
0.0,2,99.92266
0.0,4,99.926252
0.0,3,99.929103
0.0,3,99.931787
0.0,4,99.935917
0.0,2,99.937975
0.0,2,99.939886
0.0,2,99.941784
0.0,2,99.943715
0.0,2,99.945779
0.0,2,99.947771
0.0,2,99.949694
0.0,2,99.951521
0.0,3,99.954499
0.0,3,99.957185
0.0,4,99.960877
0.0,2,99.962721
0.0,3,99.965345
0.0,3,99.968432
0.0,3,100.005255
0.0,3,100.00807
0.0,2,100.01
0.0,4,100.01345
0.0,4,100.01711
0.0,2,100.01895
0.0,2,100.020701
0.0,6,100.025915
0.0,3,100.02853
0.0,3,100.03149
1.5,2,100.033504
0.0,3,100.036505
0.0,3,100.039172
0.0,4,100.04311
0.0,5,100.047917
0.0,2,100.049843
0.0,4,100.053442
0.0,3,100.056135
0.0,2,100.058026
0.0,3,100.060669
0.0,2,100.062437
0.0,2,100.064478
1.5,2,100.066314
-1.0,4,100.069679
0.0,2,100.071547
1.5,2,100.073324
0.0,2,100.0752
0.0,3,100.077965
0.0,4,100.081447
0.0,3,100.083995
0.0,5,100.166911
0.0,4,100.170914
0.0,3,100.173713
0.0,2,100.175741
0.0,3,100.178535
0.0,4,100.182055
0.0,4,100.185799
0.0,3,100.188528
0.0,3,100.191536
0.0,4,100.195226
0.0,4,100.199125
0.0,2,100.201013
0.0,4,100.204671
0.0,3,100.207283
0.0,4,100.210833
1.5,2,100.212604
0.0,4,100.216041
0.0,2,100.218014
0.0,2,100.219723
0.0,3,100.222309
-1.0,4,100.226211
0.0,2,100.228069
1.5,2,100.229986
0.0,3,100.232994
0.85864,3,100.236
0.0,3,100.238968
0.0,2,100.240752
0.0,2,100.242448
0.0,2,100.244297
0.0,4,100.247952
0.0,3,100.25053
0.0,3,100.253419
0.0,4,100.256963
0.0,4,100.2605
-0.37107,2,100.262293
0.0,3,100.264855
0.0,2,100.266691
0.0,4,100.270169
0.0,3,100.272797
0.0,2,100.274653
0.0,4,100.277979
0.0,2,100.279755
0.0,2,100.281574
1.5,2,100.2836
0.0,4,100.287627
0.0,2,100.289575
0.0,3,100.292494
1.5,2,100.294641
0.0,3,100.297518
0.0,2,100.299311
0.0,4,100.303415
0.0,2,100.305341
0.0,3,100.3084
0.0,3,100.311111
0.0,3,100.313732
0.0,2,100.31563
0.0,4,100.319258
0.0,4,100.322929
1.5,2,100.324843
0.0,3,100.327432
0.0,2,100.329552
0.0,2,100.331317
0.0,2,100.33315
0.0,2,100.335056
0.0,2,100.337422
0.0,4,100.341591
-0.604088,4,100.345633
0.0,3,100.348274
0.0,2,100.350058
0.0,3,100.353054
0.0,2,100.3548
0.0,4,100.358387
0.0,3,100.360935
0.0,2,100.362685
0.0,4,100.366504
0.0,3,100.369106
0.0,2,100.371219
0.0,3,100.374097
0.0,3,100.376874
0.0,3,100.379788
0.0,2,100.381584
0.0,3,100.3846
1.5,2,100.386472
0.0,2,100.38833
0.0,3,100.391377
0.0,4,100.395153
0.0,3,100.398006
0.0,3,100.400856
0.0,3,100.403525
0.0,5,100.40812
0.0,3,100.41077
0.0,3,100.414161
0.0,3,100.416922
0.0,3,100.420398
0.0,3,100.423349
0.0,2,100.425225
0.0,2,100.427218
0.0,2,100.429055
0.0,5,100.433478
0.0,2,100.436059
0.0,2,100.438174
0.0,3,100.441168
0.0,4,100.444934
0.0,4,100.448833
0.0,3,100.451961
0.0,3,100.455106
0.0,3,100.457983
0.0,3,100.460984
0.0,3,100.465298
0.0,4,100.469742
1.5,2,100.472163
0.0,2,100.474862
0.0,4,100.479272
-0.13109,5,100.484679
0.0,2,100.486863
0.0,2,100.489072
1.5,2,100.491136
0.0,3,100.493775
0.0,2,100.495517
0.0,2,100.497653
0.0,3,100.500654
0.0,2,100.503061
0.0,3,100.506311
0.0,2,100.508742
0.0,2,100.511411
0.0,2,100.513987
0.0,2,100.515961
1.5,2,100.518092
0.0,5,100.522618
0.0,2,100.52461
0.0,2,100.526564
0.0,3,100.529141
0.0,2,100.531004
1.5,2,100.532856
0.0,4,100.537113
0.0,3,100.540432
0.0,2,100.542373
0.0,2,100.544284
0.0,3,100.547137
0.0,2,100.548837
0.0,2,100.550563
0.0,3,100.55328
0.0,2,100.554938
0.0,3,100.557509
0.0,4,100.560956
0.0,3,100.563526
0.0,3,100.566485
0.0,2,100.568275
0.0,2,100.570062
0.0,2,100.571827
0.0,4,100.5754
0.0,3,100.577872
0.0,4,100.581432
0.0,3,100.583833
0.0,4,100.587758
0.0,2,100.589628
0.0,2,100.591576
0.0,3,100.59471
1.5,2,100.596666
0.0,3,100.599881
0.0,4,100.603589
0.0,2,100.605394
0.0,2,100.607303
0.0,5,100.611577
0.0,2,100.613405
0.0,2,100.615413
0.0,4,100.618717
0.0,3,100.621397
1.5,2,100.623159
0.0,2,100.624884
0.0,2,100.626608
0.0,2,100.628387
0.0,2,100.630215
0.0,2,100.632042
0.0,3,100.634675
0.0,4,100.638476
0.0,2,100.640298
0.0,2,100.642232
0.0,3,100.644864
0.0,4,100.648356
0.0,2,100.650256
0.0,3,100.652857
0.0,3,100.65542
0.0,2,100.657194
0.0,3,100.65971
0.0,3,100.662313
0.0,3,100.664929
0.0,4,100.668334
0.0,4,100.671947
0.0,3,100.674599
0.0,3,100.677222
0.0,3,100.679775
-0.975778,3,100.682426
0.0,2,100.684384
0.0,2,100.68614
0.0,3,100.688688
0.0,2,100.69064
0.0,3,100.693158
0.0,2,100.694948
0.0,6,100.700404
0.0,4,100.704084
0.0,2,100.705877
0.0,3,100.708547
0.0,3,100.711444
0.0,2,100.713924
0.0,2,100.716188
0.0,4,100.720318
0.0,3,100.723132
0.0,4,100.72674
0.0,4,100.730111
0.0,4,100.73379
0.0,3,100.736648
0.0,2,100.738686
0.0,2,100.74052
0.0,6,100.745731
0.0,2,100.747643
0.0,2,100.749529
0.0,4,100.753241
0.0,3,100.755917
0.0,3,100.758511
0.0,3,100.76141
0.0,5,100.766072
0.0,2,100.768683
1.5,2,100.770622
0.0,2,100.772457
0.0,2,100.774543
0.0,5,100.778953
0.0,4,100.782695
0.0,2,100.78452
0.0,3,100.787109
0.0,2,100.789038
0.0,4,100.792518
0.0,3,100.795261
0.0,2,100.797047
0.0,2,100.79879
0.0,2,100.800645
0.0,4,100.804263
0.0,4,100.807889
0.0,4,100.811819
0.0,2,100.813666
0.0,3,100.816381
0.0,4,100.81991
0.0,4,100.823464
0.0,3,100.826061
0.0,2,100.827824
0.0,3,100.830606
0.0,3,100.833272
0.0,5,100.837898
0.0,2,100.839877
0.0,4,100.843571
0.0,3,100.846344
0.0,2,100.848099
0.0,4,100.851929
0.0,3,100.854719
0.0,2,100.856564
-0.07906,2,100.858537
0.0,2,100.860298
0.0,2,100.862164
0.0,2,100.864082
0.0,2,100.866143
0.0,4,100.869805
0.0,2,100.871942
0.0,4,100.875566
0.0,2,100.87747
0.0,3,100.880209
0.0,2,100.882014
0.0,2,100.883778
0.0,5,100.888357
0.0,3,100.891001
0.0,3,100.893705
0.0,4,100.897223
0.0,3,100.899944
0.0,2,100.901707
0.0,2,100.903454
0.0,3,100.906097
0.0,3,100.90865
1.5,2,100.910314
0.0,4,100.913909
0.0,2,100.91572
0.0,3,100.918343
0.0,3,100.921056
0.0,3,100.923694
0.0,4,100.927267
0.0,3,100.930066
0.0,2,100.93194
0.0,3,100.934731
0.0,3,100.937859
0.0,3,100.940699
1.5,2,100.942521
0.0,4,100.946076
0.0,3,100.948817
0.0,2,100.950582
0.0,5,100.955185
0.0,2,100.956991
0.0,2,100.958774
0.0,3,100.96141
0.0,2,100.963234
0.0,2,100.965194
0.0,3,100.967965
1.5,2,100.969934
0.548145,2,100.971876
0.0,3,100.974464
-0.426184,2,100.976254
0.0,4,100.979682
0.0,2,100.981459
0.0,2,100.983335
0.0,3,100.986099
0.0,3,100.9887
0.0,3,100.991408
0.0,2,100.993102
0.0,3,100.995891
0.0,3,100.998677
0.0,2,101.000502
0.0,3,101.003285
0.0,4,101.006837
0.0,3,101.009457
0.0,2,101.011523
0.0,2,101.013344
1.5,2,101.015136
0.0,3,101.017905
0.0,2,101.055456
0.0,4,101.059173
0.0,3,101.062159
0.0,4,101.065727
0.0,5,101.070189
0.0,3,101.072954
0.0,4,101.076673
0.0,4,101.080273
0.0,2,101.082075
0.0,3,101.084683
0.320151,3,101.087372
0.0,4,101.090925
0.0,4,101.094495
0.0,2,101.096275
0.0,2,101.098006
0.0,3,101.100623
0.0,3,101.103248
0.0,2,101.105067
1.5,2,101.106954
0.0,2,101.109367
0.0,4,101.113242
0.0,4,101.116834
0.0,5,101.121222
0.0,3,101.12428
0.0,2,101.126284
0.0,2,101.128215
0.0,3,101.1311
0.602511,2,101.132964
0.0,3,101.136754
0.0,2,101.13877
0.0,2,101.140725
0.0,3,101.143947
0.0,3,101.146866
0.0,2,101.148931
0.56022,2,101.150929
0.0,5,101.155359
0.0,2,101.15732
0.0,2,101.159087
0.0,2,101.230703
0.0,4,101.234352
0.0,3,101.24351
0.0,2,101.245223
0.0,2,101.247044
0.0,2,101.248815
0.0,2,101.250498
0.0,4,101.253748
0.0,3,101.256407
0.0,3,101.259103
0.0,2,101.260775
0.0,3,101.263343
0.0,2,101.264967
0.0,2,101.266555
0.0,4,101.269907
0.0,3,101.272346
0.0,2,101.274018
0.0,3,101.276442
0.0,3,101.27888
0.0,2,101.280514
0.0,5,101.284738
0.0,2,101.286417
0.0,2,101.288077
0.0,2,101.289834
0.0,3,101.292334
0.0,3,101.294818
0.0,4,101.298208
1.5,2,101.299845
0.0,2,101.301471
0.0,2,101.303266
0.0,3,101.306063
0.0,3,101.30853
0.0,4,101.311988
0.0,2,101.3136
0.0,3,101.316024
0.994284,3,101.318588
0.0,2,101.320176
0.0,3,101.32291
0.0,4,101.326238
0.0,2,101.327937
0.0,4,101.331427
1.5,2,101.333119
0.0,3,101.335545
0.0,4,101.33906
-0.120761,3,101.341854
0.0,2,101.343546
1.5,2,101.345303
0.0,3,101.347784
0.0,3,101.350197
0.0,2,101.351864
0.0,3,101.354382
0.0,3,101.356762
0.0,2,101.358409
0.0,5,101.362548
0.0,2,101.364195
0.0,2,101.366044
0.0,3,101.368545
0.0,4,101.371773
0.0,3,101.374315
0.0,2,101.375931
0.0,4,101.379208
0.0,4,101.382486
0.0,3,101.384864
0.0,3,101.387406
0.0,5,101.39133
0.0,3,101.393793
0.0,4,101.39704
0.0,2,101.398674
0.0,2,101.400349
0.0,6,101.405116
0.0,3,101.407582
0.0,3,101.410031
0.0,4,101.413175
0.0,2,101.414818
0.0,2,101.416473
0.0,3,101.418913
0.0,4,101.422281
0.0,2,101.423969
0.0,2,101.425563
0.0,3,101.427974
0.0,3,101.430446
0.0,4,101.433598
0.0,2,101.435578
0.0,3,101.438522
1.5,2,101.440205
0.0,3,101.442689
0.0,2,101.444385
0.0,3,101.44676
0.0,4,101.450141
-1.0,6,101.45488
0.0,3,101.457331
0.0,2,101.458986
-2.0,2,101.460605
0.0,4,101.464038
0.0,4,101.467263
0.0,2,101.468832
0.0,3,101.471393
1.5,2,101.473022
0.0,3,101.475429
0.0,2,101.477108
0.0,2,101.478739
0.0,3,101.481106
0.0,4,101.484404
0.0,3,101.486803
0.0,3,101.489174
0.0,4,101.492458
0.0,3,101.494872
0.0,2,101.49648
0.0,3,101.499037
0.0,2,101.500699
0.0,3,101.503081
0.0,2,101.50473
0.0,3,101.507117
0.0,3,101.509514
1.5,2,101.511097
0.0,4,101.514388
0.0,3,101.516771
0.0,2,101.518417
0.0,2,101.520184
0.0,2,101.521758
0.0,3,101.524169
1.0,2,101.525867
0.0,2,101.527488
0.0,3,101.529845
0.0,3,101.532384
0.0,3,101.535257
0.0,2,101.536954
0.0,2,101.538628
0.0,2,101.540262
0.0,3,101.542882
0.0,3,101.545674
0.0,2,101.547613
0.0,3,101.550192
0.0,4,101.553678
1.5,2,101.55543
0.0,2,101.557158
0.0,2,101.558857
0.0,3,101.56168
0.0,3,101.564318
0.0,2,101.566078
0.0,2,101.567984
0.0,4,101.571327
1.5,2,101.573079
0.0,4,101.576461
0.0,3,101.578999
0.0,2,101.580704
0.0,3,101.58329
0.0,3,101.585756
0.0,3,101.588298
0.0,5,101.592459
0.0,3,101.594965
0.0,4,101.598446
0.0,2,101.600118
0.0,4,101.6035
0.0,3,101.605926
0.0,2,101.607515
0.0,5,101.61165
0.0,3,101.614148
0.0,3,101.616824
0.0,4,101.620221
0.0,3,101.622725
0.0,4,101.62607
0.0,3,101.62851
0.0,3,101.631187
0.0,3,101.633677
0.0,3,101.63611
0.0,4,101.639764
0.0,2,101.641512
0.0,2,101.64319
0.0,3,101.64591
0.0,3,101.648626
0.0,2,101.650394
0.0,4,101.653913
0.0,2,101.655614
0.0,4,101.659031
0.0,3,101.661649
0.0,4,101.665134
0.0,3,101.668
0.0,2,101.669781
0.0,2,101.671603
0.0,3,101.674655
0.0,2,101.676428
0.0,4,101.679854
0.0,2,101.681617
0.0,3,101.684268
0.0,2,101.68602
0.0,3,101.688654
0.0,2,101.690331
1.5,2,101.691996
0.0,4,101.695498
0.0,2,101.697248
0.0,2,101.698949
0.0,2,101.700734
0.0,4,101.704125
1.0,3,101.706636
0.0,3,101.709184
0.0,2,101.710889
0.0,3,101.713488
0.0,3,101.716169
0.0,3,101.718759
0.0,3,101.7214
0.0,3,101.723925
0.0,3,101.726443
0.0,2,101.728287
1.5,2,101.730022
0.0,2,101.731716
0.0,4,101.735229
0.0,2,101.737143
0.0,3,101.73979
0.0,3,101.74237
1.0,4,101.745693
0.0,3,101.74824
0.0,3,101.750881
1.5,2,101.752555
0.0,6,101.757538
0.0,2,101.759279
0.0,3,101.761889
0.0,4,101.765466
0.0,4,101.768831
0.0,4,101.772313
0.0,4,101.775859
0.0,3,101.778492
0.0,3,101.781075
0.0,3,101.783746
0.0,4,101.787804
0.0,4,101.791527
0.0,2,101.793262
0.0,3,101.795811
0.0,3,101.798407
0.0,3,101.801026
0.0,2,101.802686
0.0,3,101.805242
0.0,3,101.807814
0.0,3,101.810326
0.0,5,101.814712
0.0,3,101.817308
0.0,4,101.82089
0.0,3,101.823472
0.0,3,101.826194
0.0,3,101.828762
0.0,2,101.83051
0.0,2,101.832433
0.0,2,101.834264
0.0,3,101.836834
0.0,4,101.840629
0.0,3,101.843592
0.0,2,101.845498
0.0,4,101.849315
0.0,3,101.851894
0.0,4,101.855509
-0.276966,2,101.857303
0.0,2,101.859141
0.0,3,101.861929
0.0,3,101.864618
0.0,2,101.866491
0.0,5,101.870945
0.0,2,101.872707
0.0,2,101.874668
0.0,2,101.876606
0.0,3,101.87995
0.0,3,101.884684
-0.283611,3,101.888311
0.0,4,101.893793
0.0,2,101.8965
0.0,2,101.898868
0.0,2,101.901362
0.0,3,101.905356
0.0,2,101.908089
0.0,2,101.911861
0.0,5,101.918599
0.0,5,101.924293
0.0,3,101.927573
0.0,4,101.933605
0.0,2,101.936219
0.0,4,101.941781
0.0,2,101.94451
0.0,3,101.948351
0.0,2,101.950756
0.0,3,101.954798
0.0,2,101.957295
0.0,2,101.959981
0.0,4,101.964664
0.0,2,101.967703
0.0,2,101.970151
0.0,3,101.974272
0.0,4,101.979182
0.0,3,101.983253
0.0,2,101.985923
0.0,4,101.990684
0.0,3,101.994782
0.0,2,101.996911
0.0,2,101.999365
0.0,2,102.001969
0.0,4,102.007248
0.0,2,102.010094
0.0,2,102.012795
0.0,3,102.017008
0.0,3,102.021249
0.0,3,102.024994
0.0,3,102.029073
0.0,2,102.031587
0.0,3,102.035473
0.0,3,102.039198
0.0,6,102.046921
1.0,3,102.051157
0.0,3,102.054811
0.0,3,102.103338
0.0,2,102.105755
0.0,3,102.110272
0.0,2,102.11283
0.0,3,102.115965
0.0,2,102.118466
0.0,2,102.120571
0.0,2,102.122817
0.0,2,102.124985
0.0,2,102.12714
0.0,4,102.131417
-0.219873,2,102.133879
0.0,2,102.136219
0.0,5,102.14291
0.0,4,102.148086
0.0,2,102.150753
0.0,2,102.153402
-0.060567,2,102.155597
0.0,3,102.158983
0.0,4,102.163875
0.0,4,102.168511
0.0,2,102.170753
0.0,3,102.174396
0.0,2,102.17657
0.0,3,102.180188
0.0,3,102.183815
0.0,3,102.187264
0.0,2,102.189781
0.0,3,102.193053
0.0,3,102.196833
0.0,2,102.199062
0.0,3,102.202566
0.0,2,102.204576
0.0,2,102.206536
0.0,2,102.209122
0.0,2,102.211241
0.0,4,102.215893
0.0,2,102.218002
0.0,4,102.222381
0.0,4,102.226427
0.0,4,102.231169
0.0,3,102.2346
0.0,2,102.237278
0.0,3,102.240565
0.0,2,102.242877
0.0,4,102.247828
1.5,2,102.250523
0.0,3,102.253619
0.0,3,102.257177
0.0,2,102.259543
0.0,2,102.261796
0.0,3,102.346276
0.0,3,102.349535
0.0,3,102.352417
0.0,2,102.354713
0.0,3,102.357808
0.0,2,102.360043
0.0,4,102.364351
1.5,2,102.366525
0.0,4,102.370836
0.0,3,102.373819
0.0,2,102.376137
0.0,3,102.379179
0.0,4,102.383221
0.0,3,102.386286
0.0,2,102.388595
0.0,2,102.391065
0.0,2,102.393903
0.0,3,102.398545
0.0,6,102.406342
0.0,2,102.408639
0.0,3,102.411948
0.0,2,102.414166
0.0,3,102.417417
0.0,2,102.419698
0.0,2,102.421755
0.0,2,102.424168
0.0,2,102.426458
0.0,3,102.429382
0.0,4,102.43375
0.0,4,102.438468
0.0,3,102.441698
0.0,3,102.444975
0.0,3,102.448577
0.0,3,102.451837
0.0,4,102.456088
0.0,3,102.459207
0.0,2,102.461396
0.0,2,102.463371
0.0,2,102.46542
0.0,2,102.467669
0.0,3,102.470906
0.0,2,102.473238
0.0,4,102.477356
0.0,3,102.480362
0.0,2,102.482474
0.0,4,102.486427
0.0,3,102.489492
0.0,4,102.493656
0.0,3,102.496909
0.0,2,102.498899
0.0,2,102.500916
0.0,2,102.50299
0.0,3,102.50587
0.0,3,102.509052
0.0,2,102.511137
0.0,3,102.514448
0.0,2,102.516602
0.0,3,102.519582
0.0,4,102.523547
0.0,3,102.526378
0.0,3,102.529675
0.0,2,102.531718
0.0,3,102.534837
0.0,2,102.53725
0.0,2,102.53932
0.0,4,102.5435
0.0,2,102.545835
0.0,3,102.549187
0.0,2,102.551384
0.0,2,102.553421
0.0,3,102.556397
0.0,4,102.560338
0.0,2,102.562452
0.0,4,102.566597
0.0,4,102.570959
0.0,2,102.573212
0.0,4,102.577433
0.0,3,102.580502
0.0,2,102.582589
0.0,4,102.586884
0.0,4,102.591173
0.0,2,102.593464
0.0,4,102.597644
0.0,2,102.599801
0.0,2,102.601746
0.0,2,102.603789
0.0,3,102.606997
0.0,3,102.609862
0.0,4,102.614147
0.0,4,102.618332
0.0,3,102.621719
0.0,2,102.623873
0.0,2,102.626009
0.0,3,102.62914
0.0,2,102.63119
0.0,2,102.633464
0.0,2,102.635651
1.5,2,102.637878
1.5,2,102.640417
0.0,3,102.644172
0.0,2,102.646355
0.0,2,102.648644
0.0,2,102.650646
0.0,3,102.653734
0.0,4,102.658021
0.0,2,102.660195
0.0,2,102.662417
0.0,5,102.667422
0.0,4,102.671571
0.0,3,102.674785
0.0,6,102.681066
0.0,2,102.683153
0.0,3,102.686097
0.0,3,102.689423
0.0,4,102.693556
0.0,4,102.697708
0.0,2,102.699647
0.0,3,102.702721
0.0,2,102.704857
0.0,5,102.709874
0.0,2,102.712065
0.0,3,102.71516
0.0,3,102.718544
0.0,2,102.720574
0.0,2,102.722646
0.0,5,102.727612
0.0,3,102.730869
0.0,3,102.734081
0.0,4,102.738495
0.0,4,102.742625
0.0,2,102.744711
0.0,3,102.748235
0.0,3,102.751868
0.0,2,102.754137
0.0,2,102.756191
0.0,4,102.760825
0.0,3,102.763972
0.0,3,102.767606
0.0,2,102.769754
0.0,2,102.771996
0.0,4,102.776319
0.0,4,102.780538
0.0,4,102.784724
0.0,3,102.788217
0.0,4,102.792478
0.0,3,102.795753
0.0,2,102.797975
0.0,3,102.801367
0.0,3,102.804867
0.0,3,102.808492
0.0,2,102.811001
0.0,3,102.814547
0.0,2,102.817158
0.0,3,102.820683
0.0,3,102.824243
0.0,3,102.82757
0.0,4,102.832354
0.0,3,102.836056
0.0,4,102.840833
0.0,4,102.845987
0.0,2,102.848878
0.0,2,102.851398
0.0,4,102.856189
0.0,3,102.859679
0.0,2,102.862107
0.0,3,102.86619
0.0,2,102.86919
0.0,2,102.871833
0.0,3,102.875468
0.0,3,102.878838
0.0,2,102.881021
0.0,3,102.885298
0.0,3,102.888983
0.0,3,102.893168
0.0,3,102.897209
0.0,2,102.899883
0.0,2,102.902622
0.225631,3,102.907151
0.029593,3,102.91133
0.0,3,102.915128
0.0,5,102.922179
0.0,3,102.92597
0.0,3,102.929489
0.0,4,102.935144
0.0,3,102.939255
0.0,2,102.941774
0.0,4,102.94641
0.0,2,102.949228
0.0,3,102.953
0.0,6,102.960293
0.0,3,102.963872
0.0,2,102.966673
0.0,2,102.969486
0.0,3,102.973516
0.0,2,102.976333
0.0,2,102.978991
0.0,2,102.982023
0.0,5,102.990341
0.0,2,102.994383
0.0,3,102.998903
0.0,2,103.001418
0.0,5,103.007538
0.0,3,103.011845
0.0,3,103.016123
0.0,4,103.02175
0.0,4,103.02774
0.0,4,103.033505
0.0,3,103.037836
0.0,3,103.041797
0.0,2,103.044767
0.0,3,103.049447
0.0,4,103.054884
0.0,5,103.063824
0.0,3,103.068179
0.0,2,103.07074
0.0,4,103.075444
0.0,3,103.078954
-0.277494,4,103.083364
0.0,2,103.085633
0.0,4,103.090125
0.0,3,103.093592
0.0,4,103.098009
1.5,2,103.100341
0.210621,2,103.10252
0.0,4,103.106706
0.0,2,103.109061
0.0,4,103.113331
0.0,2,103.115549
0.0,3,103.118735
0.0,4,103.122949
0.0,3,103.126039
0.0,4,103.130429
0.0,3,103.133546
0.0,2,103.135905
0.0,4,103.139921
0.0,3,103.143449
0.0,4,103.148218
0.0,2,103.150408
0.0,4,103.154464
0.0,3,103.157696
0.0,3,103.160646
0.0,3,103.163985
1.5,2,103.166038
0.0,2,103.168456
0.0,3,103.172024
0.0,2,103.174098
1.5,2,103.176252
0.0,4,103.180529
1.5,2,103.183068
0.0,3,103.186639
0.0,2,103.189043
0.0,3,103.192518
0.0,3,103.195571
0.0,2,103.197996
-0.083876,5,103.203549
0.0,2,103.205999
0.0,3,103.209228
0.0,2,103.211627
0.0,2,103.213953
0.0,2,103.216057
0.0,2,103.218522
0.0,2,103.220869
0.0,4,103.225277
0.0,2,103.227658
0.0,2,103.229752
0.0,3,103.233212
0.0,2,103.235366
0.526384,3,103.238613
0.0,4,103.243047
0.0,4,103.247607
0.0,3,103.251128
0.0,2,103.253508
0.0,4,103.257547
0.0,2,103.25966
0.0,2,103.261863
0.0,3,103.264879
0.0,3,103.268158
0.0,3,103.271705
0.0,4,103.276542
0.0,5,103.282271
0.0,2,103.285013
0.0,2,103.28779
0.0,2,103.290327
0.0,2,103.29247
0.0,4,103.296899
0.0,6,103.303448
0.0,2,103.305557
0.0,2,103.307662
0.0,3,103.310972
1.5,2,103.312919
0.0,2,103.314997
0.0,2,103.317364
0.0,2,103.31942
0.0,2,103.321567
0.0,2,103.323844
0.0,2,103.325908
0.0,2,103.327935
0.0,4,103.332095
0.0,2,103.334112
1.5,2,103.375476
0.0,3,103.378481
1.5,2,103.380577
0.0,3,103.383563
0.0,2,103.385775
0.0,5,103.390717
0.0,3,103.39456
0.0,2,103.397085
0.0,3,103.400662
1.5,2,103.4029
0.0,3,103.406451
0.0,4,103.410794
0.0,3,103.414199
0.0,2,103.416464
0.0,3,103.419825
0.0,3,103.423157
0.0,4,103.427673
0.0,4,103.432072
0.0,4,103.436945
0.0,3,103.440501
0.0,3,103.443653
0.0,2,103.445781
0.0,5,103.45149
0.0,5,103.457285
0.0,3,103.46062
1.5,2,103.462961
0.0,3,103.466291
0.0,2,103.468393
0.0,3,103.471724
0.0,2,103.473917
0.0,3,103.477226
0.0,2,103.479313
0.0,3,103.482433
0.0,3,103.485514
0.0,3,103.488601
0.0,2,103.490791
1.5,2,103.492889
0.0,2,103.495063
0.0,3,103.498437
0.0,2,103.500532
0.0,3,103.503745
0.0,4,103.507998
0.0,2,103.510235
0.0,2,103.51248
0.0,5,103.517517
0.0,3,103.52068
0.0,5,103.525934
0.0,4,103.529947
0.0,3,103.533191
0.0,3,103.536126
0.0,6,103.542355
0.0,2,103.544515
0.0,2,103.547017
0.0,2,103.632779
1.0,3,103.637798
0.0,2,103.641827
0.0,3,103.64825
0.0,2,103.652293
0.0,2,103.655635
0.0,2,103.659356
1.216458,2,103.663334
0.0,4,103.670932
0.0,4,103.678844
0.0,2,103.682227
0.0,3,103.687318
0.0,2,103.690583
0.0,2,103.69397
0.0,4,103.700618
0.0,2,103.703577
0.0,4,103.708863
0.0,3,103.712679
0.0,2,103.714883
0.0,2,103.717234
0.0,5,103.722862
1.5,2,103.72499
0.0,2,103.72735
0.0,3,103.730441
0.0,2,103.732699
0.0,5,103.738109
0.0,2,103.740165
0.012782,3,103.743391
0.0,2,103.745548
0.0,4,103.749639
0.0,3,103.753185
0.0,3,103.756688
0.0,4,103.761029
0.0,2,103.763516
0.0,2,103.765557
0.0,2,103.76781
0.0,2,103.770297
0.0,4,103.7745
0.0,3,103.777917
0.0,3,103.780994
0.0,2,103.783207
0.0,4,103.787046
0.0,3,103.790402
0.0,2,103.792645
0.0,4,103.79674
0.0,4,103.800494
0.0,4,103.804459
0.0,2,103.806411
0.0,2,103.8085
0.0,4,103.812833
0.0,3,103.816039
0.0,4,103.820558
0.0,3,103.823646
0.0,2,103.82591
0.0,4,103.830183
0.0,2,103.832524
0.0,3,103.835644
0.0,2,103.837953
0.0,2,103.840152
0.0,3,103.843289
0.0,5,103.849218
0.0,2,103.851633
0.0,2,103.853832
0.0,2,103.856103
0.0,3,103.859868
0.0,4,103.86422
0.0,3,103.867794
0.0,2,103.870115
0.0,3,103.873911
0.0,2,103.876203
0.0,2,103.878391
0.0,3,103.881636
0.0,2,103.883701
1.5,2,103.885905
0.0,2,103.888258
0.0,4,103.89252
0.0,3,103.895778
0.0,3,103.898959
0.0,3,103.90214
0.0,3,103.905119
0.0,4,103.90953
0.0,5,103.915057
0.0,3,103.918403
0.0,2,103.920586
0.0,3,103.923678
0.0,2,103.925567
0.0,3,103.92877
0.0,3,103.931634
0.0,2,103.933699
0.0,2,103.93644
1.5,2,103.938635
0.0,2,103.940867
0.0,5,103.946081
0.0,2,103.948152
0.0,3,103.951707
0.0,2,103.954248
0.0,2,103.956527
0.0,4,103.960548
0.0,2,103.962819
0.0,3,103.966117
-0.187663,2,103.968389
-0.910392,4,103.972752
0.0,3,103.975837
-1.976149,2,103.977991
-1.674406,2,103.980067
0.0,3,103.983168
0.0,3,103.986661
0.0,2,103.989046
0.0,3,103.993198
0.0,3,103.999274
0.0,2,104.001925
0.0,3,104.005491
0.0,4,104.009913
0.0,5,104.015831
0.0,2,104.018333
0.0,4,104.023102
-0.9341,2,104.025738
0.0,3,104.029185
0.0,4,104.033475
0.0,2,104.035646
0.0,4,104.040109
0.0,3,104.043401
0.0,2,104.045556
0.0,2,104.049195
0.0,2,104.051715
0.0,3,104.055689
0.0,4,104.060338
0.0,5,104.065673
0.0,3,104.069426
0.0,5,104.075367
0.0,2,104.077651
0.0,2,104.080088
0.0,3,104.083695
0.0,3,104.086965
0.0,2,104.089451
0.0,2,104.091791
0.0,2,104.09439
0.0,2,104.096986
-0.019676,7,104.105021
0.0,4,104.109918
0.0,2,104.112347
0.0,2,104.114687
0.0,2,104.117231
-0.698068,3,104.120751
0.0,2,104.123105
0.0,2,104.125487
0.0,4,104.130312
0.0,3,104.133696
0.0,3,104.137801
0.0,2,104.140301
0.0,3,104.144229
0.0,2,104.147068
0.0,3,104.152761
0.0,5,104.158748
0.0,3,104.162279
0.0,2,104.164872
0.0,2,104.167092
0.0,3,104.170375
0.0,4,104.174934
0.0,2,104.177122
0.0,2,104.179634
0.0,2,104.181841
0.0,2,104.184542
0.0,3,104.18824
0.0,2,104.190455
1.5,2,104.193101
0.0,3,104.196355
0.0,5,104.201726
0.0,3,104.204813
0.0,5,104.209668
0.0,2,104.211704
0.0,4,104.216818
1.5,2,104.219175
0.0,3,104.222504
0.0,3,104.22562
0.0,3,104.229048
0.0,4,104.233153
0.0,3,104.236494
0.0,3,104.239701
1.5,2,104.241922
0.0,3,104.24495
0.0,2,104.247229
0.0,2,104.249585
0.0,2,104.252014
0.0,2,104.254487
0.0,2,104.257014
0.0,3,104.260218
0.0,2,104.262734
0.0,3,104.265928
0.0,3,104.269523
0.0,2,104.271837
0.0,3,104.275172
0.0,3,104.27851
0.0,3,104.281867
0.0,4,104.286423
0.0,4,104.291109
0.0,3,104.294236
0.0,2,104.296421
0.0,3,104.299835
0.0,3,104.303001
0.0,3,104.306611
0.0,2,104.308808
0.0,3,104.312372
0.0,4,104.316889
1.5,2,104.319299
0.0,5,104.325544
0.0,6,104.332043
0.0,3,104.335359
0.0,2,104.337629
0.0,3,104.341189
0.0,2,104.343317
0.0,4,104.348073
0.0,3,104.351372
0.0,2,104.35401
0.0,5,104.359703
0.0,4,104.363965
0.0,4,104.368515
0.0,6,104.374846
0.0,2,104.37716
0.0,3,104.380286
0.0,3,104.383371
0.0,3,104.386364
0.0,5,104.394164
0.0,3,104.398886
0.0,2,104.401958
0.0,2,104.404264
0.0,3,104.408545
0.0,3,104.411876
1.5,2,104.414107
0.0,3,104.417527
0.0,2,104.420039
0.0,4,104.424471
0.0,3,104.427996
0.0,2,104.430582
0.0,2,104.432986
0.0,4,104.438195
0.0,2,104.440673
0.0,4,104.44506
0.0,2,104.4471
0.0,3,104.450795
0.0,4,104.456212
0.0,3,104.460133
0.0,4,104.465085
0.0,2,104.467346
0.0,4,104.472265
0.0,2,104.474567
1.5,2,104.476647
0.0,2,104.479159
0.0,2,104.481217
1.5,2,104.483201
0.0,3,104.486533
0.0,4,104.490598
0.0,2,104.493202
0.0,4,104.497692
0.0,4,104.502349
0.0,2,104.504587
0.0,3,104.50804
0.0,2,104.510285
0.0,3,104.513758
0.0,3,104.517168
0.0,5,104.522607
1.5,2,104.524542
0.0,5,104.529643
0.0,3,104.532671
1.5,2,104.534688
0.0,2,104.53665
0.0,2,104.538725
0.0,3,104.542259
0.0,2,104.544577
0.0,3,104.548378
0.0,4,104.554119
0.0,3,104.558077
0.0,3,104.564077
0.0,2,104.567588
0.0,4,104.572607
0.0,3,104.578843
0.0,3,104.585492
0.0,5,104.594225
0.0,2,104.597665
0.0,3,104.602021
0.0,3,104.60673
0.0,4,104.611683
0.0,2,104.613621
0.0,5,104.619391
0.0,5,104.625101
0.0,2,104.627296
0.0,3,104.630558
0.0,2,104.632987
0.0,2,104.63534
0.0,3,104.639177
0.0,3,104.684772
0.0,5,104.691199
-0.157158,4,104.696338
1.5,2,104.69872
0.0,3,104.702248
0.0,3,104.705427
0.0,4,104.709988
0.0,2,104.712005
0.0,2,104.714504
0.0,2,104.717014
0.0,2,104.719187
0.0,4,104.723731
0.0,2,104.725869
0.0,2,104.728506
0.0,4,104.732693
0.0,4,104.737303
0.0,3,104.740497
0.0,3,104.744232
0.0,4,104.748529
0.0,3,104.752018
0.0,2,104.7544
0.0,4,104.75873
0.0,2,104.761081
0.0,2,104.763516
0.0,3,104.766733
1.5,2,104.769068
0.0,2,104.771532
0.0,2,104.773886
0.0,5,104.779503
0.0,3,104.782664
0.0,2,104.785143
0.0,3,104.788653
0.0,2,104.791135
0.0,2,104.793476
0.0,4,104.797966
0.0,2,104.800123
0.0,5,104.805497
0.0,4,104.809303
0.0,2,104.811487
0.0,2,104.813818
0.0,2,104.815935
0.0,2,104.818752
0.0,3,104.822792
0.0,3,104.829024
0.0,2,104.831677
0.0,2,104.835276
0.0,3,104.840358
0.0,4,104.846049
0.0,3,104.850289
0.0,4,104.855521
0.0,2,104.858941
0.0,3,104.864053
0.0,3,104.869455
0.0,3,104.87484
0.0,3,104.879719
0.0,2,104.883214
0.0,2,104.886594
0.0,3,104.89173
0.0,4,104.897025
0.0,3,104.902193
0.0,3,104.906318
0.0,2,104.909425
0.0,4,104.916528
0.0,3,104.922298
0.0,3,105.022524
1.5,2,105.02507
0.0,4,105.031137
0.0,3,105.035951
-0.057385,3,105.039756
0.0,2,105.042457
0.0,3,105.045627
0.0,2,105.047954
0.0,2,105.050163
0.0,2,105.052562
0.0,4,105.05841
-1.0,4,105.062815
0.0,3,105.066158
0.0,3,105.069685
0.0,3,105.074051
0.0,4,105.078632
0.0,3,105.082038
0.0,3,105.086523
-0.197284,2,105.090018
0.0,3,105.093514
0.0,4,105.097752
0.0,2,105.100074
0.0,4,105.104597
0.0,3,105.107864
0.0,2,105.11032
2.0,2,105.113395
0.0,2,105.116642
0.0,2,105.120519
0.0,3,105.124448
0.0,4,105.129648
0.0,2,105.132373
0.0,2,105.134897
0.0,3,105.138564
0.0,3,105.14193
0.0,4,105.147319
0.0,4,105.154196
0.0,2,105.157928
0.0,3,105.161746
0.0,3,105.164934
0.0,2,105.167329
0.0,3,105.170412
0.0,4,105.174568
0.418451,2,105.176574
0.0,5,105.181723
1.5,2,105.183571
0.0,2,105.185557
-0.179662,4,105.189896
0.0,5,105.19497
0.0,2,105.19689
0.0,3,105.199739
0.0,4,105.203854
1.5,2,105.20573
0.0,2,105.207821
0.0,3,105.211027
0.0,3,105.214168
0.0,3,105.217506
0.0,4,105.221877
1.5,2,105.223972
0.0,2,105.226031
0.0,2,105.228503
0.0,2,105.231729
0.0,3,105.23746
0.0,3,105.241255
0.0,4,105.245931
0.0,2,105.248243
0.0,3,105.251915
0.0,2,105.254195
0.0,3,105.258007
-0.324812,3,105.261399
0.0,4,105.265676
0.0,3,105.268881
1.5,2,105.271251
0.0,2,105.27357
0.0,2,105.275831
0.0,4,105.2802
0.0,3,105.283505
0.0,3,105.286882
0.0,2,105.288984
0.0,2,105.291057
1.5,2,105.293232
0.0,4,105.297368
0.0,3,105.300663
0.0,2,105.302798
0.0,3,105.30673
0.0,3,105.310071
0.0,2,105.312582
0.0,2,105.315096
1.5,2,105.31746
0.0,3,105.321178
0.0,2,105.324038
1.5,2,105.326922
0.0,3,105.33084
0.0,3,105.334675
0.0,3,105.338584
0.0,5,105.344989
0.0,4,105.349228
0.0,5,105.354924
0.0,3,105.358449
0.0,4,105.36295
0.0,2,105.365003
0.0,2,105.366951
0.0,2,105.369492
0.0,2,105.371745
0.0,3,105.375071
0.0,4,105.379734
0.0,3,105.3834
-0.423917,2,105.385566
0.0,2,105.38764
0.0,3,105.391054
0.0,2,105.393075
0.0,2,105.395158
0.0,4,105.399689
0.0,3,105.403114
0.0,2,105.405372
0.0,5,105.411093
0.0,3,105.414275
0.0,2,105.417001
0.0,2,105.419262
0.0,4,105.42371
0.0,3,105.427513
0.0,4,105.432177
0.0,3,105.435769
0.0,4,105.440442
0.0,2,105.442544
0.0,3,105.445759
0.0,2,105.447822
0.0,2,105.449891
0.0,2,105.452475
0.0,3,105.455707
1.5,2,105.457969
0.0,2,105.46043
0.0,2,105.462738
0.0,3,105.466084
0.0,2,105.46818
0.0,2,105.470201
0.0,4,105.474431
1.5,2,105.476596
0.0,2,105.478819
0.0,2,105.480929
0.0,4,105.484799
0.0,2,105.487217
0.0,2,105.48923
0.0,3,105.492364
0.0,5,105.497604
0.0,3,105.500809
0.0,2,105.502723
0.0,5,105.507711
0.0,4,105.51148
0.0,2,105.513546
1.5,2,105.515995
0.0,3,105.519187
0.0,2,105.521349
0.0,3,105.524282
0.0,2,105.526164
0.0,2,105.528464
0.0,3,105.531651
0.0,3,105.534837
0.0,3,105.538145
0.0,2,105.540163
0.0,3,105.543375
0.0,2,105.54539
0.0,3,105.54833
0.0,4,105.552659
-0.368192,2,105.554643
0.0,5,105.559391
-1.0,3,105.562453
0.0,2,105.564616
0.0,2,105.566506
0.0,2,105.568569
0.0,2,105.570791
0.0,2,105.572808
0.0,2,105.574662
0.0,3,105.577645
0.0,2,105.579509
0.0,4,105.583423
0.0,2,105.585582
0.0,2,105.587664
0.0,2,105.589663
0.0,2,105.591867
0.0,3,105.594888
0.0,3,105.599092
0.0,3,105.603214
0.0,2,105.606114
0.0,4,105.612019
0.0,2,105.615158
0.0,3,105.619654
1.5,2,105.622427
0.0,2,105.62538
0.0,3,105.62955
0.0,3,105.633958
0.036174,3,105.63707
0.0,4,105.641438
0.0,3,105.644564
0.0,4,105.648683
0.0,2,105.650606
0.0,3,105.654164
0.0,3,105.657603
0.0,4,105.66186
0.0,2,105.663935
0.0,3,105.666948
0.0,2,105.669135
1.5,2,105.671091
0.0,4,105.675115
0.0,4,105.679337
0.0,4,105.683442
0.0,4,105.687622
0.0,2,105.689912
0.0,3,105.693036
0.0,2,105.695079
0.0,3,105.698096
0.0,3,105.701048
0.888468,4,105.7051
0.0,4,105.709613
0.0,3,105.713028
0.0,3,105.716315
0.0,2,105.718614
0.0,2,105.72058
0.0,2,105.722581
1.5,2,105.724461
0.0,3,105.727337
0.0,3,105.730449
0.0,4,105.734337
1.5,2,105.736328
0.0,4,105.740525
1.37364,2,105.742694
0.0,2,105.744898
0.582514,2,105.746829
0.0,4,105.750859
0.0,3,105.754017
0.0,4,105.758004
0.0,3,105.761278
0.0,2,105.763404
0.0,3,105.766461
0.0,3,105.769557
0.0,3,105.7731
0.0,2,105.775085
0.0,3,105.778155
0.0,2,105.780207
0.0,3,105.782982
0.0,2,105.785242
0.0,3,105.788314
1.5,2,105.790172
0.0,3,105.793418
0.0,2,105.795312
0.0,3,105.798212
0.0,3,105.802005
0.0,2,105.803928
0.0,4,105.807859
0.0,2,105.809715
0.0,2,105.81152
0.0,4,105.815564
0.0,3,105.818311
0.0,2,105.820256
0.0,2,105.822118
0.0,5,105.826417
0.0,3,105.829476
0.0,3,105.832202
0.0,4,105.83597
1.5,2,105.837749
0.0,3,105.840494
0.0,3,105.843416
0.0,2,105.845188
0.0,3,105.847967
0.0,5,105.852748
0.0,2,105.854859
0.0,5,105.859869
0.0,2,105.861946
0.0,3,105.86477
0.0,5,105.869517
0.0,3,105.872398
0.0,2,105.874115
0.0,2,105.87618
0.0,2,105.878018
0.0,3,105.880748
0.0,5,105.88568
0.0,2,105.887691
0.0,4,105.891706
0.0,2,105.893588
0.0,4,105.89747
0.0,2,105.899246
0.0,2,105.90114
0.0,2,105.903139
0.0,2,105.905181
0.0,3,105.908
0.0,2,105.909905
0.0,2,105.912112
0.0,3,105.915112
0.0,4,105.919052
0.0,2,105.920994
0.0,3,105.923787
0.0,6,105.969419
0.0,3,105.972205
0.0,4,105.976159
0.0,2,105.978015
0.0,2,105.979913
0.0,4,105.983536
0.0,2,105.985356
0.0,4,105.989522
0.0,5,105.994432
0.0,3,105.997301
0.0,2,105.999273
0.0,2,106.001397
0.0,3,106.004206
0.0,2,106.006128
0.0,3,106.009249
0.0,3,106.013228
0.0,2,106.016555
1.5,2,106.019483
0.0,2,106.022619
0.0,2,106.025673
0.0,3,106.031422
1.5,2,106.034523
0.0,2,106.037076
0.0,4,106.041185
0.0,3,106.044455
1.5,2,106.046621
0.0,3,106.049796
0.0,3,106.052953
0.0,5,106.058095
0.0,2,106.06037
0.0,2,106.062387
0.0,2,106.064546
0.0,2,106.066458
0.0,4,106.070033
0.0,3,106.073263
0.0,2,106.075189
0.0,3,106.078188
0.0,3,106.081349
0.0,2,106.083347
0.0,3,106.086509
0.0,2,106.088369
0.0,3,106.090984
0.0,2,106.093059
0.0,3,106.095729
0.0,3,106.098554
0.0,4,106.102066
0.0,4,106.105566
0.0,3,106.10824
0.0,3,106.110821
0.0,3,106.113856
0.0,3,106.116587
0.0,3,106.119545
0.0,2,106.12175
0.0,2,106.123629
1.5,2,106.125518
0.0,2,106.127588
0.0,2,106.129443
0.0,4,106.133409
0.0,3,106.13648
0.0,2,106.138501
0.0,3,106.141497
0.0,2,106.143392
0.0,2,106.145384
0.0,3,106.148476
0.0,3,106.151117
0.0,2,106.152963
0.0,2,106.155208
0.0,2,106.157387
0.0,2,106.159361
0.0,3,106.162416
0.0,2,106.1644
0.0,3,106.167309
0.0,2,106.169406
1.5,2,106.171317
0.0,2,106.173167
0.0,4,106.176967
0.0,2,106.178771
0.0,3,106.265373
0.0,3,106.268546
0.0,3,106.271552
0.0,3,106.274866
0.0,2,106.276746
0.0,2,106.278537
0.0,2,106.28071
0.0,3,106.283303
0.0,2,106.285098
0.0,2,106.287233
0.0,2,106.28921
0.0,3,106.291968
0.0,3,106.294922
0.0,3,106.29755
0.0,2,106.299383
0.0,5,106.304077
0.0,4,106.308549
0.0,2,106.310386
0.0,3,106.313073
0.0,2,106.315155
0.0,2,106.317008
0.0,3,106.319731
0.0,2,106.321651
0.0,3,106.32419
0.0,3,106.326654
0.0,2,106.328597
0.0,2,106.330566
0.0,3,106.333216
0.0,2,106.335246
0.0,2,106.337281
0.0,4,106.340803
0.0,2,106.342838
0.0,2,106.344832
0.0,5,106.349407
0.0,3,106.352233
0.0,4,106.355906
0.0,2,106.357787
0.0,3,106.360741
0.0,3,106.363497
0.0,2,106.365458
0.0,3,106.368145
0.0,2,106.370239
0.0,2,106.372263
0.0,3,106.374865
0.0,2,106.376688
1.5,2,106.378573
0.0,3,106.381222
0.0,2,106.383078
0.0,2,106.38534
0.0,3,106.388239
0.0,2,106.39014
0.0,2,106.392347
0.0,3,106.395026
0.0,2,106.396987
0.0,4,106.400692
0.0,3,106.403324
0.0,3,106.406083
0.0,5,106.410303
0.0,3,106.41327
0.0,3,106.415999
0.0,2,106.417951
0.0,2,106.419888
0.0,4,106.423263
0.0,2,106.425085
0.0,3,106.427833
0.0,2,106.429618
0.0,2,106.431331
0.0,4,106.435929
0.0,2,106.437875
1.5,2,106.439931
0.0,2,106.441798
0.0,2,106.443656
0.0,2,106.445555
0.0,2,106.447361
0.0,3,106.450109
0.0,5,106.454742
0.0,2,106.456616
0.0,2,106.4584
0.0,4,106.462175
0.0,4,106.466079
0.0,4,106.470017
0.0,2,106.471745
0.0,2,106.47358
0.0,3,106.4765
0.0,3,106.479243
0.0,3,106.482157
0.0,3,106.484829
0.0,2,106.486611
0.0,2,106.48868
0.0,2,106.490744
0.0,3,106.493542
0.0,3,106.496276
0.0,4,106.499657
0.0,2,106.501386
1.5,2,106.503463
0.0,2,106.505214
0.0,3,106.507722
0.0,2,106.50972
0.0,2,106.511653
0.0,2,106.513423
0.0,2,106.515206
0.0,2,106.517309
0.0,4,106.520933
0.0,3,106.523623
0.0,2,106.525442
0.0,2,106.527112
0.0,4,106.530886
0.0,2,106.532809
0.0,2,106.534646
0.0,3,106.537555
0.0,2,106.539589
0.0,2,106.541371
0.0,2,106.543257
0.0,2,106.545278
0.0,5,106.549581
0.0,2,106.551559
0.0,3,106.554573
0.0,3,106.557577
0.0,3,106.560482
1.0,4,106.564183
0.0,3,106.567137
0.0,2,106.568836
1.5,2,106.570597
0.0,2,106.572443
0.0,4,106.576066
0.0,2,106.577824
1.269895,2,106.579666
0.0,3,106.58242
0.0,2,106.584074
0.0,4,106.587789
0.0,2,106.58965
0.0,3,106.592332
-0.194608,3,106.595382
0.0,2,106.59714
0.0,2,106.59896
0.0,4,106.602545
0.0,2,106.604254
0.0,2,106.606093
0.0,2,106.607985
0.0,2,106.609743
1.5,2,106.611413
0.0,2,106.613197
0.0,2,106.61542
0.0,3,106.618091
0.0,2,106.620034
1.5,2,106.621835
0.0,3,106.624383
0.0,3,106.626929
0.0,3,106.629945
0.0,3,106.632566
0.0,2,106.634512
1.5,2,106.636572
0.0,5,106.640945
1.5,2,106.643056
0.0,2,106.64495
0.0,4,106.648471
0.0,2,106.650564
0.0,2,106.652368
0.0,4,106.656161
0.281196,4,106.659897
0.0,4,106.663722
0.0,2,106.66549
0.0,2,106.667256
0.0,2,106.669148
0.0,4,106.673021
0.0,3,106.675611
0.145632,3,106.678477
0.0,2,106.680159
0.0,2,106.681864
0.0,2,106.683831
0.0,3,106.686792
0.0,2,106.688596
0.0,3,106.691599
0.0,3,106.694349
0.0,5,106.698796
0.0,3,106.701236
0.0,4,106.704632
0.0,5,106.70872
0.0,6,106.714291
0.0,2,106.716179
0.0,4,106.719898
0.0,3,106.722465
0.0,2,106.724326
0.0,3,106.72709
0.0,3,106.729626
0.0,3,106.732341
0.0,2,106.734351
0.0,3,106.737011
0.0,2,106.738828
0.0,4,106.742739
0.0,3,106.745447
0.0,2,106.747349
0.0,4,106.750815
0.0,4,106.754578
0.0,3,106.757328
0.0,5,106.762007
0.0,2,106.764272
0.0,4,106.768195
0.0,2,106.770276
0.0,2,106.772057
0.0,4,106.77597
0.0,3,106.778652
0.0,4,106.782364
0.0,4,106.785747
0.0,2,106.7876
0.0,2,106.789763
0.0,3,106.792423
0.0,3,106.795309
0.0,2,106.797028
0.0,2,106.798701
0.0,2,106.800481
0.0,3,106.803173
0.0,2,106.805028
0.0,4,106.80876
0.0,2,106.811136
0.0,6,106.816869
0.0,2,106.818675
0.0,3,106.821313
0.0,2,106.82314
0.0,3,106.82571
0.0,4,106.829357
0.0,5,106.834123
0.0,3,106.837044
0.0,3,106.839994
0.0,5,106.844688
0.0,3,106.847329
0.0,3,106.849935
0.0,4,106.853866
0.0,3,106.85677
0.0,2,106.858831
0.0,2,106.86093
0.0,3,106.863658
0.0,2,106.865647
0.0,4,106.869191
0.0,3,106.872047
0.0,3,106.874757
0.0,2,106.876561
0.0,3,106.879313
0.0,5,106.883376
0.0,3,106.886275
0.0,3,106.888891
0.0,3,106.891757
0.0,3,106.895232
0.0,2,106.897444
0.0,2,106.899668
0.0,2,106.901723
0.0,3,106.904758
0.0,2,106.907202
0.0,4,106.911233
0.0,2,106.913085
0.0,2,106.915308
0.0,4,106.918759
0.0,3,106.921713
0.0,2,106.923492
0.0,3,106.926082
0.0,2,106.928068
0.0,4,106.931566
0.0,3,106.934733
0.0,3,106.937855
0.0,2,106.93992
0.0,2,106.942514
1.0,4,106.949073
0.0,2,106.952473
0.0,3,106.956451
0.0,2,106.958586
0.0,2,106.960436
0.0,5,106.965342
-0.815801,5,106.970374
0.0,2,106.972355
0.0,2,106.974261
1.5,2,106.976326
0.0,2,106.978235
0.0,2,106.980135
0.0,3,106.98333
0.0,4,106.98708
0.0,3,106.990236
0.0,3,106.993158
0.0,4,106.997023
0.0,2,106.998802
0.0,3,107.001395
0.0,3,107.00432
0.0,3,107.007033
0.0,3,107.009845
-0.053322,3,107.012914
0.0,5,107.054303
0.0,4,107.057942
0.0,3,107.060841
0.0,5,107.065255
0.0,4,107.068996
0.0,2,107.070703
1.5,2,107.072398
0.0,3,107.075283
0.0,2,107.077058
0.0,5,107.081489
0.0,3,107.08398
0.0,3,107.086673
0.0,2,107.088701
0.0,3,107.091328
0.0,3,107.09399
0.0,2,107.095718
1.5,2,107.097443
0.0,4,107.100938
0.0,2,107.102861
0.0,2,107.104637
0.0,2,107.106327
0.0,3,107.109181
0.0,2,107.110975
0.0,4,107.114722
0.0,2,107.116748
0.0,5,107.121056
1.5,2,107.122941
1.5,2,107.124615
0.0,2,107.126433
0.0,3,107.12911
0.0,4,107.132588
0.0,2,107.134608
0.0,2,107.136629
0.0,3,107.139258
0.0,3,107.141976
0.0,2,107.143785
0.0,2,107.145494
0.0,3,107.148121
0.0,4,107.151762
0.0,2,107.153565
1.5,2,107.155317
0.0,3,107.158214
1.5,2,107.160302
0.0,2,107.162145
0.0,3,107.166021
0.0,3,107.169134
0.0,2,107.171262
0.0,2,107.173216
0.0,4,107.176816
0.0,3,107.17957
0.0,4,107.183155
0.0,2,107.185198
0.0,2,107.187024
0.0,3,107.18966
0.0,2,107.191646
0.0,3,107.194507
0.0,2,107.196338
0.0,3,107.199418
1.5,2,107.201336
0.0,3,107.204091
0.0,4,107.207889
0.0,2,107.209644
0.0,2,107.211534
0.0,4,107.215378
0.0,2,107.217155
0.0,2,107.219095
0.0,4,107.223075
0.0,2,107.224819
0.0,4,107.22841
0.0,3,107.231131
0.0,2,107.233328
0.0,2,107.235278
0.0,2,107.237108
1.5,2,107.238941
0.0,2,107.240947
0.0,3,107.243535
1.5,2,107.245246
0.0,2,107.247109
0.0,3,107.249816
0.0,4,107.253272
0.0,4,107.256915
0.0,2,107.258631
0.0,4,107.26216
0.0,2,107.264138
0.0,3,107.347507
0.0,2,107.349399
0.0,2,107.351272
0.0,5,107.355884
0.0,3,107.358732
0.0,3,107.361639
0.0,2,107.363488
0.0,2,107.365314
0.0,4,107.368889
0.0,2,107.37068
0.0,2,107.372621
0.0,2,107.374602
0.0,2,107.376318
0.0,2,107.378032
0.0,2,107.379991
0.0,2,107.381745
0.0,4,107.385067
0.0,6,107.39045
0.0,2,107.392694
0.0,3,107.395839
0.0,5,107.400314
0.0,3,107.402932
0.0,3,107.405529
0.0,3,107.408351
0.0,2,107.41011
0.0,3,107.412731
0.0,3,107.41555
0.0,4,107.418947
0.0,4,107.42252
0.0,2,107.424223
0.0,4,107.427566
0.0,2,107.429646
0.0,2,107.4315
0.0,2,107.433306
0.137463,3,107.436582
0.0,2,107.43853
0.0,3,107.44126
0.0,2,107.443436
0.0,2,107.445143
0.0,3,107.447749
0.0,2,107.449934
0.0,2,107.451787
0.0,2,107.453613
1.5,2,107.455687
0.0,3,107.458439
0.0,2,107.460197
0.0,3,107.462943
0.0,2,107.464974
0.0,4,107.468747
0.0,4,107.472793
0.0,2,107.474586
0.0,4,107.478235
0.0,2,107.480018
0.0,2,107.481645
0.0,2,107.483633
0.0,2,107.486396
0.0,2,107.488897
0.0,3,107.492805
0.0,2,107.495378
0.0,2,107.497986
0.0,5,107.50354
0.0,3,107.507364
0.0,3,107.510828
0.0,3,107.515065
-1.0,2,107.517452
0.0,2,107.520238
0.0,3,107.52383
0.0,5,107.529289
1.5,2,107.531115
0.0,2,107.533336
0.0,4,107.536919
0.0,3,107.5398
0.0,4,107.543319
0.0,3,107.546059
0.0,5,107.550249
0.0,2,107.552003
0.0,2,107.554043
1.5,2,107.555878
0.0,3,107.55846
0.450668,3,107.561261
0.0,2,107.563151
0.0,3,107.565929
1.5,2,107.567778
0.0,2,107.56961
0.0,3,107.572197
0.0,4,107.575823
0.0,4,107.579218
0.0,4,107.58281
0.0,2,107.584496
0.0,3,107.587031
1.5,2,107.589067
1.5,2,107.590875
0.0,2,107.592635
0.0,2,107.594458
0.0,4,107.597902
0.048646,2,107.599592
0.0,4,107.603199
0.0,2,107.60496
0.0,2,107.606636
0.0,4,107.610384
1.5,2,107.612186
0.0,2,107.614078
0.0,3,107.616934
0.0,2,107.618716
0.0,2,107.620501
0.0,2,107.622287
0.0,3,107.624941
0.0,2,107.626544
0.0,4,107.630227
0.0,3,107.632931
0.0,2,107.63466
0.0,2,107.63649
0.0,3,107.639314
0.0,4,107.642811
0.0,2,107.644728
0.0,2,107.646438
0.0,2,107.648099
0.0,2,107.649794
0.0,2,107.65187
0.0,3,107.654493
0.0,2,107.656319
0.0,2,107.658329
0.0,2,107.660208
0.0,3,107.662987
0.0,2,107.664988
-0.384715,2,107.666757
0.0,3,107.669344
0.0,2,107.67121
0.0,2,107.67321
0.0,2,107.674924
0.0,3,107.677493
1.5,2,107.67946
0.0,3,107.682006
0.0,4,107.685516
0.0,5,107.690217
0.0,3,107.693055
0.0,5,107.69746
0.0,3,107.700212
0.0,2,107.7019
1.5,2,107.703506
0.0,3,107.706125
0.0,5,107.710463
0.0,3,107.713129
0.0,3,107.716089
0.0,2,107.717802
0.0,3,107.720681
0.0,2,107.722511
0.0,3,107.725194
0.0,2,107.727391
-0.045789,4,107.731962
0.0,3,107.736098
0.0,5,107.741858
0.0,4,107.745871
0.0,4,107.74994
0.0,5,107.754404
0.0,3,107.757194
0.0,2,107.75897
0.0,2,107.760762
0.0,4,107.76471
0.0,4,107.769134
0.0,2,107.771234
0.0,4,107.774776
0.0,2,107.776777
0.0,2,107.778524
0.0,3,107.780988
1.5,2,107.782842
0.0,2,107.78494
0.0,3,107.787658
0.0,4,107.791574
0.0,2,107.79338
0.0,3,107.795978
0.0,2,107.79792
0.0,2,107.799608
0.0,4,107.802843
0.0,4,107.806532
0.0,2,107.808539
0.0,3,107.811917
0.0,2,107.813704
0.0,4,107.817068
0.0,5,107.821878
0.0,4,107.825353
0.0,3,107.827803
0.0,2,107.829526
0.0,3,107.832487
0.0,2,107.834292
0.0,3,107.83682
0.0,2,107.838887
0.0,2,107.840812
0.0,2,107.84261
0.0,2,107.844366
0.0,2,107.846266
0.0,2,107.848043
0.0,3,107.85059
-0.323936,2,107.852475
0.0,2,107.854548
0.0,2,107.856367
0.0,2,107.858181
0.0,2,107.860056
0.0,2,107.861856
0.0,4,107.865481
0.0,4,107.869313
0.0,3,107.872004
0.0,5,107.876742
0.0,2,107.878448
0.0,2,107.880167
0.0,3,107.882693
0.0,4,107.88597
0.0,2,107.887746
0.0,3,107.890498
0.0,4,107.894054
0.0,4,107.898079
0.0,4,107.901628
0.0,2,107.903409
0.0,3,107.905923
0.160613,2,107.907708
0.517308,6,107.914478
0.0,2,107.917239
0.0,2,107.919789
0.0,4,107.925801
0.0,3,107.92965
0.0,2,107.932079
0.0,4,107.936435
0.0,4,107.940643
0.0,4,107.945414
0.0,4,107.950199
0.0,3,107.954002
-0.404835,4,107.95871
0.0,5,107.964072
0.0,4,107.96819
0.0,3,107.97137
1.5,2,107.973258
0.0,2,107.974951
0.0,2,107.976669
0.0,3,107.979451
0.0,4,107.982719
0.0,3,107.985769
0.0,2,107.987634
0.0,4,107.99108
0.0,3,107.994108
0.0,2,107.995843
0.0,2,107.997651
0.0,3,108.000743
1.5,2,108.002641
0.0,3,108.00567
0.0,2,108.007681
0.0,2,108.009566
0.0,2,108.011566
0.0,2,108.013826
0.0,2,108.016011
0.0,2,108.018166
0.0,3,108.021214
0.0,3,108.024328
0.0,2,108.026415
0.0,3,108.029418
0.0,3,108.032205
0.0,3,108.035688
0.0,2,108.037722
0.0,4,108.041962
0.0,3,108.045068
0.0,3,108.048565
0.0,4,108.052743
0.0,2,108.054915
0.0,2,108.056843
0.0,2,108.058656
0.0,3,108.061579
0.0,3,108.064874
0.0,2,108.066976
0.0,2,108.069375
0.0,3,108.072167
0.0,2,108.073978
0.0,4,108.077543
0.0,4,108.081001
0.0,4,108.085059
0.0,4,108.120332
0.0,2,108.122121
0.0,2,108.12407
0.0,3,108.126756
0.0,3,108.129296
0.0,2,108.131354
0.0,3,108.134376
1.5,2,108.136091
0.0,3,108.13928
0.0,4,108.142751
0.0,2,108.144693
0.0,4,108.14837
0.0,3,108.150876
0.0,3,108.154037
0.0,3,108.156487
0.0,3,108.159385
0.0,4,108.163198
0.231971,2,108.165202
0.0,2,108.1672
0.0,2,108.169418
-0.586025,4,108.173477
0.0,3,108.176337
0.0,3,108.178896
0.0,5,108.183047
0.0,5,108.18734
0.0,3,108.190054
0.0,3,108.19255
0.0,2,108.194605
0.0,2,108.196327
0.0,3,108.198719
0.0,4,108.202164
0.0,3,108.204565
0.0,4,108.208076
0.0,6,108.21306
0.0,2,108.214935
0.0,2,108.216832
0.0,2,108.218523
0.0,3,108.221054
0.0,2,108.22287
0.0,2,108.224533
0.0,3,108.226929
0.0,2,108.228879
0.0,3,108.231972
0.0,2,108.233751
0.0,3,108.236676
0.0,2,108.238458
0.0,5,108.24305
0.0,2,108.24495
0.0,2,108.246625
0.0,2,108.248341
0.0,2,108.250399
0.0,2,108.252154
0.0,3,108.254647
0.0,3,108.257305
0.0,2,108.259087
0.0,2,108.260711
0.0,3,108.263442
0.0,3,108.266426
0.0,2,108.268381
0.0,2,108.270321
0.0,3,108.273033
0.0,4,108.276342
0.0,2,108.278225
0.0,3,108.280764
0.0,2,108.282538
0.0,3,108.285626
0.0,2,108.287755
0.0,3,108.29091
0.0,3,108.293795
0.0,2,108.295669
0.0,2,108.297569
0.0,3,108.300316
0.0,4,108.303706
1.5,2,108.305478
0.0,2,108.307199
0.0,2,108.308865
0.0,3,108.311247
0.0,4,108.314567
0.0,2,108.316245
0.0,3,108.318671
0.0,2,108.320487
0.0,5,108.324498
0.0,4,108.32793
0.0,2,108.329791
0.0,2,108.331469
0.0,2,108.333177
0.0,3,108.335887
0.0,4,108.339345
0.0,2,108.341308
0.0,2,108.343052
0.0,5,108.347094
0.0,2,108.429987
0.0,5,108.436066
0.0,4,108.440265
0.0,2,108.442621
0.0,4,108.446586
0.0,4,108.450538
0.0,2,108.452649
0.0,3,108.455602
0.0,2,108.457977
0.0,4,108.462214
0.0,2,108.464565
0.0,2,108.467127
0.0,4,108.471614
0.0,4,108.476121
0.0,3,108.480083
0.0,2,108.482225
0.0,2,108.484493
0.0,3,108.487564
0.0,2,108.489458
0.0,4,108.493649
0.0,3,108.496457
-0.870975,3,108.499581
0.0,3,108.502477
0.0,4,108.506872
0.0,2,108.508891
0.0,3,108.511885
0.0,2,108.513779
1.5,2,108.515833
0.0,3,108.518859
0.0,4,108.522765
0.0,2,108.524563
0.0,2,108.526761
-1.0,2,108.528912
0.0,2,108.530895
0.0,2,108.533088
0.0,2,108.535168
0.0,2,108.53717
0.0,3,108.540171
0.0,2,108.54234
0.0,2,108.544838
0.0,3,108.548462
0.0,3,108.551659
0.0,2,108.553728
0.0,5,108.558481
0.0,4,108.562244
0.0,2,108.564206
0.0,5,108.569501
0.0,2,108.571706
0.0,2,108.573568
0.0,2,108.575778
0.0,2,108.577746
1.5,2,108.579629
0.0,3,108.58262
0.0,2,108.584616
0.0,2,108.586434
0.0,2,108.588517
0.0,4,108.592351
0.0,2,108.594243
0.0,2,108.596266
0.0,3,108.599061
0.0,5,108.603704
0.0,3,108.606466
0.0,4,108.61019
0.0,3,108.613053
0.0,2,108.614953
0.0,3,108.618099
1.5,2,108.620147
0.0,2,108.621982
0.0,4,108.625881
0.0,2,108.627952
0.0,3,108.630824
0.0,4,108.634831
0.0,2,108.636693
0.0,3,108.639998
0.0,2,108.642136
0.0,3,108.645132
0.0,4,108.648721
0.0,2,108.650569
0.0,2,108.652713
0.0,2,108.654791
0.0,2,108.656756
0.0,4,108.660907
-0.426145,3,108.663806
0.0,2,108.666236
0.0,2,108.668271
0.0,3,108.671482
0.0,4,108.675666
0.0,2,108.677703
0.0,3,108.680836
1.5,2,108.682947
0.0,3,108.686033
0.0,3,108.689328
0.0,3,108.692197
0.0,3,108.695316
0.0,4,108.698822
0.0,5,108.703558
0.0,2,108.705281
0.0,3,108.707932
1.5,2,108.709788
0.0,3,108.712402
-1.0,4,108.716345
0.0,2,108.718375
0.0,2,108.720111
0.0,2,108.721959
0.0,3,108.724901
0.0,3,108.727648
0.0,2,108.729399
0.0,4,108.733039
0.0,4,108.737745
0.0,3,108.741583
0.0,2,108.744049
0.0,4,108.748863
0.0,3,108.751826
0.0,3,108.754617
0.0,3,108.757779
0.0,2,108.759829
0.0,2,108.762018
0.0,4,108.766549
0.0,3,108.769889
0.0,4,108.774322
0.0,3,108.777474
0.0,5,108.78249
0.0,2,108.784367
0.0,2,108.786287
0.0,4,108.789802
0.0,3,108.792734
0.0,2,108.794584
0.0,4,108.798191
0.0,2,108.800161
0.0,2,108.802013
0.0,3,108.80461
0.0,3,108.807368
1.5,2,108.809223
0.0,5,108.813702
1.5,2,108.815701
0.0,4,108.819525
0.0,2,108.821623
0.0,2,108.823476
0.0,2,108.825267
0.0,3,108.82806
0.0,2,108.830007
0.0,4,108.833775
0.0,3,108.836725
0.0,4,108.840432
0.0,4,108.844382
0.0,2,108.846543
0.0,3,108.849561
0.0,4,108.853361
0.0,3,108.856086
0.0,3,108.859179
0.0,4,108.863587
0.0,3,108.866881
0.0,2,108.868843
0.0,3,108.872154
1.5,2,108.874379
0.0,4,108.87869
0.0,2,108.88063
0.0,3,108.883448
0.0,2,108.885465
0.0,2,108.887245
0.0,3,108.89012
0.0,2,108.892104
1.5,2,108.893824
1.5,2,108.895932
0.0,4,108.899574
0.0,3,108.902272
1.5,2,108.904036
0.0,3,108.906847
0.0,2,108.908826
0.0,3,108.911574
0.0,3,108.9142
0.0,2,108.916047
0.0,4,108.919735
0.0,2,108.921632
0.0,3,108.924451
-0.190213,2,108.926419
0.0,6,108.931607
0.0,2,108.933685
0.0,3,108.936666
0.0,2,108.938698
0.0,2,108.940813
0.0,2,108.942582
1.5,2,108.944536
0.0,2,108.946549
0.0,3,108.949214
0.0,2,108.951162
0.0,3,108.954285
0.0,3,108.957113
0.0,3,108.960132
0.0,3,108.963125
0.0,3,108.966033
0.0,3,108.969732
1.5,2,108.971787
1.5,2,108.973899
0.0,3,108.977623
0.0,2,108.979759
0.0,3,108.982791
1.5,2,108.98469
0.0,2,108.986612
0.0,2,108.988768
0.0,2,108.990623
0.0,2,108.992697
0.0,2,108.994672
0.0,3,108.99741
0.0,4,109.001242
0.0,3,109.003957
0.0,4,109.007679
0.0,4,109.01161
0.0,3,109.01465
0.0,3,109.017956
0.0,2,109.020195
0.0,2,109.022163
0.0,2,109.024306
0.0,3,109.027248
0.010116,2,109.029214
0.0,2,109.031306
0.0,3,109.034333
0.0,5,109.039237
0.0,2,109.04144
0.0,2,109.043305
0.0,2,109.04527
-0.331687,2,109.047188
0.0,2,109.049472
0.0,2,109.051735
0.0,3,109.054904
0.0,3,109.057798
0.0,3,109.06083
0.0,2,109.062904
0.0,2,109.064959
0.0,5,109.070286
0.0,3,109.073462
0.0,2,109.075542
0.0,3,109.078502
0.0,3,109.081462
0.0,4,109.085419
0.078812,4,109.089405
1.5,2,109.091311
0.0,2,109.093431
0.0,2,109.09546
0.0,2,109.097973
0.0,2,109.100646
0.0,2,109.103004
0.0,3,109.106591
0.0,3,109.109692
0.0,2,109.11183
0.0,2,109.113902
0.0,2,109.116041
0.0,2,109.118253
0.0,4,109.122252
1.5,2,109.124256
0.0,4,109.128116
0.0,2,109.130188
0.0,3,109.133236
0.0,5,109.13858
0.0,3,109.142086
0.0,2,109.145014
0.0,5,109.151257
0.0,4,109.155061
0.0,3,109.157856
0.0,2,109.159702
0.0,2,109.161959
0.0,3,109.165064
0.0,2,109.167078
0.0,2,109.169131
0.0,3,109.172295
0.0,2,109.17436
0.0,2,109.176294
0.0,2,109.178001
0.0,3,109.18068
0.0,3,109.226923
0.0,4,109.230855
0.0,4,109.234828
1.5,2,109.236825
0.0,4,109.241059
0.0,6,109.24647
0.0,2,109.248295
0.0,2,109.25006
0.0,3,109.252968
0.0,3,109.255729
0.0,2,109.257608
0.0,2,109.259704
0.0,5,109.264278
0.0,3,109.267221
0.0,4,109.271347
0.0,3,109.274709
0.0,3,109.27737
0.0,2,109.279368
0.0,2,109.281276
-1.0,3,109.284006
0.0,3,109.287216
0.0,3,109.29034
0.0,2,109.293018
0.0,4,109.297492
0.0,4,109.301524
0.0,3,109.304435
0.0,4,109.308539
0.0,3,109.311548
0.0,4,109.315505
0.0,2,109.317381
0.0,4,109.320914
0.0,3,109.323688
0.0,3,109.326299
0.0,3,109.329017
0.0,3,109.331642
0.0,4,109.336001
0.0,4,109.339875
0.0,3,109.342601
0.0,4,109.34624
0.0,3,109.34893
0.0,3,109.351628
0.0,2,109.353485
0.0,2,109.355228
0.0,3,109.357892
0.0,2,109.359624
0.0,3,109.362201
0.0,2,109.36399
0.0,3,109.366895
0.0,4,109.370883
1.5,2,109.373168
0.0,2,109.375461
0.0,3,109.378528
0.0,2,109.380524
0.0,3,109.383354
0.0,2,109.385617
0.0,2,109.387435
-1.0,2,109.389194
0.0,3,109.392102
1.5,2,109.393948
0.0,2,109.395744
0.0,4,109.399267
-0.207672,3,109.401865
0.0,2,109.40358
-0.988697,3,109.406105
0.0,3,109.408761
0.0,2,109.410461
0.0,2,109.412567
0.0,2,109.414399
0.0,2,109.416132
0.0,4,109.420089
0.0,3,109.422751
0.0,4,109.426303
0.0,4,109.429889
0.0,2,109.431768
0.0,3,109.435154
0.0,4,109.439215
0.0,4,109.443525
0.0,2,109.445603
0.0,3,109.44893
0.0,4,109.452491
0.0,4,109.456773
0.0,2,109.45873
0.0,3,109.461891
0.0,3,109.464792
0.0,3,109.467612
0.0,3,109.470708
0.0,2,109.473011
0.0,3,109.475992
0.0,2,109.478062
0.0,4,109.482358
0.0,2,109.484285
0.0,3,109.487002
-1.0,4,109.49083
0.0,4,109.494607
0.0,3,109.580811
0.0,3,109.58408
0.0,4,109.588013
0.0,4,109.591687
0.0,3,109.594602
0.0,3,109.597451
0.0,3,109.60026
0.0,2,109.602117
0.0,3,109.604863
0.0,4,109.608512
0.0,4,109.612169
0.0,2,109.61408
1.5,2,109.616119
0.168187,3,109.618885
0.0,3,109.622303
0.0,4,109.626545
0.0,4,109.630105
0.0,3,109.632649
0.0,2,109.634399
0.0,3,109.637025
0.0,2,109.638723
0.0,2,109.641015
1.5,2,109.643101
0.0,2,109.645
0.0,5,109.649335
0.0,5,109.653558
0.0,2,109.655433
0.0,2,109.657212
0.0,2,109.659028
0.0,3,109.661802
0.0,2,109.663755
-1.0,4,109.667339
0.0,2,109.669303
0.0,2,109.672135
0.0,2,109.674193
0.0,2,109.676042
0.0,4,109.679479
0.0,2,109.681224
0.0,2,109.682913
0.0,4,109.686499
0.0,3,109.689002
0.0,5,109.69331
0.0,5,109.697517
0.0,2,109.699222
0.0,2,109.700883
0.0,2,109.702508
0.0,3,109.705292
0.0,5,109.709438
0.0,2,109.711181
0.0,4,109.714691
0.0,4,109.718148
0.0,2,109.720051
0.0,4,109.723322
0.0,3,109.72586
0.0,3,109.728395
0.0,2,109.730051
0.0,2,109.73175
0.0,3,109.734396
0.0,3,109.737021
0.0,2,109.738784
0.0,2,109.740599
0.0,2,109.742343
0.0,3,109.74502
0.0,4,109.748576
0.0,3,109.751344
0.0,2,109.753152
0.0,3,109.755767
0.0,2,109.757474
0.0,2,109.75921
0.0,3,109.761917
1.5,2,109.763798
0.0,2,109.765567
0.0,3,109.769105
0.0,2,109.771064
0.0,3,109.773629
0.0,2,109.775403
0.0,2,109.777233
0.0,5,109.781588
0.0,3,109.784153
0.0,2,109.785897
0.0,3,109.788443
0.0,3,109.791099
0.0,2,109.792803
0.0,3,109.795374
0.0,4,109.798737
0.0,2,109.800463
0.0,3,109.803012
-0.334028,4,109.8064
0.0,4,109.809761
0.0,2,109.811566
0.496282,4,109.814899
0.0,2,109.816629
0.0,2,109.818448
0.0,3,109.820935
0.0,2,109.822627
0.0,3,109.825233
0.0,3,109.82774
0.0,2,109.829449
0.0,3,109.832022
0.0,2,109.833746
0.0,2,109.83541
0.0,3,109.837975
0.132067,2,109.839661
0.0,5,109.843698
1.5,2,109.845415
0.0,2,109.847016
0.0,2,109.8487
0.0,3,109.851151
0.0,2,109.852896
0.0,3,109.855333
0.0,2,109.857063
0.0,3,109.859652
0.0,2,109.861321
0.0,3,109.863768
0.0,3,109.866351
0.0,3,109.868787
0.0,3,109.871276
0.0,3,109.874144
0.0,4,109.877553
0.0,4,109.880824
0.0,5,109.884799
0.0,3,109.887327
0.0,2,109.889039
0.0,4,109.892303
0.0,3,109.894933
0.0,5,109.898865
0.0,5,109.902862
0.0,4,109.906086
0.0,3,109.908533
0.0,4,109.911689
0.0,4,109.914882
0.0,3,109.917456
0.0,3,109.919858
0.0,3,109.922322
0.0,3,109.924663
0.0,2,109.926257
0.0,2,109.927917
-0.865976,3,109.930346
0.0,4,109.933546
0.0,5,109.938063
0.0,3,109.940624
0.0,4,109.944054
0.0,5,109.94805
0.0,3,109.950696
0.0,2,109.952301
0.0,6,109.95712
0.0,4,109.960213
0.0,5,109.964323
0.0,3,109.966784
0.0,4,109.970118
0.0,2,109.972109
0.0,3,109.974548
0.0,2,109.976229
0.0,3,109.978691
0.0,2,109.980313
0.0,3,109.98274
0.0,2,109.984437
0.0,4,109.987624
0.0,2,109.989305
0.0,2,109.99107
1.5,2,109.992674
0.0,5,109.996777
0.0,2,109.998434
0.0,2,110.000053
0.0,3,110.002373
0.0,5,110.006308
0.0,4,110.009416
0.0,2,110.011118
0.0,2,110.01275
1.5,2,110.01435
0.0,3,110.016772
0.0,5,110.020868
0.0,2,110.022463
0.0,2,110.024088
0.0,3,110.026654
0.0,2,110.028233
0.0,3,110.030633
0.0,4,110.034003
0.0,2,110.035601
0.0,2,110.037272
0.0,2,110.03892
0.0,2,110.040608
0.0,2,110.042258
0.0,2,110.043886
0.0,3,110.046287
0.0,4,110.049568
0.0,4,110.052786
-0.248711,4,110.056041
0.0,2,110.057667
0.0,2,110.059291
0.0,5,110.063488
0.0,3,110.066019
0.0,2,110.06775
0.0,3,110.070494
0.0,2,110.072256
1.5,2,110.073921
0.0,3,110.076496
0.0,3,110.078954
0.0,3,110.081428
0.0,2,110.083108
0.0,3,110.085459
0.0,3,110.087949
0.0,4,110.091207
0.0,4,110.09445
1.5,2,110.096142
0.0,4,110.099344
0.0,5,110.103307
0.0,3,110.105644
0.0,2,110.107322
0.0,3,110.109912
0.0,4,110.113131
0.0,3,110.115554
0.0,2,110.117287
0.0,3,110.119656
0.0,2,110.121353
0.0,3,110.124019
0.0,2,110.125812
0.0,2,110.127479
0.0,2,110.129237
0.0,3,110.131741
0.0,3,110.134224
0.701527,2,110.135949
0.0,3,110.138616
0.0,3,110.141084
0.0,2,110.142727
0.0,5,110.146678
1.5,2,110.148321
0.0,3,110.150788
0.0,4,110.154052
0.0,5,110.158102
0.0,3,110.160707
0.0,3,110.163229
0.0,2,110.164949
-0.132784,3,110.167492
0.0,2,110.169152
0.0,2,110.170804
0.0,3,110.173502
0.0,2,110.175312
0.0,2,110.177126
0.0,4,110.180473
0.0,2,110.182112
1.5,2,110.183685
0.0,3,110.186229
0.0,3,110.188666
0.0,2,110.190294
0.0,2,110.191951
0.0,3,110.19446
0.0,3,110.22755
0.0,2,110.229284
0.0,3,110.23169
0.0,3,110.234193
0.0,2,110.235857
0.0,3,110.238277
0.0,3,110.240794
0.0,3,110.243407
0.0,4,110.246626
0.0,3,110.249219
0.0,2,110.250882
0.0,2,110.252513
0.0,4,110.255808
0.0,2,110.257461
0.0,2,110.259083
0.0,4,110.262437
0.0,2,110.264121
0.0,4,110.267655
0.0,3,110.270391
0.0,2,110.272141
0.0,2,110.273819
-1.0,2,110.275436
0.0,3,110.277978
0.0,2,110.279599
0.0,6,110.284837
0.0,5,110.289028
0.0,3,110.29164
0.0,2,110.293345
0.0,2,110.295046
0.0,3,110.297722
0.0,3,110.301166
0.0,3,110.303892
0.0,2,110.305632
0.0,4,110.308918
0.0,2,110.310635
0.0,2,110.312357
0.0,3,110.314822
0.0,5,110.319182
0.0,3,110.321683
0.0,3,110.324199
0.0,4,110.327451
0.0,2,110.329187
0.0,5,110.333509
0.0,2,110.335242
0.0,5,110.340252
0.0,3,110.345325
0.0,2,110.347714
0.0,3,110.353083
0.0,3,110.35949
0.0,4,110.366441
0.0,4,110.372449
0.0,3,110.378905
0.0,3,110.385367
0.0,3,110.390718
-0.669767,3,110.396224
0.0,3,110.401219
0.0,3,110.406552
0.0,3,110.410967
0.0,2,110.413055
0.0,2,110.415195
0.0,3,110.418561
0.0,2,110.420393
0.0,3,110.42339
0.0,2,110.425293
0.0,4,110.428895
0.0,2,110.430807
0.0,2,110.432493
0.0,4,110.436923
0.0,3,110.439713
0.0,2,110.441557
1.5,2,110.443666
0.0,2,110.445662
0.0,2,110.447537
0.0,2,110.449461
0.0,3,110.452563
0.0,4,110.456151
0.0,2,110.458229
0.0,5,110.463872
0.0,4,110.468562
0.0,4,110.473178
0.0,3,110.475991
0.0,4,110.480185
0.0,3,110.482897
0.0,2,110.485031
0.0,3,110.488313
1.5,2,110.490146
0.0,5,110.495039
0.0,2,110.496844
0.0,4,110.5009
0.0,3,110.50353
0.0,2,110.505311
0.0,3,110.508661
0.0,4,110.513024
0.0,3,110.516109
0.0,2,110.518424
0.0,2,110.520979
0.0,3,110.524262
0.0,3,110.527405
0.0,2,110.529405
0.0,2,110.531242
-0.048523,5,110.536075
0.0,2,110.53795
0.0,3,110.54091
0.0,4,110.544554
0.0,3,110.625098
0.0,4,110.629073
0.0,2,110.631371
0.0,3,110.634393
0.0,2,110.636378
0.0,4,110.640695
0.0,4,110.64478
0.0,4,110.64883
0.0,3,110.652069
0.0,4,110.656054
1.5,2,110.658086
0.0,4,110.662431
0.0,3,110.665653
0.0,3,110.668726
0.0,4,110.67319
0.0,2,110.675712
0.0,3,110.678658
0.0,3,110.682346
1.0,2,110.684568
0.0,2,110.687073
0.0,2,110.689492
0.0,4,110.693961
1.5,2,110.696295
0.0,2,110.698422
0.0,2,110.701053
0.0,2,110.704217
0.0,2,110.707463
0.0,3,110.712584
0.0,2,110.716295
0.0,3,110.721161
0.0,4,110.727545
0.0,2,110.730098
0.0,4,110.734333
-0.894032,5,110.739793
0.0,3,110.743325
0.0,2,110.745559
0.0,3,110.748789
0.0,3,110.752195
0.0,3,110.755179
0.0,4,110.759292
0.0,5,110.764419
0.0,3,110.767272
0.0,3,110.770336
0.0,3,110.77339
0.0,4,110.777605
0.0,2,110.78095
0.0,4,110.78606
0.0,5,110.7914
0.0,3,110.794534
0.0,2,110.796757
0.0,4,110.801067
0.0,3,110.80423
0.0,2,110.806502
0.0,3,110.809367
0.0,2,110.811951
0.0,2,110.814193
0.0,2,110.816226
0.0,3,110.819645
1.5,2,110.821599
0.0,3,110.824696
0.0,3,110.827923
0.0,2,110.829834
0.0,2,110.83208
1.5,2,110.834282
0.0,3,110.837217
0.0,2,110.839522
0.0,3,110.842554
0.0,3,110.845689
0.0,3,110.848949
0.0,6,110.856099
0.0,2,110.858523
0.0,2,110.861504
0.0,2,110.863722
0.0,2,110.865958
0.0,3,110.86926
0.0,3,110.872475
0.0,3,110.876092
0.0,4,110.880497
0.0,2,110.882953
0.0,2,110.884937
0.0,2,110.887063
0.0,5,110.892469
0.0,3,110.895767
0.0,2,110.897815
0.0,3,110.900774
0.0,2,110.903021
0.0,4,110.906901
0.0,4,110.911084
0.50675,3,110.913968
0.0,3,110.917227
0.0,4,110.921117
0.0,4,110.925568
0.0,2,110.927534
1.5,2,110.929633
0.0,5,110.935114
0.0,2,110.937785
0.0,2,110.940146
0.0,4,110.944273
0.0,3,110.94716
0.0,6,110.953551
0.0,3,110.9568
0.0,2,110.959138
0.0,2,110.961185
0.0,5,110.966429
0.0,2,110.968445
0.0,5,110.973754
0.0,2,110.975861
0.0,3,110.979263
0.0,3,110.982862
0.0,4,110.987284
0.0,3,110.99022
0.0,5,110.995506
0.0,2,110.997514
0.0,4,111.001823
0.0,5,111.007028
0.0,3,111.010084
0.0,2,111.012108
0.0,3,111.015377
0.0,3,111.018377
0.0,5,111.023703
0.0,4,111.02825
0.0,3,111.031336
0.0,3,111.034535
0.0,2,111.036635
0.0,3,111.039639
0.0,4,111.043967
0.0,2,111.045997
0.0,3,111.049364
-0.011329,3,111.052445
0.0,3,111.055813
0.0,4,111.059743
0.0,2,111.061985
0.0,3,111.065181
0.0,2,111.067202
0.0,3,111.070581
0.0,3,111.073649
0.0,3,111.077063
1.5,2,111.079396
0.0,3,111.08282
0.0,3,111.086104
0.0,3,111.089443
0.0,2,111.092008
0.0,3,111.095464
0.0,3,111.099207
0.131573,3,111.102588
0.0,3,111.106208
0.0,3,111.10952
0.0,4,111.11403
0.0,5,111.119341
0.0,3,111.122495
0.0,4,111.126846
0.0,3,111.12993
0.0,4,111.134158
0.0,4,111.138215
0.0,5,111.143373
0.0,2,111.14563
0.0,2,111.147939
0.0,4,111.152039
0.0,2,111.154324
0.0,4,111.158301
0.0,2,111.160533
0.0,4,111.164654
0.0,3,111.168137
0.0,4,111.172391
0.0,2,111.175057
0.0,3,111.178269
0.0,4,111.182948
0.0,2,111.185301
0.0,2,111.187736
0.0,5,111.19289
0.0,3,111.196248
0.0,5,111.201217
0.0,3,111.204414
0.0,3,111.207442
0.0,2,111.209668
0.0,2,111.211707
0.0,4,111.215833
0.0,3,111.219051
0.0,4,111.223589
0.0,3,111.226755
1.5,2,111.229087
0.0,4,111.23389
0.0,3,111.237934
0.0,4,111.243226
0.0,4,111.248663
1.5,2,111.251575
0.0,2,111.254648
0.0,3,111.258934
0.0,3,111.264097
0.0,4,111.27001
1.5,2,111.27332
0.0,3,111.278027
0.0,3,111.282449
0.0,2,111.285444
0.0,3,111.28968
0.0,3,111.294042
0.0,2,111.296725
0.0,4,111.302554
0.0,2,111.30534
0.0,2,111.308486
0.0,2,111.311319
0.0,3,111.315787
0.0,3,111.319899
0.0,3,111.3236
0.0,3,111.327345
0.0,2,111.329845
0.0,3,111.333475
0.0,3,111.337046
0.0,2,111.339171
0.0,2,111.341283
0.0,3,111.344779
0.0,2,111.346996
0.0,2,111.349557
0.0,4,111.353885
0.0,2,111.356122
0.0,3,111.359189
0.0,3,111.362613
0.0,3,111.365681
0.0,3,111.368857
0.0,2,111.37116
1.5,2,111.37319
0.0,3,111.376697
0.0,4,111.381347
0.0,2,111.383351
0.0,3,111.386342
0.0,3,111.389446
0.0,3,111.392715
0.0,3,111.395707
0.0,4,111.399562
0.0,3,111.402469
0.0,2,111.404503
0.0,2,111.406523
0.0,2,111.408498
0.0,2,111.459864
0.0,2,111.463139
0.0,4,111.467528
0.0,2,111.469612
0.0,2,111.471799
0.0,3,111.475209
0.0,2,111.47724
0.0,4,111.481647
0.0,4,111.485796
0.0,4,111.490128
0.0,2,111.49225
0.0,2,111.494434
0.0,3,111.497516
-0.276594,3,111.50073
0.0,2,111.502842
-0.081176,2,111.504901
0.0,2,111.507092
0.0,3,111.510369
0.0,4,111.514407
0.0,2,111.516628
0.0,2,111.518837
0.0,2,111.520977
0.0,3,111.524046
0.0,3,111.526959
0.0,2,111.52927
0.0,2,111.531455
0.0,2,111.533596
0.0,3,111.537342
0.0,4,111.541843
0.0,3,111.545093
0.0,2,111.547124
0.0,4,111.551525
0.0,3,111.554733
0.0,2,111.556911
0.0,2,111.559095
0.0,4,111.563387
1.5,2,111.565862
0.0,3,111.569806
0.0,4,111.574433
0.0,2,111.576617
0.0,5,111.582366
0.0,3,111.586065
0.0,2,111.588135
0.0,4,111.592412
1.5,2,111.59458
0.0,2,111.596596
0.0,2,111.59864
0.0,2,111.600685
0.0,2,111.602638
0.0,4,111.606452
0.0,2,111.608468
0.0,3,111.611531
0.0,4,111.615651
0.0,2,111.617792
0.0,2,111.620067
0.0,4,111.624104
0.0,3,111.627222
0.0,2,111.629221
0.0,3,111.632157
0.0,3,111.635357
-0.139675,4,111.63922
1.5,2,111.641238
0.0,2,111.643237
0.0,2,111.645219
0.0,3,111.648242
0.0,2,111.650161
0.0,3,111.653127
0.0,4,111.657069
0.0,4,111.661091
0.0,3,111.664167
0.0,4,111.668323
1.5,2,111.670495
1.5,2,111.672482
0.0,4,111.676611
1.5,2,111.678505
0.0,2,111.680483
0.0,3,111.683885
0.0,2,111.686154
0.0,2,111.688412
1.5,2,111.690513
0.0,3,111.693771
0.0,4,111.697784
0.0,3,111.700602
0.0,2,111.702551
0.0,3,111.705526
0.0,2,111.707405
0.0,5,111.712468
0.0,3,111.715415
0.0,3,111.718611
0.0,4,111.722491
0.0,2,111.724436
0.0,2,111.726545
0.0,2,111.728507
0.0,4,111.732723
1.5,2,111.734809
0.0,5,111.739846
0.0,2,111.741816
0.0,2,111.743828
0.0,4,111.747624
1.5,2,111.749521
0.0,2,111.751642
0.0,3,111.755292
0.0,3,111.758716
0.0,2,111.760985
0.0,5,111.766747
0.0,2,111.768949
0.0,2,111.771091
0.0,4,111.775339
0.0,3,111.778479
0.0,5,111.784223
0.0,2,111.786653
0.0,2,111.78884
0.0,2,111.790985
0.0,3,111.794265
0.0,2,111.796433
0.0,2,111.798598
0.0,3,111.801694
0.0,2,111.803605
0.0,3,111.887287
0.0,3,111.890671
0.0,2,111.892861
0.0,2,111.894996
0.0,2,111.897039
0.0,3,111.900032
0.0,4,111.903831
0.0,2,111.905931
0.0,5,111.910754
1.5,2,111.913011
0.0,3,111.916135
0.0,4,111.920481
0.0,2,111.922619
0.0,3,111.925711
0.0,2,111.927862
0.0,6,111.934716
0.0,2,111.937128
0.0,4,111.941649
0.0,2,111.943737
0.344253,2,111.945771
0.0,3,111.948843
0.0,3,111.951789
0.0,3,111.955189
0.0,3,111.958349
0.0,3,111.961674
0.0,3,111.964655
0.0,4,111.969019
0.0,2,111.971298
0.0,2,111.973472
0.0,5,111.978945
0.0,2,111.981069
0.0,2,111.983535
0.0,4,111.98805
0.0,2,111.990359
0.0,3,111.993413
0.0,2,111.99555
-1.0,3,111.998601
-0.001643,5,112.003368
0.0,3,112.006258
0.0,5,112.011235
0.0,2,112.013559
0.0,2,112.01577
0.0,3,112.018954
0.0,2,112.021106
0.0,3,112.024171
0.0,3,112.02726
0.0,2,112.029528
0.0,2,112.031739
0.0,4,112.035782
0.0,3,112.039297
0.0,3,112.042475
0.0,3,112.045962
0.0,2,112.048041
0.0,2,112.050132
0.0,4,112.054257
0.0,2,112.056518
0.0,4,112.060489
0.0,3,112.063504
0.0,3,112.066633
1.5,2,112.068632
0.0,3,112.071774
0.0,3,112.075107
0.0,2,112.077335
0.0,2,112.079776
0.0,2,112.082149
0.0,4,112.086425
0.0,2,112.088517
0.0,3,112.09162
1.5,2,112.093768
0.0,5,112.098607
1.5,2,112.100559
0.0,2,112.102459
0.0,2,112.10431
0.0,3,112.10722
0.0,4,112.110949
0.0,3,112.113998
0.0,4,112.117911
0.0,2,112.119876
0.0,2,112.12198
0.0,2,112.12397
0.0,2,112.125953
0.0,3,112.128842
0.0,4,112.132518
0.0,5,112.137348
0.0,2,112.139231
0.0,3,112.142165
1.5,2,112.144076
0.0,4,112.14804
0.0,2,112.150206
0.0,3,112.153124
2.0,2,112.155178
0.0,6,112.160732
0.0,3,112.163929
0.0,3,112.166947
0.0,2,112.169122
0.0,2,112.171229
0.0,2,112.173363
0.0,3,112.176491
0.0,3,112.179644
1.5,2,112.181779
0.0,3,112.185473
0.0,4,112.189995
0.0,4,112.19444
0.0,4,112.198515
0.0,5,112.203668
0.0,2,112.206125
0.0,2,112.208407
0.0,2,112.210723
0.0,3,112.214297
0.0,2,112.216696
0.0,3,112.220278
0.0,3,112.223807
0.0,4,112.228322
0.0,2,112.230661
1.444593,2,112.233048
0.0,5,112.238725
0.0,2,112.241195
0.0,3,112.244676
0.0,3,112.248074
0.0,2,112.250251
0.0,2,112.252595
0.0,3,112.256136
0.0,2,112.258221
0.0,3,112.261445
0.0,3,112.264529
0.0,3,112.267751
0.0,3,112.270863
0.0,4,112.275106
0.0,2,112.277252
0.0,2,112.279311
0.0,2,112.28155
0.0,3,112.284977
0.0,6,112.291547
0.0,2,112.293691
0.0,2,112.296029
0.0,2,112.298201
0.0,3,112.301288
0.0,4,112.305818
0.0,2,112.30813
0.0,2,112.310338
0.0,5,112.315547
0.0,3,112.318693
0.0,2,112.320726
0.0,3,112.32384
0.0,3,112.326863
0.0,3,112.330092
0.0,3,112.333204
0.0,3,112.336241
0.0,4,112.340335
0.0,3,112.343278
0.0,3,112.346324
0.0,2,112.348254
0.0,4,112.352357
0.0,3,112.355201
0.0,3,112.358255
0.0,2,112.36013
0.0,5,112.365033
0.0,3,112.368257
0.0,2,112.370382
0.0,3,112.373633
0.0,4,112.377687
0.0,2,112.380049
0.0,4,112.384495
0.0,2,112.386886
0.0,3,112.389894
0.0,3,112.393229
0.0,3,112.396252
1.5,2,112.398219
0.0,3,112.401449
0.0,3,112.404416
0.0,3,112.407404
0.0,5,112.411865
0.0,2,112.414037
0.0,2,112.416161
0.0,2,112.418162
0.0,2,112.420328
0.0,2,112.422533
0.0,3,112.425518
0.0,3,112.428517
0.0,3,112.431329
0.0,3,112.435254
0.0,2,112.437587
0.0,2,112.439743
0.0,2,112.441786
0.0,4,112.445701
0.0,3,112.448719
0.0,3,112.451536
0.0,3,112.454414
0.0,2,112.456602
0.0,3,112.459737
0.0,2,112.461884
0.0,2,112.464066
0.0,2,112.466061
0.0,3,112.469195
0.0,5,112.474257
1.5,2,112.476327
0.0,2,112.478523
0.0,2,112.48054
0.0,2,112.482623
0.0,3,112.486063
0.0,3,112.489331
0.0,3,112.492759
0.0,4,112.497158
0.350088,2,112.499302
0.0,3,112.50216
0.0,4,112.50602
0.0,4,112.510013
0.0,3,112.513435
0.0,3,112.516661
0.0,3,112.519844
0.0,3,112.522969
0.0,3,112.525888
0.0,3,112.528704
0.0,4,112.532979
0.0,3,112.535896
0.0,3,112.539041
0.0,3,112.542119
0.0,4,112.546027
0.0,3,112.548922
0.0,3,112.551884
1.5,2,112.553913
0.0,2,112.555995
0.0,3,112.559159
0.0,3,112.562234
1.5,2,112.564327
0.0,2,112.566569
0.0,2,112.568767
0.0,2,112.570698
0.0,3,112.573715
0.0,2,112.575781
0.0,2,112.578008
0.0,4,112.582547
0.0,4,112.586952
0.0,2,112.58925
0.0,3,112.592647
0.0,4,112.636682
0.0,2,112.638775
0.0,4,112.642719
0.0,4,112.646544
0.0,6,112.652252
0.0,2,112.654325
0.0,3,112.657238
0.0,2,112.659182
0.0,4,112.662806
0.0,2,112.664863
0.0,3,112.667854
0.0,2,112.669898
0.0,2,112.672091
0.0,2,112.67413
0.0,4,112.67833
0.0,3,112.681375
1.5,2,112.683509
0.0,4,112.68798
0.0,3,112.691197
0.0,2,112.693476
0.0,3,112.696422
0.0,2,112.698543
0.0,2,112.700757
0.0,2,112.70275
0.0,2,112.704738
0.0,4,112.708561
0.0,2,112.710524
0.0,2,112.712583
0.0,2,112.714641
0.0,3,112.717503
0.0,2,112.719586
0.0,3,112.72262
0.0,3,112.725729
0.0,3,112.728765
0.0,2,112.730799
0.0,3,112.733944
0.0,3,112.736958
0.0,3,112.739879
0.0,4,112.743679
0.0,4,112.747413
0.0,2,112.749351
0.0,3,112.752133
0.0,2,112.754307
0.0,4,112.758222
0.0,3,112.761222
0.0,3,112.76438
0.0,4,112.768422
0.0,2,112.770501
0.0,3,112.773492
0.0,2,112.775479
0.0,2,112.777466
0.0,4,112.781333
0.0,3,112.784611
0.0,4,112.788904
0.0,3,112.791956
0.0,3,112.794812
0.0,3,112.797685
0.0,4,112.801383
0.0,2,112.80337
0.0,2,112.80523
-0.050162,2,112.80695
0.0,3,112.810048
0.0,2,112.812198
0.0,4,112.816386
0.0,2,112.818609
0.0,3,112.821778
0.0,4,112.826147
0.0,4,112.830662
0.0,4,112.835027
0.0,2,112.83732
0.0,2,112.839629
0.0,2,112.841761
0.0,2,112.843873
0.0,4,112.847885
0.0,3,112.850756
0.0,3,112.854162
0.0,3,112.85745
0.0,3,112.860703
0.0,3,112.864111
0.0,2,112.86632
0.0,3,112.869576
0.0,5,112.874901
0.0,2,112.87694
0.0,2,112.879125
0.0,3,112.882575
0.0,4,112.88679
1.5,2,112.888832
0.0,3,112.891891
1.0,3,112.895074
0.0,2,112.897182
0.0,5,112.901943
0.0,2,112.903808
0.0,4,112.90746
0.0,3,112.910295
0.0,5,112.914914
0.0,3,112.918077
0.0,3,112.920997
0.0,3,112.924054
0.0,2,112.926063
0.0,2,112.928145
0.0,3,112.931384
0.0,3,112.934999
0.0,4,112.939342
0.0,2,112.941375
0.0,4,112.9455
0.0,3,112.948619
0.0,4,112.952689
0.0,4,112.956871
0.0,3,112.959633
0.0,3,112.962536
0.0,5,112.967975
1.5,2,112.970374
0.0,4,112.974638
0.0,3,112.977881
0.0,4,112.982518
0.0,2,112.984802
0.0,2,112.987163
0.0,3,112.990551
0.0,2,112.993122
0.0,3,112.996639
0.0,3,113.101571
0.0,3,113.10499
0.0,3,113.107965
0.0,2,113.110312
0.0,3,113.113474
0.0,5,113.11864
0.0,3,113.121837
0.0,4,113.1263
0.0,3,113.129336
0.0,3,113.132535
0.0,2,113.134603
0.0,3,113.137696
0.0,2,113.139787
0.0,4,113.143831
0.0,4,113.147882
0.0,3,113.150847
0.0,2,113.152923
0.0,2,113.154914
0.0,3,113.157783
1.5,2,113.159801
0.0,4,113.163659
0.0,3,113.166715
0.0,3,113.169833
0.0,2,113.172173
1.5,2,113.174314
0.0,2,113.176636
0.0,2,113.178792
0.0,2,113.180953
0.0,3,113.183892
0.0,4,113.188051
0.0,3,113.191184
0.0,3,113.194418
0.0,3,113.197402
0.0,4,113.201478
0.0,5,113.206378
0.0,3,113.209145
0.0,3,113.211756
0.0,3,113.214899
0.0,3,113.217956
0.0,6,113.223698
0.0,2,113.225807
0.0,4,113.229902
0.0,2,113.23188
0.0,3,113.235067
0.0,3,113.238297
0.0,3,113.241335
0.0,2,113.243507
0.0,4,113.24758
1.5,2,113.249799
0.0,4,113.253699
0.0,2,113.255622
0.0,2,113.257636
0.0,2,113.259588
0.0,2,113.26165
0.0,3,113.264813
0.0,4,113.2688
0.0,4,113.273084
0.0,4,113.277064
0.0,2,113.279073
0.0,2,113.281092
0.0,4,113.285349
0.0,3,113.288493
0.0,2,113.290466
0.0,3,113.293472
0.0,5,113.298288
0.0,2,113.300151
0.0,3,113.303097
0.0,3,113.306117
0.0,6,113.311999
0.0,2,113.31402
0.0,2,113.316113
0.0,3,113.319249
0.0,3,113.322205
0.0,2,113.324066
0.0,2,113.325972
0.0,3,113.328799
0.0,3,113.331795
0.0,4,113.335774
0.0,2,113.337751
0.0,3,113.340831
0.0,3,113.343689
0.0,2,113.345627
0.0,5,113.350349
0.0,4,113.354083
1.5,2,113.356009
0.0,2,113.357985
0.0,4,113.362033
0.0,2,113.363983
0.0,3,113.36691
0.0,5,113.371629
0.0,2,113.373654
0.0,3,113.376802
0.0,2,113.378722
0.0,3,113.381748
0.0,6,113.388018
0.0,2,113.39004
0.0,2,113.392009
0.0,2,113.394052
0.0,2,113.396103
0.0,3,113.39886
0.0,2,113.4008
0.0,5,113.405479
0.0,2,113.407601
0.0,2,113.409749
0.0,2,113.411888
0.0,2,113.413844
0.0,2,113.41591
0.0,2,113.417997
0.0,2,113.420036
0.0,2,113.422007
0.0,3,113.425029
0.0,2,113.426969
0.0,3,113.430121
0.0,2,113.432293
0.0,3,113.43558
0.0,2,113.437671
0.0,4,113.441375
0.0,3,113.444239
0.0,3,113.447128
1.5,2,113.44905
0.0,2,113.451082
0.0,3,113.453831
0.0,2,113.455744
0.0,3,113.458477
0.0,2,113.460462
0.0,3,113.463264
0.0,2,113.46547
0.0,4,113.469618
0.0,3,113.472756
0.0,3,113.475746
0.0,3,113.478569
0.0,2,113.480703
0.0,4,113.48442
0.0,2,113.486333
0.0,3,113.489415
0.0,3,113.49246
0.0,3,113.495256
0.0,4,113.498966
0.0,3,113.501928
0.0,2,113.503839
0.0,2,113.50575
0.0,4,113.509633
0.0,2,113.511623
0.0,3,113.514717
0.0,4,113.518404
0.0,2,113.520437
0.0,2,113.522612
0.0,3,113.525461
0.0,3,113.528215
0.0,3,113.531084
0.0,2,113.533034
0.0,2,113.535098
0.0,2,113.537082
0.0,2,113.538965
0.0,2,113.540836
0.0,3,113.543724
0.0,2,113.545595
0.0,3,113.548399
0.0,2,113.550383
0.0,4,113.554231
0.0,2,113.556106
0.0,2,113.558138
0.0,2,113.560218
0.0,6,113.565795
0.0,4,113.569469
0.0,2,113.571556
0.0,3,113.574563
0.0,4,113.578305
0.0,2,113.580155
0.0,4,113.584111
0.0,2,113.586186
0.0,3,113.589147
0.0,2,113.591085
0.0,2,113.593093
0.0,3,113.595928
0.0,2,113.597889
0.0,2,113.599846
0.0,3,113.602728
0.0,2,113.604626
0.0,4,113.608372
0.0,4,113.612291
0.0,2,113.614201
0.0,3,113.617353
0.0,2,113.619622
0.0,3,113.622772
0.0,2,113.624791
0.0,3,113.627981
0.0,3,113.63102
0.0,3,113.634021
0.0,4,113.638134
0.0,4,113.642118
0.0,5,113.646792
0.0,2,113.648681
0.0,3,113.651536
0.0,2,113.653616
1.5,2,113.655578
0.0,3,113.658564
0.0,2,113.660595
0.0,3,113.663508
0.0,2,113.665483
1.5,2,113.667603
0.0,3,113.670484
0.0,5,113.675278
0.0,2,113.67719
0.0,2,113.679041
0.0,3,113.681903
0.0,2,113.683728
1.0,2,113.685566
0.0,2,113.687441
0.0,2,113.689289
0.0,3,113.692297
0.0,2,113.694281
1.5,2,113.696281
0.0,4,113.700027
0.0,3,113.702838
0.0,4,113.706422
0.0,3,113.709243
0.0,3,113.712088
0.0,3,113.714889
0.0,3,113.717738
0.0,2,113.719699
0.0,3,113.722597
0.0,2,113.724718
0.0,4,113.72827
1.5,2,113.730234
0.0,4,113.73407
0.0,3,113.737242
0.0,2,113.739294
0.0,2,113.741368
0.0,7,113.784668
0.0,2,113.786963
0.0,3,113.789869
1.5,2,113.791778
0.0,4,113.79563
0.0,2,113.797586
0.0,2,113.79962
0.0,2,113.801486
0.0,3,113.804408
1.0,3,113.807273
0.0,3,113.810118
0.0,3,113.813233
0.0,5,113.818156
0.0,5,113.823007
0.0,3,113.825794
0.0,2,113.827744
0.0,3,113.83055
0.0,2,113.832546
0.0,3,113.83545
0.0,5,113.840039
0.0,3,113.842879
0.0,4,113.846524
0.0,2,113.848445
0.0,3,113.851189
0.0,3,113.854066
0.0,3,113.856945
0.0,4,113.860757
0.0,2,113.862793
0.0,3,113.865657
0.0,2,113.867711
0.0,2,113.869721
0.0,2,113.87168
-0.169619,2,113.873653
0.0,5,113.878574
0.0,3,113.881466
0.0,4,113.885574
0.0,2,113.887539
0.0,4,113.891304
0.0,3,113.89405
0.0,5,113.898638
0.0,2,113.90039
0.0,2,113.902242
0.0,2,113.904054
0.0,4,113.907504
0.0,2,113.909349
0.0,2,113.911302
0.0,2,113.913216
0.0,3,113.916012
0.0,2,113.917982
0.0,3,113.920713
0.0,3,113.923413
0.0,2,113.925175
0.0,2,113.927013
0.0,3,113.929793
0.0,3,113.932537
0.0,4,113.936468
0.0,2,113.938449
0.0,2,113.940419
0.0,3,113.943161
0.0,2,113.94496
0.0,2,113.946862
0.0,3,113.949529
0.0,3,113.952424
0.0,2,113.954376
0.0,3,113.957252
0.0,2,113.959094
0.0,2,113.961098
0.0,4,113.964931
0.0,2,113.96713
1.5,2,113.968976
0.0,2,113.97112
0.0,2,113.973204
0.0,5,113.97795
0.0,3,113.980747
0.0,4,113.984509
0.0,3,113.987297
0.0,2,113.989372
0.0,3,113.992452
0.0,3,113.995348
0.0,3,113.99898
0.0,2,114.001257
0.0,3,114.00445
0.0,4,114.00863
0.0,3,114.011907
0.0,2,114.014067
0.0,2,114.016203
0.0,4,114.020734
0.0,6,114.027416
0.0,2,114.029417
0.0,3,114.032433
0.0,2,114.034474
0.0,2,114.036793
0.0,3,114.040119
0.0,3,114.042948
0.0,3,114.045735
0.0,3,114.048786
0.0,2,114.050681
0.0,3,114.05336
0.0,2,114.055217
0.0,2,114.057138
0.0,2,114.059178
0.0,2,114.060978
0.0,2,114.06291
0.0,2,114.064913
0.0,2,114.066797
0.0,2,114.068603
0.0,3,114.071532
0.0,4,114.075199
0.0,3,114.077946
0.0,3,114.080762
1.5,2,114.082651
0.015912,2,114.08471
0.0,3,114.087823
0.0,3,114.090819
0.0,2,114.09284
0.0,3,114.095556
0.0,3,114.098368
1.0,3,114.101232
0.0,4,114.104886
0.0,2,114.106836
0.0,2,114.108755
0.0,2,114.110811
0.0,5,114.115546
0.0,2,114.117533
0.0,4,114.121255
0.0,3,114.124032
0.0,3,114.127074
0.0,3,114.129913
0.0,2,114.132005
0.0,2,114.133989
0.0,2,114.135786
0.0,4,114.139555
0.0,2,114.141407
-0.982401,3,114.144176
1.5,2,114.229995
0.0,2,114.232168
1.5,2,114.234354
0.0,2,114.236396
0.0,4,114.24023
0.0,2,114.242297
0.0,2,114.244146
0.0,2,114.246022
0.0,2,114.247908
0.0,5,114.25243
0.0,3,114.255287
0.0,2,114.257181
0.0,2,114.258931
0.0,2,114.260809
0.0,4,114.264808
0.0,3,114.267593
0.0,3,114.270535
0.0,4,114.274716
0.0,2,114.276662
0.0,3,114.279361
0.0,3,114.282237
0.0,3,114.284974
0.0,2,114.286916
0.0,2,114.288996
0.0,3,114.291703
0.620737,3,114.294402
1.5,2,114.296319
0.0,3,114.298869
0.0,3,114.301481
0.0,4,114.305328
0.0,5,114.30964
0.0,2,114.311513
0.0,2,114.313466
1.5,2,114.315238
0.0,3,114.317909
0.0,4,114.321386
0.0,2,114.323288
0.0,2,114.325133
0.0,4,114.328609
0.0,2,114.330521
0.0,2,114.332382
0.0,2,114.334176
0.0,2,114.336043
0.0,2,114.338019
0.0,2,114.339903
0.0,4,114.343456
0.0,2,114.345405
0.0,3,114.348267
0.0,3,114.351228
0.0,2,114.353184
0.0,3,114.355862
0.0,2,114.357735
0.0,2,114.359539
0.0,3,114.362391
0.0,3,114.365046
0.0,2,114.366949
0.0,5,114.371552
0.0,3,114.374399
0.0,3,114.376999
0.0,3,114.379685
0.0,2,114.381679
0.0,2,114.38381
0.0,3,114.387107
0.0,4,114.390859
0.0,2,114.392718
0.0,2,114.394674
0.0,3,114.397371
0.0,2,114.399088
0.0,3,114.401835
0.0,3,114.404549
1.5,2,114.406309
0.0,2,114.408186
0.0,2,114.410073
0.0,3,114.412941
0.0,3,114.415727
0.0,3,114.41863
0.0,3,114.42138
0.0,2,114.423149
0.0,4,114.426675
0.0,3,114.429469
0.0,3,114.43229
0.0,4,114.436426
0.0,2,114.438372
0.0,2,114.44022
0.0,2,114.442178
0.0,2,114.443975
0.0,4,114.447418
0.0,3,114.450159
0.0,2,114.452125
0.0,3,114.454811
0.0,2,114.456772
0.0,3,114.459591
0.0,3,114.462449
0.0,3,114.465184
0.0,3,114.467977
0.0,2,114.469964
0.0,2,114.471818
0.0,2,114.47375
0.0,3,114.476641
0.0,5,114.481099
0.0,2,114.483126
0.0,4,114.486874
0.0,2,114.488781
0.0,2,114.491014
0.0,2,114.493104
0.0,5,114.49767
0.0,3,114.500464
0.0,2,114.502228
0.0,2,114.504069
0.0,3,114.506688
0.0,3,114.509778
0.0,2,114.511675
0.0,3,114.514389
0.0,2,114.516581
0.0,2,114.518423
0.0,3,114.521052
0.0,4,114.524621
0.0,2,114.526461
0.0,2,114.528243
0.0,3,114.530802
0.0,4,114.534413
0.0,4,114.53797
0.0,2,114.53995
0.0,3,114.542537
0.0,2,114.544254
0.0,2,114.546126
0.0,2,114.54783
0.0,4,114.551343
0.0,2,114.553112
0.0,3,114.55593
0.0,4,114.55934
0.0,3,114.561963
0.0,4,114.565543
0.0,2,114.567539
0.0,2,114.569291
0.0,2,114.57123
1.5,2,114.573026
0.0,2,114.575016
0.0,5,114.579298
0.0,3,114.582098
0.0,2,114.583973
1.5,2,114.585965
0.0,4,114.589884
0.0,5,114.594493
0.0,2,114.596361
0.0,4,114.599827
0.0,3,114.602536
0.0,2,114.60424
0.0,4,114.607651
0.0,3,114.610456
0.0,2,114.612343
0.0,2,114.614147
0.0,5,114.618495
0.0,3,114.621223
0.0,4,114.624897
0.0,2,114.626604
0.0,3,114.629366
0.0,3,114.632106
0.0,2,114.633996
0.0,4,114.637537
0.0,2,114.639353
0.0,3,114.641863
0.0,2,114.643621
0.0,2,114.645373
0.0,3,114.647991
0.0,3,114.650561
0.0,2,114.652281
0.0,2,114.654229
0.0,3,114.656888
0.0,2,114.65868
0.0,2,114.6607
0.0,2,114.662543
0.0,2,114.664454
0.0,2,114.666222
0.0,4,114.669863
0.0,2,114.671743
0.0,4,114.67531
0.0,4,114.678689
0.0,2,114.68057
0.0,4,114.684107
0.0,3,114.686832
1.5,2,114.688697
0.0,2,114.690758
0.0,4,114.694681
0.0,2,114.696503
0.0,3,114.699289
0.0,4,114.702961
0.0,2,114.704717
0.0,2,114.706594
0.0,2,114.708333
0.0,3,114.711189
0.0,3,114.713782
0.0,3,114.716517
0.0,4,114.72007
1.5,2,114.721861
0.0,2,114.723589
0.0,2,114.725359
0.0,2,114.727152
0.0,4,114.730697
0.0,2,114.732502
-0.039091,4,114.735978
0.0,2,114.737926
0.0,2,114.739772
0.0,3,114.742518
0.0,2,114.744347
0.0,3,114.746922
1.5,2,114.748634
0.0,4,114.75226
0.0,2,114.754045
0.0,2,114.755726
0.0,2,114.757574
0.0,3,114.76008
0.0,3,114.762673
0.0,4,114.766172
1.5,2,114.767924
0.0,3,114.770664
0.0,4,114.774461
0.0,2,114.776415
0.0,3,114.77933
0.0,2,114.781158
0.0,4,114.784782
0.0,4,114.788469
0.0,3,114.791315
0.0,4,114.794837
0.0,2,114.796529
0.0,2,114.798405
0.0,5,114.802821
0.0,2,114.839337
0.0,2,114.841248
0.0,3,114.843956
0.0,3,114.84659
0.0,2,114.848419
1.5,2,114.850305
0.0,2,114.852235
0.0,2,114.854099
0.0,4,114.857614
-0.282446,4,114.8613
0.0,3,114.864141
0.0,2,114.866008
0.0,2,114.867891
0.0,3,114.870732
0.0,3,114.873558
0.0,2,114.875395
0.0,2,114.877307
0.0,5,114.881745
0.0,3,114.884611
0.0,4,114.888561
0.0,2,114.890499
0.0,2,114.892403
0.0,3,114.895188
0.0,4,114.8986
1.5,2,114.900419
0.0,3,114.903114
1.0,4,114.906658
0.0,3,114.909223
0.0,2,114.911138
0.0,3,114.914019
0.0,2,114.915949
0.0,2,114.91774
0.0,2,114.919594
0.0,3,114.922441
0.0,4,114.925978
0.0,3,114.928682
0.0,2,114.930506
0.0,5,114.93533
0.0,3,114.938126
0.0,3,114.940694
0.0,3,114.943391
0.0,2,114.945282
0.0,2,114.947021
0.0,2,114.948869
0.0,4,114.952314
0.0,2,114.954249
0.0,2,114.956151
0.0,3,114.958862
0.0,3,114.961636
0.0,2,114.963555
0.0,2,114.965392
0.0,2,114.967216
0.0,3,114.969858
0.0,2,114.971654
0.0,2,114.973438
0.0,2,114.975288
0.0,4,114.978844
0.0,2,114.980705
0.0,3,114.983387
0.0,2,114.985113
0.0,2,114.986914
0.0,2,114.988838
0.0,2,114.990692
0.0,2,114.992678
0.0,5,114.997087
0.0,2,114.998979
0.0,2,115.000684
0.0,3,115.003407
0.0,4,115.006885
0.0,3,115.0098
0.0,3,115.012491
0.0,3,115.015265
1.5,2,115.017152
0.0,2,115.019072
-0.081737,5,115.023529
0.0,3,115.026271
0.0,5,115.030676
0.0,3,115.03348
0.0,3,115.036305
0.0,5,115.041145
0.0,4,115.044965
0.0,2,115.046909
0.0,3,115.049803
0.0,3,115.052553
0.0,4,115.056191
0.0,2,115.058015
0.0,3,115.060662
0.0,2,115.062453
0.0,3,115.065292
0.0,4,115.068912
0.0,3,115.071642
0.0,3,115.074396
0.0,2,115.0762
0.0,2,115.077946
0.0,4,115.081445
0.0,4,115.085006
0.0,2,115.086942
0.0,2,115.088949
0.0,3,115.091748
1.5,2,115.093544
0.0,2,115.095474
0.0,4,115.09899
0.0,3,115.101614
0.0,4,115.105193
0.0,3,115.107788
0.0,3,115.110424
0.0,4,115.114028
0.0,2,115.115886
0.0,2,115.117642
0.0,3,115.120321
0.0,4,115.123888
0.0,5,115.128221
0.0,2,115.130126
0.0,4,115.133563
0.0,4,115.137187
1.5,2,115.138937
0.0,2,115.140664
0.0,3,115.143231
0.0,3,115.145788
0.0,4,115.149332
0.0,3,115.151962
0.0,2,115.154239
0.0,6,115.161206
0.0,2,115.163873
0.0,2,115.166452
0.0,4,115.171829
0.0,3,115.175614
0.0,2,115.178092
0.0,3,115.181662
0.0,3,115.186481
0.0,3,115.19119
0.0,3,115.195862
0.0,4,115.19995
0.0,2,115.201677
1.5,2,115.203427
-0.058835,2,115.205156
0.0,2,115.207007
0.0,2,115.208726
0.0,4,115.212265
0.0,2,115.214095
0.0,4,115.305209
-1.0,4,115.309869
0.0,3,115.312973
0.0,3,115.316314
-1.0,4,115.320318
0.0,3,115.323231
0.0,4,115.327036
0.0,4,115.331256
1.5,2,115.333273
0.0,4,115.337478
0.0,3,115.340513
0.0,2,115.342471
0.0,5,115.347174
0.0,3,115.350312
0.0,2,115.352171
1.5,2,115.354236
0.0,2,115.356222
0.0,4,115.359961
0.0,2,115.361787
1.5,2,115.364098
0.0,2,115.366115
0.0,2,115.36809
0.0,3,115.371189
0.0,4,115.375027
0.0,3,115.377814
0.0,2,115.379748
0.0,3,115.382598
0.0,4,115.386808
0.0,3,115.389833
0.0,4,115.393971
0.0,3,115.397478
0.0,4,115.401553
0.0,2,115.403511
0.0,4,115.407212
0.0,3,115.41009
0.0,4,115.414047
0.0,2,115.416012
0.0,3,115.419125
0.0,4,115.423306
0.0,2,115.425286
0.0,3,115.428185
0.0,3,115.4311
0.0,3,115.434359
0.0,2,115.436604
0.0,2,115.438801
0.0,2,115.440608
0.0,2,115.442606
0.0,5,115.44729
0.0,2,115.449157
0.0,5,115.454099
0.143841,3,115.457042
0.0,3,115.460048
-1.0,4,115.464101
0.0,2,115.466091
0.0,3,115.469169
0.0,4,115.472908
0.0,4,115.476464
0.0,2,115.478383
0.0,3,115.481156
0.0,2,115.482969
0.0,2,115.484756
0.0,2,115.486732
0.0,4,115.490659
0.0,3,115.494299
0.0,3,115.497163
0.0,3,115.499896
0.0,4,115.503527
0.0,6,115.508793
0.0,2,115.511073
0.0,3,115.513876
0.0,3,115.517071
1.5,2,115.519014
0.0,3,115.521881
0.0,4,115.525742
0.0,3,115.528557
0.527296,2,115.530607
0.0,2,115.532618
0.0,2,115.534553
0.0,2,115.53658
0.0,2,115.53883
0.0,3,115.54197
0.0,2,115.543968
0.0,4,115.547599
0.0,4,115.551314
0.0,3,115.554313
0.0,2,115.556165
0.0,3,115.5592
0.0,5,115.563914
0.0,3,115.566933
0.0,2,115.568829
0.0,3,115.571733
0.0,2,115.573857
0.0,2,115.575764
0.0,3,115.578648
0.0,2,115.580586
0.0,5,115.585387
0.0,4,115.589921
0.0,2,115.591954
0.0,3,115.594973
0.0,2,115.596994
0.0,3,115.599779
0.0,2,115.601609
0.0,2,115.60348
0.0,3,115.606263
0.0,3,115.609296
0.0,3,115.612241
0.0,2,115.61435
0.0,4,115.618091
0.0,4,115.621766
0.0,3,115.624561
0.0,5,115.629343
0.0,3,115.632131
0.0,2,115.63412
0.0,2,115.636372
0.0,2,115.638387
1.5,2,115.640333
0.0,3,115.643206
0.0,4,115.646773
0.0,3,115.64986
0.0,2,115.651746
0.0,3,115.654548
0.0,4,115.658187
0.0,2,115.660067
0.0,3,115.662979
0.0,4,115.666764
0.0,4,115.670834
0.0,3,115.673627
1.5,2,115.675516
0.0,3,115.67821
0.0,4,115.681767
0.0,2,115.683753
0.0,2,115.685856
0.0,3,115.688943
0.0,2,115.690816
0.0,3,115.694388
0.0,2,115.696418
0.0,6,115.701755
0.0,2,115.703583
0.0,3,115.706362
0.0,5,115.710959
0.0,3,115.714104
0.0,3,115.716928
0.0,3,115.720058
0.276844,2,115.72205
0.0,2,115.724013
0.0,3,115.726663
1.5,2,115.728588
0.0,4,115.732396
0.0,4,115.736264
0.0,2,115.738238
0.0,2,115.740146
0.0,3,115.742882
0.0,2,115.744831
0.0,3,115.748237
0.0,2,115.751
0.0,2,115.753106
0.0,2,115.755184
0.0,3,115.758152
0.0,5,115.762954
0.0,2,115.764866
0.0,3,115.767834
0.0,4,115.771635
0.0,2,115.773666
0.0,2,115.775607
0.0,2,115.777678
0.0,3,115.780533
0.0,2,115.782402
0.0,3,115.785218
0.0,3,115.788406
0.0,2,115.79054
1.5,2,115.792984
1.5,2,115.795212
0.0,2,115.797205
0.0,3,115.800122
0.0,5,115.804886
0.0,4,115.808611
0.0,3,115.811539
0.0,3,115.81462
0.0,2,115.816519
-0.178585,2,115.818561
0.0,3,115.821627
0.0,3,115.824442
1.5,2,115.82627
0.0,4,115.830043
1.5,2,115.831956
0.0,3,115.834794
0.0,3,115.837716
0.0,4,115.84179
0.0,3,115.844925
1.5,2,115.846698
0.0,3,115.849574
0.0,2,115.85159
1.5,2,115.853448
0.0,2,115.855434
0.0,2,115.857408
0.0,2,115.859362
0.0,3,115.862212
0.0,2,115.864102
0.0,3,115.867003
0.0,3,115.869915
0.0,4,115.873683
0.0,3,115.876609
0.0,2,115.878434
0.0,2,115.880398
0.0,5,115.884951
0.0,2,115.886951
0.0,3,115.88968
0.0,3,115.892501
0.0,2,115.925727
0.0,3,115.92863
0.0,2,115.930439
0.0,3,115.933748
0.0,2,115.936467
0.0,2,115.939632
0.0,3,115.943141
0.0,4,115.947627
0.0,3,115.951282
0.0,2,115.954101
0.0,3,115.957541
0.0,3,115.960736
0.0,2,115.962659
0.0,3,115.965491
0.0,2,115.967544
0.0,3,115.970322
0.0,3,115.973245
0.0,4,115.977022
0.0,3,115.979763
0.0,2,115.981783
0.0,3,115.98473
0.0,2,115.98663
0.0,3,115.989709
0.0,2,115.991636
0.0,3,115.994667
0.0,3,115.997555
0.0,6,116.003128
0.0,3,116.005894
0.0,2,116.007847
0.0,4,116.01177
0.0,3,116.014508
0.0,2,116.016579
0.0,3,116.019387
0.0,2,116.021327
0.0,4,116.025023
0.0,2,116.026924
0.0,2,116.028864
0.0,3,116.031697
0.0,6,116.037208
0.0,2,116.039227
0.0,3,116.04199
0.0,3,116.044893
0.0,5,116.04936
0.0,3,116.052146
0.0,2,116.054074
0.0,3,116.056828
0.0,3,116.059715
0.0,2,116.061654
0.0,5,116.066501
0.0,3,116.069387
0.0,2,116.071395
0.0,3,116.074118
0.0,3,116.076777
0.0,2,116.078759
0.0,2,116.080465
0.0,2,116.082382
0.0,4,116.085736
0.0,4,116.089431
0.0,2,116.091561
0.0,2,116.093658
0.0,2,116.095539
0.0,4,116.099122
0.0,3,116.102357
0.0,2,116.104102
0.0,3,116.10679
0.0,2,116.108667
0.0,3,116.111364
0.0,4,116.115079
0.0,5,116.11943
1.5,2,116.121303
0.0,2,116.123168
0.0,3,116.125846
0.0,4,116.129566
0.0,3,116.132192
0.0,3,116.135016
0.0,2,116.136972
0.0,2,116.138777
0.0,3,116.141517
0.0,2,116.143385
0.0,3,116.14592
0.0,4,116.149447
0.0,2,116.15143
0.0,3,116.154066
0.0,3,116.156924
1.5,2,116.158622
0.0,2,116.160418
0.0,3,116.163244
0.0,2,116.165167
0.0,2,116.167047
0.0,2,116.168988
0.0,2,116.170898
1.0,3,116.173594
0.0,2,116.175424
0.0,2,116.177376
0.0,2,116.179163
0.0,2,116.180968
0.0,2,116.182868
0.0,2,116.184942
0.0,2,116.186896
0.0,3,116.189618
0.0,3,116.192319
0.0,2,116.194265
0.0,3,116.197456
0.0,2,116.199312
0.0,2,116.201217
0.0,2,116.203
0.0,3,116.205629
0.0,3,116.208262
0.0,2,116.210097
0.0,3,116.212884
0.0,3,116.215616
0.0,4,116.219409
0.0,3,116.222174
0.0,4,116.225792
0.0,2,116.227591
0.0,2,116.229411
1.5,2,116.23125
0.0,2,116.233131
-0.214482,4,116.237055
0.0,2,116.239334
0.0,3,116.242462
0.0,2,116.244615
0.0,3,116.24749
0.0,3,116.250208
0.0,2,116.252056
0.0,3,116.254913
0.0,2,116.256808
0.0,4,116.260397
0.0,4,116.263969
0.0,2,116.265854
0.0,4,116.269718
0.0,2,116.271502
0.0,5,116.276018
0.0,2,116.277939
1.5,2,116.279774
0.0,3,116.282418
0.0,3,116.285057
0.0,2,116.286838
0.0,5,116.291407
0.0,3,116.294497
0.0,4,116.298007
0.0,2,116.299695
0.0,2,116.301515
0.0,2,116.303304
0.0,3,116.305917
0.0,3,116.30841
0.0,4,116.311935
0.0,3,116.314618
0.0,2,116.31658
0.0,2,116.318381
0.0,2,116.320075
0.0,3,116.322879
0.0,4,116.326362
0.0,2,116.407667
0.0,3,116.410643
1.5,2,116.412468
1.5,2,116.4142
0.0,2,116.415954
0.0,2,116.417606
-0.083452,3,116.420244
0.0,3,116.42266
0.0,2,116.424243
0.0,3,116.426673
0.0,2,116.428349
0.0,3,116.43098
0.0,4,116.43466
0.0,2,116.436935
0.0,4,116.441058
0.0,2,116.442782
0.0,2,116.444607
0.0,3,116.447193
1.5,2,116.448978
0.0,2,116.450979
0.0,3,116.454125
0.0,3,116.456973
0.0,3,116.459607
1.5,2,116.461295
0.0,2,116.462997
0.0,4,116.466313
0.0,3,116.469049
1.5,2,116.470807
0.0,3,116.473355
1.5,2,116.475128
0.0,4,116.478601
0.0,4,116.481993
0.0,3,116.48449
0.0,3,116.486913
0.0,5,116.491592
0.0,4,116.496195
0.0,3,116.498928
0.0,2,116.500589
1.5,2,116.502414
0.0,4,116.505676
0.0,4,116.509046
0.0,3,116.511537
0.0,3,116.514009
0.0,4,116.517466
1.5,2,116.519254
0.0,3,116.521824
-0.118519,4,116.525304
0.0,5,116.529538
0.0,4,116.532872
0.0,3,116.535573
0.0,4,116.539059
0.677874,3,116.541676
0.0,2,116.543366
0.0,3,116.545818
0.0,3,116.548442
0.0,3,116.551012
0.0,2,116.552694
0.0,2,116.554621
0.0,4,116.557816
-0.521525,2,116.559621
0.0,4,116.563183
-0.261385,4,116.566768
0.0,2,116.568761
0.0,3,116.571358
0.0,4,116.574862
0.0,3,116.577397
0.0,3,116.579965
0.0,4,116.583413
0.0,3,116.585909
0.0,3,116.588389
0.0,3,116.591098
0.0,2,116.593177
0.0,4,116.59663
0.0,3,116.599402
0.0,2,116.601162
0.0,4,116.604563
0.0,2,116.606311
0.0,3,116.608825
0.0,3,116.611547
0.0,2,116.613354
0.0,3,116.616189
0.0,2,116.618051
0.0,2,116.619727
0.0,2,116.621494
0.0,3,116.624019
0.0,4,116.627274
0.0,3,116.629783
0.0,4,116.633377
0.0,3,116.635966
0.0,2,116.637769
0.0,2,116.639589
0.0,3,116.642185
0.0,2,116.643877
0.0,4,116.647195
0.0,3,116.649753
0.0,2,116.651558
0.0,4,116.654938
0.0,4,116.658515
0.0,3,116.661076
0.0,3,116.663687
0.0,3,116.666344
0.0,2,116.668128
0.0,2,116.669904
0.0,2,116.671738
0.0,2,116.673517
0.0,4,116.676966
0.0,3,116.679484
0.0,4,116.682657
0.0,2,116.684314
0.0,4,116.687755
0.0,2,116.689491
1.5,2,116.691177
0.0,4,116.694601
0.0,2,116.696564
0.0,3,116.69937
0.0,2,116.7011
1.5,2,116.702721
0.0,3,116.705329
0.0,2,116.707071
0.0,3,116.7095
0.0,2,116.711175
0.0,2,116.712821
0.0,3,116.715495
0.0,4,116.718885
0.0,2,116.720597
0.0,2,116.722267
0.0,4,116.725504
0.0,2,116.727223
0.0,2,116.729069
0.0,3,116.731591
0.0,3,116.734259
0.0,3,116.736856
0.0,3,116.73943
0.0,2,116.741163
0.0,4,116.744568
0.0,4,116.747855
0.0,3,116.750458
0.0,2,116.752112
0.0,3,116.754601
0.0,2,116.756341
0.0,2,116.758037
0.0,2,116.75966
0.0,2,116.761385
0.0,2,116.763102
0.0,3,116.765582
0.0,2,116.767246
0.0,2,116.768962
0.0,3,116.771517
0.0,2,116.773222
0.0,3,116.775654
0.0,2,116.7774
0.0,3,116.779882
0.0,3,116.782403
0.0,2,116.784244
0.0,3,116.78674
0.0,3,116.789429
0.0,3,116.792102
0.0,2,116.794045
0.0,3,116.796803
0.0,5,116.801095
0.0,3,116.803653
0.0,2,116.805281
0.0,2,116.806936
0.0,4,116.81016
0.0,2,116.811834
0.0,3,116.814378
0.0,4,116.817932
0.0,4,116.821303
0.0,2,116.823065
0.0,4,116.8263
1.5,2,116.827915
0.0,3,116.830347
0.0,2,116.832031
0.0,5,116.836127
0.0,3,116.838639
0.0,2,116.840343
0.0,2,116.84205
0.0,6,116.847003
0.0,4,116.850185
0.0,3,116.85276
0.0,3,116.855338
0.0,2,116.857047
0.0,4,116.860466
0.0,3,116.863056
0.0,2,116.864712
0.0,2,116.866416
0.0,2,116.868183
0.0,5,116.872261
0.0,2,116.874036
0.0,4,116.877586
0.0,3,116.880301
1.5,2,116.881966
0.0,5,116.886068
0.0,3,116.888626
0.0,2,116.890339
0.0,3,116.892908
0.0,3,116.895513
0.0,4,116.899053
0.0,3,116.901688
0.0,2,116.903411
0.0,3,116.938517
0.0,2,116.940346
0.0,4,116.943825
0.0,4,116.947187
0.815089,2,116.948996
0.0,2,116.950728
0.0,3,116.953348
0.0,4,116.957207
0.0,5,116.961282
0.0,2,116.963099
0.0,3,116.965787
0.0,3,116.968373
1.5,2,116.97019
0.0,3,116.972886
0.0,2,116.974683
0.0,3,116.977321
0.0,2,116.978979
0.0,3,116.981496
0.0,2,116.983286
0.0,4,116.98671
0.0,2,116.988501
0.0,4,116.992057
0.0,2,116.993982
0.0,2,116.996039
0.0,4,116.999764
1.5,2,117.001554
0.0,4,117.004992
1.5,2,117.006622
0.0,2,117.008284
0.0,4,117.01162
0.0,3,117.014279
0.0,3,117.016855
0.0,2,117.0186
0.0,4,117.021916
0.0,2,117.023658
0.0,2,117.025341
0.0,5,117.029417
0.0,4,117.032841
0.0,3,117.035517
0.0,3,117.038097
0.0,3,117.040622
0.0,5,117.044664
0.0,3,117.047024
0.0,3,117.04943
0.0,2,117.051179
0.0,4,117.054426
0.0,2,117.056283
0.0,3,117.058789
0.0,3,117.06127
0.0,3,117.063983
0.0,3,117.066634
1.5,2,117.068568
0.0,2,117.07046
0.0,4,117.073913
0.0,3,117.076481
0.0,2,117.078287
0.0,3,117.080821
0.0,2,117.082622
-0.620353,3,117.085474
0.0,4,117.088994
0.0,3,117.091694
0.0,3,117.094594
0.0,3,117.097197
0.0,2,117.098857
0.0,5,117.102994
0.0,3,117.105504
0.0,3,117.108044
0.0,3,117.110584
0.0,2,117.112335
0.0,4,117.115731
0.0,3,117.118284
0.0,3,117.120984
0.0,2,117.122788
0.0,2,117.124542
0.0,3,117.127096
0.0,2,117.12901
0.0,3,117.131798
0.0,3,117.134499
0.0,4,117.138102
0.0,3,117.140698
0.0,3,117.143367
-0.272697,2,117.145194
0.0,3,117.147767
0.0,3,117.150393
0.0,2,117.152183
0.0,5,117.156465
0.0,4,117.160021
0.0,3,117.162678
0.0,2,117.164448
0.0,3,117.167615
0.0,2,117.169566
0.0,2,117.171409
1.5,2,117.173131
0.0,3,117.17579
0.0,3,117.178435
0.0,3,117.181027
0.0,3,117.183717
0.0,3,117.186434
0.0,4,117.19002
0.0,3,117.192543
0.0,3,117.195049
0.0,3,117.197685
0.0,4,117.201129
0.0,2,117.202803
0.0,4,117.206301
0.0,2,117.208123
0.0,3,117.210925
0.0,2,117.212703
0.0,2,117.214484
0.0,2,117.21623
0.0,4,117.219579
0.0,2,117.221302
0.0,2,117.222992
0.0,3,117.225456
0.0,2,117.227138
0.0,2,117.228804
1.5,2,117.230551
0.0,3,117.233166
-0.013576,2,117.234868
0.0,3,117.237472
0.0,2,117.239159
0.0,3,117.241748
0.0,2,117.243527
0.0,3,117.246233
0.0,2,117.247994
1.5,2,117.249703
0.0,4,117.253116
0.0,3,117.255742
0.0,2,117.257676
0.0,2,117.259534
0.0,4,117.262806
0.0,3,117.265487
0.0,4,117.268955
0.0,2,117.270666
0.0,2,117.272444
0.0,3,117.274964
0.0,2,117.276809
0.0,3,117.27937
0.0,5,117.283573
0.0,2,117.285432
0.0,5,117.290637
0.0,4,117.2946
0.0,4,117.298304
0.0,2,117.300038
0.0,3,117.302531
-0.566486,4,117.306026
0.0,4,117.309233
0.0,4,117.312557
0.0,4,117.31601
0.0,3,117.318629
0.0,2,117.320449
0.0,3,117.32295
0.0,2,117.324672
0.0,3,117.327157
0.0,2,117.328757
0.0,3,117.419512
0.0,4,117.423535
0.0,3,117.426313
0.0,2,117.428513
0.0,2,117.430681
0.0,4,117.435945
0.0,4,117.440892
0.0,3,117.444459
0.0,4,117.448404
0.0,2,117.450518
0.0,2,117.452953
0.0,5,117.458729
0.0,3,117.462219
0.0,3,117.46556
0.0,4,117.469906
0.0,5,117.475533
0.0,2,117.477953
0.0,4,117.482184
0.0,3,117.485267
0.0,4,117.489296
0.0,3,117.49215
0.0,3,117.494982
0.0,2,117.496987
0.0,2,117.499087
0.0,3,117.501775
0.0,2,117.503585
0.0,3,117.506205
1.5,2,117.50797
0.0,3,117.510552
1.5,2,117.512227
0.0,3,117.515012
0.0,3,117.517625
0.0,3,117.520392
0.0,3,117.523082
0.0,5,117.527282
0.0,2,117.529233
0.0,3,117.531955
0.0,2,117.533816
0.0,3,117.536907
0.0,3,117.539749
0.0,3,117.542571
0.0,3,117.545185
0.0,4,117.548643
0.0,3,117.551454
0.0,3,117.554166
0.0,2,117.556092
0.0,2,117.557961
1.5,2,117.55958
1.5,2,117.561345
0.0,4,117.564862
0.0,5,117.569141
0.0,6,117.574495
0.0,2,117.576308
0.0,2,117.578146
1.5,2,117.579822
0.0,2,117.581653
1.5,2,117.583334
0.0,2,117.585337
0.0,3,117.58799
0.0,3,117.590751
0.399747,3,117.593466
0.0,2,117.595129
0.0,2,117.597063
0.0,3,117.599858
0.0,4,117.603593
0.0,3,117.606249
-1.0,5,117.610615
0.0,5,117.615108
0.0,3,117.617783
0.0,3,117.62054
0.0,4,117.623916
0.0,3,117.626658
0.0,3,117.629256
0.0,5,117.633637
0.0,2,117.635465
0.0,3,117.638023
0.0,3,117.640599
0.0,2,117.642267
0.0,3,117.644786
0.0,3,117.647324
0.0,2,117.649105
0.0,3,117.651685
0.0,2,117.653412
0.0,4,117.656908
0.0,3,117.659533
0.0,4,117.662977
0.0,3,117.665479
0.0,3,117.668257
0.0,3,117.670842
0.0,2,117.672579
0.0,2,117.674364
0.0,4,117.677752
0.0,4,117.681064
0.0,5,117.685202
0.0,2,117.686932
1.5,2,117.688692
0.0,2,117.690646
0.0,3,117.693331
1.5,2,117.695087
0.0,2,117.696969
0.0,2,117.698705
0.0,3,117.701391
0.0,2,117.703228
0.0,4,117.706958
0.0,2,117.708838
0.0,4,117.712514
0.0,3,117.715142
0.0,2,117.717108
0.0,5,117.721417
0.0,3,117.723993
0.0,3,117.726515
0.0,4,117.729957
0.885289,3,117.732792
0.0,3,117.7354
0.0,2,117.737167
0.0,2,117.738924
0.0,2,117.74072
0.0,3,117.743565
0.0,4,117.747481
0.0,2,117.749372
0.0,3,117.752008
0.0,5,117.756341
0.0,2,117.758241
0.0,2,117.76014
0.0,3,117.762715
0.0,2,117.764754
-0.205911,2,117.766676
0.0,2,117.768456
0.0,2,117.770345
0.0,3,117.773241
0.0,4,117.776658
0.0,2,117.778537
0.0,2,117.780408
0.0,4,117.783885
0.0,3,117.786627
0.0,3,117.789431
0.0,5,117.794048
0.0,2,117.796018
0.0,3,117.799026
0.0,6,117.804639
0.0,2,117.806645
0.0,5,117.811257
0.0,2,117.813323
0.0,2,117.815431
0.0,2,117.817675
0.0,2,117.819726
0.0,2,117.821582
0.0,2,117.823335
0.0,4,117.826974
0.0,3,117.829654
0.0,2,117.831502
0.0,2,117.833403
0.0,3,117.836149
0.0,3,117.83888
0.0,2,117.840868
0.0,3,117.843559
0.0,3,117.846303
0.0,2,117.848195
0.0,3,117.851032
0.0,3,117.85414
0.0,2,117.856039
0.0,4,117.859855
0.0,2,117.861837
0.0,2,117.865166
0.0,3,117.869
0.0,2,117.871577
0.0,3,117.874951
1.5,2,117.877222
0.0,4,117.881342
0.0,3,117.886212
0.0,2,117.88828
0.0,3,117.89142
0.0,2,117.893495
0.0,3,117.896549
0.0,2,117.898873
0.0,5,117.90468
0.0,2,117.907536
0.0,2,117.910931
0.0,3,117.91484
0.0,4,117.919
0.0,7,117.925744
0.0,2,117.927866
0.0,4,117.931745
0.0,4,117.935593
0.0,5,117.940426
-0.710726,2,117.942484
0.0,5,117.947071
0.0,3,117.988558
0.0,4,117.992205
0.0,3,117.995021
0.0,3,117.998007
0.0,2,118.000111
0.0,2,118.002051
0.0,2,118.004101
0.0,2,118.005919
0.0,4,118.009662
0.0,2,118.011792
1.5,2,118.01364
0.0,2,118.015439
0.0,4,118.018948
0.0,4,118.022484
0.0,3,118.025155
0.0,2,118.026822
1.5,2,118.028612
0.0,2,118.030397
0.0,2,118.03213
0.0,4,118.035582
0.0,3,118.03823
0.0,2,118.039984
0.0,4,118.043555
0.0,3,118.046291
0.0,4,118.049787
0.271983,3,118.052813
0.0,2,118.05465
0.0,2,118.056499
0.0,2,118.058375
0.0,2,118.060139
0.0,3,118.062794
0.0,5,118.067122
0.0,3,118.069879
0.0,3,118.072693
0.0,4,118.076318
0.0,2,118.078141
0.0,4,118.08182
0.0,3,118.084515
0.0,4,118.088251
0.0,2,118.090147
0.0,2,118.091986
0.0,2,118.093881
0.0,3,118.096631
0.0,3,118.099369
0.0,3,118.102211
0.0,2,118.104161
0.0,2,118.105948
0.0,4,118.109512
0.0,2,118.111367
0.0,3,118.114243
0.0,4,118.117871
0.0,3,118.120561
0.0,4,118.124118
0.0,3,118.126817
0.0,2,118.128632
0.0,5,118.133092
0.0,2,118.134919
0.0,2,118.136713
0.0,3,118.139471
0.0,3,118.142136
1.5,2,118.14391
1.5,2,118.145656
0.0,3,118.148427
0.0,2,118.1502
0.0,2,118.151985
0.0,2,118.153788
0.0,2,118.155513
0.0,2,118.157385
0.0,2,118.159158
0.0,2,118.16102
0.0,2,118.162837
0.0,4,118.166516
0.0,2,118.168634
0.0,2,118.170628
0.0,3,118.173376
0.0,2,118.175247
0.0,3,118.17806
0.0,3,118.180707
0.0,2,118.182631
0.0,3,118.185421
0.0,2,118.187412
0.0,4,118.191144
0.0,3,118.193744
0.0,2,118.195485
0.0,4,118.199034
0.0,3,118.20178
0.0,3,118.204419
0.0,2,118.20618
0.0,2,118.207831
0.0,2,118.209754
0.0,2,118.211618
0.0,2,118.213382
0.0,3,118.215989
0.0,5,118.22033
0.0,2,118.222112
0.0,4,118.225551
0.0,3,118.228035
0.0,4,118.231452
0.0,2,118.23318
0.0,2,118.234927
1.5,2,118.236649
1.5,2,118.238392
0.0,2,118.240216
0.0,3,118.242734
0.0,2,118.244516
0.0,3,118.247076
0.0,4,118.250453
0.0,2,118.252155
0.0,3,118.254681
0.0,2,118.256432
0.0,2,118.258185
0.0,3,118.260905
0.0,4,118.264333
0.0,2,118.266158
0.0,4,118.269562
0.0,4,118.273084
0.0,2,118.274919
0.0,2,118.276639
0.0,2,118.278384
0.0,2,118.280154
0.0,3,118.282684
0.0,2,118.284335
0.0,4,118.287716
0.0,4,118.29108
0.0,4,118.294575
0.0,2,118.296475
0.0,3,118.29917
0.0,3,118.301951
0.0,3,118.304492
0.0,5,118.308775
0.0,2,118.310528
0.0,3,118.313169
1.5,2,118.314837
0.0,4,118.318432
0.0,4,118.321928
0.0,2,118.323669
0.0,2,118.325403
0.0,2,118.327211
0.0,4,118.330658
0.0,4,118.334088
0.0,4,118.337484
0.0,3,118.340008
0.0,3,118.342589
0.0,2,118.344342
0.0,3,118.34687
0.0,3,118.349952
0.0,4,118.353972
0.0,2,118.355913
1.5,2,118.357641
0.0,2,118.359431
0.0,4,118.362824
0.0,2,118.364588
0.0,2,118.366302
0.0,2,118.368023
1.5,2,118.36969
0.0,2,118.371502
0.0,3,118.374225
-0.760159,4,118.377639
0.0,2,118.379369
0.0,3,118.381803
0.0,3,118.384446
0.0,6,118.389488
0.0,2,118.391184
0.0,2,118.393021
0.0,2,118.394701
0.0,3,118.397364
0.0,4,118.401455
0.0,3,118.406487
0.0,5,118.414285
0.0,3,118.498106
0.0,3,118.500823
0.0,4,118.504038
0.0,3,118.506434
0.0,4,118.509634
0.0,3,118.512154
0.0,3,118.514509
0.0,3,118.516986
0.0,3,118.519439
0.0,3,118.521812
0.0,3,118.524216
0.0,3,118.526647
1.5,2,118.528268
0.0,4,118.531566
0.0,3,118.534063
0.0,3,118.536484
0.0,4,118.539877
0.0,2,118.541779
0.0,4,118.545253
0.0,3,118.547786
0.0,2,118.549438
0.0,3,118.551893
0.0,3,118.554376
0.0,3,118.556792
0.0,3,118.559303
0.0,4,118.562641
0.0,3,118.565057
0.0,3,118.567567
0.0,2,118.569201
0.0,3,118.571591
0.0,3,118.574065
0.0,2,118.57566
0.0,3,118.578012
0.0,2,118.579663
0.0,4,118.582806
0.0,2,118.584368
0.0,3,118.586859
0.0,3,118.589338
0.0,5,118.593335
0.0,2,118.595119
0.0,2,118.596856
0.0,4,118.600078
0.0,3,118.602788
0.0,3,118.605354
0.0,5,118.609428
0.0,2,118.611073
0.0,3,118.613584
0.0,3,118.616221
0.0,2,118.617895
0.0,2,118.619547
0.0,2,118.621208
0.0,2,118.622868
0.0,3,118.62523
0.0,2,118.626842
0.0,2,118.62862
0.0,3,118.631173
0.0,2,118.632806
0.0,3,118.635243
0.0,4,118.638605
0.0,4,118.641767
0.0,2,118.643402
0.0,2,118.645029
0.0,2,118.646642
0.0,3,118.649287
0.0,3,118.651812
0.0,2,118.65341
1.5,2,118.655028
0.0,3,118.657412
0.0,2,118.659042
0.419068,3,118.661466
0.0,3,118.664138
0.0,4,118.667429
0.0,2,118.669111
0.0,3,118.671953
0.0,3,118.674414
0.0,2,118.676065
0.0,4,118.679358
0.0,2,118.681004
0.0,4,118.684355
0.0,3,118.68684
0.0,2,118.688561
0.0,2,118.690254
0.0,3,118.693009
0.0,2,118.69471
0.0,2,118.69632
0.0,5,118.701886
0.0,2,118.703866
0.0,3,118.706443
1.5,2,118.708086
0.0,2,118.709719
0.0,5,118.714011
0.0,3,118.716455
0.0,4,118.719984
0.0,5,118.724065
0.0,3,118.726476
0.0,4,118.729746
0.0,6,118.734867
0.0,2,118.736523
0.0,4,118.739771
0.0,4,118.743141
0.0,2,118.74497
0.0,4,118.748341
0.0,3,118.750809
0.0,4,118.754316
1.5,2,118.756137
0.0,2,118.757774
0.0,2,118.7596
0.0,2,118.762095
0.0,3,118.764672
0.0,3,118.767192
0.0,2,118.769158
0.0,3,118.77165
0.0,2,118.773272
0.0,3,118.77578
0.0,3,118.778236
0.0,5,118.782308
0.0,3,118.784846
0.0,2,118.786504
0.0,3,118.789263
0.0,2,118.791162
1.5,2,118.793051
0.0,4,118.796787
0.0,3,118.799443
0.0,2,118.801178
0.0,3,118.804295
0.0,3,118.806895
0.0,4,118.810598
0.0,5,118.814864
0.0,3,118.817813
1.5,2,118.819589
0.0,2,118.821287
0.0,2,118.823091
0.0,2,118.824976
0.0,3,118.827534
0.0,2,118.829266
0.0,5,118.833722
0.0,5,118.838075
0.0,3,118.840725
0.0,3,118.843241
0.0,3,118.845743
0.0,4,118.848987
0.0,2,118.85083
0.0,3,118.853581
0.0,3,118.856187
0.0,4,118.859554
0.0,2,118.861379
0.0,4,118.864763
1.5,2,118.866812
0.0,2,118.86868
0.0,2,118.870514
0.0,2,118.872464
0.0,3,118.875189
0.0,2,118.877036
0.0,3,118.87962
0.0,2,118.881449
1.5,2,118.883133
0.0,3,118.885857
0.0,2,118.887754
0.0,4,118.891272
0.0,3,118.894498
0.0,3,118.897241
0.0,4,118.901111
0.0,3,118.904703
0.0,3,118.907488
0.0,3,118.910247
0.0,2,118.911992
0.0,2,118.913947
0.0,2,118.91601
0.0,2,118.917847
0.0,3,118.920455
0.0,3,118.923121
0.0,2,118.924999
0.0,4,118.928793
0.0,2,118.930649
0.0,2,118.932433
0.0,4,118.936647
0.0,3,118.939368
0.0,3,118.942038
0.0,2,118.943903
1.5,2,118.945587
0.0,3,118.948347
0.0,2,118.950432
0.0,2,118.952424
0.0,5,118.998098
0.0,3,119.001889
-0.091021,4,119.005814
0.0,2,119.007687
0.0,2,119.009405
0.0,2,119.011557
0.0,3,119.01465
0.0,2,119.016628
0.0,3,119.019986
0.0,2,119.021831
0.0,3,119.024613
0.0,4,119.028255
0.0,3,119.03091
0.0,3,119.034168
0.0,2,119.036175
0.0,3,119.039416
0.0,2,119.04169
0.0,3,119.044513
0.0,3,119.047472
0.0,4,119.051136
1.5,2,119.053366
0.0,2,119.055471
0.0,4,119.059255
0.0,2,119.061476
0.0,3,119.064444
0.0,4,119.068437
0.0,4,119.072347
0.0,3,119.0758
0.0,2,119.07824
0.0,3,119.081336
0.0,4,119.085352
0.0,2,119.08759
0.0,3,119.090801
0.0,2,119.092809
0.0,4,119.096668
0.0,5,119.101259
0.0,2,119.103612
0.0,3,119.10694
0.0,3,119.110252
0.0,2,119.112271
0.0,3,119.115243
0.0,2,119.11768
-0.112611,5,119.1224
0.0,4,119.126275
0.0,3,119.129083
0.0,2,119.131494
0.0,3,119.134369
0.0,2,119.136601
0.0,4,119.140695
0.0,3,119.143564
0.0,3,119.14646
0.0,3,119.149251
1.5,2,119.151623
0.0,3,119.154685
0.0,2,119.156765
0.0,2,119.158707
0.0,4,119.162494
1.5,2,119.164711
0.0,3,119.167923
0.0,3,119.17206
0.0,3,119.175979
0.0,3,119.179816
0.0,5,119.185966
0.0,3,119.189752
0.0,3,119.193989
0.0,3,119.197901
0.0,2,119.200447
0.0,2,119.203044
0.0,3,119.206863
0.0,4,119.211025
0.0,4,119.215466
0.0,2,119.217625
0.0,4,119.222226
0.0,2,119.224323
0.0,5,119.229059
0.0,2,119.231056
0.0,3,119.234283
0.0,4,119.238412
0.0,3,119.24139
0.0,4,119.245217
0.0,2,119.24734
0.0,4,119.251735
0.0,3,119.25484
1.5,2,119.256893
0.0,5,119.261787
0.0,2,119.2641
0.0,3,119.26706
0.0,4,119.271408
0.0,4,119.275499
0.0,4,119.279494
0.0,4,119.283653
0.0,2,119.285676
0.0,3,119.288764
0.0,2,119.291255
0.0,4,119.295223
0.0,3,119.298466
0.0,3,119.30224
0.0,2,119.304552
0.0,3,119.307729
1.5,2,119.309762
0.0,4,119.314142
0.0,3,119.317219
0.0,3,119.320529
0.0,3,119.323515
0.0,2,119.325624
0.0,3,119.32908
0.0,4,119.33339
0.0,3,119.336484
0.0,2,119.338713
-1.030846,2,119.341007
1.5,2,119.342976
0.0,4,119.347046
0.0,5,119.351964
0.0,2,119.354264
1.5,2,119.356316
0.0,2,119.358359
0.0,4,119.362738
0.0,2,119.364799
0.0,2,119.36718
0.0,3,119.370299
0.0,2,119.372441
0.0,2,119.374772
0.0,3,119.377925
0.0,2,119.379918
-0.777805,2,119.382179
0.0,5,119.387039
0.0,3,119.390377
0.0,3,119.393535
0.0,4,119.397801
0.0,4,119.401809
0.0,3,119.405176
0.0,2,119.407455
0.0,3,119.410757
0.0,3,119.41372
0.0,2,119.41598
0.0,4,119.419925
1.5,2,119.421895
0.0,3,119.425045
0.0,3,119.427964
0.0,2,119.430259
0.0,3,119.433364
0.0,2,119.435668
0.0,6,119.442102
0.0,5,119.447676
0.0,3,119.451425
0.0,2,119.453747
0.0,2,119.455945
0.0,3,119.459053
0.0,4,119.463126
0.0,2,119.465444
0.0,2,119.46748
0.0,2,119.46969
0.0,3,119.473191
0.0,2,119.475352
0.0,4,119.479438
0.0,3,119.48244
0.0,4,119.48689
0.0,4,119.490985
0.0,5,119.496747
0.0,4,119.501765
0.0,2,119.504405
0.0,2,119.506565
0.0,3,119.509647
0.0,3,119.513005
0.0,4,119.517121
0.0,3,119.520521
0.0,2,119.606289
0.0,3,119.610086
0.0,2,119.612527
0.0,2,119.614666
0.0,2,119.616913
0.0,2,119.619516
0.0,3,119.622577
0.0,3,119.626088
0.0,3,119.629064
0.0,2,119.631292
0.0,3,119.634816
0.0,3,119.638261
0.0,2,119.640627
0.0,2,119.642788
0.0,5,119.648558
0.0,2,119.650655
0.0,5,119.656288
0.0,4,119.660919
-0.594374,3,119.664063
0.0,3,119.667608
0.0,2,119.669861
1.5,2,119.672226
1.0,3,119.675798
0.0,4,119.679977
0.0,3,119.683177
0.0,3,119.686199
0.0,5,119.691679
1.5,2,119.694077
0.0,3,119.697539
0.0,2,119.699754
0.0,2,119.702433
0.0,4,119.70761
0.0,5,119.714783
0.0,5,119.721963
0.0,2,119.724694
0.0,3,119.728933
0.0,3,119.733453
0.0,2,119.736733
0.0,3,119.741336
0.0,3,119.745544
0.0,5,119.751991
0.0,4,119.756057
0.0,3,119.759115
0.0,5,119.764287
0.0,2,119.766407
0.0,7,119.773659
0.0,3,119.776583
0.0,3,119.779577
0.0,3,119.782439
0.0,4,119.78678
0.0,2,119.788926
0.0,2,119.791094
0.0,3,119.794289
0.0,2,119.796504
0.0,2,119.798686
0.0,2,119.801152
0.0,4,119.805651
0.0,4,119.80976
0.0,3,119.813071
0.0,2,119.815202
0.0,2,119.817277
0.0,4,119.821675
0.0,4,119.826243
0.0,4,119.831138
0.0,3,119.835314
1.5,2,119.837576
0.0,2,119.83977
0.0,2,119.841983
1.5,2,119.843999
0.0,2,119.846105
1.5,2,119.848237
0.0,3,119.851423
0.0,4,119.855783
0.0,4,119.860059
0.0,3,119.863397
0.0,2,119.865503
0.0,2,119.867819
0.0,2,119.870186
0.0,2,119.872337
0.0,2,119.874601
0.0,2,119.876804
0.0,2,119.878972
0.0,3,119.882121
1.0,4,119.886247
0.0,3,119.889519
0.0,3,119.892811
0.0,2,119.894836
0.0,4,119.898828
0.0,3,119.901836
0.0,3,119.90553
0.0,3,119.909027
0.0,2,119.911381
0.0,3,119.914475
-1.0,4,119.918894
0.0,4,119.922743
0.0,2,119.924805
0.0,4,119.928777
0.0,3,119.932045
0.0,2,119.934099
0.0,2,119.936988
0.0,2,119.939499
0.0,2,119.941726
0.0,2,119.943929
0.0,3,119.947028
0.0,3,119.949959
0.0,3,119.953176
1.5,2,119.95524
0.0,4,119.959268
0.0,3,119.962349
0.0,2,119.964462
0.0,2,119.966626
0.0,3,119.969861
0.0,3,119.97316
0.0,4,119.977143
0.0,5,119.982145
0.0,4,119.986228
0.0,7,119.99333
0.0,3,119.996583
0.0,2,119.998843
0.0,2,120.001287
0.0,2,120.003776
1.5,2,120.006029
0.0,2,120.008298
0.0,7,120.015462
0.0,2,120.017632
1.5,2,120.019772
0.0,3,120.023004
0.0,3,120.025892
0.0,4,120.030195
0.0,2,120.032368
0.0,2,120.034458
0.0,3,120.037767
0.0,3,120.041002
0.0,6,120.046829
0.0,2,120.049035
0.0,2,120.051306
0.0,3,120.054392
0.0,3,120.057639
0.0,2,120.059547
0.0,3,120.062681
0.0,5,120.067867
0.0,2,120.070092
0.0,3,120.073171
0.0,5,120.078226
0.0,3,120.081087
0.0,2,120.083264
0.0,4,120.087541
0.0,3,120.090781
0.0,2,120.093228
0.0,4,120.097532
0.0,2,120.099821
0.0,2,120.101744
0.0,3,120.105065
0.0,4,120.109992
0.0,4,120.114639
0.0,3,120.117871
0.0,3,120.121233
0.0,2,120.123291
1.5,2,120.125359
0.0,5,120.130191
0.0,4,120.134432
0.0,3,120.13746
0.0,2,120.139533
0.0,2,120.141769
0.0,3,120.144818
0.0,3,120.147814
0.0,2,120.150295
0.0,4,120.155246
1.5,2,120.157481
0.0,4,120.161875
0.0,2,120.203139
0.0,2,120.205526
0.0,3,120.209231
0.0,3,120.212524
0.0,3,120.215643
-1.0,4,120.219886
0.0,2,120.22193
0.0,5,120.22657
0.0,3,120.229412
0.0,3,120.232656
-1.0,4,120.236508
0.0,4,120.24051
0.0,3,120.243328
0.0,3,120.246292
0.0,4,120.250159
0.0,2,120.252337
0.0,3,120.255289
-0.463593,4,120.259153
0.0,2,120.261368
0.0,2,120.263332
0.0,2,120.265376
0.0,6,120.271405
0.0,2,120.273527
0.0,3,120.276582
0.0,3,120.279598
0.0,3,120.282624
0.0,2,120.284578
0.0,2,120.286645
0.0,2,120.288834
0.0,2,120.291024
0.0,3,120.294226
0.0,3,120.297436
0.0,3,120.300692
0.0,5,120.306488
0.0,4,120.310524
0.0,3,120.313631
0.0,3,120.31667
0.0,3,120.319973
0.0,2,120.322067
0.0,3,120.325185
0.0,3,120.328214
0.0,3,120.331258
-0.430171,5,120.336236
0.0,3,120.339215
0.0,2,120.341337
0.0,2,120.343381
0.0,3,120.346236
0.0,3,120.349359
0.0,3,120.352287
0.0,4,120.356042
0.0,3,120.358974
0.535703,4,120.362976
0.0,3,120.36611
0.0,3,120.369118
0.0,3,120.372423
0.0,4,120.376399
0.0,2,120.378387
0.0,2,120.380304
0.0,3,120.383452
0.0,2,120.385577
0.0,4,120.389855
0.0,2,120.392132
1.5,2,120.394262
0.0,4,120.398387
1.5,2,120.400744
0.0,3,120.404054
0.0,2,120.406476
0.0,2,120.408746
0.0,2,120.411016
0.0,3,120.414155
0.0,4,120.418059
0.0,3,120.4211
0.0,2,120.423037
0.0,2,120.424991
0.0,3,120.427863
0.0,3,120.430839
0.0,4,120.435265
0.0,4,120.439725
0.0,3,120.443139
0.0,5,120.448167
0.0,2,120.45026
0.0,3,120.453405
0.0,2,120.455774
0.0,2,120.458102
0.0,5,120.463672
0.0,4,120.467941
0.0,3,120.471088
1.5,2,120.473171
0.0,3,120.476495
0.0,2,120.478518
-0.157374,5,120.48358
0.0,3,120.486609
0.0,2,120.488883
0.0,2,120.490959
1.5,2,120.493137
0.0,3,120.496448
-0.042742,4,120.500711
0.0,3,120.504502
0.0,2,120.506781
0.0,4,120.51163
0.0,3,120.514725
0.0,4,120.518908
0.0,3,120.521935
0.0,2,120.523813
0.0,4,120.527593
0.0,3,120.530815
0.0,3,120.534122
0.0,2,120.536343
0.0,2,120.538439
0.0,3,120.54171
0.0,4,120.546429
0.0,3,120.549828
0.0,3,120.553021
0.0,3,120.5561
0.0,4,120.560037
0.0,3,120.562963
0.0,2,120.565099
0.0,2,120.567228
0.0,2,120.569366
0.0,2,120.571618
0.0,2,120.573812
0.0,3,120.576955
0.0,2,120.579015
0.0,5,120.583731
-0.921707,3,120.587132
0.0,2,120.589344
0.0,4,120.593483
0.0,5,120.598341
0.0,4,120.602075
1.5,2,120.603995
0.0,3,120.607142
0.0,5,120.612566
0.0,2,120.614777
0.0,2,120.616857
0.0,4,120.621044
0.0,4,120.62495
0.0,3,120.627725
0.0,2,120.629761
0.0,4,120.633611
0.0,2,120.635664
0.0,3,120.638724
0.0,3,120.641657
0.0,2,120.643686
0.0,2,120.645573
0.0,2,120.647585
0.0,2,120.649627
0.0,3,120.653512
0.0,2,120.655833
0.0,5,120.661349
0.0,4,120.665533
0.0,3,120.668821
0.0,2,120.671162
0.0,3,120.674327
0.0,2,120.676307
0.0,3,120.679297
0.0,3,120.68227
0.0,2,120.684273
0.0,3,120.687141
0.0,2,120.689193
0.0,3,120.692258
0.0,4,120.696274
0.0,3,120.699282
0.0,3,120.702193
0.0,2,120.704408
0.0,2,120.706709
0.0,3,120.710067
0.0,3,120.713314
0.0,3,120.716517
0.0,6,120.722537
0.0,2,120.72445
0.0,2,120.726434
0.0,3,120.729285
0.0,3,120.732529
0.0,4,120.736272
0.0,4,120.740469
0.0,2,120.742661
0.0,3,120.838958
0.0,2,120.841443
0.0,5,120.846502
1.5,2,120.848645
0.0,3,120.851928
0.0,2,120.854283
0.0,4,120.858163
0.0,3,120.86128
0.0,3,120.864304
0.0,3,120.867587
0.122028,2,120.870461
0.0,5,120.876564
0.0,2,120.878682
0.0,2,120.880684
0.0,2,120.882897
0.0,4,120.887133
0.0,2,120.889422
0.0,4,120.893675
0.0,3,120.897133
0.0,2,120.899189
0.0,2,120.90179
0.0,2,120.904036
0.0,3,120.907687
0.0,3,120.911282
0.0,5,120.916803
0.0,3,120.920037
0.0,3,120.923485
0.0,2,120.925524
0.0,2,120.927601
0.0,3,120.930969
0.0,4,120.935594
0.0,2,120.93825
0.0,3,120.941397
0.0,2,120.943644
0.0,2,120.945745
0.0,3,120.948781
0.0,3,120.952067
0.0,3,120.955288
0.0,4,120.959752
0.0,3,120.963283
0.0,3,120.966816
0.0,2,120.969071
0.0,2,120.971249
0.0,4,120.975794
0.0,3,120.979555
0.0,3,120.982644
0.0,5,120.987977
0.0,4,120.992662
0.0,2,120.994971
0.0,3,120.998248
0.0,2,121.000453
0.0,2,121.00259
0.0,3,121.006157
0.0,3,121.009985
0.0,2,121.012376
1.5,2,121.015076
0.0,3,121.018817
0.0,2,121.021291
0.0,3,121.024314
1.5,2,121.026316
0.0,3,121.029318
0.0,2,121.031483
0.0,3,121.034504
0.0,2,121.036587
0.0,3,121.03953
0.0,5,121.044315
0.0,5,121.049017
0.0,2,121.051023
0.0,4,121.054885
0.0,2,121.057062
0.0,2,121.059185
0.0,4,121.063099
0.0,2,121.065441
0.0,2,121.067553
1.5,2,121.069571
0.0,3,121.072877
0.0,4,121.077411
0.0,3,121.08036
0.0,3,121.083296
0.0,2,121.085329
0.0,4,121.089545
0.0,3,121.092726
0.0,5,121.097811
0.0,2,121.099933
0.0,2,121.10203
0.0,4,121.105986
0.0,3,121.109054
0.0,3,121.112549
0.0,3,121.11582
0.0,2,121.118055
0.0,3,121.121558
0.0,4,121.125884
0.0,4,121.130162
1.5,2,121.132399
0.0,2,121.134859
0.0,4,121.139084
0.0,3,121.142077
0.0,4,121.146234
0.0,4,121.150648
0.0,2,121.152934
0.0,4,121.156857
-0.228184,2,121.1588
0.0,4,121.16296
0.0,2,121.165272
0.0,4,121.169543
0.0,2,121.17167
0.0,2,121.173836
1.5,2,121.175932
0.0,2,121.177799
0.0,3,121.180632
0.0,5,121.185591
0.0,2,121.187791
0.0,3,121.191184
0.0,3,121.194363
0.0,4,121.198187
0.0,2,121.200083
0.0,2,121.20198
0.0,3,121.204928
0.0,3,121.208014
0.0,3,121.211917
0.0,3,121.215426
1.5,2,121.217423
0.0,2,121.219621
0.0,4,121.223624
0.0,3,121.226567
0.0,3,121.229513
1.5,2,121.231434
0.0,2,121.233557
0.0,4,121.237601
0.0,4,121.241788
0.0,3,121.24487
0.0,2,121.246902
0.0,4,121.250818
0.0,4,121.255597
0.0,2,121.258058
0.0,4,121.26291
0.0,3,121.266517
0.0,2,121.268615
0.0,3,121.271507
0.0,4,121.275647
0.0,3,121.278704
0.0,4,121.282504
0.0,3,121.285503
0.0,2,121.287612
0.0,4,121.291576
0.0,2,121.293391
0.0,3,121.296207
2.0,2,121.298246
0.0,3,121.301209
0.0,6,121.307676
0.0,2,121.309841
0.0,2,121.312238
0.0,3,121.315458
-1.0,4,121.319806
0.0,3,121.322805
0.0,2,121.324789
0.0,3,121.327624
0.0,2,121.329758
0.0,4,121.333777
0.0,4,121.337778
0.0,4,121.341753
1.5,2,121.343705
0.0,3,121.346548
0.0,3,121.349248
0.0,3,121.387672
0.0,4,121.3917
1.5,2,121.393743
0.0,3,121.396876
0.0,4,121.400788
-0.258356,2,121.402955
0.0,3,121.405979
0.0,3,121.409554
0.0,2,121.411659
0.0,5,121.41689
0.0,4,121.421
0.0,3,121.424034
0.0,2,121.426052
0.0,4,121.429743
0.0,4,121.433456
0.0,2,121.435811
0.0,4,121.439683
0.0,3,121.442256
0.0,3,121.445134
0.0,2,121.44693
0.0,3,121.449908
0.0,2,121.451909
0.0,3,121.454788
0.0,4,121.458498
0.0,3,121.461263
0.0,3,121.464113
0.0,2,121.466133
0.0,3,121.468902
0.0,2,121.470719
0.0,2,121.472652
0.0,3,121.475515
0.0,2,121.47729
0.0,3,121.480123
0.0,2,121.481881
0.0,2,121.483835
0.0,2,121.485717
0.0,5,121.490925
0.0,4,121.494767
0.0,2,121.496728
0.0,2,121.498726
0.0,2,121.500815
0.0,5,121.505569
0.0,3,121.508758
0.0,2,121.511029
1.5,2,121.512932
0.0,5,121.517989
0.0,3,121.52113
0.0,3,121.524034
0.0,4,121.527728
0.0,3,121.530731
0.0,2,121.532839
0.0,2,121.535049
0.0,2,121.537166
0.0,3,121.540359
0.0,4,121.544405
-1.0,3,121.547182
0.0,3,121.550012
0.0,5,121.554861
0.0,3,121.557866
0.0,3,121.56109
0.0,2,121.563186
0.0,3,121.566188
1.5,2,121.568092
0.0,2,121.570118
0.0,3,121.573116
0.0,5,121.578006
0.0,2,121.579891
0.0,3,121.582484
0.0,2,121.584414
0.0,4,121.588344
0.0,2,121.590205
0.0,2,121.592163
0.0,4,121.596059
0.0,3,121.5991
0.0,4,121.602715
1.5,2,121.604515
0.0,3,121.607118
0.0,5,121.611908
0.0,3,121.615015
0.0,3,121.617945
0.0,2,121.619952
0.0,4,121.623698
0.0,3,121.626675
0.0,2,121.628785
0.0,5,121.63353
0.0,2,121.63565
-1.0,5,121.640112
0.0,3,121.642955
0.0,2,121.644827
0.0,2,121.646757
0.0,2,121.64865
0.0,5,121.653389
0.0,3,121.656311
0.0,4,121.659727
1.5,2,121.661581
0.0,4,121.665457
0.0,4,121.669098
0.0,3,121.672117
0.0,2,121.674052
0.0,4,121.678128
0.0,3,121.680814
0.0,3,121.683787
-0.922044,2,121.685777
0.0,2,121.687817
0.0,4,121.691859
0.0,2,121.693823
0.0,2,121.6959
0.0,3,121.698772
0.0,2,121.700653
0.0,2,121.702622
0.0,2,121.704478
0.0,3,121.707592
0.0,2,121.709783
0.0,2,121.711863
0.0,3,121.714833
0.0,3,121.718014
0.0,3,121.721033
0.0,3,121.723949
0.0,4,121.727524
0.0,3,121.730218
0.0,2,121.732041
0.0,2,121.734126
0.0,4,121.738115
0.0,3,121.740952
0.0,3,121.743619
0.0,2,121.745595
0.0,3,121.748357
0.0,3,121.751197
0.0,3,121.753989
0.0,4,121.757629
0.0,2,121.75968
0.0,5,121.764866
1.5,2,121.767139
0.0,4,121.771687
0.0,2,121.773767
0.0,4,121.777527
0.0,3,121.780361
0.0,4,121.783906
0.0,4,121.787379
0.0,3,121.790296
0.0,4,121.793961
0.0,2,121.795861
0.0,3,121.798397
-0.46589,3,121.801061
2.0,2,121.802947
0.0,4,121.806716
0.0,4,121.810558
0.0,3,121.813384
-0.842167,4,121.817374
0.0,2,121.81922
0.0,3,121.822099
0.0,4,121.825641
0.0,2,121.827425
0.0,2,121.829311
0.0,4,121.833326
0.0,3,121.836413
0.0,3,121.839505
1.5,2,121.841361
0.0,3,121.844559
0.0,2,121.846437
0.0,2,121.848452
0.0,2,121.850566
1.5,2,121.852694
0.0,3,121.855823
0.0,5,121.860618
0.0,4,121.864479
0.0,2,121.866608
0.0,3,121.869622
0.0,3,121.873118
0.0,2,121.875195
0.0,3,121.878264
0.0,3,121.881179
0.0,2,121.883254
0.0,2,121.885336
1.5,2,121.887351
0.0,3,121.890239
0.0,3,121.893283
0.0,4,121.897101
0.0,2,121.899052
1.5,2,121.900875
0.0,5,121.905494
0.0,3,121.908418
0.0,2,121.910427
0.0,3,121.913345
0.0,3,121.916185
0.0,4,122.000103
0.0,6,122.005797
0.0,4,122.009623
0.0,3,122.012485
0.0,5,122.016973
0.0,2,122.018943
0.0,4,122.022619
0.0,3,122.025405
0.0,2,122.027324
0.0,2,122.029135
0.0,3,122.032037
0.0,4,122.035867
0.0,4,122.039481
0.0,4,122.043275
0.0,2,122.045183
0.0,2,122.046956
0.0,2,122.048795
0.0,5,122.053294
1.5,2,122.055197
0.0,4,122.058887
0.0,3,122.061787
0.0,3,122.064543
0.0,3,122.067322
0.0,2,122.069406
0.0,3,122.072147
1.5,2,122.074032
0.0,3,122.076944
0.0,2,122.078752
1.5,2,122.080572
0.0,3,122.083329
0.0,3,122.086064
0.0,2,122.088054
0.0,5,122.092903
0.0,3,122.095675
0.0,4,122.09926
1.5,2,122.101084
0.0,2,122.102965
1.5,2,122.104961
0.0,4,122.10869
0.0,4,122.112817
1.5,2,122.11471
0.0,4,122.118707
0.0,4,122.122444
0.0,2,122.124361
0.0,2,122.126276
0.0,2,122.128166
0.0,2,122.130087
0.0,3,122.132804
1.5,2,122.134669
-0.223848,4,122.138476
0.0,4,122.142087
0.0,3,122.144843
0.0,3,122.147565
0.0,2,122.149292
0.0,2,122.151257
0.0,2,122.153196
0.0,3,122.155835
0.0,2,122.157702
0.0,2,122.159493
0.0,2,122.161343
0.0,2,122.163229
0.0,3,122.166088
0.0,4,122.169688
0.0,3,122.172609
0.0,2,122.174471
0.0,4,122.178009
0.0,2,122.179795
0.0,2,122.181575
0.0,2,122.183419
0.0,3,122.186229
0.0,3,122.188953
0.0,3,122.19172
0.0,2,122.19359
0.0,3,122.196375
1.5,2,122.198142
0.0,3,122.20093
0.0,2,122.202938
0.0,2,122.204768
0.0,2,122.206735
0.0,3,122.209915
0.0,2,122.211876
0.0,4,122.215969
0.0,2,122.217783
0.0,3,122.22049
0.0,3,122.22313
0.0,2,122.224917
0.0,5,122.229097
0.0,3,122.231754
0.0,3,122.234431
0.0,4,122.237842
0.0,3,122.240518
0.0,3,122.243116
0.0,2,122.244989
0.0,3,122.247659
0.0,3,122.250494
0.0,5,122.254908
0.0,5,122.259227
0.0,4,122.262994
0.0,2,122.264988
0.0,2,122.266836
0.0,3,122.269518
0.0,3,122.27224
0.0,2,122.274083
1.5,2,122.275936
0.0,4,122.279568
0.0,2,122.281378
0.0,3,122.284208
0.0,5,122.288691
0.0,4,122.292456
0.0,5,122.297006
0.0,3,122.29981
0.0,2,122.301551
0.0,2,122.303539
0.0,5,122.308278
0.0,3,122.311042
0.0,2,122.312771
0.0,2,122.314618
1.5,2,122.316378
0.0,3,122.319201
0.0,5,122.323588
0.0,3,122.326209
0.0,4,122.329795
0.0,2,122.331783
1.5,2,122.333594
0.0,3,122.33633
0.0,3,122.339085
0.0,2,122.340938
0.0,4,122.344467
0.0,4,122.34809
0.0,3,122.350702
0.0,3,122.353449
0.0,3,122.356081
0.0,3,122.358745
0.0,3,122.361523
0.0,2,122.363397
0.0,3,122.366273
0.0,4,122.369965
0.0,3,122.372776
0.0,4,122.376462
0.0,3,122.379472
1.5,2,122.381375
0.0,3,122.384337
0.0,3,122.387215
0.0,3,122.390325
1.5,2,122.392475
0.0,2,122.394703
0.0,3,122.397831
0.0,3,122.401136
0.0,4,122.405182
0.0,2,122.4071
0.0,3,122.409976
0.0,4,122.414335
0.0,2,122.416231
0.0,2,122.418135
0.0,3,122.420807
0.0,2,122.460789
0.0,4,122.464641
0.0,3,122.467469
0.0,4,122.471194
0.0,4,122.474881
0.0,3,122.477464
0.0,4,122.481051
0.0,3,122.483676
0.0,3,122.486733
0.0,3,122.489494
0.0,4,122.493335
1.5,2,122.495275
0.0,2,122.497232
0.0,2,122.499115
0.0,2,122.500924
0.0,2,122.502779
0.0,3,122.505574
0.0,3,122.508728
0.0,5,122.513472
0.0,3,122.51627
0.0,2,122.518141
0.0,2,122.52008
0.0,4,122.523649
0.0,4,122.527169
0.0,4,122.530793
-0.625709,2,122.532675
0.0,3,122.535492
0.0,3,122.538245
0.0,4,122.541751
0.0,3,122.54502
0.0,3,122.54759
0.0,2,122.549335
0.0,3,122.552145
0.0,3,122.554825
0.0,3,122.557557
0.0,2,122.559397
0.0,2,122.561292
0.0,2,122.563265
0.0,4,122.566827
0.0,4,122.570494
0.0,3,122.573228
0.0,3,122.575847
0.0,3,122.578578
0.0,2,122.580343
0.0,4,122.583823
0.0,2,122.585775
0.0,4,122.589377
0.0,2,122.59128
0.0,2,122.593259
0.0,2,122.595168
0.0,5,122.599472
0.0,2,122.601238
0.0,2,122.603015
0.0,3,122.605641
0.0,2,122.607418
1.5,2,122.609201
0.0,3,122.612017
0.0,2,122.613861
0.0,3,122.616941
0.0,3,122.619708
0.0,5,122.624028
0.0,3,122.626715
0.0,4,122.630177
0.0,3,122.633066
0.0,3,122.635779
0.0,2,122.637769
0.0,4,122.641354
0.0,2,122.643118
0.0,2,122.64493
0.0,6,122.65001
0.0,5,122.654488
0.0,3,122.657256
0.0,2,122.65921
0.0,2,122.661128
0.0,2,122.662929
0.0,3,122.66557
0.0,5,122.670066
0.0,3,122.672794
0.0,2,122.674561
0.0,3,122.677356
0.0,3,122.680027
1.5,2,122.681802
0.0,2,122.683677
0.0,3,122.686404
0.0,2,122.688308
0.0,4,122.691831
0.0,2,122.693653
0.0,3,122.696482
0.0,2,122.698326
0.0,4,122.701757
0.0,4,122.705382
0.0,3,122.708115
0.0,3,122.710991
0.0,2,122.712925
0.0,2,122.714939
0.0,3,122.71775
0.0,2,122.719494
0.0,2,122.721319
0.0,3,122.724002
-0.004371,3,122.726462
0.0,2,122.728272
0.0,3,122.730967
0.0,3,122.733732
0.0,4,122.7373
0.0,4,122.740896
0.0,2,122.742733
0.0,5,122.746915
0.0,2,122.748721
0.0,3,122.751471
0.0,2,122.753325
0.0,4,122.756803
0.0,4,122.760301
0.0,2,122.762092
0.0,2,122.764038
0.0,3,122.76667
0.0,2,122.768486
0.0,4,122.771988
0.0,4,122.775553
0.0,2,122.777417
0.0,3,122.780088
0.0,2,122.78178
0.0,3,122.784443
0.0,3,122.787178
0.0,3,122.789768
0.0,4,122.793437
0.0,3,122.796188
0.0,2,122.797885
0.0,2,122.799649
0.0,4,122.803212
0.0,4,122.806994
0.0,3,122.809795
0.0,3,122.812445
0.0,4,122.815896
0.0,2,122.817651
-0.424296,4,122.821118
0.0,3,122.823681
0.0,2,122.825372
1.5,2,122.827095
1.5,2,122.828882
0.0,6,122.834122
0.0,2,122.836065
0.0,6,122.841259
0.0,5,122.845667
1.5,2,122.847383
0.0,2,122.849228
0.0,3,122.85182
0.0,4,122.855453
-1.0,2,122.857256
0.0,5,122.861665
0.0,2,122.863455
0.0,2,122.865237
0.0,2,122.867113
0.0,2,122.868908
0.0,3,122.871575
0.0,4,122.875079
0.0,2,122.876873
0.0,3,122.879477
0.0,2,122.881249
0.0,2,122.882945
0.0,3,122.885609
1.5,2,122.887358
0.0,5,122.891676
0.0,3,122.894313
0.0,4,122.89768
0.0,4,122.901093
0.0,3,122.903727
1.5,2,122.905608
0.0,2,122.907294
0.0,2,122.909097
0.0,3,122.911993
0.0,3,122.914797
0.0,2,122.916699
0.0,3,122.919444
-0.525639,3,122.922113
0.0,2,122.923873
0.0,3,122.926513
0.0,2,122.928304
0.0,3,122.931021
0.0,3,122.933819
0.0,6,122.940181
0.0,4,122.944082
0.0,2,122.945928
0.0,2,122.947753
0.0,3,122.950536
0.0,3,122.953408
0.0,3,122.956162
0.0,4,122.959588
0.0,5,122.963811
0.0,3,122.966553
0.0,2,122.968366
0.0,3,122.971027
0.0,4,122.974684
0.0,2,123.059398
0.0,2,123.061538
0.0,4,123.065553
0.0,3,123.068369
0.0,2,123.070508
0.0,3,123.073338
0.0,2,123.075218
0.0,2,123.077027
0.0,2,123.0789
0.0,2,123.080665
0.0,3,123.083409
0.0,4,123.087194
0.0,4,123.090806
0.0,3,123.093465
-1.947178,2,123.095369
0.0,2,123.097221
0.0,3,123.099809
0.0,2,123.101614
0.0,2,123.10342
0.0,2,123.105291
0.0,3,123.107894
0.0,3,123.110563
0.0,3,123.113515
1.5,2,123.115556
1.5,2,123.117421
0.0,5,123.122043
0.0,4,123.125572
0.0,3,123.128649
0.0,2,123.130383
0.0,3,123.133251
0.0,3,123.135959
0.0,3,123.138735
0.0,4,123.142455
0.0,2,123.144359
0.0,2,123.146256
0.0,3,123.14899
0.0,3,123.151591
0.0,4,123.155365
0.0,2,123.15713
0.0,2,123.159006
0.0,5,123.163827
0.0,2,123.165793
0.0,2,123.168062
0.0,2,123.169917
0.0,3,123.172632
0.0,2,123.174591
0.0,3,123.177402
0.0,2,123.179437
0.0,2,123.18143
0.0,3,123.184207
0.0,3,123.186858
0.0,3,123.189876
0.0,2,123.191733
0.0,2,123.193622
0.0,2,123.195464
0.0,4,123.199069
0.0,2,123.200815
0.0,2,123.20268
0.0,2,123.204349
0.0,2,123.206072
0.0,3,123.208784
0.0,4,123.212991
-0.947786,4,123.216733
0.0,3,123.21946
0.0,3,123.222201
0.0,4,123.225892
0.0,3,123.228521
0.0,3,123.231565
0.0,5,123.236121
0.0,3,123.239075
0.0,3,123.241802
1.5,2,123.243539
0.0,2,123.245506
0.0,2,123.247252
0.0,2,123.249003
0.0,3,123.251866
0.024863,3,123.254611
0.0,3,123.257433
0.0,4,123.260947
0.0,4,123.264824
0.0,2,123.266781
0.0,2,123.268692
0.0,2,123.27067
0.0,3,123.273704
0.0,2,123.275499
0.0,2,123.277482
0.0,2,123.2795
1.5,2,123.281307
0.0,2,123.283108
0.0,3,123.285996
0.0,4,123.289673
0.0,3,123.292383
0.0,2,123.294391
0.0,5,123.299064
0.0,3,123.301831
0.0,3,123.304592
0.0,2,123.306489
0.0,3,123.310413
0.0,3,123.313448
0.0,4,123.317049
0.0,3,123.319717
0.0,4,123.323309
1.5,2,123.325193
0.0,2,123.327039
-0.822262,2,123.328832
0.0,3,123.331383
-0.053455,5,123.33604
0.0,2,123.337857
0.0,4,123.341392
1.5,2,123.343151
0.0,3,123.345643
0.0,5,123.350316
1.5,2,123.352072
0.0,3,123.354752
0.0,2,123.356797
0.0,3,123.359357
0.0,3,123.362083
0.0,2,123.364102
0.0,3,123.366722
0.0,2,123.3685
0.0,3,123.371366
0.0,5,123.375635
0.0,2,123.37752
0.0,5,123.381635
0.0,2,123.383635
0.0,5,123.388095
0.0,2,123.389988
0.0,3,123.392763
0.0,4,123.396283
0.0,2,123.398064
0.0,3,123.4006
0.0,3,123.403171
0.0,2,123.405005
0.0,3,123.407616
1.5,2,123.40929
0.0,2,123.411208
0.0,3,123.414212
0.0,3,123.416916
0.0,2,123.418808
0.0,4,123.42232
0.0,3,123.424966
0.0,2,123.426698
0.0,3,123.429238
0.0,3,123.432004
0.0,4,123.435958
0.0,4,123.439619
0.0,5,123.444126
0.0,3,123.446787
0.0,5,123.450974
0.0,3,123.453813
0.0,3,123.45636
0.0,4,123.498977
0.0,2,123.500893
0.0,5,123.505246
0.0,2,123.507089
0.0,5,123.511961
0.0,2,123.513741
0.0,2,123.515785
0.0,3,123.518436
0.0,2,123.520163
0.0,5,123.524426
0.0,3,123.526946
0.0,3,123.529869
0.0,5,123.534297
-1.0,5,123.538759
0.0,2,123.54054
0.0,3,123.543156
1.5,2,123.544981
0.0,3,123.547444
0.0,5,123.551882
0.0,3,123.554546
0.0,4,123.558076
1.5,2,123.559857
0.0,3,123.562481
0.0,2,123.56445
0.0,3,123.567151
0.0,3,123.569765
0.0,2,123.571717
0.0,2,123.573555
0.0,4,123.576987
0.0,4,123.580537
0.0,3,123.583076
0.0,3,123.585983
0.0,3,123.588567
0.97834,2,123.590362
0.0,2,123.592237
0.296185,2,123.594048
0.0,2,123.595755
0.0,3,123.598385
0.0,2,123.600204
0.0,2,123.601933
0.0,4,123.605595
0.0,5,123.610054
0.0,5,123.614519
0.0,3,123.617377
0.0,2,123.619657
0.0,4,123.623426
0.0,3,123.626058
0.0,3,123.628824
0.0,3,123.631414
0.0,2,123.633345
0.0,2,123.635214
0.0,3,123.637906
0.0,5,123.642214
0.0,4,123.645462
0.0,4,123.649034
0.0,4,123.652385
0.0,4,123.656004
0.0,2,123.657764
0.0,2,123.659533
0.0,2,123.661386
0.0,2,123.663253
0.0,4,123.666611
0.0,3,123.669353
0.0,2,123.671074
0.0,3,123.67355
0.0,3,123.676091
0.0,2,123.677807
0.0,6,123.682775
0.0,3,123.685402
0.0,2,123.687108
0.0,4,123.690643
0.0,3,123.693242
0.0,6,123.698243
0.0,4,123.701502
0.0,3,123.704088
0.0,2,123.705799
0.0,3,123.708327
0.0,2,123.710029
0.0,3,123.712768
0.0,4,123.716319
0.0,3,123.718937
-0.130763,2,123.720704
0.0,5,123.724804
0.0,3,123.727459
0.0,3,123.729952
0.0,2,123.731752
0.0,4,123.735219
0.0,6,123.74033
0.0,5,123.744498
0.0,4,123.747883
0.0,2,123.749583
0.0,4,123.753063
0.0,4,123.756382
0.0,2,123.75808
0.0,4,123.761559
0.0,3,123.764146
0.0,4,123.767657
0.0,4,123.770996
0.0,3,123.77369
0.0,4,123.77707
0.0,3,123.779648
0.0,2,123.781436
0.0,3,123.783954
0.0,3,123.786512
0.0,2,123.788416
0.0,7,123.794495
0.0,2,123.796276
0.0,2,123.797982
1.5,2,123.799693
0.0,3,123.802369
0.0,2,123.804081
0.0,2,123.805792
0.0,3,123.808444
0.0,2,123.810277
0.0,2,123.811983
0.0,2,123.813737
0.0,4,123.817502
0.0,3,123.820224
0.0,4,123.823681
0.0,3,123.826233
0.0,2,123.828035
0.0,2,123.829986
0.0,2,123.831622
0.0,3,123.834157
0.0,2,123.83601
0.0,3,123.838595
0.0,2,123.840273
0.0,3,123.842824
0.0,2,123.844636
0.0,2,123.846319
0.0,3,123.848949
1.5,2,123.8508
0.0,2,123.852596
0.0,2,123.854367
0.0,4,123.857933
0.0,3,123.860643
0.0,3,123.863595
0.0,3,123.866577
0.0,2,123.868455
0.0,3,123.871233
0.0,4,123.874748
0.0,3,123.877425
0.0,2,123.879313
0.0,2,123.88112
0.0,3,123.883932
0.0,2,123.885961
0.0,6,123.891335
0.0,3,123.894069
0.0,3,123.896735
1.5,2,123.898499
0.0,2,123.900334
0.0,2,123.90212
0.0,2,123.903857
0.0,3,123.906521
0.0,2,123.908264
0.0,3,123.910903
1.5,2,123.912815
0.0,3,123.915785
0.0,4,123.919398
0.0,3,123.921989
0.0,2,123.923742
0.0,3,123.926335
1.0,2,123.928177
0.0,2,123.929914
0.0,2,123.931673
0.0,2,123.933839
0.0,3,123.936772
0.0,4,123.94022
0.0,2,123.94208
0.0,3,123.94457
0.0,3,123.947171
0.0,4,123.950675
1.5,2,123.952409
0.0,3,123.955162
0.0,3,123.957826
0.0,3,123.960482
0.0,4,123.964042
0.0,3,123.966615
0.0,4,123.97018
0.0,2,123.972052
0.0,5,123.976504
0.0,2,123.978208
0.0,4,123.981563
0.0,5,123.985796
0.0,4,123.989302
0.0,3,123.99192
0.0,4,123.995703
0.0,2,123.997725
0.0,3,124.000586
0.0,2,124.002382
1.5,2,124.004238
0.0,3,124.006844
0.0,5,124.011554
0.0,2,124.013567
0.0,2,124.015423
0.0,3,124.018323
0.0,4,124.021741
0.0,3,124.107807
0.0,3,124.110707
-0.28744,4,124.11457
0.0,2,124.117045
0.0,2,124.119077
0.0,5,124.12364
0.0,2,124.125452
0.0,3,124.128777
0.0,4,124.13253
0.0,2,124.134695
0.0,2,124.136654
0.0,4,124.140209
0.0,3,124.142862
-1.0,2,124.144574
0.0,3,124.147241
0.0,3,124.150995
0.0,2,124.152902
0.0,3,124.155592
0.0,3,124.158375
1.5,2,124.160175
0.0,3,124.163154
0.0,2,124.165008
0.0,2,124.166918
0.0,4,124.171074
0.0,3,124.173823
0.0,3,124.176404
0.0,3,124.179122
0.0,5,124.183774
0.0,2,124.185762
0.0,3,124.188464
0.0,3,124.191607
0.0,2,124.193474
0.0,3,124.196232
0.0,5,124.200455
0.0,2,124.202214
0.0,3,124.204892
1.5,2,124.206681
0.0,2,124.208517
0.0,2,124.210489
0.0,2,124.212891
0.0,6,124.220269
0.0,2,124.222281
0.0,2,124.224164
0.0,3,124.226991
0.0,3,124.229705
0.0,4,124.233781
0.0,2,124.235895
0.0,3,124.239187
0.0,2,124.24131
0.0,3,124.24413
0.0,3,124.246768
0.0,5,124.251201
0.0,3,124.254338
0.0,2,124.256163
0.0,2,124.258016
0.0,2,124.26012
1.5,2,124.262014
0.0,2,124.263798
0.0,3,124.266725
0.0,3,124.269525
0.0,3,124.272154
0.0,3,124.275163
0.0,3,124.277754
0.0,3,124.280454
0.0,3,124.283077
0.0,4,124.286373
0.0,2,124.288527
0.0,3,124.291214
0.0,4,124.294655
1.5,2,124.29653
0.0,2,124.298214
0.0,2,124.300009
0.0,5,124.304316
0.0,3,124.306855
0.0,5,124.312226
0.0,2,124.314371
0.0,3,124.317948
0.0,2,124.31987
0.0,3,124.322994
0.0,3,124.325789
0.0,4,124.329514
0.0,3,124.332291
0.0,2,124.334049
1.5,2,124.335919
0.0,3,124.338859
1.5,2,124.340592
0.0,3,124.34333
0.0,2,124.345142
0.0,2,124.346923
0.0,3,124.349555
0.0,3,124.352559
0.0,4,124.356075
0.0,5,124.360337
0.0,2,124.362046
0.0,4,124.365812
0.0,3,124.368503
0.0,3,124.371387
0.0,3,124.374366
0.0,3,124.377082
0.0,3,124.379787
0.0,4,124.383221
0.0,3,124.38627
0.0,5,124.390602
0.0,3,124.393634
0.0,4,124.39713
0.0,4,124.400674
-0.250021,6,124.40568
0.0,3,124.40836
0.0,3,124.410959
1.5,2,124.412736
0.0,5,124.41805
0.0,2,124.420063
0.0,2,124.422
0.0,2,124.423733
0.0,3,124.426383
0.0,3,124.42907
0.0,4,124.432524
0.0,2,124.434627
0.0,3,124.437388
0.0,2,124.439293
0.0,4,124.442872
0.0,3,124.445463
0.0,3,124.448185
0.0,2,124.450154
1.5,2,124.452004
0.0,3,124.454609
0.0,4,124.458177
0.0,3,124.460834
0.0,3,124.463738
0.0,4,124.467295
0.0,3,124.470191
0.0,2,124.471953
0.0,2,124.473787
0.0,3,124.47655
0.0,2,124.478308
0.0,3,124.481007
0.0,4,124.484828
0.0,2,124.486656
0.0,2,124.488486
1.5,2,124.525741
0.0,2,124.527671
0.0,2,124.529583
0.0,2,124.531812
0.0,5,124.536391
0.0,3,124.539521
0.0,3,124.542236
0.0,3,124.544953
0.0,2,124.546733
0.0,2,124.548468
0.0,3,124.551063
0.0,4,124.555165
0.0,4,124.558928
0.0,3,124.562124
0.0,4,124.565976
0.0,2,124.5681
0.0,3,124.570711
0.0,5,124.575617
0.0,2,124.577746
0.0,4,124.581268
0.0,3,124.584012
0.0,4,124.587636
0.0,2,124.589386
0.0,2,124.591209
0.0,4,124.594996
0.0,6,124.600335
0.0,2,124.602191
-0.267484,4,124.605662
0.0,2,124.607508
0.0,4,124.611174
0.0,2,124.613003
0.0,3,124.61584
0.0,3,124.619108
0.0,4,124.622649
0.0,2,124.62447
1.5,2,124.626166
0.0,3,124.629096
0.0,2,124.631092
0.0,4,124.634549
0.0,4,124.638412
0.0,4,124.641997
0.0,3,124.644584
0.0,3,124.647172
0.0,3,124.649944
0.0,2,124.651746
0.0,3,124.65464
0.0,5,124.658859
1.5,2,124.66056
0.0,4,124.66398
0.0,3,124.66648
0.0,3,124.669014
1.5,2,124.670809
0.0,2,124.672513
0.0,2,124.674256
0.0,3,124.676795
0.0,2,124.678626
0.0,3,124.681481
0.0,2,124.683745
0.0,4,124.688228
0.0,3,124.691834
0.0,4,124.695614
-0.076339,3,124.698276
0.0,3,124.700949
0.0,2,124.702672
0.0,5,124.707027
0.0,3,124.709646
0.0,2,124.711439
0.0,3,124.714113
0.0,3,124.716727
0.0,3,124.719315
0.0,2,124.721023
0.0,2,124.72269
0.0,4,124.726056
0.0,2,124.727783
0.0,4,124.731248
0.0,2,124.73316
-0.584596,4,124.73667
0.0,2,124.738435
0.0,2,124.740116
0.0,2,124.741767
0.0,2,124.74341
0.0,3,124.745895
0.0,4,124.749132
0.0,3,124.751474
0.0,5,124.755455
0.0,3,124.757904
0.0,2,124.759593
0.0,4,124.763061
1.5,2,124.764742
0.0,3,124.767356
1.5,2,124.769186
0.0,2,124.770899
0.0,3,124.773523
0.0,3,124.775997
0.0,2,124.77768
0.0,2,124.779377
0.0,3,124.781944
0.0,6,124.786935
0.0,2,124.788699
0.0,2,124.790455
0.0,3,124.793018
0.0,4,124.796387
0.0,4,124.7996
0.0,3,124.802083
0.0,3,124.804628
0.0,3,124.807131
0.0,2,124.808796
0.0,3,124.811474
0.0,2,124.813182
0.0,2,124.814856
0.0,3,124.817474
-0.233307,3,124.820165
0.0,2,124.821863
0.0,3,124.824475
0.0,2,124.826226
0.0,2,124.827854
0.0,4,124.831158
0.0,4,124.834722
0.0,5,124.838916
1.5,2,124.840659
0.0,2,124.842319
0.0,3,124.844878
0.0,4,124.848168
0.0,3,124.850661
0.0,4,124.854075
0.0,2,124.855876
0.0,7,124.861742
0.0,2,124.863435
0.0,3,124.866002
0.0,2,124.867703
0.0,2,124.869469
0.0,3,124.872014
0.0,4,124.87539
0.0,3,124.878014
1.5,2,124.879637
0.0,3,124.882329
0.0,2,124.884047
0.0,2,124.885912
0.0,5,124.890113
0.0,2,124.891945
0.0,3,124.89453
-0.0776,5,124.898582
0.0,2,124.900234
0.0,2,124.901902
0.0,4,124.905341
0.0,6,124.910393
0.0,3,124.912883
0.0,2,124.914591
0.0,2,124.916492
0.0,2,124.918288
0.0,4,124.921639
0.0,2,124.923304
0.0,3,124.925807
0.0,2,124.927448
0.0,2,124.92918
0.0,3,124.931617
0.0,4,124.935011
0.0,5,124.93969
0.0,3,124.942266
0.0,3,124.944975
0.0,2,124.946804
0.0,2,124.948685
0.0,2,124.950601
0.0,4,124.954068
0.0,4,124.957432
0.0,4,124.960554
0.0,5,124.964653
0.0,3,124.967513
0.0,3,124.970188
0.0,3,124.972722
0.0,2,124.974474
0.0,4,124.977699
0.0,2,124.979434
0.0,3,124.982022
0.0,3,124.984564
0.0,4,124.987978
0.0,2,124.989706
0.0,5,124.993873
0.0,3,124.996446
0.0,2,124.998154
0.0,3,125.000695
0.0,2,125.002487
0.0,3,125.005072
0.0,3,125.007629
0.0,3,125.010214
1.5,2,125.012026
-0.118819,4,125.015646
0.0,2,125.017438
0.0,5,125.021591
0.0,2,125.023233
0.0,2,125.024946
-0.286037,3,125.027461
0.0,3,125.029976
0.0,3,125.032429
0.0,5,125.036471
-0.904931,5,125.040544
0.387004,2,125.042356
0.0,2,125.044363
0.0,3,125.047215
0.0,2,125.049031
0.0,2,125.050821
0.0,3,125.05344
0.0,5,125.057723
0.0,2,125.059735
0.0,2,125.061593
0.0,3,125.064292
0.0,4,125.140708
0.0,3,125.143397
0.0,2,125.145099
0.0,4,125.148421
0.0,4,125.151772
0.0,5,125.155883
0.0,3,125.158403
0.0,2,125.160026
0.0,3,125.162491
0.0,2,125.164177
0.0,5,125.168684
0.0,3,125.171241
0.0,2,125.173007
0.0,6,125.178133
0.0,2,125.179833
0.096406,2,125.181608
0.0,2,125.183326
0.0,3,125.185999
0.0,4,125.189406
0.0,4,125.193092
0.0,3,125.195712
0.0,3,125.198233
0.0,3,125.200721
0.0,2,125.202497
0.0,3,125.204902
0.0,4,125.208092
0.0,3,125.210556
0.0,4,125.213773
0.0,3,125.216538
0.0,3,125.219
0.0,3,125.221647
0.0,4,125.224932
0.0,2,125.226623
0.0,3,125.229483
0.0,2,125.231192
0.0,2,125.232831
0.0,2,125.234634
0.0,3,125.237223
0.0,2,125.238901
0.0,2,125.240591
0.0,4,125.243748
0.0,3,125.246167
0.0,5,125.250329
0.0,5,125.254472
0.0,2,125.256172
1.5,2,125.25784
0.0,3,125.260286
0.0,5,125.264522
0.0,3,125.267004
0.0,2,125.268702
0.0,4,125.272237
0.0,4,125.275581
0.0,4,125.279105
0.0,2,125.280805
0.0,4,125.284338
0.0,2,125.286103
0.0,3,125.28884
0.0,4,125.292254
0.0,3,125.294901
0.0,3,125.297404
0.0,3,125.300067
0.0,3,125.302485
0.0,3,125.30495
0.0,5,125.309114
0.0,3,125.311708
0.0,2,125.313561
0.0,5,125.318102
0.0,4,125.321921
0.0,2,125.32364
0.0,4,125.327041
0.0,3,125.3295
0.0,2,125.331209
0.0,4,125.334654
1.5,2,125.336423
0.0,2,125.338087
-0.451111,3,125.340652
0.131843,2,125.342383
0.0,4,125.345622
0.0,3,125.348116
0.0,3,125.35061
0.0,2,125.352334
0.0,2,125.354068
0.0,2,125.355749
0.0,3,125.35826
0.0,3,125.360891
0.0,2,125.362643
0.0,2,125.364492
0.0,2,125.36618
0.0,2,125.367937
0.0,4,125.371385
0.0,3,125.373904
0.0,2,125.375573
0.0,2,125.377225
0.0,2,125.378845
1.5,2,125.380553
0.0,5,125.384585
0.0,3,125.38708
0.0,4,125.390661
0.0,4,125.394072
0.0,4,125.397332
0.0,2,125.399219
0.0,2,125.400985
0.0,3,125.403486
0.0,7,125.409054
0.0,4,125.412518
0.0,2,125.414272
1.5,2,125.415989
0.0,2,125.41813
0.0,3,125.420789
0.0,3,125.423357
0.0,6,125.42819
0.0,3,125.430634
0.0,2,125.432353
0.0,4,125.436007
0.0,4,125.439642
0.0,3,125.442387
0.0,2,125.444191
0.0,3,125.446865
0.0,5,125.451315
0.0,4,125.454651
0.0,4,125.457891
0.0,2,125.459544
0.0,3,125.462105
0.0,2,125.463756
0.0,2,125.465566
0.0,5,125.50632
0.0,4,125.509574
0.0,2,125.511186
0.0,3,125.513989
0.0,3,125.516989
0.0,2,125.518915
0.0,2,125.520782
0.0,3,125.523519
0.0,3,125.526143
0.0,3,125.528659
0.0,4,125.532041
0.0,2,125.533794
0.0,4,125.537092
0.0,4,125.540375
0.0,3,125.542777
0.0,2,125.544477
0.0,2,125.54614
0.0,4,125.54999
0.0,2,125.552204
0.0,3,125.555462
0.0,3,125.5587
0.0,3,125.561534
0.0,4,125.564946
0.0,2,125.566803
0.0,3,125.569389
0.0,2,125.571164
0.0,2,125.572845
0.0,2,125.574558
0.0,2,125.576231
1.5,2,125.577922
0.0,4,125.581242
0.0,4,125.584607
0.0,3,125.587217
0.0,3,125.589834
0.0,2,125.591598
0.0,3,125.594179
0.0,3,125.596783
0.0,5,125.601289
0.0,3,125.603885
0.0,4,125.607297
0.0,2,125.609057
0.0,4,125.612679
0.0,3,125.615339
0.0,2,125.617149
0.0,3,125.619858
0.0,2,125.621577
0.0,4,125.624968
1.5,2,125.626643
0.0,4,125.630025
0.0,3,125.632653
0.0,3,125.635168
0.0,3,125.637717
0.0,3,125.640379
0.0,3,125.642986
0.0,3,125.645483
0.0,3,125.648033
0.0,3,125.650558
0.0,3,125.653105
0.0,3,125.655668
0.0,3,125.658273
0.0,3,125.660827
0.0,3,125.663394
0.0,2,125.665121
0.0,2,125.666984
0.0,3,125.669459
0.0,3,125.671996
0.0,3,125.674613
0.0,2,125.6763
0.0,3,125.678787
0.0,3,125.681398
0.0,4,125.684751
0.0,3,125.6874
0.0,3,125.690257
0.311859,3,125.693103
0.0,3,125.695954
0.0,2,125.69806
0.0,4,125.701389
0.0,2,125.703138
0.0,2,125.704843
0.0,6,125.709987
0.0,3,125.71262
0.0,2,125.714484
0.0,2,125.716413
0.0,6,125.721543
0.0,2,125.723274
0.0,3,125.725815
0.0,4,125.729156
0.0,2,125.730907
0.0,2,125.732584
1.5,2,125.734317
0.0,3,125.736896
0.0,3,125.739454
0.0,5,125.743623
0.0,4,125.747033
0.0,2,125.748763
0.0,3,125.751309
0.0,6,125.756357
0.0,2,125.758218
0.0,3,125.760845
1.5,2,125.76252
0.0,3,125.765109
0.0,3,125.767654
0.0,2,125.769359
0.0,6,125.774416
0.0,2,125.776081
0.0,3,125.778694
0.0,4,125.782279
0.0,3,125.785122
0.0,2,125.786984
0.0,2,125.788742
0.0,2,125.790506
0.0,2,125.792368
1.5,2,125.794173
-0.353045,4,125.79768
0.0,3,125.800347
0.0,3,125.802922
0.0,3,125.805542
0.0,3,125.808186
0.0,3,125.810715
0.0,3,125.813426
0.0,3,125.816015
0.0,4,125.819432
0.0,3,125.822167
0.0,3,125.824844
0.0,2,125.826619
0.0,3,125.829248
0.0,3,125.831957
0.0,2,125.833702
0.0,3,125.836325
0.0,4,125.839821
0.0,3,125.842373
0.0,4,125.845731
0.0,3,125.848286
0.0,4,125.851615
0.0,3,125.854227
0.0,3,125.856886
0.0,3,125.859491
0.0,2,125.861249
0.0,4,125.864714
0.0,2,125.866475
0.0,2,125.868218
0.0,3,125.870926
0.0,3,125.873559
0.0,3,125.876275
0.0,4,125.879756
0.0,2,125.881717
0.0,5,125.886229
0.0,2,125.888069
0.0,3,125.890865
0.0,2,125.89256
1.5,2,125.894288
0.0,4,125.8977
0.0,4,125.901205
0.0,5,125.905427
0.0,2,125.907117
0.0,4,125.910628
0.0,3,125.913281
0.0,3,125.915878
0.0,3,125.918892
0.0,6,125.924118
0.0,2,125.925914
0.0,3,125.928589
0.0,3,125.931534
0.0,2,125.933268
0.0,5,125.93767
0.0,3,125.940326
0.0,3,125.942954
0.0,5,125.947319
0.0,2,125.949177
0.0,2,125.950952
0.0,3,125.953583
0.0,2,125.955336
1.5,2,125.957043
0.0,3,125.95967
0.0,4,125.963055
0.0,2,125.96487
0.0,4,125.968414
0.0,2,125.970121
0.0,4,125.97366
0.0,4,125.97713
0.0,3,125.979791
0.0,5,125.984251
0.0,4,125.987761
0.0,2,125.989509
0.0,2,125.991179
0.0,4,125.994821
0.0,3,125.997383
1.5,2,125.999149
0.0,3,126.001706
0.0,3,126.004327
0.0,3,126.006958
0.0,2,126.008795
0.0,3,126.011362
0.0,5,126.015661
0.0,3,126.018385
0.0,3,126.021007
0.0,3,126.02359
0.0,4,126.026993
0.0,4,126.03049
0.0,3,126.033039
0.0,2,126.034802
0.0,5,126.0392
0.0,3,126.041811
0.0,4,126.045254
0.0,3,126.047891
0.0,3,126.050536
0.0,3,126.053133
0.0,3,126.055745
0.0,2,126.057544
0.0,2,126.05934
0.0,3,126.061961
0.0,2,126.063874
0.0,3,126.147765
0.0,4,126.153031
0.0,3,126.156384
0.0,2,126.15872
0.0,4,126.163256
0.0,3,126.165968
0.0,2,126.16813
0.0,2,126.170219
0.0,2,126.172067
0.0,4,126.175942
0.0,5,126.180325
0.0,2,126.182184
0.0,2,126.183975
0.0,4,126.18746
0.0,2,126.18924
1.5,2,126.191252
0.0,3,126.194057
0.0,5,126.198288
0.0,2,126.199995
0.0,4,126.203421
0.0,3,126.205958
0.0,3,126.208548
0.0,2,126.210315
0.0,5,126.214621
0.0,4,126.2184
1.5,2,126.220185
0.0,4,126.223588
0.0,2,126.225335
0.0,4,126.228714
0.0,3,126.23137
0.0,4,126.234726
0.0,2,126.23642
0.0,3,126.239065
0.0,4,126.242462
0.0,3,126.245036
0.0,3,126.247531
0.0,4,126.250977
0.0,4,126.254653
0.0,3,126.257361
1.5,2,126.259155
0.0,6,126.264904
0.0,2,126.267141
0.0,2,126.269087
0.0,4,126.272742
0.0,5,126.277157
0.0,3,126.279719
0.0,2,126.281571
0.0,3,126.284185
0.0,4,126.287766
0.0,3,126.290428
0.0,2,126.292159
0.0,4,126.295711
0.0,3,126.298331
1.5,2,126.300048
0.0,3,126.302633
0.0,2,126.304334
0.0,3,126.306921
0.0,4,126.310323
0.0,2,126.312074
0.0,2,126.313896
1.5,2,126.31564
0.0,3,126.31862
0.0,2,126.320613
0.0,2,126.322605
0.0,2,126.324381
0.0,3,126.326988
0.0,3,126.329636
0.0,4,126.333139
0.0,3,126.335816
0.0,2,126.337575
0.0,5,126.34178
0.0,4,126.345161
0.0,4,126.348645
0.0,3,126.351329
0.0,2,126.35303
0.0,3,126.355616
0.0,5,126.359792
0.0,4,126.363178
0.0,2,126.364995
0.0,3,126.36758
0.0,2,126.369408
1.5,2,126.37115
0.0,4,126.374598
0.0,2,126.376381
0.0,2,126.378123
0.0,3,126.38068
0.0,2,126.38246
0.0,3,126.385126
0.0,2,126.386919
0.0,4,126.390439
0.0,3,126.393035
0.0,3,126.395598
0.0,4,126.399044
0.0,2,126.400772
0.0,2,126.402563
0.0,3,126.405216
0.0,2,126.40697
0.0,3,126.409513
0.0,5,126.413707
0.0,2,126.415645
0.0,2,126.417417
0.0,2,126.419298
0.0,6,126.424607
0.0,4,126.428052
0.0,2,126.429821
0.0,4,126.433285
0.0,4,126.437296
0.0,3,126.439937
0.0,2,126.441822
0.0,4,126.445433
0.0,4,126.448978
0.0,2,126.450684
0.0,2,126.452477
0.0,2,126.454256
0.0,2,126.45607
0.0,4,126.459566
0.0,2,126.461391
0.0,3,126.464045
0.0,3,126.466605
0.0,6,126.509174
0.0,4,126.512578
0.0,4,126.516087
0.0,4,126.519674
0.0,2,126.521458
0.0,3,126.524024
0.0,3,126.526564
0.0,2,126.528285
0.0,3,126.531027
0.0,2,126.53322
0.0,2,126.535018
0.0,2,126.536791
0.0,3,126.539468
0.0,4,126.542882
0.0,2,126.544694
0.0,3,126.547361
0.0,3,126.549977
0.0,4,126.553465
0.0,2,126.555188
0.0,2,126.556929
0.0,4,126.560314
0.0,2,126.562293
0.0,3,126.564954
0.0,4,126.568529
0.0,3,126.571208
0.0,2,126.57301
0.0,2,126.574732
0.0,3,126.577429
0.0,3,126.580159
0.0,2,126.581856
0.0,2,126.58358
0.0,3,126.586208
0.0,2,126.587997
0.0,3,126.590647
0.0,2,126.592428
0.0,4,126.59608
0.0,3,126.598766
0.0,3,126.601476
0.0,3,126.604116
0.0,2,126.605907
0.0,4,126.609428
0.0,3,126.612127
0.0,2,126.614143
0.0,3,126.617022
0.0,4,126.620876
0.0,3,126.624225
0.0,3,126.627132
0.0,3,126.629941
0.0,3,126.633009
0.0,3,126.635814
0.0,4,126.639346
0.0,3,126.642078
0.0,3,126.644774
0.0,4,126.648416
0.0,2,126.650225
0.0,3,126.652763
0.0,4,126.656549
0.0,3,126.65923
0.0,2,126.66108
0.0,5,126.665538
0.0,3,126.668253
0.0,3,126.67112
0.0,3,126.673932
0.0,3,126.676547
0.0,3,126.679506
0.0,2,126.681256
0.0,2,126.683332
0.0,3,126.686139
0.0,3,126.688826
0.0,2,126.690854
0.0,3,126.693788
0.0,4,126.697417
0.0,4,126.70109
0.0,2,126.702857
0.0,2,126.704598
0.0,3,126.707661
0.0,3,126.712004
0.0,2,126.715705
0.0,4,126.720186
0.0,3,126.722972
1.5,2,126.724747
0.0,2,126.726527
0.0,3,126.729256
0.0,3,126.731985
0.0,2,126.733684
0.0,3,126.73631
0.0,3,126.738986
0.0,4,126.742561
0.0,3,126.745272
0.0,2,126.746978
0.0,2,126.748773
0.0,3,126.751405
0.0,3,126.754063
0.0,2,126.755826
0.0,2,126.757572
0.0,3,126.760298
0.0,3,126.762949
0.0,4,126.766484
0.0,3,126.769141
0.0,3,126.771796
0.0,5,126.776181
0.0,2,126.77795
0.0,2,126.780479
0.0,4,126.783971
1.5,2,126.785717
0.0,4,126.789232
0.0,3,126.791801
0.0,2,126.79353
0.0,2,126.795309
0.0,3,126.797948
1.5,2,126.79968
0.0,2,126.801412
0.0,3,126.804095
0.0,3,126.806792
0.0,2,126.808584
0.0,6,126.813545
0.0,2,126.815936
0.0,2,126.818754
0.0,3,126.822163
0.0,2,126.824082
0.0,4,126.82755
0.0,4,126.830963
0.0,2,126.832684
0.0,2,126.83434
0.0,3,126.836859
0.0,4,126.840174
0.0,3,126.84264
0.0,2,126.844318
0.0,2,126.846006
0.0,3,126.848462
1.5,2,126.850143
0.0,3,126.852674
0.0,2,126.854357
1.5,2,126.856024
0.0,4,126.859317
0.0,3,126.861757
1.5,2,126.863407
0.0,4,126.866714
0.0,3,126.869178
0.0,3,126.87161
0.0,2,126.873276
0.0,2,126.87497
0.0,3,126.8774
0.0,2,126.879027
0.0,2,126.881449
0.0,3,126.884547
0.0,2,126.886338
0.0,3,126.888804
0.0,4,126.892131
0.0,4,126.895405
0.0,3,126.897922
0.0,4,126.901232
0.0,4,126.90444
0.0,4,126.907621
0.0,3,126.910085
0.0,3,126.912495
0.0,3,126.914928
0.0,3,126.917303
0.0,5,126.921759
0.0,4,126.925134
0.0,2,126.92675
0.0,2,126.928376
0.0,2,126.930002
0.0,3,126.932468
0.0,2,126.934318
0.0,2,126.936382
0.0,2,126.938206
1.5,2,126.93994
0.0,3,126.942499
0.0,2,126.944197
0.0,2,126.945825
0.0,3,126.948273
0.0,2,126.949914
0.0,3,126.952322
0.0,2,126.954039
0.0,3,126.956507
0.0,3,126.958968
0.0,2,126.960677
0.0,3,126.96316
0.0,3,126.965637
0.0,2,126.96735
0.0,4,126.970664
0.0,2,126.972278
0.0,3,126.974785
0.0,2,126.97645
0.0,2,126.978149
0.0,3,126.980641
0.0,2,126.98236
0.0,2,126.98401
0.0,2,126.985689
0.0,2,126.987371
0.0,2,126.989078
0.0,4,126.992342
0.0,4,126.995635
0.0,3,126.998182
0.0,3,127.00061
0.0,3,127.00306
0.0,5,127.007047
0.0,3,127.009614
0.0,2,127.011345
0.0,3,127.013892
0.0,3,127.016399
0.0,3,127.019157
0.0,2,127.020805
0.0,4,127.024204
0.0,3,127.026697
0.0,4,127.030179
0.0,2,127.03193
0.0,4,127.035339
0.0,3,127.03793
0.0,2,127.039628
0.0,2,127.041294
0.0,2,127.04294
0.0,4,127.046179
0.0,5,127.05022
0.0,4,127.053521
0.0,2,127.055201
0.0,2,127.056869
0.0,2,127.058538
0.0,2,127.060141
0.0,4,127.063384
0.0,2,127.065159
0.0,3,127.067595
0.0,2,127.069187
0.0,2,127.070886
0.0,2,127.07262
0.0,2,127.074238
0.0,2,127.075899
0.0,4,127.079091
0.0,3,127.081512
0.0,3,127.083978
0.0,2,127.085909
0.0,3,127.089069
0.0,2,127.091119
0.0,3,127.093726
0.0,3,127.16663
0.0,2,127.168427
0.0,2,127.170156
0.0,2,127.171826
0.0,5,127.176054
0.0,3,127.178552
0.0,3,127.181109
0.0,4,127.184517
0.0,4,127.187873
0.0,4,127.191242
0.0,2,127.192954
0.0,2,127.194695
1.5,2,127.196343
0.0,2,127.198029
0.0,2,127.199735
0.0,4,127.203173
0.0,4,127.206508
0.0,4,127.209778
0.0,4,127.213129
0.0,2,127.214822
0.0,2,127.216515
1.5,2,127.218201
0.0,4,127.222225
0.0,4,127.225621
0.0,5,127.229786
0.0,3,127.232369
0.0,2,127.234091
0.0,3,127.236603
0.0,3,127.23916
0.0,4,127.242435
0.0,2,127.244161
0.0,3,127.24665
0.0,4,127.249886
0.0,2,127.251565
0.0,3,127.254136
0.0,4,127.257554
0.0,2,127.259327
0.0,4,127.262759
0.0,2,127.264576
1.5,2,127.266277
0.0,3,127.268897
0.0,2,127.270675
0.0,2,127.272387
0.0,4,127.275839
0.0,4,127.27937
0.0,2,127.281257
0.0,2,127.283145
0.0,3,127.285716
0.0,2,127.287484
0.0,2,127.289203
0.0,3,127.291775
0.0,6,127.296675
0.0,3,127.299331
0.0,2,127.301132
1.5,2,127.302775
0.0,2,127.304437
0.0,4,127.307835
0.0,3,127.31044
0.0,2,127.312229
0.0,2,127.313911
0.0,3,127.316503
0.0,3,127.319103
0.0,5,127.323444
0.0,4,127.327105
0.0,4,127.332238
0.0,2,127.334278
0.0,3,127.336932
0.0,4,127.340329
0.0,3,127.342905
0.0,3,127.345438
0.0,3,127.347931
0.0,2,127.349686
0.0,2,127.35141
0.0,4,127.3548
0.0,2,127.356481
0.0,2,127.358135
0.0,3,127.360636
0.0,3,127.363155
0.0,2,127.364955
0.0,2,127.366681
0.0,2,127.368458
0.0,3,127.371042
0.0,2,127.372691
1.5,2,127.374371
0.0,3,127.376902
0.0,2,127.37851
0.0,2,127.380187
0.0,2,127.381821
0.0,2,127.383529
0.0,4,127.386909
0.0,3,127.389421
1.5,2,127.391144
1.5,2,127.392872
0.0,2,127.394626
0.0,2,127.396429
0.0,3,127.398963
0.0,2,127.400612
1.5,2,127.402302
0.0,5,127.406468
0.0,3,127.408891
0.0,3,127.411314
0.0,3,127.413896
0.0,4,127.417628
0.0,3,127.421713
0.0,3,127.425984
0.0,2,127.428588
0.0,2,127.43115
0.0,2,127.434002
0.0,2,127.437123
0.0,3,127.441419
0.0,3,127.444487
0.0,3,127.447106
0.0,2,127.448897
0.0,3,127.451609
-0.173788,2,127.453326
0.0,4,127.456524
0.0,3,127.458962
0.0,2,127.460631
0.0,3,127.463061
0.0,4,127.502402
0.0,3,127.504896
0.0,3,127.507366
0.0,2,127.509078
0.0,3,127.511622
0.0,4,127.514854
0.0,4,127.518102
0.0,3,127.520668
0.0,2,127.522347
0.0,3,127.524847
-0.25225,2,127.526416
0.0,2,127.5281
0.0,2,127.52973
0.0,2,127.531427
0.0,2,127.533138
0.0,2,127.534782
0.0,3,127.537302
-0.084143,4,127.540675
0.0,3,127.54321
0.0,4,127.546496
0.0,2,127.548122
0.0,4,127.551312
0.0,3,127.553895
0.0,2,127.55561
0.0,4,127.558933
0.0,2,127.56069
0.0,3,127.563134
0.0,5,127.567377
0.0,6,127.572212
0.0,2,127.574063
0.0,3,127.576578
0.0,3,127.5792
0.0,2,127.580971
0.0,3,127.583559
0.0,3,127.58607
0.0,2,127.587959
1.5,2,127.589695
1.5,2,127.591442
0.0,3,127.594162
0.0,2,127.596024
0.0,3,127.598738
0.0,3,127.601302
0.0,3,127.603864
0.0,3,127.606355
0.0,3,127.609096
0.0,2,127.610873
0.0,2,127.612724
0.0,3,127.615404
0.0,4,127.619098
0.0,2,127.620872
0.0,5,127.625997
0.0,4,127.629911
0.0,3,127.632901
0.0,3,127.635685
0.0,6,127.641108
-0.11407,5,127.645529
1.5,2,127.647473
0.0,4,127.651212
0.0,3,127.653895
0.0,2,127.655768
0.0,5,127.660119
0.0,2,127.661812
0.0,4,127.665635
1.5,2,127.66746
0.0,2,127.669403
0.0,3,127.672457
0.82733,3,127.675204
0.0,3,127.677934
0.0,3,127.680698
1.5,2,127.682456
0.0,3,127.68545
0.0,5,127.690235
0.0,4,127.694097
0.0,3,127.696723
0.0,2,127.698549
0.0,3,127.701306
0.0,2,127.703056
0.0,4,127.706576
0.0,2,127.708255
0.0,3,127.710809
0.0,2,127.712783
0.0,3,127.715529
0.0,2,127.717351
0.0,2,127.719239
0.0,2,127.721396
0.0,2,127.723902
0.0,4,127.728005
0.0,3,127.730698
0.0,3,127.733464
0.0,2,127.735456
0.0,3,127.738181
0.0,2,127.740028
0.0,4,127.743525
0.0,2,127.745293
0.0,2,127.747078
0.0,3,127.749623
0.0,3,127.75214
0.0,2,127.753964
0.0,2,127.75583
0.0,3,127.75849
0.0,4,127.76236
0.0,2,127.764243
0.0,4,127.76795
1.5,2,127.77004
0.0,3,127.773468
0.0,2,127.775572
1.5,2,127.777708
0.0,3,127.780407
0.0,4,127.784324
0.0,3,127.787131
0.0,2,127.789334
0.0,3,127.792285
0.0,2,127.794247
0.0,2,127.796183
0.0,3,127.79898
0.0,4,127.802449
0.0,3,127.805388
0.0,2,127.807265
0.0,2,127.809217
0.0,4,127.813153
0.0,2,127.815097
0.0,3,127.818325
0.0,4,127.822171
0.0,2,127.824263
0.0,3,127.827745
0.0,4,127.831988
0.0,2,127.834055
0.0,3,127.836946
0.0,3,127.840158
0.0,3,127.843091
0.0,2,127.84503
0.0,3,127.847811
0.0,3,127.850575
0.0,3,127.853658
0.0,2,127.855552
0.0,2,127.857634
0.0,3,127.860783
0.0,3,127.86375
0.0,3,127.866906
0.0,3,127.869872
0.0,4,127.87401
0.0,3,127.876951
0.0,2,127.87896
0.0,2,127.880907
0.0,4,127.884708
0.0,2,127.88716
0.0,2,127.889431
0.0,4,127.89412
0.0,3,127.897693
0.0,3,127.900785
0.0,2,127.902888
0.0,5,127.907572
0.0,2,127.909579
0.0,2,127.911584
1.5,2,127.913584
0.0,2,127.915828
0.0,2,127.917869
0.0,3,127.921205
0.0,3,127.924889
0.0,2,127.927211
0.0,3,127.930662
0.0,2,127.932641
0.0,4,127.937694
0.0,3,127.940741
0.0,5,127.945795
0.0,3,127.948904
0.0,3,127.952112
0.0,2,127.954223
0.0,3,127.957285
0.0,2,127.959279
0.0,4,127.963503
0.0,3,127.966562
0.0,3,127.969913
0.0,3,127.973269
0.0,2,127.975491
0.0,4,127.979546
0.0,3,127.982504
0.0,2,127.98475
0.0,2,127.98692
0.0,4,127.991058
0.0,5,127.996041
0.0,5,128.001058
0.0,2,128.002956
0.0,3,128.005965
0.0,4,128.011182
0.0,2,128.014215
0.0,2,128.016845
0.0,3,128.021644
0.0,3,128.025842
0.0,2,128.028284
0.0,4,128.033293
0.0,6,128.040353
0.0,3,128.043846
0.0,4,128.048322
0.0,5,128.054116
0.0,4,128.058614
0.0,3,128.062422
0.0,3,128.065862
0.0,3,128.069701
0.0,3,128.073134
0.0,2,128.075702
0.0,5,128.081449
0.0,5,128.087276
0.0,3,128.091012
0.0,3,128.094641
0.0,2,128.096902
0.0,3,128.100789
0.0,3,128.104482
0.0,2,128.107095
0.0,3,128.111489
0.0,3,128.115388
0.0,2,128.11793
0.0,2,128.120338
0.0,5,128.126733
0.0,2,128.129473
0.0,2,128.132104
-1.0,4,128.137626
0.0,3,128.143069
0.0,3,128.147356
0.0,2,128.150476
0.0,3,128.155049
0.0,6,128.164551
0.0,3,128.168645
0.0,2,128.171131
1.5,2,128.173411
0.0,4,128.178344
0.0,3,128.181978
1.5,2,128.184382
0.0,2,128.186444
0.0,2,128.18914
0.0,2,128.191914
0.0,3,128.195487
0.0,4,128.200251
0.0,5,128.206205
1.5,2,128.308577
0.0,2,128.311081
0.0,4,128.316171
0.0,2,128.318739
0.0,2,128.321471
0.0,3,128.325108
0.0,2,128.327819
0.0,5,128.334455
0.0,3,128.338526
0.0,4,128.343627
0.0,2,128.346174
0.0,4,128.351371
0.0,2,128.353966
0.0,3,128.358064
0.0,3,128.362304
0.0,4,128.368596
0.0,3,128.37243
0.0,2,128.37509
0.0,2,128.377454
0.0,3,128.381188
1.5,2,128.383604
0.0,2,128.385877
0.0,3,128.389374
0.0,5,128.395044
1.5,2,128.397412
0.0,6,128.404175
0.0,2,128.406348
0.0,2,128.408538
0.0,2,128.411298
0.0,2,128.413729
0.0,3,128.417323
0.0,2,128.419622
0.0,3,128.422805
0.0,3,128.426441
0.0,2,128.428748
0.0,3,128.432413
0.0,2,128.434798
0.0,3,128.4388
0.0,2,128.440995
0.0,5,128.446842
0.0,2,128.449199
0.0,2,128.451694
1.5,2,128.453922
0.0,3,128.457406
0.0,2,128.459987
0.0,2,128.462151
0.0,3,128.466054
0.0,2,128.468505
0.0,3,128.471884
0.0,2,128.474363
0.0,2,128.476904
0.0,4,128.481485
0.0,2,128.483954
0.0,5,128.489856
0.0,6,128.497275
0.0,2,128.499691
0.0,2,128.502301
0.0,2,128.50487
0.0,4,128.509805
0.0,2,128.512223
0.0,4,128.517146
0.0,4,128.521614
0.0,2,128.524227
0.0,3,128.527671
0.0,3,128.531322
0.0,2,128.533862
0.0,4,128.538554
0.0,4,128.543253
0.0,2,128.54548
0.0,2,128.547747
0.0,3,128.551322
0.0,3,128.554571
1.5,2,128.556898
0.0,2,128.559254
0.0,3,128.562709
0.0,4,128.567776
0.0,5,128.573406
0.0,3,128.576488
0.0,4,128.581163
0.0,2,128.583281
0.0,4,128.587916
0.0,4,128.592511
0.0,4,128.596967
0.0,4,128.601899
0.0,2,128.604319
0.0,2,128.606751
0.0,2,128.609017
0.0,2,128.611229
0.0,2,128.613525
0.0,4,128.617912
0.0,3,128.621326
0.0,3,128.624624
0.0,2,128.626997
0.0,3,128.630349
0.0,3,128.633767
0.0,3,128.637075
0.0,3,128.640381
0.0,3,128.643916
0.0,3,128.647318
0.0,2,128.649744
0.0,2,128.652036
0.0,3,128.655397
0.0,4,128.659724
0.0,3,128.663253
0.0,3,128.666622
0.0,2,128.669185
0.0,2,128.6716
0.0,2,128.673695
0.0,3,128.677192
0.0,4,128.720515
0.0,4,128.725057
0.0,2,128.727444
0.0,2,128.729636
0.0,3,128.733286
0.0,2,128.735963
0.0,4,128.740786
0.0,2,128.743033
0.0,3,128.746451
0.0,4,128.75086
0.0,3,128.754257
0.0,2,128.756559
0.0,2,128.758826
0.0,2,128.761318
0.0,2,128.763627
0.0,4,128.768821
0.0,2,128.771141
0.0,4,128.775798
0.0,4,128.780434
0.0,4,128.784983
0.0,3,128.788547
0.0,3,128.791985
0.0,3,128.795805
0.0,4,128.800307
0.0,3,128.803956
0.0,4,128.808271
0.0,2,128.810762
0.0,4,128.815418
0.0,3,128.819045
0.0,2,128.82134
0.0,2,128.823823
0.0,2,128.826247
0.0,3,128.830022
0.0,3,128.833871
0.0,3,128.837735
0.0,2,128.840113
0.0,2,128.842418
0.0,2,128.844933
0.0,3,128.848292
0.0,2,128.850633
0.0,2,128.853034
0.0,3,128.856443
0.0,2,128.858926
0.0,2,128.861504
0.0,4,128.866498
0.0,2,128.868764
0.0,3,128.872622
0.0,2,128.875041
0.0,3,128.878558
1.5,2,128.880921
0.0,2,128.883085
0.0,6,128.88971
0.0,2,128.892072
0.0,2,128.894307
0.0,3,128.897506
0.0,3,128.901206
0.0,3,128.904316
0.0,5,128.910592
0.0,3,128.914304
0.0,4,128.918787
0.0,3,128.922437
0.0,2,128.924633
0.0,2,128.927183
0.0,4,128.931605
0.0,4,128.937185
0.08182,2,128.940291
0.0,3,128.944548
0.0,3,128.948796
0.0,3,128.952277
0.0,2,128.954945
0.0,2,128.957243
0.0,3,128.96064
0.0,3,128.964092
-0.145603,3,128.967797
0.364598,5,128.973751
0.0,4,128.978602
0.0,4,128.983371
1.5,2,128.98559
0.0,2,128.9879
0.0,2,128.990532
0.0,2,128.992808
0.0,3,128.996535
0.0,3,128.999978
0.0,3,129.003654
0.0,3,129.006881
0.0,3,129.010245
0.0,2,129.012316
0.0,2,129.01445
0.0,3,129.018066
0.0,4,129.022331
0.0,3,129.025981
0.0,2,129.028328
0.0,2,129.030641
0.0,3,129.034183
0.0,2,129.036544
0.0,3,129.040087
0.0,2,129.042435
0.0,2,129.044677
0.0,2,129.046932
0.0,3,129.050484
0.0,4,129.054991
0.0,4,129.059125
0.0,2,129.061406
0.0,2,129.063689
0.0,2,129.066282
0.0,3,129.069542
0.0,4,129.074356
0.0,4,129.079087
0.0,3,129.082478
1.5,2,129.084894
0.0,4,129.090141
0.0,4,129.095237
0.0,2,129.097574
1.5,2,129.099829
0.0,3,129.103111
0.0,3,129.106155
0.0,3,129.109381
1.5,2,129.11163
0.0,3,129.115167
0.0,4,129.119681
0.0,5,129.12559
0.0,2,129.127819
0.0,4,129.132203
0.0,2,129.134444
0.0,2,129.136871
0.0,2,129.139013
0.0,4,129.143468
0.0,2,129.145962
0.0,2,129.148335
0.0,4,129.153284
0.0,3,129.156798
0.0,4,129.161283
0.0,4,129.165943
0.0,2,129.168337
0.0,6,129.175415
0.0,4,129.179957
0.0,4,129.184259
0.0,2,129.186329
0.0,4,129.1909
0.0,3,129.194292
0.0,3,129.19748
0.0,2,129.199682
1.5,2,129.201934
0.0,3,129.205256
0.0,5,129.210534
0.0,2,129.213181
0.0,4,129.217811
1.5,2,129.220337
0.0,4,129.224611
0.0,3,129.228815
1.5,2,129.231234
0.0,4,129.236863
0.0,2,129.239407
0.0,4,129.244729
1.5,2,129.24728
0.0,3,129.251276
0.0,2,129.254246
0.0,6,129.26254
0.0,3,129.267459
0.0,2,129.270399
0.0,3,129.276129
0.0,2,129.279916
0.0,2,129.283674
0.0,2,129.288722
0.0,2,129.292709
0.0,4,129.298373
0.0,2,129.30196
0.0,2,129.305465
0.0,2,129.309422
0.0,3,129.315428
0.0,3,129.320132
0.0,4,129.324831
0.0,4,129.329412
0.0,2,129.331429
0.0,2,129.333724
0.0,3,129.337228
0.0,2,129.339658
0.0,5,129.3453
0.0,3,129.348734
0.0,3,129.352011
0.0,2,129.354633
0.0,3,129.358438
0.0,2,129.360931
0.0,3,129.364827
0.0,2,129.367107
1.5,2,129.369972
0.0,3,129.373827
0.0,2,129.376466
0.0,2,129.378856
0.0,2,129.381043
0.0,3,129.384834
1.5,2,129.387117
0.0,2,129.389635
0.0,4,129.394234
0.0,5,129.399629
0.0,2,129.401688
0.0,3,129.40505
0.0,3,129.408214
0.0,2,129.410385
0.0,4,129.414958
0.0,3,129.418745
0.0,3,129.422021
0.0,2,129.424171
0.0,4,129.428263
0.0,3,129.431423
0.0,2,129.433746
0.0,2,129.436734
0.0,3,129.440426
0.0,4,129.444629
0.0,2,129.447062
0.0,4,129.450982
0.0,4,129.455405
0.0,4,129.459705
0.0,4,129.463817
0.0,3,129.466888
1.5,2,129.469338
0.0,3,129.472726
0.0,3,129.476064
0.0,3,129.479162
0.0,4,129.483504
0.0,2,129.485569
1.5,2,129.487978
0.0,3,129.491185
0.0,2,129.493496
0.0,5,129.498982
0.0,5,129.504364
1.5,2,129.50639
0.0,3,129.510122
0.0,4,129.514607
0.0,4,129.518982
0.0,3,129.522307
0.0,3,129.525247
0.0,2,129.527288
0.0,2,129.529809
0.0,3,129.532983
0.0,2,129.535224
0.0,3,129.538869
0.0,3,129.54211
0.0,3,129.545305
0.0,3,129.548331
0.0,2,129.550869
0.0,3,129.553951
0.0,3,129.557199
0.0,3,129.560125
0.0,2,129.562335
0.0,3,129.565726
0.0,4,129.659397
0.0,3,129.663061
1.5,2,129.665202
0.0,4,129.670102
0.0,4,129.674819
0.0,4,129.679059
0.0,3,129.682556
-0.101311,2,129.684645
0.0,2,129.686687
1.5,2,129.689031
0.0,2,129.691276
0.0,4,129.696953
0.0,3,129.700419
0.0,2,129.702654
0.0,5,129.708084
0.0,2,129.710608
0.0,4,129.715052
0.0,3,129.718653
0.0,2,129.720725
0.0,2,129.723117
0.0,4,129.72729
0.0,2,129.729501
0.0,5,129.735084
0.0,2,129.737546
0.0,2,129.739996
0.0,3,129.743253
0.0,4,129.747631
0.0,3,129.75078
0.0,3,129.754187
0.0,5,129.759591
0.0,3,129.762936
0.0,3,129.766371
0.0,2,129.76888
0.0,2,129.771237
0.0,2,129.773722
0.0,2,129.776344
0.0,2,129.778977
0.0,3,129.782539
0.0,2,129.784678
0.0,2,129.787326
0.0,3,129.790781
0.0,2,129.793086
0.0,2,129.795565
0.0,2,129.797783
0.0,5,129.803164
0.0,2,129.805116
0.0,4,129.80948
0.0,3,129.812483
0.0,4,129.816958
0.0,4,129.821291
0.0,2,129.823426
0.0,2,129.825318
0.0,2,129.82758
0.0,2,129.830216
0.0,4,129.83489
0.0,2,129.837387
0.0,3,129.840776
0.0,2,129.843244
0.0,3,129.846623
0.0,3,129.850046
0.0,2,129.852411
0.0,4,129.856693
0.0,3,129.85972
1.5,2,129.861864
0.0,3,129.866671
0.0,5,129.872579
0.0,4,129.876766
0.0,2,129.879205
0.0,5,129.884007
0.0,4,129.888679
0.0,2,129.891182
0.0,6,129.897543
0.0,3,129.900803
0.0,2,129.90292
0.0,2,129.905301
0.0,4,129.909773
0.0,2,129.912585
0.0,3,129.916065
0.0,5,129.921759
0.0,3,129.924998
0.0,2,129.927386
0.0,2,129.92949
0.0,3,129.932802
0.0,2,129.935288
0.0,2,129.937413
0.0,4,129.941937
0.0,3,129.945007
0.0,4,129.949418
0.0,3,129.952571
0.0,2,129.955165
0.0,3,129.958597
0.0,3,129.962625
0.0,3,129.965938
0.0,4,129.970797
0.0,3,129.974908
0.0,4,129.980327
0.0,2,129.983351
0.0,2,129.985995
0.0,4,130.033218
0.0,3,130.038424
0.0,4,130.043723
0.0,4,130.048511
0.0,2,130.050994
0.0,3,130.054434
0.0,4,130.058794
0.0,2,130.060724
0.0,4,130.065708
0.0,3,130.069997
0.0,4,130.074913
0.0,2,130.07703
0.0,4,130.081511
0.0,4,130.085778
0.0,2,130.08801
0.0,3,130.091437
0.0,3,130.095127
0.0,4,130.099532
0.0,3,130.102557
1.5,2,130.104365
0.0,3,130.107754
0.0,3,130.110669
0.0,2,130.112999
0.0,3,130.11625
0.0,2,130.118407
0.0,3,130.121812
0.0,2,130.123924
0.0,3,130.127242
1.5,2,130.129525
0.0,4,130.133944
0.0,2,130.136295
0.0,5,130.141541
0.0,4,130.145312
0.0,5,130.150573
0.0,3,130.153977
0.0,2,130.156462
0.0,6,130.162907
0.0,2,130.165177
0.0,4,130.17032
-1.0,2,130.173344
0.0,2,130.17622
0.0,2,130.178543
0.0,2,130.18068
0.0,3,130.184236
1.5,2,130.186343
0.0,4,130.19089
0.0,3,130.195038
0.0,2,130.197761
1.5,2,130.199943
0.0,3,130.20335
0.0,2,130.205502
0.0,3,130.208322
-0.281304,2,130.210481
0.0,2,130.212709
-0.016942,2,130.214862
0.0,2,130.217311
0.0,5,130.222562
0.0,2,130.224882
0.0,3,130.227993
0.0,2,130.230081
0.0,2,130.232329
0.0,3,130.235404
0.0,6,130.241571
0.0,2,130.243725
0.0,4,130.247932
0.0,3,130.25092
0.0,5,130.256063
0.0,2,130.258181
0.0,2,130.260618
0.0,2,130.262897
0.0,6,130.270951
0.0,3,130.274508
0.0,3,130.277519
0.0,2,130.279788
0.0,5,130.284857
0.0,3,130.288069
0.0,2,130.290213
0.0,4,130.294542
0.0,2,130.296528
0.0,5,130.301543
0.0,2,130.303694
0.0,3,130.307214
0.0,3,130.310612
1.5,2,130.312705
0.0,4,130.317007
0.0,2,130.319061
0.0,2,130.321079
0.0,6,130.326936
0.0,4,130.330808
0.0,3,130.333831
0.0,3,130.336985
0.0,2,130.339159
0.0,3,130.342376
0.0,3,130.34544
0.366196,2,130.347552
0.0,2,130.349612
0.0,3,130.352819
0.0,2,130.354873
1.5,2,130.356929
0.0,4,130.360811
0.0,3,130.364376
0.0,2,130.367543
1.5,2,130.369972
0.0,3,130.373498
0.0,2,130.375815
0.0,3,130.378968
0.0,2,130.380924
0.0,4,130.385213
0.0,2,130.387336
0.0,4,130.391743
0.0,4,130.396239
0.0,2,130.398312
0.0,3,130.401417
0.0,3,130.404344
0.0,3,130.407619
0.0,4,130.411751
0.0,2,130.414103
0.0,3,130.417544
0.0,3,130.421109
0.0,3,130.424229
0.0,4,130.42845
0.0,3,130.431544
0.0,3,130.434886
0.0,3,130.438624
0.0,2,130.441108
0.0,3,130.444777
0.0,3,130.448311
0.0,3,130.451481
0.0,3,130.454572
0.0,3,130.45764
0.0,3,130.460347
0.0,2,130.462775
0.0,6,130.469017
0.0,4,130.473101
0.0,4,130.476904
0.0,4,130.48074
0.520587,3,130.48387
0.0,4,130.487642
0.0,3,130.490667
0.0,3,130.493639
0.0,2,130.495687
0.0,5,130.500463
0.0,4,130.504407
0.0,3,130.507448
0.0,3,130.510473
0.0,4,130.514379
0.0,3,130.517421
0.0,3,130.520324
0.0,3,130.52319
0.0,3,130.5264
0.0,3,130.529123
0.0,2,130.531244
0.0,5,130.536387
0.0,3,130.539676
0.0,2,130.541721
0.0,2,130.543641
0.0,2,130.545919
0.0,3,130.549057
0.0,5,130.55407
0.0,2,130.555986
0.0,3,130.559137
0.0,2,130.561208
0.0,4,130.565427
0.0,2,130.569042
1.5,2,130.571646
0.0,3,130.575383
0.0,4,130.579652
1.5,2,130.581902
0.0,2,130.583929
0.0,5,130.589911
-0.334537,3,130.594234
0.0,3,130.598079
0.0,2,130.600144
0.0,3,130.603379
0.0,4,130.60727
0.777824,3,130.610322
0.0,2,130.612152
0.0,3,130.615076
1.5,2,130.617162
0.0,4,130.620884
0.0,4,130.624723
0.0,5,130.6301
0.0,4,130.63389
1.5,2,130.636172
0.0,5,130.641135
0.0,2,130.643486
0.0,3,130.646399
0.0,3,130.649719
0.0,3,130.652934
0.0,3,130.656123
0.0,3,130.659162
0.0,3,130.661971
0.0,4,130.666462
-1.0,3,130.669206
0.0,2,130.672466
0.0,2,130.675109
0.0,5,130.680561
0.0,3,130.683763
-0.049937,3,130.687056
0.0,2,130.689066
0.0,2,130.691673
0.0,2,130.694282
0.0,4,130.699038
0.0,4,130.702945
0.0,5,130.708032
0.0,3,130.710862
0.0,3,130.714215
0.0,2,130.716217
0.0,4,130.720465
0.0,2,130.722308
0.0,3,130.725205
0.0,3,130.728456
0.0,2,130.730447
0.0,2,130.732428
0.0,2,130.734694
0.0,3,130.737746
0.0,3,130.740963
0.0,2,130.742876
0.0,4,130.746931
0.0,2,130.748888
0.0,4,130.752574
0.0,2,130.755025
0.0,2,130.757105
0.0,2,130.759066
0.0,2,130.761422
0.0,2,130.763335
0.0,5,130.768699
0.0,3,130.772147
0.0,3,130.775415
0.0,3,130.77846
0.0,2,130.780703
0.0,2,130.783174
0.0,5,130.788453
0.0,2,130.790767
0.0,4,130.795003
0.0,4,130.799057
0.0,2,130.801062
0.0,3,130.80449
0.0,2,130.806399
0.0,3,130.809708
0.0,3,130.812747
0.0,3,130.816073
0.0,4,130.820149
0.0,2,130.822131
0.0,2,130.824511
0.0,3,130.827343
2.0,2,130.921674
0.0,3,130.924818
0.0,3,130.928137
0.0,3,130.931342
0.0,2,130.933657
0.0,5,130.93951
0.0,3,130.942881
0.0,4,130.946882
0.0,2,130.948936
0.0,3,130.951705
0.0,3,130.95496
1.5,2,130.957167
0.0,4,130.961074
0.0,2,130.963365
0.0,2,130.965443
0.0,5,130.970474
0.0,3,130.973798
0.0,2,130.975792
0.0,2,130.977843
0.0,3,130.980764
0.0,2,130.982875
0.0,4,130.987019
0.0,2,130.988894
0.0,3,130.992304
0.0,3,130.995174
0.0,2,130.997269
0.0,4,131.000965
0.0,3,131.003821
0.0,3,131.006744
0.0,2,131.008643
0.0,3,131.011757
0.0,2,131.013741
0.0,4,131.017474
0.0,3,131.020554
0.0,4,131.024281
1.5,2,131.026324
0.0,3,131.029167
0.0,5,131.034162
1.5,2,131.036159
0.0,2,131.038204
0.0,2,131.040237
1.5,2,131.042117
0.0,3,131.044862
0.0,2,131.047088
0.0,3,131.049925
0.0,2,131.051838
0.0,4,131.055875
0.0,5,131.060711
0.0,3,131.063624
0.0,2,131.065635
0.0,4,131.069744
0.0,2,131.071758
0.0,2,131.073971
0.0,2,131.076045
0.0,2,131.078018
0.0,2,131.079954
0.0,2,131.082188
0.0,3,131.085101
0.0,4,131.089225
0.0,2,131.091163
0.0,5,131.096102
0.0,2,131.09813
0.0,3,131.100957
0.0,4,131.104978
0.0,3,131.108048
0.0,2,131.110251
0.0,2,131.112199
0.0,3,131.115378
0.0,2,131.117492
0.0,2,131.119453
0.0,2,131.121392
0.0,3,131.124644
0.0,4,131.128411
0.0,4,131.132399
0.0,3,131.135171
0.0,3,131.138237
0.0,2,131.140168
0.0,2,131.142026
0.0,3,131.145157
0.0,4,131.148821
0.0,3,131.152169
0.0,4,131.156044
0.0,2,131.158133
0.0,3,131.160896
0.0,2,131.162783
0.0,4,131.166811
1.5,2,131.168776
0.0,4,131.173026
1.5,2,131.175265
0.0,3,131.178333
0.0,2,131.180199
0.0,2,131.182117
0.0,3,131.185077
1.5,2,131.187264
0.0,2,131.227989
0.0,2,131.229962
0.0,3,131.232784
0.0,2,131.23521
0.0,3,131.238032
0.0,3,131.241125
0.0,3,131.243869
0.0,4,131.2477
0.0,3,131.250746
0.0,4,131.254691
0.0,4,131.258385
0.0,2,131.260156
0.0,2,131.262217
0.0,3,131.265085
0.0,3,131.267898
0.0,2,131.270119
0.0,3,131.273251
0.0,4,131.27705
0.0,6,131.28269
0.0,3,131.285846
0.0,3,131.288859
0.0,3,131.292259
0.0,2,131.294249
0.0,2,131.296464
0.0,3,131.299321
0.0,2,131.301244
0.0,4,131.305144
0.0,2,131.307
0.0,2,131.308789
0.0,2,131.310983
0.0,3,131.313982
0.0,3,131.317041
0.0,3,131.320221
0.0,2,131.322126
0.0,3,131.325208
0.0,3,131.327932
0.0,2,131.32976
0.0,3,131.333176
0.0,4,131.336873
0.0,3,131.34022
0.0,3,131.342954
0.0,2,131.345099
0.0,3,131.347953
0.0,2,131.349713
0.0,4,131.35383
-0.645255,2,131.355645
0.0,3,131.358491
0.0,4,131.362563
0.0,2,131.364602
0.0,2,131.36689
0.0,3,131.369864
0.0,2,131.371871
0.0,3,131.375204
1.5,2,131.377366
0.0,3,131.380339
0.0,4,131.384129
0.0,2,131.385987
0.0,4,131.390069
1.5,2,131.392009
0.0,4,131.39584
0.0,3,131.39847
0.0,2,131.400313
0.0,4,131.404037
0.0,3,131.406688
0.0,2,131.408946
0.0,4,131.412584
0.0,2,131.414576
0.0,3,131.417675
0.0,3,131.420434
0.0,2,131.422602
0.0,4,131.426204
0.0,3,131.429694
0.0,6,131.436595
0.0,5,131.441391
0.0,5,131.446245
0.0,2,131.44812
0.0,4,131.452168
0.0,3,131.454818
0.0,2,131.456832
0.0,4,131.460643
0.0,2,131.462591
0.0,4,131.466651
0.0,3,131.469384
0.0,3,131.472267
0.0,3,131.475259
0.0,5,131.479831
0.0,2,131.481737
0.0,2,131.483623
0.0,3,131.48666
0.0,2,131.488614
0.0,3,131.491749
0.0,3,131.494616
0.0,3,131.497478
0.0,2,131.499736
0.0,2,131.501614
0.0,4,131.505398
0.0,4,131.509181
0.0,3,131.512064
0.0,3,131.515158
0.0,2,131.517023
0.0,2,131.519182
0.0,3,131.521895
0.0,2,131.523684
0.0,3,131.526416
0.0,3,131.529082
0.0,4,131.532652
0.0,3,131.535664
0.0,3,131.53835
0.0,3,131.541043
0.0,4,131.544504
0.0,2,131.546309
0.0,3,131.549398
0.0,3,131.552088
1.5,2,131.553957
0.0,3,131.55686
0.0,2,131.558634
0.0,2,131.560588
0.0,4,131.564696
0.0,3,131.567675
0.0,4,131.571747
1.5,2,131.573633
0.0,2,131.575764
0.0,5,131.58043
0.0,3,131.583506
0.0,4,131.587151
0.0,3,131.590038
0.0,3,131.592772
0.0,3,131.595446
0.0,2,131.597333
0.0,4,131.600751
0.0,4,131.604434
0.0,2,131.606191
0.0,4,131.609857
0.0,2,131.611837
0.0,2,131.613695
0.0,3,131.61656
0.0,3,131.619598
0.0,2,131.62146
0.0,3,131.624256
0.0,4,131.627733
0.0,3,131.630587
0.0,4,131.634377
0.0,2,131.636224
0.0,4,131.640257
0.0,2,131.642056
0.0,2,131.643933
0.0,2,131.646036
0.0,2,131.64781
0.0,2,131.649625
0.0,4,131.6534
0.0,3,131.656065
0.0,3,131.658979
0.0,2,131.660864
0.0,2,131.662694
0.0,3,131.665484
-0.791344,5,131.670037
0.0,3,131.672929
0.0,3,131.676017
0.0,3,131.678756
0.0,2,131.680639
0.0,4,131.68407
0.0,2,131.685845
0.546631,2,131.688069
0.0,3,131.690939
0.0,4,131.69484
0.0,3,131.697522
0.0,2,131.699503
0.0,3,131.702459
0.0,3,131.705298
0.0,4,131.709373
-0.337238,3,131.712052
0.0,2,131.714111
0.0,4,131.717864
0.0,2,131.719726
0.0,5,131.724276
0.0,4,131.727872
0.0,4,131.731619
0.0,4,131.735393
0.0,3,131.738269
0.0,3,131.741079
0.0,2,131.743002
0.0,2,131.744745
0.0,2,131.746468
0.0,2,131.748227
0.0,2,131.750344
0.0,3,131.753178
0.0,3,131.756091
0.0,2,131.758087
0.0,2,131.759966
0.0,3,131.762686
0.0,2,131.764683
0.0,2,131.766672
0.0,2,131.768552
0.0,3,131.771491
0.0,3,131.774342
0.0,2,131.776142
1.5,2,131.778009
0.0,4,131.781468
0.0,2,131.783403
0.0,3,131.786725
0.0,4,131.79065
0.0,2,131.792796
0.0,4,131.796734
0.0,2,131.798931
0.0,2,131.800808
1.5,2,131.802745
0.0,3,131.805758
0.0,3,131.808568
0.0,3,131.811589
0.0,2,131.813701
0.0,5,131.81878
0.0,3,131.82195
0.0,2,131.823823
0.0,3,131.826678
0.0,2,131.828586
0.0,2,131.830454
0.0,5,131.835596
0.0,3,131.838594
0.0,3,131.841807
0.0,2,131.843614
0.0,4,131.847509
0.0,3,131.851341
0.0,2,131.854451
0.0,5,131.859981
0.0,4,131.863893
0.0,4,131.86809
0.0,2,131.870051
0.0,3,131.872942
0.0,2,131.875088
0.0,3,131.879318
0.0,4,131.886801
0.0,2,131.890558
0.0,5,131.898889
0.0,4,131.9058
0.0,3,131.911237
0.0,3,131.915583
0.0,2,131.91815
0.0,2,131.920187
0.0,2,131.922411
0.0,3,131.927457
0.0,2,131.931918
0.0,3,131.93706
-1.0,2,131.939304
0.0,5,131.944028
0.0,2,131.945999
0.0,5,131.950562
0.0,4,131.95449
0.0,3,131.957673
0.0,3,131.960644
0.0,2,131.962448
0.0,3,131.965259
0.0,2,131.967191
0.0,4,131.970644
0.0,3,131.973795
0.0,2,131.976709
0.0,4,131.981702
0.0,6,131.988994
0.0,3,131.992786
0.0,3,132.090875
0.0,2,132.093208
0.0,2,132.095218
0.0,4,132.099401
0.0,4,132.102841
0.0,3,132.10615
0.0,3,132.108792
0.0,4,132.113093
0.0,3,132.115754
0.0,2,132.118117
0.0,2,132.120404
0.0,2,132.122523
0.0,3,132.12581
0.0,6,132.13123
0.0,2,132.133651
1.5,2,132.135437
0.0,2,132.137295
0.0,2,132.139692
0.0,4,132.143237
0.0,6,132.14901
0.0,3,132.151665
0.0,3,132.155086
0.0,2,132.156915
0.0,3,132.160166
0.0,5,132.164746
0.0,2,132.167243
0.0,2,132.169302
0.0,3,132.172028
0.0,3,132.175888
0.0,2,132.178112
0.0,2,132.18025
0.0,4,132.183994
0.0,3,132.186814
0.0,3,132.190412
0.0,5,132.195222
0.0,3,132.197861
1.5,2,132.199616
0.0,2,132.201819
0.0,2,132.203745
0.0,4,132.207518
0.0,6,132.213389
0.0,2,132.215508
0.0,2,132.217658
0.0,2,132.219434
0.0,4,132.223476
0.0,3,132.226085
0.0,4,132.230209
0.0,3,132.232985
1.5,2,132.234785
0.0,3,132.238292
0.0,3,132.241078
0.0,3,132.244265
0.0,4,132.247709
0.0,2,132.249862
0.0,3,132.252963
0.0,2,132.254865
0.0,2,132.256929
0.0,3,132.259808
0.0,3,132.262381
0.0,2,132.264841
0.0,3,132.267839
0.0,2,132.269736
0.0,3,132.272892
0.0,3,132.27584
0.0,3,132.278894
0.0,4,132.282388
0.0,3,132.285551
0.0,2,132.28754
0.0,4,132.291995
0.0,4,132.295788
0.0,2,132.297576
0.0,4,132.30191
0.0,5,132.306867
0.0,2,132.308706
0.0,2,132.310506
0.0,3,132.313655
1.5,2,132.315563
0.0,2,132.317455
0.0,6,132.323265
0.0,2,132.324974
0.0,2,132.327173
0.0,4,132.369139
0.0,3,132.372563
0.0,2,132.374633
1.5,2,132.376815
0.0,3,132.37957
0.0,3,132.382786
0.0,2,132.384809
0.0,3,132.387487
0.0,5,132.392478
0.0,2,132.394258
0.0,5,132.399112
0.0,2,132.400952
0.0,4,132.405059
1.5,2,132.406879
0.0,3,132.409842
0.0,3,132.41299
0.0,3,132.415637
0.0,4,132.419743
0.0,2,132.421519
0.0,5,132.426163
0.0,4,132.429446
0.0,3,132.432719
0.0,2,132.434946
0.0,5,132.440357
0.0,3,132.443071
0.0,4,132.447139
0.0,3,132.449804
0.0,2,132.45202
0.0,3,132.45502
0.0,2,132.456725
0.0,3,132.459978
0.0,4,132.46411
0.0,2,132.466613
0.0,4,132.470317
0.0,3,132.473608
0.602173,3,132.476883
0.0,3,132.480155
0.0,3,132.482979
0.0,2,132.484807
0.0,2,132.48714
0.0,3,132.490106
0.0,2,132.492047
0.0,2,132.494123
0.0,5,132.498972
0.0,2,132.500937
1.5,2,132.502919
0.0,3,132.505536
0.0,3,132.508748
0.0,3,132.511465
0.0,3,132.514441
0.0,2,132.516615
0.0,2,132.518444
0.0,4,132.522346
0.0,2,132.524093
0.0,3,132.526686
0.0,2,132.528471
0.0,3,132.531834
0.0,2,132.533742
0.0,3,132.536915
0.0,3,132.539588
0.0,3,132.542569
0.0,3,132.545368
0.0,2,132.547155
0.0,3,132.550349
0.0,2,132.552284
0.0,3,132.554946
0.0,2,132.556993
0.0,3,132.559807
0.0,2,132.561559
0.0,4,132.565745
0.0,2,132.567601
0.0,4,132.571662
0.0,5,132.576974
0.0,2,132.578933
0.0,3,132.581712
0.0,2,132.58358
0.0,5,132.588641
0.0,4,132.592878
-0.300117,5,132.598718
0.0,3,132.601532
0.0,5,132.606541
0.0,2,132.608386
0.0,3,132.612082
0.0,2,132.614535
0.0,2,132.616676
0.0,5,132.62254
0.0,3,132.62668
0.0,4,132.630722
0.0,3,132.634868
0.0,2,132.636942
0.0,4,132.641822
0.0,2,132.643708
0.0,3,132.646517
0.0,4,132.651202
0.0,4,132.656362
0.0,3,132.659216
0.0,2,132.661498
0.0,4,132.666663
0.0,2,132.669955
0.0,2,132.672005
0.0,3,132.67606
0.0,3,132.679486
0.0,3,132.683429
0.0,3,132.686405
0.0,2,132.689474
0.0,2,132.691539
0.0,3,132.694408
0.0,4,132.699402
0.0,3,132.702195
0.0,3,132.705045
0.0,2,132.706798
0.0,4,132.710889
0.0,3,132.713603
0.0,2,132.715465
0.0,3,132.71833
-1.017603,2,132.720139
0.0,3,132.722782
0.0,2,132.724606
0.0,4,132.72798
0.0,2,132.729759
0.0,2,132.731881
0.0,3,132.734547
0.0,2,132.736347
0.0,2,132.738457
0.0,3,132.741208
0.0,2,132.742936
1.5,2,132.744812
0.0,4,132.74837
0.0,5,132.753117
0.0,2,132.754979
0.0,3,132.757535
0.0,2,132.759776
0.0,3,132.762462
0.0,3,132.765322
0.0,3,132.76829
0.0,2,132.77019
0.0,2,132.772129
0.0,3,132.775205
0.0,4,132.77903
0.0,3,132.781749
0.0,2,132.783468
0.0,3,132.786245
0.0,3,132.789207
0.0,2,132.790989
1.5,2,132.79275
0.0,4,132.796507
0.0,4,132.80003
0.0,2,132.801928
0.0,2,132.803713
0.0,4,132.807227
0.0,2,132.809299
0.0,2,132.811143
0.0,3,132.813942
0.0,2,132.815992
0.0,3,132.818603
0.0,3,132.821287
0.0,6,132.826566
0.0,2,132.828567
0.0,2,132.830454
0.0,3,132.833328
0.0,3,132.836246
0.0,3,132.838999
0.0,2,132.84075
0.0,2,132.842668
0.0,2,132.8445
0.0,5,132.84867
0.0,5,132.853156
0.0,3,132.85583
0.0,3,132.858483
0.0,4,132.861881
0.0,2,132.863888
0.0,3,132.866561
0.0,2,132.868392
0.0,3,132.871305
0.0,3,132.874141
0.0,4,132.877908
0.0,3,132.880976
0.0,2,132.882865
0.0,6,132.888551
0.0,2,132.890445
0.0,2,132.892584
0.0,3,132.895281
0.0,3,132.897988
0.0,2,132.899885
0.0,4,132.903208
0.0,3,132.905982
0.0,3,132.908568
0.0,3,132.911196
0.0,2,132.913222
0.0,2,132.915005
0.0,4,132.918615
0.0,2,132.920614
0.0,2,132.922407
0.0,3,132.925075
0.0,3,132.927732
0.0,2,132.929509
0.0,5,132.934034
0.0,2,132.935966
0.0,2,132.937749
0.0,4,132.941324
0.0,4,132.944795
0.0,3,132.947698
0.0,4,132.9513
1.5,2,132.953174
0.0,2,132.955465
0.0,5,132.9601
0.0,3,132.962971
0.0,2,132.964772
0.0,3,132.967506
0.0,3,132.97071
0.0,3,132.973726
0.0,4,132.977957
0.0,2,132.979886
0.0,3,132.982579
0.0,3,132.9852
0.0,2,132.987095
0.0,3,132.990015
0.0,2,132.991876
0.0,2,132.993788
1.5,2,132.995697
0.0,3,132.998562
0.0,5,133.003257
0.0,5,133.00745
0.0,3,133.010336
0.0,3,133.013006
0.0,2,133.014806
0.0,3,133.017616
0.0,3,133.020754
0.0,5,133.025681
1.5,2,133.027468
0.0,3,133.030109
0.0,4,133.033581
0.0,2,133.035298
0.0,2,133.037191
0.0,3,133.039984
0.0,2,133.041707
0.0,2,133.043459
0.0,4,133.046814
0.0,2,133.048577
0.0,3,133.051273
0.0,3,133.053961
0.0,2,133.055676
0.0,4,133.059055
0.0,5,133.06309
0.0,4,133.066742
0.0,3,133.069304
0.0,4,133.072872
0.0,2,133.074965
0.0,4,133.078729
0.0,3,133.081347
0.0,2,133.083061
0.0,4,133.08668
0.0,6,133.091993
0.0,3,133.094896
0.0,2,133.096659
0.0,2,133.098378
0.0,2,133.100181
0.0,3,133.102741
0.0,2,133.104425
1.5,2,133.106112
0.0,3,133.108628
0.0,3,133.111067
0.0,3,133.113653
0.0,6,133.118894
0.0,2,133.120768
0.0,4,133.124262
0.0,3,133.212269
0.0,4,133.216278
0.0,2,133.218757
0.0,4,133.222556
0.0,2,133.22461
0.0,3,133.22805
0.0,2,133.229946
0.0,2,133.231975
0.0,2,133.234317
0.0,3,133.237124
0.0,4,133.241266
0.0,3,133.243941
0.0,2,133.245893
0.0,3,133.248621
0.0,3,133.251983
0.0,4,133.256727
0.0,5,133.261694
0.0,4,133.265239
0.0,3,133.268426
0.0,2,133.270288
0.0,3,133.273031
0.0,2,133.275479
0.0,3,133.27871
0.0,3,133.281901
0.0,3,133.284508
0.0,4,133.288462
0.0,2,133.290474
0.0,3,133.293178
1.5,2,133.295322
0.0,2,133.297148
0.0,3,133.299715
0.0,6,133.305317
0.0,2,133.307054
0.0,2,133.309333
0.0,3,133.312157
0.0,2,133.313938
0.0,3,133.317198
0.0,2,133.319124
0.0,2,133.320989
0.0,2,133.323148
0.0,2,133.325017
0.0,3,133.327585
0.0,2,133.329827
0.0,3,133.332993
0.0,5,133.337839
0.0,3,133.340575
0.0,3,133.343396
0.0,5,133.347868
0.0,3,133.35091
0.0,2,133.352892
0.0,3,133.355485
0.0,3,133.358509
0.0,3,133.361116
0.0,2,133.362887
0.0,3,133.366122
0.0,5,133.37056
0.0,3,133.37391
0.0,4,133.377431
1.478751,2,133.379763
0.0,2,133.382089
0.0,4,133.386147
0.0,2,133.388147
0.0,2,133.390008
0.0,4,133.394051
0.0,2,133.395806
0.0,5,133.400423
-0.022697,3,133.403016
0.0,4,133.406677
0.0,3,133.409312
0.0,4,133.413131
0.0,4,133.416944
0.0,4,133.420654
0.0,3,133.457194
0.0,3,133.459685
-0.698737,2,133.461978
0.0,2,133.464106
0.0,3,133.467216
0.0,2,133.46946
0.0,2,133.471294
0.0,2,133.4731
0.0,2,133.4753
0.0,2,133.477394
0.0,2,133.479382
0.0,2,133.481519
0.0,4,133.485367
0.0,3,133.488003
0.0,3,133.491204
0.0,4,133.494566
0.0,3,133.49757
0.0,3,133.500157
1.5,2,133.502684
0.0,3,133.50604
0.0,2,133.507944
0.0,2,133.510149
0.0,3,133.51333
0.0,2,133.51526
0.0,4,133.519856
0.0,2,133.521842
0.0,2,133.524277
0.0,3,133.527136
0.0,3,133.530062
0.0,3,133.533776
0.0,3,133.537206
0.0,2,133.539579
0.0,2,133.541484
0.0,2,133.543261
0.0,2,133.545461
0.0,3,133.548372
0.0,4,133.55301
1.5,2,133.555158
0.0,2,133.557153
0.0,4,133.561409
0.0,3,133.564063
0.0,3,133.567467
0.0,4,133.571038
0.0,3,133.574357
0.0,4,133.57829
0.0,4,133.582112
0.0,3,133.584665
0.0,2,133.586481
0.0,6,133.592196
0.0,2,133.594401
0.0,2,133.596414
0.0,2,133.598138
0.0,3,133.601263
0.0,2,133.603005
0.0,3,133.605419
0.0,2,133.607537
0.0,6,133.61284
0.0,4,133.616964
0.0,2,133.618776
0.0,4,133.622844
0.0,3,133.625629
0.0,4,133.629701
0.0,2,133.631618
0.0,3,133.634348
0.0,2,133.636746
0.0,2,133.638548
0.0,4,133.642438
0.0,4,133.645865
0.0,2,133.647502
0.0,2,133.649905
0.0,4,133.653565
0.0,2,133.655557
0.0,2,133.657563
0.0,4,133.66093
0.0,3,133.664182
0.0,3,133.666874
0.0,3,133.669746
0.0,2,133.672088
0.0,3,133.674749
0.0,3,133.677906
0.0,2,133.679977
0.0,2,133.681966
0.0,4,133.686072
0.0,3,133.688769
0.0,3,133.691962
0.0,3,133.694795
0.0,3,133.697678
0.0,5,133.702149
0.0,4,133.706046
0.0,2,133.707812
0.0,4,133.711439
0.0,3,133.714648
0.0,2,133.716457
0.0,5,133.721369
0.0,3,133.723915
0.0,3,133.727012
0.0,2,133.728891
0.0,2,133.730619
0.0,3,133.733915
1.5,2,133.735755
0.0,3,133.73839
0.0,2,133.740514
0.0,2,133.742319
0.0,2,133.743985
0.0,4,133.747904
0.0,2,133.749662
0.0,2,133.751547
0.0,5,133.756967
0.0,5,133.761791
0.0,3,133.764563
0.0,2,133.766279
0.0,3,133.769616
0.0,2,133.771333
0.0,3,133.774222
0.0,4,133.779436
0.0,5,133.784575
0.0,3,133.787652
0.0,2,133.790303
0.0,5,133.795326
0.0,4,133.799067
0.0,2,133.800774
0.0,3,133.803943
0.0,2,133.805798
0.0,2,133.807566
0.0,2,133.809892
0.0,2,133.811964
0.0,2,133.813802
0.0,2,133.815888
0.0,2,133.818231
0.0,3,133.82081
0.0,3,133.823876
0.0,4,133.827265
0.0,2,133.828996
0.0,3,133.83231
0.0,2,133.834245
0.0,4,133.838325
0.0,2,133.840015
0.0,3,133.84246
0.0,3,133.845479
0.0,3,133.848031
0.0,2,133.849708
0.0,2,133.852047
0.0,5,133.856332
0.0,4,133.860353
1.5,2,133.862043
0.0,3,133.865162
0.0,4,133.869048
0.0,6,133.874905
0.0,3,133.877478
0.0,4,133.881421
0.0,2,133.883387
0.0,3,133.88673
0.0,2,133.888682
0.0,4,133.892247
0.0,3,133.895355
0.0,3,133.897918
1.5,2,133.900031
0.0,2,133.901843
0.0,4,133.905243
0.0,2,133.907511
0.0,5,133.911652
1.5,2,133.913876
0.0,3,133.916808
0.0,2,133.918564
0.0,3,133.921643
0.0,4,133.925012
0.0,4,133.929009
0.0,3,133.9316
0.0,2,133.933347
0.0,2,133.936059
0.0,3,133.939051
0.0,4,133.943266
0.0,3,133.946059
0.0,2,133.948208
0.0,3,133.951526
0.0,3,133.954444
0.0,4,133.958507
0.0,3,133.961261
0.0,2,133.96365
0.0,3,133.966516
0.0,2,133.968523
0.0,5,133.973329
0.0,2,133.975379
0.0,3,133.978494
0.0,3,133.981292
0.0,2,133.983782
0.0,4,133.987485
0.0,4,133.991655
1.5,2,133.993469
0.0,2,133.995395
0.0,6,134.000902
0.0,2,134.00264
0.0,3,134.005477
0.0,2,134.007155
0.0,3,134.009615
0.0,2,134.011634
0.0,3,134.014151
0.0,4,134.017708
0.0,3,134.020506
0.0,3,134.023032
0.0,5,134.028893
0.0,2,134.031268
0.0,3,134.035373
1.5,2,134.038275
0.0,3,134.04276
0.0,2,134.045073
0.0,4,134.049061
0.0,3,134.051782
0.30217,3,134.055383
0.0,3,134.05846
0.0,4,134.062579
0.0,2,134.064454
0.0,2,134.06666
0.0,2,134.068786
0.0,3,134.071792
0.0,2,134.074137
0.0,2,134.076976
0.0,4,134.081259
0.0,2,134.083254
0.0,2,134.085043
0.0,4,134.089067
0.0,2,134.090828
0.0,2,134.09258
0.0,2,134.09466
0.0,5,134.099103
0.0,4,134.103058
0.0,2,134.104909
0.0,6,134.110812
0.0,3,134.113503
0.0,2,134.115699
0.0,4,134.119525
0.0,3,134.122626
0.0,4,134.126152
0.0,2,134.127885
0.0,3,134.131209
0.0,2,134.133013
0.0,4,134.137043
0.0,2,134.138909
1.5,2,134.140725
0.0,2,134.142673
0.0,6,134.14852
0.0,3,134.152094
0.0,2,134.154139
0.0,2,134.155947
0.0,4,134.1599
0.0,2,134.161635
0.0,3,134.164676
0.0,2,134.166724
0.0,2,134.168516
0.0,4,134.172671
0.0,3,134.175271
0.0,3,134.178761
0.0,5,134.185065
0.0,6,134.192343
0.0,4,134.196212
0.0,2,134.197951
0.0,4,134.201774
0.0,3,134.204335
0.0,3,134.207363
0.0,3,134.209896
0.0,8,134.217302
0.0,5,134.221971
0.0,5,134.226202
1.5,2,134.228668
0.0,3,134.231259
0.0,3,134.234313
0.0,2,134.236171
0.0,2,134.238023
0.0,3,134.240643
0.0,5,134.245179
0.0,2,134.246831
0.0,4,134.250972
0.0,2,134.252959
0.0,3,134.337952
0.0,2,134.340477
0.0,2,134.342403
0.0,4,134.345832
0.0,4,134.349369
0.0,3,134.352021
0.0,3,134.355016
0.0,3,134.357658
0.0,3,134.360679
0.0,2,134.362418
0.0,5,134.367162
0.0,2,134.368973
0.0,3,134.371545
1.5,2,134.37355
0.0,2,134.375609
0.0,2,134.377376
0.0,3,134.380311
0.0,3,134.384184
0.0,2,134.386346
0.0,3,134.389485
0.0,4,134.393009
0.0,2,134.394824
0.0,2,134.396554
0.0,3,134.399205
0.0,2,134.401039
1.5,2,134.402926
0.0,2,134.404838
0.0,2,134.406648
0.0,3,134.409585
0.0,2,134.411355
0.0,2,134.413086
0.0,4,134.416821
0.0,2,134.418566
0.0,2,134.420331
0.0,4,134.423799
0.0,2,134.425518
0.0,2,134.427231
0.0,2,134.429335
0.0,2,134.431269
0.0,5,134.436243
0.0,2,134.438478
0.0,4,134.442095
0.0,3,134.444782
0.0,2,134.446559
0.0,4,134.45001
0.0,2,134.451867
0.0,3,134.454391
0.0,3,134.45703
0.0,2,134.458674
0.0,2,134.460376
0.0,5,134.464951
0.0,3,134.467738
0.0,3,134.471104
0.0,2,134.473327
0.0,4,134.477702
0.0,2,134.480308
0.0,3,134.483511
0.0,4,134.487653
0.0,2,134.489625
0.0,2,134.491805
0.0,2,134.494084
0.0,2,134.496261
0.0,2,134.498418
0.0,3,134.501436
0.0,3,134.504021
0.0,2,134.506311
0.0,2,134.508949
0.0,2,134.510899
0.0,2,134.512957
0.0,2,134.514771
0.0,2,134.516593
0.0,2,134.518779
0.0,4,134.558705
0.0,3,134.562098
0.0,3,134.564966
0.0,4,134.568635
0.0,2,134.570836
0.0,3,134.57349
0.0,4,134.577839
0.0,5,134.582721
0.0,5,134.587778
0.0,3,134.59102
0.0,2,134.592749
0.0,3,134.595373
0.0,2,134.597232
0.0,3,134.599786
0.0,3,134.602269
0.0,2,134.604116
0.0,3,134.606623
0.0,3,134.609275
0.447496,2,134.611489
0.0,4,134.615022
0.0,4,134.618719
0.0,4,134.622039
0.0,5,134.62625
0.0,3,134.628701
0.0,3,134.631609
1.5,2,134.633512
0.0,3,134.636204
0.0,3,134.639001
0.0,4,134.642371
0.0,3,134.644963
0.0,3,134.647592
0.0,2,134.649323
0.0,4,134.652962
0.0,3,134.655429
0.0,3,134.657884
0.0,2,134.659873
0.0,2,134.661499
0.0,2,134.663265
0.0,3,134.665742
0.0,5,134.669835
1.5,2,134.671506
0.0,3,134.674363
0.0,2,134.676098
0.0,5,134.680386
0.0,3,134.683655
0.0,2,134.685456
0.0,2,134.687674
0.0,2,134.689527
0.0,2,134.691344
0.0,2,134.693187
0.0,2,134.695363
0.0,3,134.697944
0.0,2,134.699547
0.0,4,134.703014
0.0,2,134.704625
0.0,2,134.706291
0.0,3,134.70928
0.0,3,134.711787
0.0,4,134.715609
0.0,4,134.718895
0.0,4,134.722315
0.0,4,134.725624
0.0,2,134.727372
0.0,4,134.731411
0.0,2,134.733176
0.0,3,134.736311
0.0,2,134.738073
0.0,2,134.739771
0.0,2,134.741667
0.0,4,134.74512
0.0,3,134.747678
0.0,3,134.750807
0.0,2,134.752657
0.0,3,134.755677
0.0,4,134.759245
0.0,4,134.762792
0.0,2,134.764882
0.0,3,134.767392
0.0,2,134.769127
0.0,4,134.773181
0.0,4,134.777061
0.0,2,134.778854
0.0,3,134.781653
0.0,2,134.783535
0.0,3,134.786456
0.0,3,134.788984
-1.0,4,134.792838
0.0,3,134.795485
0.0,3,134.798228
0.0,3,134.800884
0.0,3,134.803401
0.0,2,134.805319
0.0,3,134.807869
0.0,3,134.810414
0.0,3,134.813206
0.0,4,134.816579
0.0,3,134.81932
0.0,2,134.821078
0.0,3,134.823582
0.0,3,134.826178
0.0,2,134.828014
0.0,2,134.829628
0.0,2,134.831283
0.0,3,134.834129
0.0,2,134.835801
0.0,4,134.839299
0.0,3,134.841796
0.0,2,134.843514
1.5,2,134.845232
0.0,2,134.847177
0.0,3,134.849687
0.0,6,134.854659
0.0,4,134.858003
0.0,4,134.861438
0.0,3,134.863919
0.0,4,134.867168
0.0,2,134.868991
0.0,4,134.872378
0.0,3,134.875097
0.0,3,134.877757
0.0,3,134.880469
0.0,3,134.883757
1.5,2,134.885867
0.0,3,134.889152
0.0,4,134.892811
0.0,4,134.896563
0.0,5,134.900717
0.0,3,134.903504
0.0,2,134.905183
0.0,2,134.906904
0.0,4,134.91079
0.0,3,134.913461
0.0,3,134.91649
0.0,4,134.920146
0.0,2,134.921931
0.0,2,134.924074
0.0,2,134.925806
0.0,2,134.927515
0.0,4,134.931546
0.0,3,134.934236
0.0,4,134.938408
0.0,2,134.940176
0.0,2,134.941882
0.0,3,134.944637
0.0,3,134.947188
0.0,2,134.948878
0.0,3,134.951606
0.0,5,134.955768
0.0,2,134.957793
0.0,4,134.961534
0.0,2,134.963351
0.0,4,134.967131
0.0,3,134.969699
0.0,3,134.972595
0.0,3,134.97521
0.0,2,134.976922
0.0,2,134.978736
0.0,4,134.983066
0.0,3,134.986005
0.0,3,134.988821
0.0,4,134.992408
0.0,2,134.994598
0.0,2,134.996421
0.0,2,134.998192
0.0,3,135.001115
0.0,4,135.005278
0.0,2,135.007432
0.0,2,135.00926
0.0,2,135.011056
-0.886605,6,135.017243
0.0,3,135.020401
0.0,3,135.023302
0.0,2,135.02507
0.0,3,135.027883
0.0,3,135.030867
0.0,4,135.034627
0.0,4,135.038589
0.0,2,135.0403
0.0,2,135.042252
0.0,2,135.043957
1.5,2,135.045615
0.0,3,135.048987
0.0,4,135.053206
0.0,2,135.055284
0.0,2,135.057401
0.0,2,135.060172
0.0,2,135.062823
0.0,3,135.065983
0.0,2,135.067785
0.0,2,135.06959
0.0,5,135.074004
0.0,2,135.075687
0.0,2,135.077487
0.0,3,135.08001
0.0,4,135.08331
0.0,2,135.085271
0.0,2,135.087763
0.0,4,135.091508
0.0,4,135.094989
0.0,3,135.097661
0.0,3,135.100276
0.0,4,135.103587
0.0,4,135.107014
0.0,4,135.110281
0.0,2,135.112215
0.0,3,135.114784
0.0,4,135.118152
0.0,2,135.120084
0.0,4,135.123311
0.0,3,135.125854
0.0,4,135.12911
0.0,3,135.131636
0.0,3,135.134453
0.0,3,135.136987
0.0,2,135.138721
0.0,2,135.140534
0.0,3,135.142966
0.0,4,135.146289
0.0,4,135.149583
1.5,2,135.151243
0.0,2,135.152985
0.0,3,135.155648
0.0,4,135.158949
0.0,3,135.161616
0.0,2,135.163334
0.0,2,135.164943
0.0,3,135.167622
0.0,2,135.169356
0.0,2,135.171079
0.0,2,135.172808
0.0,3,135.175514
0.0,2,135.177276
0.0,4,135.18047
0.0,4,135.183975
0.0,4,135.187441
0.0,2,135.189345
0.0,2,135.191102
0.0,2,135.192745
0.0,4,135.196369
0.0,2,135.198032
0.0,3,135.20046
0.0,4,135.203726
0.0,2,135.205379
0.0,5,135.209575
0.0,2,135.21136
0.0,2,135.213168
0.0,4,135.21688
0.0,4,135.220122
-0.189874,4,135.223587
0.0,2,135.225226
0.0,4,135.228453
0.0,3,135.231779
1.5,2,135.233663
0.0,2,135.235467
0.0,2,135.237416
0.0,3,135.240046
0.0,3,135.242587
0.0,5,135.246741
0.0,5,135.250881
0.0,2,135.252673
0.0,3,135.255188
0.0,4,135.258528
0.0,3,135.260995
0.0,5,135.265196
0.0,4,135.268499
0.0,2,135.27016
0.0,3,135.27293
0.0,2,135.274776
0.0,2,135.276778
0.0,4,135.280968
0.0,4,135.285301
0.0,4,135.289087
0.0,3,135.291802
0.0,2,135.293834
0.0,4,135.2974
0.0,2,135.299312
0.0,4,135.302643
0.0,2,135.304328
0.0,3,135.307167
0.0,2,135.309045
0.0,4,135.312361
0.0,4,135.402335
0.0,3,135.405166
0.0,2,135.40696
0.0,3,135.40975
0.0,3,135.412669
0.0,3,135.415345
0.0,3,135.418212
0.0,4,135.421515
0.0,3,135.424299
0.0,2,135.426168
0.0,3,135.428655
0.0,3,135.431366
0.0,2,135.433305
0.0,2,135.435345
0.0,4,135.439341
0.0,4,135.442837
0.0,3,135.445487
0.0,4,135.448715
0.0,4,135.452228
0.0,2,135.454147
0.0,2,135.455894
0.0,2,135.457602
0.0,3,135.460325
0.0,5,135.464741
0.0,2,135.466651
1.5,2,135.468422
0.0,3,135.470961
0.0,3,135.473969
0.0,2,135.47597
0.0,2,135.47775
0.0,3,135.480454
0.0,2,135.482306
0.0,2,135.48432
0.0,4,135.488046
0.0,6,135.493155
0.0,2,135.495412
0.0,2,135.497253
0.0,3,135.499907
0.0,3,135.502593
1.5,2,135.504214
0.0,3,135.506588
0.0,3,135.509846
0.0,3,135.513057
1.5,2,135.515059
0.0,3,135.517878
0.0,2,135.519652
0.0,2,135.521548
0.0,3,135.524219
0.0,3,135.526632
0.0,2,135.528429
0.0,5,135.533035
0.0,5,135.537961
0.0,3,135.540432
0.0,6,135.545673
0.0,3,135.548143
0.0,3,135.550948
0.0,2,135.593555
1.5,2,135.595409
0.0,3,135.598166
0.0,3,135.600855
0.0,2,135.602473
0.0,3,135.605003
0.0,2,135.606798
0.0,2,135.608532
0.0,3,135.611391
0.0,3,135.61464
0.0,2,135.616488
0.0,4,135.620389
0.0,5,135.625006
0.0,2,135.627016
0.0,4,135.630466
0.0,3,135.63359
0.0,4,135.63774
0.0,2,135.639961
0.0,2,135.641958
0.0,4,135.64544
0.0,2,135.647406
0.0,3,135.650128
0.0,3,135.65308
0.0,4,135.656784
0.0,4,135.660406
0.0,3,135.663481
0.0,3,135.66612
0.0,3,135.669158
0.0,2,135.671026
0.0,2,135.672845
0.0,3,135.675556
0.0,2,135.677261
0.0,4,135.680747
0.0,2,135.682632
0.0,2,135.684687
0.0,2,135.686725
0.0,2,135.688656
0.0,2,135.690731
0.0,3,135.693439
0.0,4,135.697043
0.0,3,135.699548
0.0,2,135.701289
0.0,2,135.703129
-0.539873,3,135.705748
0.0,3,135.70831
0.0,2,135.71028
0.0,2,135.712281
0.0,2,135.713953
0.0,2,135.715762
0.0,4,135.719552
0.0,2,135.721244
0.0,2,135.723068
0.0,2,135.725056
0.0,2,135.726779
1.5,2,135.728433
0.0,2,135.730394
0.0,2,135.732585
0.0,3,135.735303
0.0,4,135.739054
0.0,2,135.740791
0.0,2,135.742465
0.0,2,135.744256
0.0,2,135.74613
0.0,2,135.747741
0.0,2,135.749454
0.0,2,135.751194
0.0,3,135.753911
0.0,3,135.756496
0.0,2,135.758478
0.0,3,135.761379
0.0,2,135.763231
0.0,5,135.767904
0.0,3,135.770587
0.0,3,135.773593
0.0,3,135.776223
0.0,2,135.778048
0.0,2,135.779952
0.0,2,135.781933
0.0,2,135.784049
0.0,2,135.78594
0.0,3,135.789095
0.0,5,135.793666
0.0,4,135.79758
0.0,3,135.800355
0.0,3,135.80304
0.0,2,135.804768
0.0,3,135.807444
0.0,2,135.809379
0.0,3,135.812087
0.0,3,135.814858
0.0,2,135.81676
0.0,4,135.820497
1.5,2,135.822402
0.0,2,135.824325
0.0,3,135.82708
0.0,3,135.829887
0.0,2,135.831812
0.0,2,135.833655
0.0,3,135.836708
0.0,2,135.838666
0.0,4,135.842295
0.0,2,135.844161
0.0,3,135.846852
0.0,2,135.84873
1.5,2,135.851088
0.0,4,135.854731
0.0,4,135.858336
0.0,4,135.86183
0.0,3,135.864715
0.0,3,135.867558
0.0,2,135.869443
0.0,2,135.871431
0.0,3,135.873972
0.0,3,135.876501
0.0,2,135.878358
0.0,5,135.882651
0.0,4,135.886536
0.0,2,135.88859
0.0,3,135.891446
0.0,3,135.894163
0.0,2,135.895905
0.0,3,135.898585
0.824099,2,135.900388
0.0,4,135.903774
0.0,4,135.907208
1.5,2,135.908934
0.0,2,135.910683
0.0,2,135.91255
0.0,3,135.915336
0.0,2,135.917122
0.0,4,135.920789
0.0,4,135.924391
0.0,3,135.926982
0.0,4,135.930459
0.0,2,135.932236
0.0,2,135.934103
0.0,2,135.935937
0.0,4,135.939511
0.0,2,135.941455
0.0,3,135.944218
0.0,3,135.946975
0.0,5,135.951518
0.0,4,135.955112
0.0,3,135.957695
0.0,3,135.960219
0.0,4,135.96373
0.0,2,135.965476
0.0,4,135.969009
0.0,2,135.970749
0.0,4,135.974073
0.0,2,135.975951
0.0,3,135.978461
0.0,3,135.981016
0.0,3,135.983827
0.0,2,135.985711
0.0,3,135.988249
1.5,2,135.990073
0.0,3,135.992578
0.0,5,135.996797
0.0,4,136.000082
0.0,3,136.002545
0.0,4,136.005757
0.0,3,136.008259
0.0,4,136.018965
0.0,3,136.021639
0.0,3,136.024303
0.0,5,136.028448
0.0,5,136.032971
0.0,3,136.035573
0.0,2,136.037544
0.0,3,136.040344
0.0,2,136.042079
0.0,5,136.046535
0.0,3,136.049126
0.0,3,136.052289
0.0,3,136.055013
0.0,2,136.056786
0.0,2,136.058574
0.0,4,136.061958
0.0,4,136.065347
0.0,2,136.067105
0.0,3,136.069694
0.0,3,136.072323
0.0,3,136.074922
0.0,3,136.077407
0.0,2,136.079266
0.0,5,136.083478
0.0,5,136.088123
0.0,4,136.091777
0.0,2,136.093805
0.0,3,136.09651
0.0,3,136.099082
1.5,2,136.100727
0.0,2,136.102369
0.0,3,136.104822
0.0,6,136.109746
0.0,2,136.111426
0.0,3,136.11414
0.0,2,136.115829
0.0,4,136.119053
0.0,2,136.120786
0.0,4,136.1241
0.0,2,136.125761
0.0,5,136.130048
0.0,3,136.132471
0.0,3,136.135141
0.0,2,136.136837
0.0,2,136.13856
0.0,2,136.140203
0.0,3,136.14273
0.0,3,136.14516
0.0,3,136.147649
0.0,4,136.15111
0.0,3,136.153644
0.0,2,136.155414
0.0,2,136.157068
0.0,2,136.158726
0.0,2,136.16043
0.0,2,136.162342
0.0,5,136.166457
0.0,2,136.168108
0.0,2,136.1701
0.0,3,136.172529
0.0,3,136.174923
0.0,4,136.178223
0.0,2,136.179929
0.22792,2,136.18153
0.0,4,136.184893
0.0,2,136.186804
0.0,2,136.188441
1.5,2,136.190339
0.0,3,136.192986
0.0,2,136.194702
0.0,3,136.197459
0.0,3,136.199936
0.0,2,136.201593
0.0,2,136.203326
0.0,4,136.206543
0.0,2,136.208122
0.0,4,136.211592
0.0,3,136.214082
0.0,3,136.216522
0.0,2,136.218497
0.0,2,136.220129
0.0,3,136.222569
0.0,2,136.224281
0.0,2,136.225897
0.0,4,136.229032
0.0,3,136.231503
0.0,2,136.23323
1.5,2,136.234853
0.0,4,136.238086
0.0,4,136.241583
0.0,2,136.243186
0.0,2,136.244762
0.0,6,136.24963
0.0,4,136.253083
0.0,2,136.254723
0.0,2,136.256348
0.0,3,136.258757
0.0,3,136.261547
0.0,2,136.263149
0.0,2,136.264732
0.0,4,136.268175
0.0,2,136.269818
0.0,3,136.27225
0.0,2,136.274161
0.0,2,136.275812
0.0,3,136.278225
0.0,3,136.280701
0.0,4,136.284298
0.0,4,136.287798
0.0,2,136.289638
0.0,3,136.29209
0.0,4,136.295445
0.0,2,136.29705
0.0,2,136.298679
0.0,4,136.302053
0.0,2,136.303808
0.0,2,136.305417
0.0,3,136.308004
0.0,3,136.310605
0.0,6,136.315636
0.0,4,136.318897
0.0,4,136.322217
0.0,2,136.323879
0.0,3,136.326293
0.0,3,136.328781
0.0,5,136.333165
0.0,3,136.336381
0.0,5,136.341366
0.0,4,136.344868
1.5,2,136.346695
0.0,2,136.34842
0.0,2,136.350435
0.0,2,136.352284
0.0,4,136.355626
0.0,3,136.358287
0.0,3,136.36065
0.0,3,136.433343
1.5,2,136.435339
0.0,2,136.437093
0.0,3,136.439553
0.0,3,136.442225
0.0,3,136.444645
0.0,2,136.446314
0.0,4,136.449728
0.0,4,136.452905
0.0,2,136.454628
0.0,3,136.457002
0.0,3,136.459386
0.0,2,136.461055
0.0,2,136.462844
0.0,4,136.465961
0.0,3,136.46853
0.0,3,136.471042
0.0,3,136.473407
0.0,4,136.476695
0.0,2,136.478283
0.0,4,136.481712
0.0,2,136.483499
0.0,3,136.486199
0.0,3,136.489771
0.0,2,136.491706
0.0,3,136.494256
0.0,3,136.496884
0.0,4,136.500153
0.0,2,136.501768
0.0,3,136.50428
0.0,2,136.505899
0.0,2,136.50744
0.0,4,136.510873
0.0,2,136.51391
0.0,3,136.517359
0.0,5,136.521672
0.0,2,136.52346
0.0,2,136.525232
0.0,2,136.526866
0.0,2,136.528583
0.0,3,136.531138
0.0,4,136.534561
0.0,3,136.537097
0.0,2,136.538977
0.0,2,136.540648
0.0,2,136.542419
0.0,2,136.544217
0.0,3,136.546806
0.0,3,136.549316
0.0,2,136.550935
0.0,2,136.552706
0.0,3,136.555251
0.0,2,136.588326
0.0,2,136.590449
0.0,2,136.592272
0.0,2,136.594099
0.0,2,136.595731
0.0,2,136.597378
0.0,3,136.599735
0.0,3,136.602404
0.0,2,136.603996
0.0,4,136.607296
0.0,2,136.609259
0.0,2,136.610879
0.0,2,136.612583
0.0,2,136.614802
0.0,2,136.616578
0.0,5,136.620605
0.0,2,136.622565
0.0,2,136.624256
0.0,3,136.626703
0.0,2,136.628681
0.0,2,136.630611
0.0,3,136.633307
0.0,2,136.635102
1.5,2,136.637213
0.0,3,136.639826
0.0,2,136.641415
0.0,2,136.643354
0.0,3,136.645805
0.0,2,136.647424
0.0,2,136.649368
0.0,2,136.651334
0.0,3,136.653742
0.0,2,136.655421
0.0,4,136.658752
0.0,2,136.660404
0.0,5,136.665077
0.0,2,136.666771
0.0,5,136.671425
0.0,3,136.674083
1.5,2,136.67571
0.0,2,136.677651
0.0,4,136.681239
0.0,4,136.684766
0.0,3,136.687861
0.0,4,136.691905
0.0,4,136.695568
0.0,2,136.697395
0.0,3,136.700194
1.5,2,136.70187
0.0,2,136.703584
0.0,3,136.706403
0.0,2,136.708217
0.0,4,136.711664
0.0,3,136.714774
0.0,2,136.716773
0.0,2,136.718832
0.0,3,136.721648
1.5,2,136.723344
0.0,4,136.72705
0.0,2,136.728896
0.0,2,136.730662
0.0,2,136.732377
0.0,3,136.735515
0.0,2,136.737404
0.0,3,136.740647
0.0,5,136.744913
0.0,2,136.746796
0.0,4,136.750276
0.0,4,136.753813
0.0,3,136.756799
0.0,2,136.75868
0.0,2,136.760738
0.0,2,136.762982
0.0,4,136.766568
0.0,3,136.769769
0.0,3,136.772557
0.0,4,136.776243
0.0,2,136.778008
0.0,2,136.779733
0.0,3,136.782726
0.0,4,136.787103
0.0,2,136.78947
0.0,5,136.793827
0.0,3,136.796613
0.0,4,136.800111
0.0,2,136.801877
0.0,2,136.80374
0.0,3,136.806277
0.0,5,136.810988
0.0,5,136.815301
0.0,2,136.817685
0.0,2,136.819649
0.0,2,136.821467
0.0,3,136.824368
0.0,2,136.826322
0.0,2,136.828002
0.0,4,136.831964
0.0,2,136.833866
0.0,2,136.835717
1.5,2,136.837975
0.0,2,136.840128
0.0,2,136.841919
0.0,4,136.84567
0.0,3,136.84831
0.0,3,136.851028
0.0,2,136.853363
0.0,3,136.856001
0.0,2,136.857903
0.0,2,136.860367
0.0,2,136.862247
0.0,2,136.864022
0.0,2,136.866446
0.0,4,136.870191
0.0,3,136.873639
0.0,3,136.876515
0.0,3,136.879324
0.0,3,136.882822
0.0,2,136.884705
0.0,3,136.887819
0.0,2,136.890262
0.0,3,136.893745
0.0,4,136.897648
0.0,3,136.900812
0.0,2,136.902774
0.0,3,136.905478
0.0,4,136.909325
0.0,4,136.912956
0.0,2,136.915389
1.5,2,136.917377
0.0,3,136.920384
0.0,4,136.924296
0.0,2,136.926193
0.0,4,136.93048
0.0,2,136.932363
0.0,2,136.934947
0.0,2,136.937498
0.0,2,136.939566
0.0,2,136.941578
0.0,2,136.943768
-1.0,3,136.946618
0.0,2,136.948684
0.0,2,136.951077
1.5,2,136.953039
0.0,4,136.957115
1.5,2,136.959237
0.0,3,136.962253
0.0,2,136.965285
0.0,2,136.968375
1.5,2,136.971703
0.0,3,136.976267
0.0,2,136.979236
0.0,2,136.98199
0.0,4,136.988564
0.0,4,136.994297
0.0,4,136.998527
0.0,2,137.000527
0.0,4,137.00434
0.0,2,137.006438
0.0,2,137.008457
0.0,3,137.011425
0.0,3,137.014671
0.0,2,137.016612
0.0,3,137.019931
0.0,3,137.023115
0.0,4,137.027132
0.0,4,137.030804
1.5,2,137.032944
0.0,2,137.03546
0.0,4,137.040097
0.0,3,137.043452
0.0,2,137.04694
0.0,2,137.051045
0.0,4,137.059591
0.0,2,137.063336
0.0,7,137.072902
0.0,2,137.075347
0.0,2,137.077783
0.0,2,137.080173
0.0,2,137.08271
0.0,2,137.085125
0.0,2,137.087594
0.0,3,137.091567
0.0,3,137.095142
0.0,2,137.098312
0.0,5,137.105485
0.0,2,137.107652
0.0,2,137.111207
0.0,2,137.113802
0.0,3,137.117533
0.0,2,137.119668
0.0,2,137.121778
0.0,2,137.12448
0.0,2,137.126581
0.0,3,137.130004
0.0,2,137.132398
0.0,3,137.1354
0.0,2,137.137895
0.0,4,137.143404
0.0,2,137.145646
0.0,5,137.150665
0.0,4,137.155379
0.0,3,137.159076
0.0,2,137.161645
0.0,2,137.164643
0.0,5,137.170401
0.0,2,137.173088
0.0,4,137.177184
0.0,3,137.180399
0.0,3,137.183346
0.0,2,137.185428
0.0,4,137.189864
0.0,2,137.192041
0.0,2,137.194389
0.0,3,137.198787
0.0,2,137.201053
0.0,2,137.203162
0.0,4,137.20718
0.0,3,137.210172
0.0,2,137.212126
0.0,2,137.214526
0.0,3,137.217602
0.0,2,137.219686
0.0,4,137.223834
0.0,2,137.225884
0.0,4,137.230203
0.0,2,137.232305
0.0,2,137.2349
0.0,2,137.237113
0.0,2,137.239232
0.0,2,137.241582
0.0,3,137.244611
0.0,3,137.247521
1.5,2,137.250038
0.0,4,137.254139
0.0,2,137.256251
1.5,2,137.25817
0.0,3,137.260971
0.0,4,137.2654
0.0,2,137.267518
0.0,4,137.272644
0.0,3,137.277107
0.0,2,137.279535
0.0,2,137.281655
0.0,3,137.285364
0.0,3,137.288494
0.0,2,137.290873
0.0,5,137.297101
0.0,3,137.300289
1.5,2,137.302175
1.5,2,137.30474
0.0,5,137.309811
0.0,3,137.313344
0.0,2,137.315361
0.0,3,137.318925
0.0,4,137.323112
0.0,2,137.325572
0.0,2,137.327705
0.0,3,137.330611
0.0,3,137.334133
0.0,2,137.336181
0.0,4,137.340714
0.0,2,137.342691
0.0,3,137.345809
0.0,5,137.350653
0.0,2,137.352983
0.0,3,137.356214
0.0,2,137.358234
0.0,3,137.361771
0.0,2,137.363914
0.0,3,137.367362
0.0,2,137.369509
0.0,3,137.372531
0.0,2,137.375207
0.0,5,137.380644
0.0,3,137.3846
0.0,2,137.386946
0.0,2,137.389728
0.0,2,137.392064
0.0,3,137.395515
0.0,2,137.397918
0.0,2,137.400561
0.0,2,137.402885
0.0,2,137.405067
0.0,3,137.408285
0.0,2,137.410774
0.0,4,137.414859
-0.195426,3,137.418591
0.0,3,137.421725
0.0,2,137.42393
0.0,2,137.425876
0.0,2,137.427892
0.0,2,137.430415
0.0,2,137.432561
0.0,3,137.436054
0.0,2,137.438957
0.0,3,137.442884
0.0,3,137.446654
0.0,2,137.448828
0.0,4,137.453631
0.0,8,137.461874
0.0,5,137.467375
0.0,2,137.469492
0.0,2,137.47229
0.0,3,137.475826
0.0,4,137.480074
0.0,3,137.482911
0.0,3,137.486471
0.0,3,137.48959
1.5,2,137.492502
0.0,2,137.494938
0.0,2,137.497704
0.0,2,137.500685
0.0,3,137.503801
0.0,2,137.505971
0.0,2,137.508207
0.0,3,137.511154
0.0,2,137.513762
0.0,3,137.516997
0.0,2,137.519152
0.0,2,137.521339
0.0,3,137.524324
0.0,3,137.52736
0.0,2,137.52932
0.0,2,137.625867
0.0,4,137.63027
0.0,2,137.632769
0.0,2,137.634884
0.0,3,137.6383
0.0,2,137.640649
0.0,2,137.642715
0.0,2,137.644899
0.0,3,137.648061
0.0,3,137.651199
0.0,4,137.655526
0.0,2,137.6581
0.0,4,137.663006
0.0,3,137.666687
0.0,2,137.668946
0.0,4,137.673467
0.0,5,137.6788
-0.233608,4,137.683257
0.0,3,137.686529
1.5,2,137.688956
0.0,3,137.692297
0.0,3,137.695778
0.0,2,137.698239
0.0,4,137.702808
0.0,2,137.704861
0.0,2,137.707112
0.0,3,137.710541
0.0,4,137.714858
0.0,3,137.718111
0.0,3,137.721414
0.0,3,137.72461
0.0,2,137.726621
0.0,2,137.729051
0.0,2,137.731134
0.0,2,137.733274
0.0,3,137.736737
0.0,3,137.740186
0.0,3,137.743568
0.0,2,137.74569
0.0,2,137.747732
0.0,3,137.751191
0.0,3,137.754245
0.0,3,137.757372
0.0,3,137.796029
0.0,3,137.799481
0.0,2,137.801684
0.0,3,137.804677
0.0,3,137.807868
0.0,3,137.810878
0.0,2,137.8132
0.0,4,137.817428
0.0,4,137.821405
0.0,3,137.824297
0.0,3,137.827335
0.0,2,137.829409
0.0,3,137.832359
0.0,3,137.835767
1.5,2,137.837998
0.0,4,137.842165
0.0,2,137.844254
0.0,3,137.847288
1.5,2,137.849381
0.0,2,137.85142
0.0,4,137.855689
0.0,2,137.857864
0.0,2,137.860071
0.0,2,137.862632
0.0,2,137.86481
0.0,2,137.866982
0.0,3,137.870438
0.0,2,137.872619
0.0,2,137.874704
0.0,3,137.877754
0.0,4,137.881625
0.0,3,137.884683
0.0,4,137.8887
0.0,3,137.892172
0.0,3,137.895245
0.0,3,137.898643
0.0,2,137.900844
0.0,2,137.903271
0.0,3,137.906563
0.0,4,137.911214
0.0,2,137.913348
0.0,3,137.916676
0.0,2,137.919083
0.0,4,137.923056
0.0,4,137.926997
0.0,2,137.928966
0.0,4,137.933333
0.0,3,137.936874
0.0,3,137.940364
0.0,3,137.943433
0.0,2,137.945445
0.0,4,137.949479
0.0,2,137.95158
1.5,2,137.953835
0.0,2,137.955956
0.0,3,137.959345
0.0,4,137.963512
0.0,2,137.965593
0.0,3,137.968741
0.0,3,137.971811
0.0,3,137.975306
0.0,2,137.977458
0.0,3,137.980453
0.0,5,137.985281
0.0,2,137.987463
0.0,4,137.992047
0.0,2,137.994334
0.0,3,137.998077
0.0,2,138.000335
0.0,3,138.003468
0.0,2,138.005473
0.0,3,138.008695
0.0,3,138.011648
0.0,2,138.013647
1.5,2,138.015903
0.0,4,138.019995
0.0,2,138.021985
0.0,3,138.024951
1.5,2,138.026919
0.0,4,138.031157
0.0,3,138.034223
0.0,2,138.036575
0.0,3,138.039721
0.0,2,138.041771
0.0,5,138.046653
0.0,4,138.05129
0.0,3,138.054565
0.0,4,138.058936
0.0,2,138.061203
0.0,2,138.063631
0.0,2,138.066104
0.0,3,138.069923
0.0,3,138.073263
0.0,2,138.075373
0.0,3,138.078524
0.0,2,138.080533
0.0,3,138.083716
0.0,4,138.088111
0.0,4,138.092515
0.0,2,138.094635
0.0,2,138.096739
0.0,2,138.099072
0.0,2,138.101516
0.0,2,138.103907
0.0,3,138.107175
1.5,2,138.109195
0.0,3,138.112329
0.0,2,138.11473
0.0,2,138.117516
0.0,2,138.120293
0.0,4,138.124893
1.5,2,138.127498
0.0,4,138.132915
0.0,3,138.1372
0.0,3,138.141438
0.0,2,138.143741
0.0,3,138.147237
0.0,2,138.14988
0.0,2,138.152222
0.0,3,138.155724
0.0,2,138.158256
0.0,3,138.162222
0.0,5,138.167995
0.0,2,138.170477
1.5,2,138.172885
0.0,2,138.175859
0.0,2,138.178159
0.0,4,138.183466
0.0,2,138.186205
0.0,4,138.191398
0.0,2,138.193742
0.0,2,138.196052
1.5,2,138.198818
0.0,4,138.203233
0.0,3,138.206566
0.0,2,138.208794
0.0,2,138.211222
0.0,3,138.21449
0.0,3,138.218002
0.0,2,138.220103
0.0,2,138.222352
0.0,3,138.2255
0.0,4,138.229748
0.0,3,138.233231
0.0,4,138.237825
0.0,2,138.240175
0.0,5,138.246289
0.0,3,138.249581
0.0,2,138.251761
0.0,3,138.254987
0.0,2,138.257074
0.0,5,138.261988
0.0,2,138.264083
0.0,3,138.267429
0.0,2,138.269459
0.0,3,138.272653
0.0,3,138.275944
0.0,3,138.279018
0.0,2,138.281104
0.0,3,138.284016
0.0,2,138.286232
0.0,3,138.289591
0.0,2,138.291864
0.0,2,138.294347
0.0,2,138.296728
0.0,3,138.300003
0.0,4,138.304194
0.0,3,138.307251
0.0,2,138.309429
0.0,4,138.313298
0.0,3,138.316553
0.0,2,138.31869
0.0,2,138.320752
0.0,2,138.322956
0.0,3,138.325766
0.0,3,138.328933
0.0,2,138.330916
0.0,4,138.334928
0.0,2,138.337184
0.0,4,138.341289
1.5,2,138.34346
0.0,4,138.348066
0.0,2,138.350539
0.0,3,138.353677
0.0,4,138.35789
0.0,3,138.360746
0.0,2,138.363157
0.0,2,138.365487
0.0,2,138.36804
1.5,2,138.370649
0.0,2,138.373013
0.0,2,138.375448
0.0,5,138.380829
0.0,2,138.383372
0.0,2,138.385812
0.0,2,138.388096
0.0,2,138.391401
0.0,4,138.396125
0.0,5,138.402235
0.0,2,138.404643
0.0,4,138.409055
0.0,4,138.413568
0.0,2,138.415795
0.0,2,138.418181
0.0,2,138.420625
0.0,4,138.424891
0.0,2,138.427188
1.5,2,138.429161
0.0,3,138.432488
0.0,2,138.434948
0.0,3,138.438399
0.0,3,138.441773
1.5,2,138.443868
0.0,3,138.447113
0.0,2,138.449199
0.0,5,138.454423
0.0,5,138.459693
0.0,2,138.461978
1.5,2,138.464159
0.0,2,138.466231
0.0,2,138.468467
0.0,4,138.472567
0.0,4,138.476876
0.0,3,138.479986
0.0,2,138.482062
0.0,4,138.485765
0.0,3,138.489166
0.0,2,138.491424
0.0,3,138.494569
0.0,3,138.4984
0.0,2,138.500771
0.0,2,138.502811
0.0,3,138.505984
0.0,3,138.509222
0.0,2,138.511404
0.0,2,138.513573
0.0,4,138.517885
0.0,3,138.521097
0.0,3,138.524247
0.0,3,138.527172
0.0,3,138.530596
0.0,3,138.534011
0.0,3,138.537591
0.0,3,138.541277
0.0,3,138.544495
0.0,3,138.547455
0.0,2,138.549746
0.0,4,138.555514
0.0,3,138.559936
0.0,2,138.562167
0.0,2,138.564369
0.0,4,138.568994
0.0,5,138.574856
0.0,2,138.577012
0.0,2,138.579172
0.0,4,138.583137
0.0,2,138.585521
0.0,6,138.592737
0.0,3,138.596583
0.0,2,138.599132
0.0,2,138.602078
0.0,2,138.604797
0.0,2,138.60762
0.0,4,138.613329
0.0,2,138.615996
0.0,2,138.618408
0.0,2,138.620736
0.0,3,138.624516
0.0,4,138.630256
-0.271377,5,138.636093
0.0,4,138.640671
0.0,3,138.644622
0.0,5,138.650821
1.5,2,138.653286
0.0,3,138.657024
0.0,2,138.659257
0.0,2,138.662056
0.0,2,138.664601
0.0,2,138.667081
0.0,4,138.672349
0.0,3,138.676278
0.0,4,138.681165
0.0,4,138.686281
0.0,3,138.690323
0.0,3,138.693897
0.0,4,138.698897
0.0,2,138.70138
0.0,2,138.704142
0.0,2,138.706706
0.0,2,138.709047
0.0,4,138.713831
0.0,3,138.717626
0.0,2,138.720057
0.0,2,138.722259
0.0,3,138.725933
0.0,2,138.72823
0.0,3,138.731883
0.0,2,138.734332
0.0,2,138.736712
0.0,3,138.74052
0.0,2,138.742753
0.0,3,138.746371
0.0,3,138.749811
0.0,3,138.75325
0.0,2,138.756196
0.0,4,138.761752
0.0,2,138.764307
0.0,2,138.766911
0.0,2,138.769749
0.0,6,138.777065
0.0,3,138.780527
0.0,3,138.783942
0.0,2,138.786433
0.0,3,138.790036
0.0,3,138.793555
0.0,4,138.798759
0.0,3,138.803057
0.0,3,138.807338
0.0,3,138.811796
0.0,3,138.816196
0.0,3,138.819877
0.0,2,138.822316
0.0,4,138.912055
0.0,3,138.915883
0.0,2,138.91846
0.0,3,138.922011
0.0,3,138.925635
0.0,3,138.929017
0.0,3,138.932335
0.0,2,138.93486
0.0,2,138.937202
0.0,3,138.940607
0.0,2,138.942806
0.0,2,138.945033
0.0,3,138.948396
0.0,2,138.950867
0.0,3,138.954299
0.0,3,138.957628
0.0,2,138.959954
0.0,2,138.962457
0.0,2,138.964744
0.0,3,138.968306
0.0,2,138.970498
0.0,2,138.972506
0.0,3,138.975583
0.0,2,138.977859
0.0,2,138.98012
0.0,2,138.982501
0.0,2,138.984736
0.0,2,138.986914
0.0,2,138.989388
0.0,2,138.991708
0.0,2,138.993922
0.0,4,138.998832
0.0,3,139.002025
0.0,2,139.004245
0.0,2,139.006522
0.0,2,139.008661
0.0,3,139.012004
0.0,3,139.015228
0.0,4,139.019596
0.0,3,139.066203
0.0,4,139.073208
0.0,4,139.080468
0.0,3,139.085749
0.0,2,139.089515
0.0,3,139.094426
0.0,5,139.10327
1.5,2,139.106906
0.0,5,139.114715
0.0,3,139.118451
0.0,3,139.121742
0.0,3,139.125222
0.0,4,139.129529
0.0,3,139.133342
0.0,2,139.135577
0.0,2,139.13803
0.0,5,139.144828
0.0,4,139.14942
0.0,4,139.154385
0.0,2,139.156869
0.0,3,139.160321
0.0,3,139.163541
0.0,2,139.165993
0.0,2,139.168134
0.0,2,139.170152
0.0,2,139.172348
0.0,6,139.178157
1.5,2,139.180432
0.0,2,139.18254
0.0,5,139.188146
0.0,2,139.190359
0.0,2,139.192403
0.0,2,139.195288
0.0,2,139.197592
0.0,3,139.201142
0.0,3,139.204284
0.0,3,139.207472
0.0,2,139.209569
0.0,2,139.211526
0.0,2,139.213783
0.0,4,139.217876
0.0,4,139.221965
0.0,5,139.226866
0.0,3,139.230367
0.0,2,139.232516
0.0,3,139.235746
0.0,2,139.2382
0.0,2,139.240246
0.0,2,139.242591
0.0,2,139.244834
0.0,2,139.246906
0.0,2,139.24931
0.0,3,139.252629
0.0,2,139.254639
0.0,2,139.2572
0.0,2,139.259371
0.0,2,139.261354
0.0,3,139.264868
0.0,3,139.267722
0.0,2,139.269947
0.0,4,139.273966
0.0,4,139.278254
0.0,3,139.281255
0.0,2,139.283448
0.0,4,139.28781
0.0,3,139.291095
1.5,2,139.293352
0.0,3,139.296398
1.5,2,139.29894
0.0,4,139.303249
1.5,2,139.305691
0.0,4,139.309664
0.0,2,139.311941
0.0,3,139.315094
0.0,2,139.317127
0.0,2,139.319587
0.0,4,139.323516
0.0,2,139.325746
0.0,2,139.327831
0.0,2,139.329931
0.0,2,139.332247
0.0,4,139.336388
0.0,5,139.34169
0.0,3,139.344529
0.0,2,139.346717
0.0,2,139.348862
0.0,2,139.350844
0.0,4,139.354953
0.0,3,139.357889
0.0,3,139.360977
0.0,2,139.36287
0.0,2,139.364861
0.0,2,139.366998
0.0,3,139.370094
0.0,2,139.372112
0.0,2,139.37428
0.0,3,139.377588
0.0,3,139.380546
0.0,2,139.382988
0.0,4,139.387412
0.0,3,139.391371
0.0,3,139.39519
0.0,4,139.399726
0.0,2,139.402242
0.0,2,139.404665
0.0,2,139.40722
0.0,4,139.412179
0.0,2,139.414224
0.0,3,139.417592
1.5,2,139.41976
0.0,5,139.425632
0.0,4,139.430796
0.0,3,139.434397
0.0,3,139.437985
0.0,2,139.440655
0.0,3,139.444611
0.0,3,139.448139
1.5,2,139.450512
0.0,2,139.453031
0.0,3,139.456628
0.0,3,139.460371
0.0,2,139.462553
0.0,2,139.464869
0.0,2,139.467481
1.5,2,139.469953
0.0,3,139.473378
0.0,4,139.478255
0.0,3,139.481936
0.0,4,139.486123
0.0,2,139.488209
0.0,2,139.490231
0.0,2,139.492617
0.0,4,139.497141
0.0,2,139.499531
0.0,2,139.502014
0.0,3,139.505273
0.0,4,139.510034
0.0,2,139.512175
0.0,4,139.516935
0.0,6,139.523415
0.0,4,139.52831
0.0,3,139.531661
0.0,3,139.534881
0.0,2,139.536885
0.0,3,139.540072
0.0,2,139.542404
0.0,2,139.544555
0.0,3,139.547772
0.0,4,139.552099
0.0,2,139.554335
1.5,2,139.556531
0.0,3,139.559636
0.0,3,139.562846
0.0,3,139.566148
0.0,3,139.569438
0.0,3,139.572488
0.0,4,139.576568
0.0,3,139.579387
0.0,4,139.583315
0.0,4,139.587209
1.5,2,139.58911
0.0,2,139.591357
0.0,3,139.594371
0.0,3,139.598264
0.0,3,139.602064
0.0,2,139.604361
0.0,2,139.606444
0.0,3,139.609561
0.0,4,139.61419
0.0,2,139.616329
0.0,3,139.619772
0.0,2,139.621972
0.0,3,139.625218
0.0,3,139.628629
0.0,3,139.631703
0.0,3,139.635082
0.0,2,139.637054
0.0,3,139.640608
0.0,2,139.642775
0.0,2,139.64502
0.0,2,139.647226
0.0,2,139.649226
0.0,2,139.651081
0.0,3,139.654128
-0.246255,5,139.658675
0.0,3,139.661764
0.0,4,139.665659
0.0,3,139.669096
0.0,5,139.674019
0.0,2,139.67601
0.0,2,139.677955
0.0,4,139.682132
0.0,3,139.684975
0.0,2,139.68717
0.0,2,139.689206
0.0,3,139.692162
0.0,2,139.694509
0.0,2,139.696781
0.0,4,139.700969
0.0,3,139.70465
0.0,3,139.707605
0.0,3,139.711388
0.0,2,139.713367
0.0,3,139.716904
0.0,2,139.719035
1.5,2,139.720898
0.0,2,139.723381
0.0,4,139.72737
0.0,5,139.732528
0.0,2,139.734455
0.0,3,139.737766
0.0,3,139.74068
0.0,2,139.742791
0.0,2,139.745081
1.5,2,139.747104
0.0,2,139.749125
0.0,3,139.75265
0.0,2,139.754645
0.0,2,139.757078
0.0,4,139.761348
0.0,2,139.763247
1.5,2,139.765538
0.0,2,139.76747
0.0,2,139.769366
0.0,2,139.771797
0.0,2,139.773864
0.0,4,139.778099
0.0,4,139.782256
0.0,5,139.787594
0.0,3,139.790398
0.0,2,139.79276
0.0,3,139.79569
0.0,5,139.800916
0.0,3,139.803797
0.0,3,139.807415
0.0,3,139.810454
0.0,4,139.814864
0.0,2,139.816919
0.0,2,139.818747
0.0,4,139.823179
0.0,2,139.825082
0.0,2,139.827491
0.0,2,139.829574
0.0,5,139.834753
0.0,3,139.837752
0.0,3,139.840939
0.0,2,139.843049
0.0,3,139.845963
0.0,3,139.850004
0.0,2,139.852361
0.0,2,139.854677
0.0,2,139.856699
0.0,3,139.859584
0.0,2,139.861733
1.5,2,139.863781
0.0,3,139.866637
1.5,2,139.868784
1.5,2,139.870799
1.5,2,139.872753
0.0,4,139.876894
0.0,2,139.87894
0.0,4,139.882769
0.0,2,139.884882
0.0,2,139.886817
0.0,2,139.888966
0.0,5,139.893999
0.0,2,139.896379
0.0,2,139.898865
0.0,2,139.900914
0.0,3,139.904149
0.0,3,139.907139
0.0,4,139.911113
0.0,2,139.913185
0.0,3,139.915954
0.0,3,139.919207
0.0,3,139.921985
0.0,3,139.925023
0.0,3,139.92795
0.0,3,139.930838
0.0,2,139.932933
-0.335714,2,139.935239
0.0,4,139.93944
0.0,2,139.941342
0.0,2,139.943223
0.0,3,139.94635
1.5,2,139.948251
0.0,3,139.950985
0.0,3,139.954496
0.0,3,139.957473
0.0,4,139.9616
0.0,5,139.966443
0.0,2,139.968414
0.0,4,139.972184
0.0,3,139.975327
0.0,3,139.978209
0.0,2,139.98035
0.0,2,139.982369
0.0,5,139.987291
0.0,3,139.990212
0.0,4,139.994157
0.0,2,139.996448
0.0,2,139.998446
0.0,3,140.002218
0.0,3,140.006127
0.0,3,140.00952
0.0,2,140.011499
0.0,3,140.014501
0.0,3,140.018646
0.0,5,140.02459
0.0,4,140.028674
0.0,3,140.031401
0.0,3,140.034496
0.0,2,140.036575
0.0,3,140.039353
0.0,4,140.043117
0.0,3,140.045841
0.0,3,140.048774
0.0,4,140.052625
0.0,3,140.055568
0.0,3,140.058441
0.0,3,140.061279
0.0,3,140.064105
0.0,3,140.066918
0.0,2,140.068897
0.0,3,140.071935
0.0,3,140.075145
0.0,2,140.077129
0.0,2,140.07918
0.0,3,140.170656
0.0,4,140.175083
0.0,3,140.17829
0.0,3,140.18126
0.0,3,140.184429
0.0,2,140.186559
0.0,2,140.18846
0.0,3,140.191644
0.0,3,140.194717
0.0,2,140.196814
0.0,3,140.199775
0.0,4,140.204482
0.0,3,140.208009
0.0,3,140.211009
0.0,2,140.213317
0.0,4,140.217344
0.0,3,140.220497
0.0,2,140.222458
0.0,2,140.224506
0.0,3,140.227642
0.0,4,140.231428
0.0,3,140.234829
0.0,5,140.239735
0.0,3,140.242759
0.0,3,140.28504
0.0,4,140.289587
0.0,2,140.2918
0.0,3,140.295031
0.0,2,140.297237
0.0,2,140.29949
0.0,4,140.30422
0.0,3,140.307528
0.0,3,140.311593
0.0,4,140.315702
0.0,2,140.317853
0.0,2,140.319707
0.0,4,140.323228
0.0,2,140.325527
0.0,2,140.327793
0.0,2,140.329798
0.0,2,140.331871
0.0,5,140.336404
0.0,2,140.338454
0.0,2,140.340532
0.0,3,140.343463
0.0,4,140.347366
0.0,3,140.3508
0.0,3,140.354432
0.0,5,140.360475
0.0,2,140.362787
0.0,3,140.365897
0.0,4,140.370068
0.0,2,140.372187
0.0,2,140.374522
0.0,3,140.377938
0.0,4,140.382157
0.0,3,140.385395
0.0,3,140.388667
0.0,2,140.390768
0.0,3,140.394453
0.0,2,140.396592
0.0,4,140.400944
0.0,3,140.404031
0.0,2,140.406215
0.0,2,140.40864
0.0,2,140.410739
0.0,4,140.415163
0.0,3,140.418473
0.0,4,140.423075
0.0,3,140.426304
0.0,2,140.428633
0.0,2,140.430994
0.0,3,140.434304
0.0,5,140.439974
0.0,3,140.443507
0.0,3,140.446685
0.0,4,140.45136
0.0,2,140.453406
0.0,2,140.455783
0.0,3,140.459428
0.0,3,140.46296
0.0,2,140.465183
0.0,4,140.469782
0.0,2,140.471993
0.0,2,140.473995
0.0,2,140.476187
0.0,2,140.47841
0.0,2,140.48051
0.0,2,140.482735
0.0,3,140.486014
1.5,2,140.488143
0.0,3,140.491533
0.0,2,140.494527
0.0,3,140.499571
0.0,4,140.505439
0.0,2,140.509345
0.0,4,140.516301
0.0,3,140.521999
0.0,3,140.527773
0.0,2,140.531589
0.0,2,140.535407
0.0,2,140.538973
0.0,4,140.544666
0.0,2,140.547466
0.0,5,140.55613
0.0,2,140.558715
0.0,2,140.561188
0.0,4,140.565755
0.0,4,140.570094
0.0,2,140.572034
0.0,2,140.574451
0.0,4,140.578515
0.0,2,140.580799
0.0,2,140.582948
0.0,3,140.585863
0.0,3,140.589299
0.0,3,140.592376
1.5,2,140.594587
0.0,4,140.598824
0.0,4,140.603077
1.5,2,140.605181
0.0,3,140.608994
0.0,5,140.614085
0.0,3,140.617697
0.0,2,140.619811
0.0,2,140.622021
0.0,2,140.624532
0.0,2,140.626687
0.0,3,140.62988
1.5,2,140.63208
0.0,4,140.636334
0.0,6,140.642274
0.0,4,140.647107
0.0,2,140.649318
0.0,4,140.65362
0.0,2,140.655622
0.0,2,140.658029
0.0,2,140.660146
0.0,3,140.663244
0.0,2,140.665735
0.0,3,140.668821
0.0,3,140.67203
0.0,2,140.674148
0.0,2,140.676289
0.0,2,140.678617
0.0,3,140.682883
0.0,3,140.686669
0.0,2,140.689685
0.0,2,140.692352
0.0,2,140.695305
0.0,2,140.697797
0.0,2,140.700804
0.0,6,140.710794
0.0,3,140.714565
0.0,3,140.717676
0.0,2,140.720117
0.0,2,140.722497
0.0,4,140.727026
0.0,2,140.729373
0.0,3,140.73272
0.0,3,140.736267
1.5,2,140.738246
0.0,4,140.742437
0.0,4,140.74653
0.0,3,140.749677
0.0,3,140.752669
0.0,2,140.755021
0.0,2,140.757033
0.0,2,140.759036
0.0,4,140.763431
0.0,3,140.766947
0.0,2,140.769447
0.0,3,140.772752
0.0,3,140.77624
0.0,2,140.778466
0.0,4,140.782772
0.0,2,140.785131
0.0,4,140.789841
0.0,4,140.794092
0.0,3,140.797539
0.0,3,140.80069
0.0,3,140.804403
0.0,2,140.806516
0.0,2,140.808374
0.0,3,140.811711
0.0,3,140.814611
0.0,3,140.817718
1.5,2,140.819935
0.0,3,140.822935
0.0,2,140.825052
0.0,2,140.827125
0.0,4,140.831079
0.0,2,140.833005
0.0,4,140.836684
0.0,3,140.839837
0.0,2,140.841771
0.0,4,140.845643
0.0,3,140.848799
0.0,3,140.852264
0.0,2,140.854287
0.0,2,140.856273
1.5,2,140.858332
0.0,3,140.861261
0.0,3,140.864047
0.0,4,140.868195
0.0,3,140.871041
0.0,3,140.8747
0.0,2,140.876802
0.0,3,140.879875
0.0,4,140.88429
0.0,5,140.889935
0.0,3,140.893361
0.0,2,140.895381
0.0,2,140.897483
0.0,3,140.9007
0.0,4,140.904602
0.0,3,140.908542
0.0,4,140.91276
0.0,2,140.915123
0.0,4,140.919045
0.0,4,140.923305
0.0,2,140.925259
0.0,2,140.927385
0.0,2,140.92974
0.0,3,140.932715
0.0,2,140.93495
0.0,4,140.939286
1.5,2,140.941402
0.0,2,140.943694
0.0,3,140.946778
0.0,2,140.949441
0.0,4,140.953439
0.0,3,140.956587
0.0,2,140.958719
0.0,3,140.961867
0.0,2,140.964073
0.0,2,140.96609
0.0,2,140.967987
0.0,2,140.970485
0.0,3,140.973575
0.0,2,140.975813
0.0,2,140.978342
0.0,2,140.980492
0.0,2,140.982764
0.628132,3,140.985981
0.0,2,140.988062
0.0,2,140.990018
0.0,3,140.99303
0.0,4,140.996805
0.0,4,141.001107
0.0,2,141.003177
0.0,3,141.00627
0.0,4,141.010042
0.0,2,141.012054
0.0,4,141.015798
0.0,4,141.019656
0.0,2,141.021771
0.0,2,141.023752
0.0,3,141.026604
0.0,3,141.02943
0.0,3,141.03231
0.0,3,141.035213
0.0,2,141.037138
0.0,4,141.040765
0.0,3,141.043539
0.0,3,141.046402
0.0,3,141.049378
0.0,2,141.0514
0.0,2,141.05339
0.0,3,141.056176
0.0,4,141.059717
0.0,3,141.062955
0.0,2,141.064922
0.0,5,141.069919
0.0,2,141.071736
0.0,2,141.073667
0.0,4,141.07757
0.0,3,141.080268
0.0,4,141.084724
0.0,2,141.08657
0.0,2,141.088774
0.0,4,141.092386
0.0,2,141.094148
0.0,3,141.09727
0.0,2,141.099409
0.0,2,141.101452
0.0,2,141.103688
0.0,3,141.106707
0.0,6,141.112638
0.0,2,141.114529
0.0,3,141.117251
0.0,2,141.119381
0.0,3,141.121991
0.0,3,141.124873
0.0,3,141.127399
0.0,4,141.130975
0.0,4,141.134793
0.0,2,141.136545
0.0,3,141.139542
-0.144104,2,141.141296
0.0,3,141.143927
0.0,2,141.146091
0.0,2,141.147991
0.0,2,141.149703
1.5,2,141.151637
0.0,3,141.154711
0.0,3,141.157789
0.0,2,141.160517
0.0,3,141.163227
0.0,3,141.166365
0.0,3,141.169447
0.0,2,141.171517
0.0,2,141.174387
0.0,3,141.17778
0.0,2,141.180373
0.0,2,141.182691
0.0,3,141.185693
0.0,3,141.189245
0.0,3,141.192157
0.0,2,141.195049
0.0,2,141.197535
0.0,2,141.199712
0.0,4,141.205089
0.0,2,141.207974
0.0,2,141.210541
0.0,2,141.212571
0.0,2,141.214894
0.0,4,141.218771
0.0,3,141.221963
0.0,2,141.224089
0.0,2,141.225937
0.0,2,141.227947
0.0,2,141.230036
0.0,3,141.232759
0.0,2,141.234879
0.0,2,141.237023
0.0,3,141.239689
0.0,2,141.241632
0.0,2,141.243528
0.0,4,141.247055
0.0,2,141.24922
0.0,3,141.252072
0.0,5,141.256597
0.0,3,141.259256
0.0,3,141.261915
0.0,3,141.264955
0.0,2,141.266826
0.0,3,141.269819
0.0,4,141.273704
0.0,3,141.276483
0.0,3,141.279625
0.0,3,141.282377
0.0,2,141.284519
0.0,2,141.286601
0.0,2,141.288484
0.0,2,141.290404
0.0,2,141.292405
0.0,2,141.294275
0.0,2,141.296148
0.0,3,141.299234
0.0,2,141.301353
0.0,3,141.304281
0.0,2,141.306414
0.0,2,141.30841
0.0,2,141.310226
0.0,2,141.312226
0.0,2,141.314259
0.0,2,141.316118
0.0,4,141.31982
0.0,2,141.404796
0.0,4,141.409073
0.0,5,141.413731
0.0,3,141.416651
0.0,3,141.419559
1.5,2,141.421265
0.0,3,141.424313
0.0,2,141.426149
0.0,3,141.428782
0.0,2,141.431044
0.0,4,141.434985
1.5,2,141.436844
0.0,2,141.438786
0.0,4,141.442344
0.0,4,141.446349
