#{"t_start": 1779729238.4158213, "env_id": "Blackjack4game-v1"}
r,l,t
-0.19412,3,0.009019
0.0,4,0.013514
-0.783202,3,0.017298
0.0,3,0.020161
-0.284549,2,0.022129
-0.644291,3,0.025158
0.0,4,0.029016
0.0,4,0.033474
-0.157082,3,0.036382
0.0,3,0.039103
-0.960643,3,0.041692
-0.145983,3,0.045411
0.0,4,0.050871
0.0,3,0.05436
0.0,3,0.057717
0.0,3,0.061492
0.0,2,0.063504
-1.0,2,0.065502
0.0,5,0.069981
0.014399,3,0.072999
0.0,4,0.076749
0.0,2,0.079715
-0.576105,3,0.082646
0.0,3,0.085394
-0.145144,3,0.088521
0.0,2,0.090395
-1.0,4,0.095306
0.0,5,0.10048
0.168106,3,0.10338
-1.0,2,0.106255
0.207401,3,0.109427
-1.0,3,0.112353
-0.842331,6,0.117958
-0.283089,4,0.122422
0.0,3,0.125653
-0.259219,4,0.12951
0.0,2,0.131532
0.0,4,0.135805
-0.344375,4,0.140593
0.0,4,0.144431
-0.900502,3,0.14743
0.0,2,0.149736
0.0,3,0.152694
-1.0,3,0.155604
-0.487835,5,0.160347
0.019662,4,0.164289
-0.284041,4,0.168355
0.0,2,0.170716
0.837772,2,0.172857
0.0,3,0.176247
0.0,4,0.180174
0.0,3,0.183
0.315098,2,0.18497
0.0,4,0.188581
0.0,4,0.192298
-1.0,3,0.19502
0.0,4,0.198944
0.854081,3,0.20318
0.0,3,0.206799
-1.0,2,0.20873
0.0,2,0.21062
0.989633,5,0.215576
-0.237012,4,0.21995
0.0,3,0.223194
0.0,4,0.227086
0.0,3,0.230135
-1.0,4,0.234317
0.0,4,0.2379
-1.0,3,0.240771
-0.363114,3,0.243958
0.0,3,0.24755
1.0,3,0.251119
-1.0,3,0.255295
-0.63417,4,0.260351
-0.697959,3,0.263328
0.699942,3,0.26631
0.561858,2,0.268243
0.0,4,0.271934
-0.016091,4,0.275519
0.0,3,0.278112
0.0,3,0.280673
0.0,2,0.282499
0.0,3,0.285649
-0.520156,4,0.290117
-0.630214,2,0.291993
-0.267983,4,0.295721
0.0,4,0.299273
-1.0,3,0.302021
-1.0,3,0.304725
0.0,2,0.306451
-1.0,2,0.308101
1.5,2,0.309817
0.0,2,0.311535
0.0,3,0.314393
-1.0,3,0.317152
-0.544687,5,0.321243
0.0,3,0.324443
0.0,2,0.326242
-0.256514,3,0.329577
0.0,2,0.331455
1.0,2,0.333368
-1.0,4,0.337026
0.0,4,0.340441
-0.433508,3,0.343098
0.0,4,0.346894
-0.272079,2,0.349076
-1.0,4,0.353266
0.693933,2,0.355078
0.0,3,0.358004
-1.0,4,0.361589
0.0,4,0.365095
0.0,2,0.366813
-0.41321,5,0.371632
0.0,4,0.375645
0.0,3,0.378268
0.0,4,0.381602
-0.517808,3,0.384151
-1.0,3,0.38688
-0.494544,3,0.389314
0.0,3,0.391892
0.0,4,0.395728
-1.0,2,0.397797
-0.054895,3,0.401239
0.351376,3,0.404134
-0.160767,3,0.407406
0.0,2,0.409236
-0.29416,3,0.411893
0.0,3,0.414813
-0.145363,3,0.417464
-1.0,2,0.419311
-0.784255,5,0.423795
0.0,5,0.428499
0.0,3,0.431318
0.0,3,0.434473
-0.707264,3,0.437545
0.0,3,0.440387
0.0,7,0.446876
0.0,3,0.450126
0.0,4,0.453873
-0.027423,5,0.458609
0.0,5,0.463311
0.0,2,0.465221
-0.650081,4,0.468805
1.0,4,0.472418
0.0,3,0.475077
-1.0,2,0.477211
-0.950639,2,0.479161
0.0,3,0.482543
-0.682499,4,0.486453
-0.825216,6,0.49249
-0.277786,4,0.495994
0.0,4,0.500294
-1.304706,2,0.502669
-1.0,3,0.505894
0.159394,3,0.508959
-0.877277,4,0.512648
-0.337458,3,0.515308
-0.815063,4,0.519125
-0.321576,3,0.521779
0.0,2,0.523672
0.0,3,0.526703
0.0,3,0.53
0.0,6,0.535397
-0.67713,2,0.537092
-1.0,3,0.540163
0.08511,3,0.542797
-0.780737,5,0.54751
0.0,5,0.551967
0.0,2,0.554739
-0.638373,4,0.55999
1.5,2,0.562953
0.0,5,0.568059
0.0,2,0.569799
0.0,4,0.573281
-1.0,4,0.576614
0.0,4,0.57999
0.0,4,0.583289
0.0,4,0.586709
0.0,4,0.589978
0.0,4,0.593719
-1.0,6,0.599669
0.0,2,0.6016
-0.599458,4,0.605338
0.412489,3,0.608632
0.0,3,0.611628
-0.815485,2,0.61357
-0.700638,3,0.616623
0.0,3,0.61933
0.0,4,0.623167
0.0,4,0.626996
-0.01389,3,0.629883
0.0,3,0.632518
0.0,3,0.635132
0.0,3,0.63783
-0.001895,6,0.642869
0.0,5,0.647187
0.0,6,0.652558
0.0,5,0.657103
-1.0,5,0.661441
0.0,2,0.663323
0.0,4,0.666915
1.0,2,0.66867
0.0,3,0.671252
1.0,3,0.673726
-1.0,3,0.676239
-1.0,4,0.679625
1.0,4,0.682966
0.0,4,0.686725
-0.240238,3,0.689375
-0.843537,4,0.692973
0.0,2,0.694827
-0.318862,4,0.698338
-0.280249,4,0.7017
0.0,3,0.704243
-0.046749,5,0.708461
-0.431043,4,0.711754
1.5,2,0.713425
-1.0,5,0.717481
0.0,2,0.719171
-0.265796,3,0.721558
0.0,2,0.723257
0.0,4,0.726407
0.0,3,0.728803
0.200348,3,0.731383
0.0,3,0.733946
-0.377024,2,0.735666
0.0,3,0.738186
0.0,4,0.741835
0.0,4,0.745382
-0.541254,3,0.748029
0.0,3,0.750657
0.005323,2,0.752382
0.0,5,0.756744
-0.30625,3,0.75943
0.0,2,0.761339
0.846416,2,0.763181
-0.632556,4,0.766544
0.0,3,0.769325
0.0,3,0.771914
-1.0,3,0.774504
0.0,4,0.778374
0.0,2,0.780021
0.0,3,0.782579
0.0,2,0.784244
1.0,3,0.786726
0.0,4,0.789961
-1.0,4,0.793351
-1.0,5,0.797494
0.0,3,0.800023
0.0,5,0.804457
0.0,5,0.808483
-0.063589,2,0.81018
-1.0,3,0.812733
-1.0,4,0.816005
0.0,3,0.818544
-0.109559,4,0.822063
0.0,3,0.825215
0.0,2,0.826981
-0.258561,3,0.829711
0.0,3,0.832228
-0.841989,4,0.835622
0.0,2,0.837493
0.0,2,0.839248
0.0,2,0.840963
-1.0,4,0.84429
0.0,2,0.845911
-1.0,3,0.848305
-0.977712,6,0.852992
-0.73236,4,0.856244
-0.346718,2,0.85803
0.0,2,0.85987
1.5,2,0.861546
-0.367394,3,0.864121
0.0,3,0.866738
-0.285045,3,0.869246
-0.921321,3,0.871841
0.0,3,0.874385
0.0,4,0.877651
0.0,2,0.879395
0.0,3,0.881887
0.0,4,0.885199
-0.467923,4,0.888435
-0.463643,3,0.890928
-0.783419,3,0.893341
-0.984392,2,0.894955
0.0,3,0.89759
0.0,2,0.899267
-0.339027,5,0.90329
-1.0,3,0.905755
0.0,4,0.909034
-0.703797,2,0.910689
0.0,3,0.913785
-0.451511,3,0.916359
-1.0,4,0.919601
0.0,3,0.922185
0.0,4,0.925433
-1.0,3,0.927935
0.419182,4,0.931088
-0.199729,3,0.933505
0.0,4,0.93668
-2.0,2,0.93841
1.5,2,0.940023
0.0,3,0.942448
-0.032261,2,0.944088
-0.084165,4,0.947193
1.5,2,0.948827
1.0,4,0.951928
-1.0,4,0.955043
0.0,3,0.957471
0.0,3,0.960122
-0.09649,5,0.964189
-1.0,2,0.965786
-0.245805,3,0.968228
0.0,3,0.970808
0.001006,3,0.973261
0.0,4,0.976823
0.0,3,0.979788
-0.062541,5,0.984041
-0.282353,4,0.987305
0.173913,2,0.98903
-1.0,3,0.991579
0.0,2,0.993285
0.0,4,0.996716
0.0,3,0.999258
-0.18673,5,1.003681
0.231026,3,1.006277
-0.155507,3,1.009052
-0.607848,3,1.011648
-0.531741,5,1.015915
0.0,2,1.017981
0.0,3,1.02081
0.0,4,1.024227
-0.394051,4,1.027566
-0.674567,4,1.030914
0.0,2,1.032646
0.0,4,1.035947
0.0,3,1.0385
0.461022,3,1.040998
0.0,3,1.043466
-0.111355,3,1.04624
-1.0,3,1.049316
0.666123,5,1.053648
0.0,3,1.056607
-0.66877,2,1.058693
-0.896976,2,1.060621
0.716469,3,1.063556
0.0,4,1.067117
-1.0,2,1.068782
-1.0,3,1.071511
-0.784517,3,1.074455
0.0,3,1.077117
0.0,3,1.079767
-0.549848,3,1.082261
0.0,3,1.085068
0.0,2,1.087198
0.0,4,1.090767
-0.783872,3,1.093594
0.0,5,1.097953
-0.022889,4,1.101791
-0.638381,4,1.105588
0.0,3,1.108128
-0.535006,4,1.11158
0.129125,2,1.113731
0.0,2,1.115632
0.0,4,1.119185
0.0,3,1.121741
0.0,2,1.123448
0.0,3,1.126225
0.0,4,1.129986
-0.231882,2,1.131934
0.0,2,1.133947
0.0,2,1.135721
-0.25462,4,1.139145
0.0,2,1.140937
0.0,4,1.144184
-0.699076,2,1.1458
0.912858,3,1.14841
1.492403,2,1.150074
0.0,2,1.151724
0.0,4,1.154961
0.0,3,1.157481
-1.0,3,1.160258
0.0,4,1.16368
-0.654892,3,1.166097
-1.0,3,1.168671
0.0,4,1.172076
-1.0,4,1.17546
0.0,2,1.177221
0.007598,3,1.17968
-0.748463,4,1.183019
0.0,2,1.18465
-0.100805,3,1.187146
-0.316523,3,1.189818
0.0,4,1.193088
0.229811,3,1.195563
-1.0,3,1.198111
-1.0,3,1.201128
0.0,4,1.204826
-1.0,3,1.207345
-0.239791,2,1.209095
-1.0,3,1.211686
0.0,4,1.215156
0.0,4,1.219057
-0.141764,2,1.220891
-0.391823,4,1.224321
0.0,4,1.22773
-0.557344,3,1.230653
0.0,4,1.235754
-1.0,3,1.240234
-0.064235,3,1.243693
0.0,3,1.246814
0.0,4,1.250746
0.0,6,1.256425
0.0,2,1.258281
0.0,3,1.260813
1.5,2,1.262511
0.0,4,1.266012
0.83322,2,1.267687
0.0,3,1.270178
1.0,3,1.272722
-0.242734,4,1.276003
0.0,4,1.279361
0.0,4,1.282638
0.409742,2,1.28438
0.628137,4,1.287645
0.0,4,1.290935
-0.117984,2,1.292576
0.0,2,1.294347
0.0,2,1.296009
0.0,3,1.298535
0.0,4,1.30214
0.0,2,1.30381
-1.0,5,1.30776
0.0,2,1.309459
0.258874,2,1.311227
0.0,3,1.313695
0.0,3,1.316218
0.0,2,1.317934
-0.414968,6,1.322694
-0.715986,6,1.327493
0.0,3,1.330024
-0.729,2,1.331676
0.0,5,1.335726
0.0,2,1.337379
0.0,4,1.340627
-0.326767,3,1.343157
0.0,3,1.345674
0.0,3,1.348142
0.0,6,1.352932
0.0,3,1.355507
0.59389,4,1.35882
0.0,4,1.362524
0.0,3,1.364982
0.0,3,1.367434
-0.030506,4,1.370721
0.0,3,1.373228
-1.0,3,1.375793
0.0,4,1.379052
0.0,5,1.383099
0.0,3,1.385538
0.0,4,1.388696
-0.328142,2,1.390401
-0.796161,2,1.392023
-0.228133,2,1.393638
0.0,5,1.397597
-1.0,4,1.40084
-0.329012,3,1.403301
0.0,3,1.405722
0.0,4,1.408905
0.0,2,1.410548
1.0,3,1.412961
0.0,3,1.415437
0.0,4,1.418648
0.0,4,1.42192
0.0,5,1.42589
-0.511255,3,1.428332
1.257841,2,1.429951
0.648854,3,1.432422
0.0,4,1.436145
0.883584,3,1.439834
0.0,4,1.443659
-1.0,4,1.447385
-0.098925,2,1.449273
-0.008122,2,1.451132
-0.183375,4,1.454829
-2.0,2,1.456689
0.0,5,1.461226
-1.0,3,1.463732
0.0,2,1.465532
0.0,4,1.469407
0.0,4,1.472995
0.486272,4,1.476438
0.0,3,1.479173
-0.806569,3,1.481761
0.0,4,1.485371
-1.0,3,1.487916
0.0,5,1.492371
0.0,5,1.496731
0.0,3,1.499612
-0.875456,2,1.50135
0.0,4,1.504849
0.165148,2,1.506702
0.0,2,1.508401
0.0,4,1.512311
-0.464459,3,1.514965
0.0,2,1.516635
0.0,4,1.520124
0.0,2,1.521872
-0.486981,2,1.523533
0.538183,5,1.528394
-0.228538,4,1.531891
0.0,5,1.53643
0.0,2,1.538123
-0.297774,5,1.542528
0.0,3,1.545072
0.0,2,1.546981
0.0,2,1.548897
0.0,3,1.551528
1.5,2,1.553393
0.0,5,1.558127
0.0,3,1.560963
1.0,3,1.563821
1.0,3,1.5664
0.0,3,1.569273
0.0,4,1.57255
-1.0,3,1.575384
-0.402308,2,1.577097
0.0,4,1.580489
0.0,3,1.583619
-0.21097,2,1.58537
-0.107274,3,1.588238
0.0,4,1.591831
-0.748829,4,1.595581
-1.0,3,1.598244
0.0,3,1.600866
1.202941,2,1.603142
0.0,4,1.606855
-0.195505,3,1.609868
0.0,3,1.612552
0.0,4,1.616436
0.0,3,1.619038
0.0,2,1.620775
-0.061589,4,1.625102
-0.832704,4,1.628601
-0.793809,4,1.632631
0.0,3,1.635134
0.0,3,1.63807
-1.0,3,1.640676
0.256595,3,1.643239
-0.027455,3,1.646022
0.0,2,1.647825
0.0,4,1.651512
0.287372,3,1.654326
0.0,3,1.65685
-0.803046,2,1.658937
0.0,4,1.662361
0.0,3,1.665214
0.0,4,1.669021
-1.0,4,1.672909
-0.753061,3,1.67564
0.0,2,1.677401
-0.265457,2,1.679374
0.320457,2,1.681319
0.0,4,1.684878
0.0,4,1.688723
-0.096398,5,1.692992
-0.510335,4,1.696861
0.0,3,1.699721
0.0,3,1.702467
0.0,5,1.70692
0.0,3,1.709882
0.0,2,1.711774
0.0,3,1.714644
0.0,4,1.718179
0.0,3,1.720964
-0.018746,4,1.724616
0.0,3,1.727321
-1.0,5,1.731901
0.0,4,1.73559
-0.049519,3,1.738886
1.5,2,1.740818
0.503466,2,1.743025
0.0,4,1.74659
0.0,4,1.750726
-0.282174,4,1.754295
-0.563151,2,1.756293
-0.005419,4,1.759912
-0.253211,2,1.761913
0.0,4,1.765752
0.403013,4,1.769483
-0.501346,2,1.77154
0.0,2,1.773215
0.0,3,1.775723
-0.365084,4,1.779299
0.0,3,1.781716
0.0,2,1.78354
0.0,2,1.785428
-0.637934,2,1.787098
0.0,6,1.792074
0.0,2,1.793716
0.0,3,1.796166
0.419502,3,1.798906
1.0,4,1.802134
0.0,3,1.804917
0.0,3,1.807761
-0.233761,3,1.810606
-0.114817,4,1.814117
-0.551866,3,1.816624
0.0,2,1.818546
-0.515617,3,1.821197
0.0,4,1.824586
-0.612479,3,1.827161
0.0,4,1.830419
-0.859978,4,1.833777
-1.0,3,1.836379
0.0,2,1.838156
0.0,4,1.841536
0.947786,2,1.843235
0.0,3,1.845872
-0.531635,5,1.849899
0.0,5,1.854147
0.0,3,1.856958
0.0,2,1.85873
0.0,2,1.860595
-0.729581,4,1.864098
0.0,5,1.868695
-0.978534,2,1.870585
0.0,3,1.873302
0.0,4,2.011875
-0.795086,4,2.015174
0.0,3,2.017536
0.0,7,2.022804
-1.0,2,2.024324
0.0,4,2.027338
0.0,3,2.029592
0.0,5,2.033316
0.136368,3,2.03557
0.0,4,2.038502
0.0,3,2.040757
0.591709,2,2.042305
-0.865679,4,2.045249
0.0,3,2.047499
-0.275472,3,2.049798
0.0,3,2.052024
-0.253588,4,2.055034
0.0,3,2.057334
0.0,2,2.058804
-1.0,3,2.061415
0.0,4,2.065009
-1.0,4,2.068034
0.0,3,2.070351
0.0,2,2.07192
-0.500632,4,2.075906
-0.453896,2,2.077542
0.0,2,2.079137
0.0,3,2.081458
0.0,4,2.084555
1.767115,2,2.086109
0.0,5,2.089892
-0.187061,5,2.093626
-0.771816,3,2.095903
0.0,4,2.098926
-1.0,5,2.102608
-0.361499,4,2.105997
-0.367316,3,2.108439
-0.035979,3,2.111041
0.0,3,2.113562
0.0,3,2.115847
-0.852977,3,2.118111
1.0,2,2.119628
0.0,4,2.122581
0.0,4,2.126108
0.0,4,2.129125
0.0,3,2.131373
0.0,3,2.133645
0.0,3,2.135941
-1.0,3,2.138209
-1.0,3,2.140539
0.0,4,2.143605
0.0,2,2.145168
0.0,3,2.147679
-0.036454,2,2.14934
0.0,3,2.151907
0.0,3,2.154694
-1.0,3,2.157172
0.163171,3,2.159668
0.0,4,2.163924
0.0,2,2.165615
0.0,6,2.17031
0.0,2,2.171935
-0.414211,2,2.173565
0.0,4,2.176687
0.0,3,2.178998
-1.0,2,2.180547
1.0,2,2.182114
0.0,3,2.184418
-0.70475,3,2.186827
0.0,3,2.189264
-0.747244,2,2.190774
-0.083383,4,2.193775
-0.79093,4,2.196816
0.0,2,2.198854
0.806943,3,2.202358
0.0,4,2.206785
0.0,3,2.210584
1.0,2,2.213886
-1.0,2,2.216789
0.0,3,2.221083
-1.0,5,2.228242
-0.397602,3,2.23103
0.0,4,2.234492
0.0,4,2.237748
0.0,5,2.243742
0.0,4,2.248756
-1.0,5,2.25322
-0.830109,3,2.255845
0.0,3,2.258269
-1.0,6,2.26377
-0.000947,3,2.266231
-0.136502,3,2.26952
-1.0,3,2.272181
0.0,5,2.276323
0.530194,4,2.279597
0.0,3,2.282466
0.0,4,2.285661
-1.0,3,2.288574
0.0,3,2.291285
-0.470894,4,2.294855
-1.384123,2,2.29661
-0.218583,3,2.299067
0.0,3,2.301887
-0.801486,3,2.304969
-0.042224,4,2.309065
-1.0,4,2.313071
0.970717,3,2.316334
0.0,2,2.318308
0.0,3,2.321353
0.0,4,2.32623
0.0,2,2.32823
-0.578878,3,2.332849
-0.138314,3,2.338173
0.0,4,2.345261
1.5,2,2.347543
-1.0,2,2.349649
-0.019,2,2.3515
-0.017904,4,2.355061
-0.649198,3,2.357594
-1.0,5,2.361935
-1.0,5,2.367231
0.0,3,2.369799
0.0,3,2.372421
-1.0,4,2.375706
0.0,3,2.378159
0.0,2,2.379759
0.0,4,2.382989
0.230553,2,2.384618
-1.0,4,2.387727
-1.0,3,2.390052
0.0,4,2.393277
0.0,2,2.394948
-0.734659,3,2.397325
0.0,4,2.400408
0.0,4,2.403736
0.0,3,2.406145
0.0,3,2.408608
0.0,2,2.410229
0.178976,4,2.41355
1.0,3,2.416061
0.0,3,2.418528
0.0,3,2.420922
0.0,3,2.423336
-0.378076,3,2.425787
0.0,3,2.428364
-1.0,4,2.431585
-1.0,4,2.434784
-0.826878,4,2.438036
1.0,3,2.440607
0.0,2,2.442446
0.0,3,2.445118
0.0,2,2.446753
0.111839,3,2.4491
0.0,4,2.452217
0.0,4,2.455321
0.193529,2,2.456862
0.0,2,2.458451
-1.0,4,2.461639
0.0,2,2.463897
-0.716901,3,2.467026
-1.0,4,2.470236
0.0,2,2.471779
0.0,4,2.474957
0.0,4,2.478025
0.0,3,2.480376
0.594793,4,2.483427
0.0,3,2.485936
-0.063028,4,2.489038
0.0,2,2.490652
0.0,5,2.494633
0.0,2,2.49624
0.0,4,2.499477
-0.056264,3,2.502091
0.0,3,2.505625
-0.897315,3,2.509711
0.0,2,2.512952
0.0,3,2.515725
0.0,5,2.520912
-0.215269,4,2.526606
0.0,3,2.531234
0.0,3,2.535735
1.0,2,2.538933
0.752144,4,2.546178
0.0,3,2.550317
0.0,3,2.553524
-0.138449,3,2.556577
0.0,5,2.561652
0.0,2,2.563616
0.0,3,2.56648
-0.596546,3,2.569002
0.0,4,2.572722
0.0,2,2.575102
0.0,4,2.579016
-1.0,3,2.581916
0.0,3,2.584701
0.0,3,2.58731
0.0,3,2.58988
-0.199177,3,2.592854
-0.362737,4,2.596658
-0.199404,3,2.59935
0.0,3,2.601821
0.0,3,2.604505
1.0,4,2.608108
-0.32471,6,2.613615
0.0,3,2.616098
1.0,3,2.618603
0.0,4,2.621811
1.0,3,2.624158
0.0,2,2.62575
-1.0,4,2.628922
1.0,3,2.631312
0.0,4,2.634397
0.0,3,2.636735
0.803623,4,2.639911
0.0,2,2.641581
0.0,4,2.644768
0.396042,2,2.646377
0.0,3,2.648821
0.672823,4,2.651991
-0.394396,3,2.654414
0.0,2,2.655973
0.0,3,2.658405
0.0,3,2.660838
-0.344292,3,2.663418
0.0,4,2.6668
0.300327,4,2.670071
0.0,3,2.672477
0.037278,2,2.674148
-0.889779,4,2.677439
0.0,3,2.679891
0.0,3,2.682355
-0.011216,3,2.684761
-0.755174,6,2.689609
0.0,4,2.692853
-1.054112,2,2.694562
-0.894313,3,2.696991
0.0,2,2.698618
-1.0,3,2.701097
0.81282,3,2.703565
-0.790326,2,2.705266
0.0,3,2.707683
0.0,5,2.711669
0.0,2,2.713327
-0.135593,4,2.716568
-0.57968,4,2.719842
0.542159,3,2.722333
-2.0,2,2.723974
0.0,3,2.726391
1.0,3,2.728848
0.0,4,2.732054
-0.807945,3,2.7345
-1.0,3,2.736948
0.0,3,2.739367
0.0,3,2.74177
0.0,4,2.745066
-1.0,4,2.748274
1.0,3,2.750842
0.0,4,2.7544
-0.224202,4,2.757695
-0.559139,4,2.760955
0.0,4,2.765166
-0.541137,3,2.768545
-0.374828,5,2.774234
0.0,3,2.777618
-1.0,4,2.78214
0.0,3,2.787279
0.0,5,2.797306
0.0,4,2.804829
0.0,4,2.811563
-0.110775,3,2.81632
0.051208,2,2.819497
-0.00829,3,2.824214
-0.533586,3,2.828815
0.171507,4,2.833234
-0.662848,3,2.836589
0.0,6,2.842931
0.010708,2,2.845107
1.0,3,2.848592
-0.224671,4,2.852882
1.5,2,2.85487
0.189484,3,2.857599
0.659019,3,2.860206
0.0,3,2.86297
-0.427842,3,2.866959
0.0,3,2.870609
-0.957065,2,2.872959
0.0,3,2.877125
0.0,4,2.881246
1.230174,2,2.88327
-0.351227,4,2.887539
-0.378564,3,2.89044
0.0,2,2.892352
-0.148337,2,2.894217
0.0,3,2.896953
0.0,5,2.901488
0.0,4,2.904981
-1.0,3,2.907624
0.0,3,2.910227
-0.769734,3,2.913167
0.0,3,2.916356
0.0,3,2.919309
0.0,3,2.922379
0.0,4,2.926572
-0.873606,2,2.928896
-0.370878,3,2.931867
-0.279437,3,2.934876
0.0,3,2.937779
-0.806497,3,2.940417
-0.062853,3,2.942959
-1.0,2,2.944662
0.0,2,2.946481
-0.254727,4,2.949884
0.0,3,2.95242
-0.072658,3,2.955098
0.0,4,2.958564
0.556044,4,2.962003
0.0,2,2.963872
0.0,2,2.966601
0.0,3,2.969886
0.0,3,2.972911
-0.482139,3,2.976111
1.037103,2,2.978628
0.0,2,2.980629
0.0,4,2.98424
-0.422338,3,2.98692
1.0,4,2.990431
-1.0,3,2.993078
0.0,3,2.995722
-1.0,3,2.99839
0.0,6,3.003931
0.0,2,3.00612
-1.0,2,3.007951
0.0,4,3.011562
-1.0,3,3.014266
0.0,3,3.016921
0.0,2,3.018687
0.843031,2,3.020415
-0.235961,2,3.022129
-0.801192,4,3.025607
0.0,4,3.02947
-0.34984,4,3.034102
0.0,4,3.038593
0.0,2,3.040763
-0.064758,3,3.044204
0.0,4,3.048887
0.0,3,3.052439
0.0,3,3.056006
-0.629658,4,3.060024
-1.0,2,3.06179
0.0,2,3.063584
-0.452429,3,3.067346
-0.013302,4,3.0719
-1.0,3,3.075217
0.0,3,3.078478
0.0,3,3.08123
0.0,3,3.083925
-1.0,2,3.085738
0.0,2,3.087592
-0.843353,2,3.089406
-0.244777,4,3.092854
-2.0,2,3.094674
0.0,3,3.097308
0.0,3,3.100133
0.0,3,3.102947
0.0,3,3.106161
0.0,5,3.110625
0.0,6,3.116168
0.0,3,3.118873
-0.104997,3,3.121537
0.0,3,3.124169
0.0,3,3.126815
0.0,2,3.128622
0.0,2,3.130442
0.0,3,3.133818
-0.19778,3,3.137191
-1.0,4,3.141157
0.0,3,3.143836
0.0,2,3.145813
0.409242,2,3.147652
0.0,2,3.149698
-1.0,3,3.153084
-0.174222,3,3.156263
0.0,3,3.159497
-0.579994,4,3.163649
0.0,3,3.167394
0.0,2,3.16933
-0.677374,4,3.17316
-0.978536,4,3.176678
0.0,4,3.180344
1.0,5,3.184711
0.0,2,3.186542
-1.0,4,3.190033
-0.017017,3,3.19266
0.0,6,3.197868
0.392487,2,3.199733
0.0,4,3.203404
0.0,3,3.20631
0.0,3,3.209032
-1.0,2,3.210871
-0.162218,4,3.214502
-0.414708,3,3.21726
0.0,2,3.219173
0.797465,3,3.221976
-0.285916,4,3.225606
-0.974577,3,3.228374
-1.0,2,3.230147
0.0,4,3.233718
-1.0,2,3.235502
-0.516699,5,3.239835
-0.512416,4,3.243381
0.0,6,3.248671
1.0,4,3.252186
-1.0,4,3.256057
0.0,3,3.258851
0.0,3,3.261501
-1.0,3,3.264182
0.0,4,3.268397
1.0,3,3.271329
-1.0,3,3.274453
0.0,4,3.278865
0.0,5,3.284108
0.0,3,3.286895
-0.538393,2,3.288752
-0.782589,3,3.291539
-0.861962,3,3.29444
-0.868532,4,3.298025
0.0,5,3.302509
0.0,3,3.3053
0.0,5,3.309955
-1.0,3,3.31274
0.98576,4,3.316443
-1.0,2,3.318248
0.0,2,3.320099
0.0,2,3.321943
-0.167244,6,3.327335
0.0,2,3.329221
0.0,2,3.331041
0.0,3,3.333816
-0.118567,2,3.335713
0.0,2,3.337639
0.0,2,3.339536
0.080709,3,3.342277
0.0,3,3.345231
0.0,5,3.35063
1.0,4,3.354371
0.0,3,3.357131
-0.027248,3,3.359922
0.0,4,3.363543
0.851696,3,3.366681
0.0,3,3.369632
0.0,4,3.373347
0.0,2,3.375267
-0.77342,3,3.378202
-0.034676,3,3.381073
0.0,5,3.385617
-1.0,3,3.388333
-0.293861,2,3.390411
0.0,3,3.393632
0.0,3,3.396567
0.0,5,3.401799
0.0,3,3.405067
0.0,3,3.408009
-1.0,5,3.41288
0.0,4,3.416553
0.0,5,3.421903
-1.0,4,3.42702
0.0,2,3.429189
0.0,4,3.43322
-0.686664,3,3.436281
0.805369,3,3.439346
0.0,3,3.442173
-1.0,3,3.444979
0.0,3,3.447697
0.0,3,3.450694
0.0,2,3.452535
-1.0,3,3.455311
-0.266098,3,3.458092
0.0,3,3.460838
0.0,3,3.463611
0.0,3,3.466994
0.0,3,3.470009
0.0,4,3.47391
0.0,4,3.477573
0.0,5,3.482412
1.0,4,3.486043
0.0,3,3.488876
-0.38462,4,3.492522
-0.542325,4,3.496263
0.0,3,3.49909
0.0,3,3.501871
-0.057747,4,3.505835
0.0,3,3.50879
0.0,3,3.512015
-0.627419,4,3.516001
-1.0,4,3.519821
0.0,2,3.521754
0.900129,3,3.52447
-1.0,3,3.527429
-1.0,3,3.530303
0.0,3,3.533244
0.0,5,3.538725
0.0,2,3.540606
0.0,4,3.545771
-1.0,4,3.550378
0.0,2,3.552397
-0.316488,2,3.554306
0.0,2,3.556299
-0.266499,2,3.558423
-1.0,2,3.560385
-0.478021,4,3.564139
0.0,3,3.567382
-1.0,3,3.570409
0.0,2,3.5724
1.452522,2,3.574278
-0.575561,4,3.578232
-0.263852,6,3.58372
0.646866,4,3.587523
0.0,5,3.592027
-0.964967,4,3.595635
0.282001,3,3.598325
0.0,2,3.600184
0.0,3,3.603209
-0.336825,4,3.607358
0.0,3,3.610272
0.0,5,3.614798
-0.872269,3,3.617554
-1.0,3,3.620297
0.0,3,3.623004
0.0,3,3.625707
0.961455,2,3.627612
0.0,3,3.630334
0.0,2,3.632247
-1.0,3,3.635
1.5,2,3.636869
0.0,4,3.640481
0.0,3,3.643269
-0.57436,5,3.647705
0.0,6,3.653016
0.0,2,3.6549
-0.57607,4,3.65854
0.0,2,3.660378
0.0,2,3.662263
0.0,2,3.664152
-0.122365,3,3.667402
-0.831707,2,3.669317
0.0,3,3.672064
0.0,4,3.676028
-0.256313,3,3.67881
0.0,3,3.68189
0.0,4,3.6855
0.0,3,3.688268
0.0,3,3.690989
-1.0,4,3.69463
0.223884,3,3.697382
-0.149148,4,3.701159
-1.0,5,3.705747
-0.127399,3,3.708499
-0.10151,4,3.712104
0.0,2,3.713995
1.0,2,3.715896
-0.817788,4,3.719471
0.0,4,3.723122
1.5,2,3.724965
0.0,3,3.727711
-0.524722,7,3.733962
-1.0,6,3.739247
-1.0,6,3.744699
0.0,2,3.746505
0.0,4,3.750218
0.0,5,3.754998
0.0,4,3.758709
0.494015,2,3.760591
0.036609,3,3.763343
1.0,4,3.767495
-0.494923,4,3.771572
-0.847129,3,3.77433
1.0,4,3.778161
0.837721,3,3.780918
-0.104536,4,3.784616
0.0,5,3.789209
0.0,3,3.79195
0.0,3,3.79668
-0.02918,3,3.801979
-1.0,3,3.805877
0.0,3,3.809513
0.0,4,3.81435
0.0,2,3.816965
-1.0,3,3.820739
0.0,3,3.824398
-1.0,3,3.827179
0.0,4,3.830793
-0.451284,4,3.834417
0.0,3,3.83713
-0.891704,2,3.838922
0.0,2,3.840758
0.0,3,3.843466
-1.0,3,3.846165
0.0,2,3.84795
0.0,4,3.85148
-0.002545,3,3.854202
0.0,4,3.857725
0.0,2,3.859551
0.0,2,3.861443
0.0,3,3.864117
0.0,5,3.869432
-1.0,4,3.873051
-1.0,3,3.87604
-1.0,3,3.878814
0.0,3,3.881772
-0.270619,4,3.885373
0.3479,5,3.889863
-1.0,3,3.892581
0.0,2,3.894457
0.0,2,3.896305
1.0,2,3.898185
-0.19712,3,3.900918
0.0,5,3.905375
0.0,5,3.909827
0.0,4,3.913416
0.421987,2,3.915232
0.0,3,3.918009
0.0,3,3.920699
0.0,2,3.922515
0.0,4,3.926056
-0.198832,2,3.927863
-1.0,3,3.930538
-0.833647,3,3.933332
0.0,2,3.935139
-0.152926,3,3.937775
0.0,3,3.940461
0.0,3,3.943236
-0.266253,2,3.9451
0.0,2,3.946969
0.753354,4,4.179393
0.0,4,4.183587
-0.008926,3,4.186592
0.0,5,4.191589
0.0,2,4.19356
0.0,4,4.197383
0.0,3,4.200112
-0.403161,2,4.201922
0.0,4,4.205515
0.0,3,4.2082
-0.988544,3,4.210737
0.0,3,4.213324
-1.0,2,4.215087
-0.232553,2,4.216875
0.0,3,4.219563
0.0,4,4.222978
0.0,3,4.225625
0.0,2,4.227439
-0.406382,6,4.232678
0.0,3,4.235364
-0.694527,2,4.237192
0.0,3,4.239861
-0.197858,2,4.2416
1.0,2,4.243378
-0.656415,5,4.247669
0.0,3,4.250309
-0.335833,5,4.254588
0.0,3,4.257253
-0.483509,6,4.262533
-0.642404,4,4.266014
0.453539,2,4.26787
0.0,3,4.271
0.515059,2,4.273144
-0.825287,4,4.276867
0.0,4,4.280531
-1.0,3,4.283257
0.0,3,4.285935
0.0,3,4.288642
0.0,3,4.29127
0.0,5,4.295513
0.0,4,4.298954
0.0,3,4.301611
-1.0,4,4.305107
-0.232714,4,4.30859
0.0,2,4.310419
0.0,5,4.314632
0.0,3,4.317265
0.0,4,4.320672
-0.457762,3,4.323263
1.0,2,4.325031
0.0,3,4.327653
0.0,4,4.331191
-0.432713,2,4.332934
0.0,3,4.335581
0.0,4,4.339019
0.0,3,4.341589
0.789175,3,4.344183
0.0,4,4.347619
0.0,2,4.349399
0.0,3,4.352003
0.0,5,4.356223
0.0,2,4.358031
0.0,2,4.359739
0.0,4,4.363994
0.0,3,4.366893
0.0,2,4.368874
0.0,4,4.372781
0.0,3,4.376321
-0.252585,3,4.379343
-0.929827,4,4.382834
0.0,6,4.387889
-0.080746,5,4.39205
0.0,2,4.393797
0.0,2,4.395568
0.0,3,4.398102
0.0,2,4.399812
-0.230962,5,4.40386
0.0,5,4.407965
0.0,2,4.409649
0.0,3,4.412177
-0.677436,4,4.415558
0.0,3,4.41816
-0.444195,3,4.420717
0.0,3,4.423204
-1.0,2,4.424965
-0.331075,3,4.427496
0.0,3,4.429959
0.0,2,4.431695
-0.276973,5,4.435769
0.0,4,4.439065
-0.507993,3,4.441608
0.0,3,4.444239
0.0,4,4.447607
0.0,4,4.450874
0.0,2,4.452666
-0.326861,5,4.456771
0.0,3,4.459337
-0.628204,4,4.462718
-1.0,2,4.464468
-0.601781,2,4.466128
-0.810692,4,4.469502
0.0,5,4.474197
-0.381915,4,4.477696
0.0,3,4.480351
0.0,4,4.483777
-0.58551,3,4.486284
-0.41643,4,4.48967
0.0,4,4.493239
0.440501,4,4.497198
-0.272278,4,4.501066
0.0,6,4.507306
0.0,2,4.50912
0.0,3,4.511745
0.0,2,4.513537
0.0,2,4.515335
-0.167996,3,4.517896
0.0,3,4.520373
0.0,3,4.52293
0.0,3,4.525451
1.0,3,4.527931
0.0,2,4.529697
0.0,2,4.531439
-0.434171,4,4.534741
-0.199175,5,4.53884
0.0,3,4.541406
0.0,4,4.544824
-0.336291,4,4.549255
0.0,3,4.552331
0.0,4,4.555817
-0.571378,4,4.559194
-0.315932,4,4.562555
0.0,4,4.565937
0.0,3,4.568489
1.0,3,4.571626
-1.0,3,4.574648
0.0,2,4.576648
0.0,5,4.581108
-1.0,5,4.585483
-0.022281,3,4.588091
0.0,5,4.592258
0.0,4,4.595644
-0.390772,5,4.599756
0.0,4,4.603075
0.0,4,4.607348
0.754392,4,4.611559
0.0,5,4.616192
0.0,5,4.620707
0.0,2,4.622546
-0.012653,3,4.625182
0.0,3,4.627757
0.0,3,4.630588
0.0,3,4.63324
-0.095495,6,4.638147
0.0,3,4.640631
0.0,7,4.646278
0.0,3,4.648781
0.0,4,4.652023
1.348254,2,4.653669
-1.0,3,4.656196
0.0,4,4.659489
0.0,2,4.66119
-0.856739,3,4.663669
0.0,3,4.666093
0.0,2,4.667766
0.0,5,4.672208
-0.389616,2,4.674024
0.0,2,4.675806
-1.0,5,4.679998
0.0,5,4.68409
0.651761,2,4.685812
0.0,5,4.689988
-1.0,5,4.694039
0.0,2,4.695761
0.0,2,4.697495
0.0,4,4.700726
0.0,3,4.703183
0.0,4,4.706431
-0.057792,3,4.70893
0.411129,2,4.71063
0.0,4,4.713891
0.0,3,4.716424
-1.0,4,4.719667
1.0,5,4.723664
0.0,3,4.726122
-0.824299,3,4.728597
0.619655,2,4.730324
0.0,3,4.732843
0.0,2,4.734497
-0.572508,3,4.736943
-0.145477,2,4.738601
0.0,3,4.741072
0.67025,2,4.742771
0.0,3,4.745253
-0.08581,3,4.747767
0.0,3,4.750225
0.102482,3,4.752617
0.0,3,4.75506
0.0,2,4.756739
0.0,4,4.759951
0.0,3,4.762448
0.0,4,4.765663
0.745561,4,4.768954
0.0,4,4.772492
0.0,2,4.77431
0.0,3,4.777199
0.0,3,4.779959
0.0,3,4.782642
0.0,4,4.78612
-1.0,5,4.791193
0.0,6,4.796729
1.5,2,4.798503
0.0,5,4.803116
0.0,6,4.808006
0.0,4,4.811421
0.0,4,4.814568
0.0,3,4.817757
0.0,2,4.819614
-0.86016,3,4.822223
0.0,2,4.824118
0.0,3,4.827394
-0.238035,4,4.831188
0.0,4,4.83485
-0.338337,3,4.8378
-0.344093,3,4.840752
-0.257492,3,4.843741
-0.812156,3,4.846774
-0.328713,3,4.84968
-0.908738,5,4.854463
0.0,4,4.858404
0.0,4,4.86233
0.0,3,4.86547
0.0,4,4.869083
-1.0,4,4.872991
-0.527194,3,4.875768
0.846966,3,4.878762
-0.411811,4,4.882516
-0.340176,4,4.88623
-0.288128,5,4.890652
0.133208,3,4.89359
0.0,3,4.896318
0.0,5,4.901349
0.0,2,4.903297
-0.091,3,4.906591
-0.924621,3,4.909444
-0.081445,4,4.914366
0.0,3,4.918956
0.685443,3,4.924268
0.0,3,4.929533
0.0,4,4.934634
0.0,3,4.937872
0.0,2,4.939853
0.0,2,4.9429
0.0,4,4.949397
0.0,4,4.955619
0.0,3,4.959054
0.193381,2,4.961232
-0.480097,3,4.96502
0.0,2,4.967142
-0.974973,3,4.970345
0.0,4,4.974674
-0.601187,4,4.97916
0.0,4,4.983886
-1.0,4,4.988552
0.0,4,4.993228
0.0,3,4.996552
0.0,2,4.999016
0.0,5,5.004518
0.0,4,5.008787
0.0,3,5.012107
-1.0,2,5.014316
0.0,2,5.016356
-1.0,4,5.020709
0.0,4,5.024805
-0.527099,4,5.028844
0.0,2,5.030895
-1.0,5,5.035833
-0.7569,6,5.041688
0.0,4,5.04551
-0.927125,4,5.04953
0.509662,3,5.052442
0.0,3,5.055663
0.0,4,5.059574
0.082115,2,5.061655
0.0,4,5.065482
0.0,4,5.069503
-0.625567,3,5.072381
-1.0,3,5.07544
0.0,3,5.078637
0.0,2,5.081021
0.328505,4,5.084807
-1.0,2,5.08674
-0.134382,2,5.088731
0.0,3,5.091443
-0.823859,5,5.096124
0.0,3,5.098893
0.0,3,5.101853
0.0,3,5.104975
0.0,3,5.107949
-0.446191,2,5.110127
0.0,4,5.113941
0.0,4,5.11775
-1.0,2,5.119709
0.038814,2,5.121804
0.0,4,5.125797
-0.015772,4,5.129726
0.0,3,5.132727
0.0,4,5.136648
-0.2439,5,5.141208
0.0,5,5.145963
0.0,4,5.149639
0.0,4,5.153417
-0.983048,3,5.156286
0.0,3,5.159238
-0.892618,4,5.162974
-0.195474,3,5.16588
0.0,2,5.16771
0.0,6,5.173303
0.716716,3,5.175945
0.0,3,5.179001
0.0,3,5.181811
0.0,4,5.185663
-0.156633,4,5.189159
0.0,2,5.191031
-0.71625,3,5.19403
-1.0,3,5.196796
0.0,2,5.198907
0.0,2,5.200915
-1.0,4,5.204642
0.0,2,5.206688
0.144691,2,5.208631
-0.371535,4,5.212216
-0.53402,5,5.216865
-0.400899,5,5.221754
0.0,3,5.22435
0.0,4,5.228139
0.0,3,5.230837
0.0,5,5.235718
0.0,5,5.24011
-0.423433,3,5.243073
0.0,4,5.246772
0.0,4,5.250736
0.0,4,5.254204
0.748206,3,5.256999
-0.245178,3,5.259746
0.0,2,5.261817
0.0,3,5.264675
0.247937,3,5.267375
0.0,3,5.2704
0.0,3,5.273318
0.0,2,5.275285
0.0,2,5.277413
1.0,3,5.280265
0.0,6,5.285511
-0.37855,4,5.288977
0.0,3,5.291643
0.0,4,5.295089
-1.0,4,5.298446
0.0,2,5.300234
0.0,3,5.302725
0.0,5,5.306821
-0.881923,5,5.310953
0.0,3,5.313382
0.0,2,5.314981
0.0,2,5.316711
0.0,4,5.319943
0.0,2,5.321635
0.0,3,5.324122
-0.430416,4,5.327559
-1.0,4,5.331006
0.0,2,5.332687
0.0,2,5.334405
-0.679364,5,5.338836
0.0,4,5.34239
-0.17503,3,5.344902
0.0,2,5.346559
0.0,3,5.34902
-0.257409,3,5.351539
0.0,2,5.353252
0.0,3,5.355797
-0.259739,4,5.35937
0.0,3,5.362117
0.0,3,5.364868
-0.208108,2,5.366663
0.404845,3,5.369199
0.0,3,5.371681
0.0,2,5.373558
0.0,4,5.376817
1.0,2,5.378481
0.0,2,5.380342
-1.0,4,5.383967
0.0,3,5.386495
0.0,3,5.388986
0.0,5,5.393038
0.0,4,5.396371
0.0,3,5.398821
-0.278783,4,5.402028
-0.56062,3,5.404428
0.137323,2,5.406117
1.5,2,5.407761
-0.047596,4,5.410958
0.0,5,5.414904
0.0,3,5.417301
0.0,3,5.419717
0.0,3,5.422163
0.0,4,5.425294
-0.166928,3,5.427688
-1.0,2,5.42928
0.0,3,5.431675
0.0,5,5.435537
0.0,2,5.437173
-0.024683,4,5.440319
0.0,2,5.441892
0.520916,2,5.443458
-0.679699,3,5.445832
-0.552185,3,5.448251
0.0,5,5.452426
-0.90527,3,5.455008
0.0,2,5.456664
0.0,3,5.459105
-0.693784,3,5.46153
0.0,3,5.46402
1.0,3,5.466449
0.0,2,5.468071
0.776805,4,5.471174
0.0,3,5.473641
0.0,2,5.475577
0.0,4,5.47921
0.0,3,5.48223
0.0,4,5.486825
0.0,3,5.489703
0.0,3,5.492491
0.671608,3,5.49639
0.0,3,5.49923
0.0,3,5.501783
0.0,5,5.506169
0.0,4,5.509686
0.0,5,5.513754
-0.320917,5,5.517793
0.0,2,5.519528
0.0,2,5.521246
0.0,4,5.524419
-1.0,4,5.527611
0.0,2,5.529249
0.0,3,5.531674
-0.533072,4,5.534914
-1.0,3,5.53741
0.0,3,5.539842
0.0,4,5.542964
0.0,3,5.545491
0.0,2,5.547294
-1.0,4,5.550653
-0.762022,3,5.553318
0.0,3,5.555869
0.0,4,5.559112
-0.590921,2,5.560817
-1.0,3,5.563396
0.0,4,5.566657
0.0,3,5.569563
0.0,3,5.572225
-1.0,2,5.574013
-0.223024,4,5.578096
0.0,2,5.580033
0.795693,3,5.582891
0.0,3,5.585552
0.0,3,5.588156
0.0,3,5.590695
0.0,3,5.593202
0.0,3,5.59563
0.0,3,5.598002
-0.609209,3,5.600716
0.0,2,5.602621
0.0,3,5.605633
-1.0,3,5.608629
0.0,2,5.611335
0.0,7,5.617135
0.0,2,5.618786
0.583631,3,5.62128
-0.880322,3,5.623689
0.0,6,5.628595
0.0,4,5.63177
-1.0,3,5.634234
0.0,4,5.637435
0.0,3,5.639795
0.0,3,5.642165
0.0,3,5.6446
0.0,3,5.646978
0.0,3,5.649383
0.0,3,5.651804
-0.22851,2,5.653383
0.0,2,5.655009
0.0,4,5.658229
0.0,4,5.661361
0.517829,3,5.663743
0.0,3,5.666142
0.0,3,5.668553
-1.0,3,5.671158
-0.938081,4,5.674672
-0.173905,5,5.679118
0.0,3,5.681527
0.0,3,5.684053
-0.928985,2,5.685765
0.0,3,5.688274
0.0,3,5.691066
0.0,4,5.694313
0.0,3,5.696778
0.0,3,5.6992
-1.0,4,5.702331
0.0,4,5.705517
0.0,3,5.708027
-0.36622,3,5.710642
0.0,2,5.712296
0.0,3,5.714831
0.0,3,5.717393
-0.640677,3,5.719826
0.0,2,5.721411
-0.996393,2,5.723009
-1.0,3,5.725391
-0.537831,2,5.726988
-1.0,4,5.730178
0.0,4,5.733349
0.0,3,5.735748
0.0,3,5.738137
0.0,4,5.741256
0.0,5,5.74515
-0.525644,3,5.747541
0.0,2,5.749137
-0.683679,4,5.752269
-1.0,3,5.754626
0.0,4,5.75773
-0.301081,2,5.759382
0.0,3,5.761754
0.0,2,5.763331
0.0,3,5.765702
-0.898616,2,5.767286
0.0,3,5.769686
0.0,3,5.772024
1.046088,2,5.773601
-1.0,3,5.776464
-0.067802,3,5.779302
0.0,5,5.783504
-2.0,2,5.785422
-0.899386,4,5.788852
0.0,4,5.792035
0.0,5,5.796053
-0.532949,2,5.797746
0.0,3,5.80027
0.0,2,5.801958
-0.775003,3,5.804479
0.0,3,5.807374
0.0,3,5.810182
-1.0,3,5.813284
-0.347568,2,5.815137
0.0,2,5.816927
0.0,4,5.820213
0.0,2,5.823892
0.0,2,5.825784
-0.119181,3,5.828686
0.0,3,5.831334
0.0,4,5.834762
0.0,3,5.83738
0.0,2,5.839104
0.0,3,5.841672
0.158467,2,5.843388
0.0,5,5.847506
-1.0,4,5.850834
0.0,4,5.854163
0.0,3,5.85666
0.0,4,5.859911
0.0,2,5.861583
0.020283,2,5.863176
-0.465326,3,5.865606
1.0,2,5.867272
0.0,4,5.870448
0.0,2,5.872077
0.0,4,5.875534
0.450842,4,5.879249
0.26975,6,5.884234
0.0,2,5.885924
-1.0,3,5.888422
-0.072558,3,5.890944
0.0,3,5.893465
-0.818336,3,5.895972
-0.741435,3,5.898452
0.0,3,5.901005
0.0,3,5.903532
0.0,3,5.905986
0.0,3,5.90856
0.0,3,5.910956
1.071205,2,5.912578
0.0,3,5.914943
0.0,4,5.918022
0.0,2,5.919764
-0.639334,2,5.921455
0.0,2,5.923177
-1.0,5,5.927298
0.0,4,5.930576
1.0,4,5.933856
0.0,3,5.936358
0.560223,2,5.938037
0.0,2,5.939772
0.0,4,5.943029
0.0,5,5.947114
-0.082151,5,5.951253
0.0,3,5.953763
0.0,3,5.956194
0.659797,2,5.957874
-1.0,4,5.961133
0.0,2,5.962816
-0.896914,3,5.965829
-1.0,3,5.96872
0.0,4,5.971955
0.0,3,5.974374
0.0,4,5.977873
0.0,3,5.980402
0.0,3,5.982997
0.0,3,5.98549
0.0,2,5.987284
0.0,2,5.989055
0.0,3,5.991577
0.0,3,5.994141
1.010369,2,5.996923
0.0,2,5.999588
0.0,2,6.00211
0.0,2,6.004408
0.0,3,6.009942
0.0,3,6.013574
0.0,3,6.017182
0.0,3,6.020754
0.0,3,6.195176
0.0,3,6.198189
0.0,5,6.202947
-0.020068,3,6.205717
-0.063206,5,6.21037
0.0,2,6.212181
-0.061486,5,6.216463
0.167588,3,6.219134
0.0,2,6.220955
0.0,2,6.222773
0.0,2,6.224488
0.0,4,6.227839
0.0,4,6.231119
0.0,5,6.23519
-1.0,3,6.237763
-0.552214,3,6.240381
0.0,4,6.2437
0.0,6,6.248486
0.0,3,6.250966
0.0,2,6.252622
-0.350798,5,6.256601
-0.068636,4,6.259756
0.0,3,6.262291
0.0,3,6.264721
0.0,3,6.26712
1.5,2,6.268736
0.0,2,6.270396
0.910753,2,6.272163
0.0,3,6.274668
-0.761668,3,6.277233
0.0,6,6.282155
0.0,4,6.285389
0.0,3,6.288011
0.0,3,6.290532
0.0,4,6.29378
-1.0,5,6.297843
0.0,3,6.300349
0.0,3,6.302801
0.0,3,6.305294
0.0,5,6.30956
0.0,4,6.313019
-0.561552,3,6.315629
0.0,2,6.317305
0.0,2,6.319012
-0.946891,4,6.322314
-0.187196,3,6.324793
0.0,3,6.327483
0.0,2,6.329206
-0.220618,6,6.333967
-0.204662,2,6.3357
0.0,3,6.33819
-1.0,4,6.341437
0.0,2,6.343094
1.0,4,6.346262
0.0,2,6.347962
0.0,2,6.34968
0.0,3,6.352139
0.0,4,6.35546
-0.304429,3,6.357942
0.0,3,6.360445
0.0,4,6.363748
0.0,5,6.367799
0.0,4,6.371082
0.0,3,6.373615
0.0,4,6.377086
0.0,2,6.379102
0.0,3,6.38157
0.0,2,6.383376
0.0,4,6.386573
0.0,4,6.389787
-0.190846,4,6.3932
0.0,4,6.396368
0.0,2,6.398067
1.5,2,6.399687
-0.5132,4,6.402915
-0.460165,4,6.40612
-0.260053,3,6.408656
0.0,2,6.410342
0.0,3,6.412858
-1.0,3,6.415498
0.0,4,6.418799
1.0,3,6.421248
0.0,3,6.423637
0.0,3,6.426003
0.0,3,6.428377
0.0,3,6.430776
0.0,3,6.433186
0.0,3,6.435621
0.0,4,6.438796
0.0,4,6.441998
0.0,3,6.444413
0.0,4,6.447685
0.0,2,6.449309
-0.39777,5,6.453274
0.0,3,6.455713
0.0,3,6.458151
0.0,2,6.459699
0.15387,3,6.462146
-0.204625,2,6.46399
0.0,4,6.467307
-0.849477,3,6.469854
0.0,2,6.471538
0.0,4,6.474783
0.0,2,6.476403
-0.798282,5,6.481603
0.0,4,6.485141
0.0,3,6.487821
0.0,4,6.491299
0.0,3,6.49398
0.0,3,6.496987
0.0,3,6.500104
0.0,2,6.502099
0.0,3,6.504803
0.0,4,6.510489
0.0,2,6.512392
0.0,3,6.515002
0.0,5,6.519321
0.0,3,6.522574
0.0,2,6.524735
0.640911,2,6.526572
0.0,2,6.528405
-1.0,4,6.532197
0.0,4,6.535649
0.0,3,6.538548
-0.08953,3,6.541145
0.0,3,6.543792
0.619638,3,6.546303
0.0,4,6.550154
-0.978463,4,6.553673
-1.0,3,6.556118
-1.201419,2,6.557786
0.0,2,6.559655
-0.585131,3,6.562612
0.0,2,6.564383
0.0,3,6.566973
-1.0,3,6.569462
0.0,5,6.574621
-0.06389,2,6.576328
0.0,3,6.579089
-0.190551,4,6.582659
0.0,5,6.587308
0.952274,4,6.590577
0.0,3,6.593452
-0.380547,2,6.595428
0.0,4,6.598969
0.0,3,6.601905
0.0,5,6.606987
-0.404545,3,6.610037
-1.0,3,6.612673
0.0,3,6.615681
-0.043114,3,6.618324
0.0,2,6.620256
0.0,5,6.624619
0.0,3,6.627393
-1.0,4,6.63097
0.0,4,6.634455
0.0,5,6.638824
0.0,4,6.642308
0.705812,2,6.644163
0.0,3,6.646714
0.0,4,6.650509
0.0,3,6.653433
0.0,2,6.655543
0.0,3,6.658326
0.954808,2,6.66012
1.105894,2,6.662042
-0.019122,4,6.665726
0.0,5,6.670163
0.0,2,6.67203
0.0,4,6.67555
0.0,3,6.678537
0.0,2,6.680311
0.0,2,6.682132
0.0,3,6.685189
0.570224,2,6.686974
0.0,2,6.68861
0.0,3,6.691371
-0.581219,6,6.697015
0.0,4,6.700609
-0.0978,3,6.703534
0.0,3,6.706282
0.8279,3,6.709278
0.0,3,6.711862
0.0,3,6.71478
0.0,3,6.717672
0.0,4,6.721348
0.0,5,6.725863
0.0,3,6.728801
-0.025017,2,6.730735
0.0,3,6.733306
0.0,3,6.736714
-0.579408,3,6.739379
-0.150731,3,6.742408
0.0,5,6.746846
-0.347267,3,6.749849
1.0,3,6.752622
-0.643465,5,6.757293
0.0,3,6.759982
-0.578181,4,6.763723
-0.720649,3,6.766534
0.0,4,6.770238
0.0,4,6.773944
0.442436,4,6.777814
0.0,3,6.780613
0.0,3,6.783447
0.0,4,6.787514
0.0,4,6.791286
0.0,3,6.794042
0.0,3,6.796782
0.877926,2,6.79896
0.0,5,6.80352
0.0,3,6.806418
0.0,3,6.809011
0.0,4,6.812859
0.0,5,6.817117
1.0,3,6.819974
0.0,4,6.823421
0.0,2,6.825388
0.0,4,6.828997
0.0,3,6.831618
0.0,3,6.834467
0.0,3,6.837004
0.0,4,6.840613
0.0,3,6.843215
0.0,5,6.8476
1.291389,2,6.849359
0.0,3,6.851857
0.0,2,6.853733
0.0,3,6.856407
0.334545,2,6.858176
0.0,3,6.860977
-1.0,3,6.863629
0.0,3,6.866255
1.5,2,6.868243
0.0,4,6.871665
0.0,4,6.875236
-0.928582,4,6.878703
0.0,5,6.883226
-1.0,4,6.886508
-0.167192,3,6.889354
0.0,2,6.891083
0.0,2,6.892812
0.0,4,6.896426
-0.014966,3,6.899
0.0,5,6.903657
-0.241935,3,6.906221
-0.009941,3,6.908918
1.5,2,6.910793
0.0,3,6.913419
0.389335,3,6.916133
0.0,2,6.917968
0.0,2,6.919668
0.0,3,6.922191
-0.496337,4,6.92602
0.0,3,6.92891
0.0,2,6.930776
0.0,4,6.934489
0.0,3,6.937303
0.0,3,6.940181
0.0,6,6.945608
0.405166,2,6.947579
0.581566,3,6.950644
0.0,4,6.955571
-0.274426,5,6.961194
0.0,3,6.965138
-0.661325,2,6.967552
-0.890554,3,6.970819
0.54523,2,6.973184
0.0,2,6.975093
0.0,3,6.978081
0.0,3,6.981074
-0.30004,2,6.982849
-1.0,4,6.986616
0.0,4,6.990385
0.0,2,6.992287
0.0,3,6.995052
0.0,2,6.996761
-0.27085,4,7.000404
-0.263384,3,7.003254
0.820245,3,7.005993
0.0,2,7.007823
-0.77155,3,7.010425
0.0,3,7.013205
-1.0,4,7.016806
0.0,2,7.018462
-0.586039,3,7.02137
0.0,4,7.024834
0.0,4,7.028638
-0.364344,4,7.032041
0.0,4,7.035829
0.0,2,7.037586
0.0,2,7.039219
0.0,3,7.042056
0.0,4,7.0454
-0.853775,2,7.04725
0.0,4,7.050711
0.0,2,7.052434
0.0,3,7.055135
0.0,2,7.056991
-0.096842,3,7.059484
0.0,2,7.061423
0.0,2,7.063256
-0.136969,2,7.065019
0.0,3,7.067823
-1.0,4,7.071673
0.0,3,7.074337
0.0,2,7.076615
0.0,2,7.078699
1.0,3,7.081572
-1.0,4,7.08531
-1.0,3,7.087876
-0.478736,2,7.089718
-0.213048,2,7.091514
0.0,4,7.094909
0.0,3,7.097809
1.0,3,7.100445
1.0,2,7.102128
0.0,4,7.106136
-0.04442,4,7.109507
0.0,3,7.112419
0.0,3,7.114912
0.0,4,7.118481
-0.002927,4,7.121895
0.0,3,7.124761
0.0,3,7.127483
1.5,2,7.129168
0.0,3,7.131841
-0.336086,5,7.136188
0.0,2,7.138074
0.0,3,7.140905
0.0,4,7.1444
0.0,4,7.148073
0.0,2,7.149788
0.319439,3,7.152714
-0.37198,6,7.158429
0.0,5,7.162951
0.0,4,7.166569
1.281756,2,7.168429
0.0,3,7.171038
0.0,4,7.17485
0.0,5,7.179072
0.0,4,7.182754
0.0,4,7.18626
0.0,3,7.189013
0.0,3,7.191611
0.0,3,7.194473
0.0,4,7.198029
0.0,3,7.200762
0.0,2,7.20269
0.0,2,7.204466
0.816279,2,7.206084
0.0,3,7.209111
2.0,2,7.210974
0.0,2,7.212654
-1.0,4,7.21626
0.0,3,7.218889
0.0,3,7.221603
0.0,4,7.225074
0.0,3,7.227554
-0.43401,5,7.232095
0.0,4,7.235569
0.0,3,7.23826
0.0,4,7.241729
-0.024798,3,7.24452
0.0,4,7.247978
0.0,3,7.250815
0.030589,4,7.254338
0.0,2,7.256231
0.0,4,7.259974
-0.185188,3,7.2628
0.0,3,7.265611
0.0,3,7.268284
-0.245542,3,7.271384
0.0,2,7.273557
-1.0,4,7.278393
0.0,4,7.282806
0.0,2,7.285356
0.0,4,7.289919
0.195733,3,7.293383
0.0,4,7.297034
0.0,3,7.300152
-0.445803,3,7.302727
0.0,4,7.306295
0.661912,4,7.309838
0.0,3,7.312595
-0.455895,2,7.31446
-0.027667,4,7.317894
0.0,3,7.320816
-0.794988,4,7.324231
-0.770454,2,7.326135
-0.364707,5,7.330453
0.0,3,7.333086
0.0,2,7.334986
-0.257479,3,7.337502
0.0,4,7.340857
0.760876,2,7.342767
-0.966843,4,7.346136
-0.068337,3,7.348936
-0.084404,2,7.350632
-1.0,3,7.353242
0.0,4,7.356735
0.0,4,7.360033
0.0,2,7.361809
0.0,3,7.364443
0.0,3,7.367064
0.0,2,7.36898
0.0,3,7.371696
0.0,2,7.373335
0.098927,2,7.375082
-0.286837,4,7.37877
1.138618,2,7.380563
0.0,2,7.382429
0.0,3,7.385269
0.0,3,7.387884
-0.78104,4,7.391589
0.0,2,7.393303
0.0,4,7.396776
0.0,2,7.398624
-0.23233,4,7.401958
-1.0,2,7.40366
0.0,3,7.406764
0.0,2,7.408559
0.0,2,7.410457
-0.041001,3,7.413228
0.0,2,7.414971
0.0,3,7.417657
0.0,2,7.419569
0.0,3,7.422044
0.170434,3,7.424794
0.0,5,7.429123
-0.127953,3,7.431887
0.0,3,7.434614
0.0,3,7.437148
0.0,4,7.440789
0.0,3,7.443227
0.0,2,7.444877
0.0,3,7.447737
-1.0,2,7.449468
-0.822087,2,7.451158
0.20852,3,7.453898
0.0,3,7.45636
0.0,2,7.458092
0.0,2,7.459886
0.0,3,7.462495
-1.0,4,7.465894
0.0,4,7.469428
-0.407626,3,7.47196
0.0,3,7.474769
0.0,2,7.476441
-1.021113,2,7.478141
-0.012095,3,7.480693
1.0,3,7.483265
-1.0,4,7.486618
0.0,3,7.489432
-0.030255,3,7.491888
0.0,2,7.493762
-0.417322,5,7.49814
0.0,2,7.499846
-0.784652,3,7.502698
0.0,3,7.505219
0.0,3,7.50787
0.0,2,7.509706
1.0,4,7.513039
0.0,2,7.514803
0.0,3,7.517627
0.0,3,7.520157
0.0,3,7.522974
0.0,2,7.52468
0.0,3,7.527167
0.0,2,7.528849
-1.0,5,7.533118
-0.226405,2,7.534862
-0.900864,3,7.537622
0.0,2,7.539297
0.0,6,7.544378
-0.178185,3,7.548275
0.0,3,7.553298
0.0,3,7.560286
-0.153585,5,7.568366
0.0,6,7.574307
-0.198357,3,7.577295
0.0,3,7.580028
0.0,2,7.583238
-0.311234,4,7.588054
0.0,3,7.590834
0.0,4,7.595183
-0.088942,2,7.597141
0.0,3,7.600348
-0.479985,4,7.604151
-1.0,2,7.606508
0.0,3,7.609281
-0.098081,3,7.611972
-0.234488,2,7.614187
-0.193159,2,7.616072
0.0,2,7.617829
0.0,5,7.622383
0.0,2,7.624151
-0.043122,3,7.627058
0.0,3,7.629728
0.0,2,7.631546
0.0,5,7.636168
0.0,5,7.64062
-0.510794,4,7.644283
0.0,3,7.646884
0.0,2,7.64896
0.0,3,7.651658
-0.017294,3,7.654907
0.0,2,7.656895
-1.0,3,7.659578
-0.908645,4,7.663229
0.0,3,7.66576
0.0,3,7.668474
0.0,4,7.67198
0.0,2,7.673718
0.0,3,7.676565
-1.0,3,7.679223
-0.191639,3,7.681905
-0.616782,4,7.685834
0.000535,3,7.688362
0.0,2,7.690339
-0.228329,3,7.693006
0.0,3,7.695521
-1.0,4,7.699293
-0.762877,3,7.701784
0.0,3,7.704633
0.0,2,7.706439
-0.115619,4,7.709735
0.0,2,7.711737
0.015492,3,7.71437
-0.326192,5,7.718956
0.0,3,7.721586
0.0,3,7.724283
0.0,3,7.727112
0.0,2,7.728804
0.0,3,7.731613
0.0,3,7.734276
0.0,4,7.737672
0.0,2,7.739403
-1.0,4,7.742831
0.355451,2,7.744637
0.0,4,7.747941
-0.410181,5,7.752051
0.0,5,7.756315
0.0,2,7.758139
0.0,3,7.760664
0.0,4,7.764069
-0.076371,4,7.76737
0.0,2,7.769064
0.0,3,7.771692
0.135266,3,7.774223
0.0,3,7.776691
0.0,2,7.778473
0.371377,3,7.780978
0.0,5,7.785276
-0.366816,5,7.789335
0.0,5,7.793309
0.0,4,7.796526
-0.216675,3,7.799142
0.0,4,7.80233
0.0,5,7.806504
-0.695277,2,7.808107
0.0,4,7.811172
-0.928436,2,7.812861
0.0,4,7.815902
0.0,4,7.818873
0.0,2,7.820452
0.0,3,7.822784
0.0,2,7.824335
-0.617471,3,7.826753
0.0,3,7.829065
-0.436523,4,7.832294
-1.0,2,7.833936
0.0,3,7.836248
0.0,3,7.838582
0.0,7,7.844158
0.0,2,7.845764
0.0,3,7.848286
0.0,2,7.85
0.0,5,7.85392
0.0,3,7.85655
-0.871397,5,7.860518
0.0,3,7.862942
0.0,2,7.864622
-1.0,3,7.867034
-0.07079,2,7.868668
-0.121437,2,7.870355
0.0,3,7.872849
0.0,6,7.877739
-0.735131,3,7.880192
0.0,4,7.883623
0.0,3,7.886065
0.793891,2,7.887746
0.0,3,7.890256
0.0,4,7.893624
-1.0,3,7.89614
-0.303034,4,7.89952
-1.0,3,7.902092
-0.377413,4,7.905472
0.0,3,7.907964
0.0,5,7.911945
0.0,3,7.914377
0.0,2,7.916028
0.0,2,7.917686
-0.96662,2,7.919317
0.482512,3,7.921726
0.0,2,7.923336
0.0,4,7.92658
0.0,3,7.928972
-0.852855,3,7.931626
0.0,5,7.935699
-0.113301,3,7.938125
0.0,3,7.940543
-1.0,3,7.942905
-1.0,3,7.94525
-0.1373,3,7.947525
0.0,3,7.949816
0.0,3,7.952066
0.0,2,7.953635
0.0,5,7.957399
-0.175102,2,7.958885
0.0,3,7.961112
-0.894787,3,7.963399
0.0,3,7.965595
-0.355658,4,7.968519
0.0,5,7.972192
-1.0,4,7.975689
0.0,4,7.978895
-0.572434,3,7.981228
0.342314,2,7.982831
0.0,3,7.985135
0.27205,2,7.986629
0.0,3,7.98893
-0.688704,4,7.991933
-1.0,3,7.994201
0.26213,3,7.996459
0.0,6,8.000874
0.0,3,8.003164
0.0,2,8.004679
0.0,2,8.006141
0.0,4,8.009043
-1.0,3,8.011316
0.0,3,8.01354
-1.0,5,8.017159
0.0,2,8.018646
1.0,4,8.15445
-0.464407,5,8.15842
0.0,3,8.161143
0.0,3,8.16355
0.0,2,8.165234
0.0,3,8.167976
0.0,3,8.170518
0.0,4,8.17381
0.0,2,8.175671
0.0,3,8.178205
0.768028,3,8.18056
0.0,2,8.182365
-0.127551,3,8.184825
-0.090482,3,8.187372
0.0,4,8.190498
0.05453,4,8.193714
0.0,2,8.195437
0.0,2,8.197183
0.0,4,8.200571
0.0,4,8.204068
-0.668943,4,8.207798
0.0,3,8.210578
-0.288085,5,8.214725
-1.0,3,8.217267
-1.0,3,8.219772
-1.0,4,8.223098
0.0,3,8.225624
-0.958835,2,8.227274
0.0,3,8.231206
0.0,2,8.233678
-1.0,3,8.23654
0.0,3,8.239167
0.0,4,8.242615
0.0,2,8.244298
0.0,3,8.246847
0.0,4,8.250214
1.0,4,8.253812
-0.766192,3,8.256375
0.0,2,8.258059
0.0,4,8.261285
-0.452135,4,8.264549
0.0,5,8.268549
0.0,3,8.271015
0.0,3,8.273548
-0.693923,3,8.275971
0.0,2,8.277604
-0.189249,5,8.281772
-0.21683,5,8.28594
0.0,2,8.287668
0.0,2,8.289401
-0.807065,3,8.292028
0.0,2,8.293762
0.0,2,8.295482
0.0,4,8.29884
-0.598947,3,8.301469
0.0,2,8.303124
-0.430516,5,8.307223
-0.802745,4,8.310484
0.0,3,8.312985
0.0,4,8.316269
-0.839847,3,8.318733
0.0,3,8.321232
0.0,2,8.322844
0.0,2,8.324471
-0.983635,4,8.327822
-1.0,3,8.33027
-0.752082,5,8.334395
0.0,4,8.337619
-1.0,3,8.340097
0.0,2,8.341742
0.0,4,8.344933
0.0,4,8.348272
0.0,3,8.350879
0.0,3,8.353388
-0.371821,3,8.355899
0.0,2,8.35798
0.0,4,8.361442
0.0,4,8.364908
0.0,2,8.36668
0.0,2,8.368454
-0.785129,6,8.373361
0.0,4,8.376762
-1.0,4,8.380036
0.0,5,8.384258
-0.843098,4,8.387593
-0.036773,3,8.390093
0.0,3,8.392648
0.0,3,8.39521
0.0,3,8.397815
0.0,3,8.400343
-0.308718,3,8.402913
0.0,4,8.406391
0.0,3,8.409279
0.111721,2,8.411232
0.0,5,8.416187
0.0,3,8.418794
0.123244,3,8.421438
-1.0,3,8.424163
-0.125616,3,8.426722
0.0,3,8.429357
0.0,4,8.432739
0.0,3,8.435334
0.0,2,8.437053
0.0,4,8.440383
0.0,5,8.444507
-1.0,4,8.447868
0.238385,2,8.44952
-1.0,3,8.452078
0.0,2,8.453747
0.0,3,8.456236
0.0,2,8.457985
0.0,2,8.459699
0.0,3,8.46219
0.0,3,8.464699
0.550221,3,8.467269
0.0,4,8.470555
0.0,2,8.47233
0.0,2,8.474028
-0.128604,3,8.476599
0.0,3,8.479122
0.0,2,8.48085
0.0,3,8.48338
0.0,3,8.485971
0.0,3,8.488703
-0.455722,5,8.493057
-0.591437,4,8.496494
0.0,3,8.499057
-0.116448,4,8.502503
-0.521618,3,8.505019
0.0,4,8.508627
0.0,4,8.512237
0.0,3,8.514954
0.0,4,8.5183
0.0,4,8.521651
0.0,4,8.524998
0.0,5,8.529132
0.0,4,8.532438
0.0,3,8.535163
0.0,2,8.536872
0.0,2,8.538528
0.0,3,8.541167
1.476629,2,8.542974
0.0,3,8.54561
0.0,3,8.548445
0.0,6,8.553854
0.0,4,8.557754
0.0,3,8.560511
-0.556644,3,8.563604
-1.0,5,8.568043
-0.176666,5,8.57282
0.0,4,8.576622
-0.69171,4,8.580993
-0.454416,3,8.584081
1.0,3,8.587191
0.0,3,8.590123
0.0,2,8.592072
0.0,3,8.594795
-0.366687,4,8.598572
0.0,4,8.602274
1.5,2,8.604319
0.0,2,8.60645
0.0,4,8.61031
0.0,2,8.612301
0.0,4,8.615939
0.0,3,8.618693
0.0,2,8.620526
0.0,4,8.624111
0.0,4,8.627667
0.0,4,8.631122
0.0,2,8.632851
0.0,4,8.636277
-0.354543,4,8.639803
-1.0,3,8.642492
-0.931437,4,8.645989
0.0,2,8.64784
0.0,3,8.650856
0.0,3,8.654054
-0.057839,4,8.657797
-0.234152,3,8.660636
0.0,4,8.664253
0.0,4,8.667919
0.0,4,8.671523
0.0,3,8.674612
-0.79486,4,8.678491
0.0,3,8.681411
0.0,4,8.686883
0.0,4,8.693032
0.0,3,8.697275
-0.168486,3,8.701058
-0.61978,3,8.705082
-0.353574,3,8.708925
-0.962242,3,8.713482
0.0,2,8.717637
0.0,3,8.723044
0.0,2,8.726554
-0.925109,5,8.735506
0.0,3,8.739942
0.0,3,8.743335
0.0,5,8.748723
1.5,2,8.751837
0.0,3,8.757497
0.0,3,8.7624
0.0,4,8.766598
0.0,3,8.769408
-0.228718,5,8.774346
0.0,2,8.776231
0.0,4,8.780237
0.0,3,8.783146
0.0,3,8.785974
0.0,3,8.789175
0.0,2,8.791191
-0.262191,3,8.794041
0.0,3,8.796829
0.0,4,8.800524
0.0,4,8.804135
0.0,3,8.806805
0.0,4,8.810523
0.0,4,8.81408
0.0,2,8.815997
0.830907,4,8.819493
0.0,3,8.822285
-1.0,6,8.827408
0.0,3,8.830337
0.0,6,8.836116
0.0,2,8.83804
0.0,3,8.840821
0.0,3,8.843948
-0.654449,2,8.845977
0.0,3,8.848819
0.0,4,8.852777
0.0,3,8.855546
-0.837599,4,8.859442
0.0,4,8.863008
0.0,3,8.86579
0.0,3,8.86845
-1.0,3,8.87136
0.0,3,8.874085
-0.959188,3,8.876804
0.0,3,8.879633
-0.652778,3,8.882419
0.0,5,8.887339
-1.0,5,8.891843
0.0,2,8.893659
0.0,4,8.897214
0.0,4,8.901343
0.0,5,8.906076
0.0,2,8.908007
0.0,4,8.911918
0.0,5,8.916526
0.0,3,8.919387
0.0,3,8.922172
-0.685302,3,8.924936
0.0,3,8.927897
0.0,4,8.932023
0.0,3,8.934938
-0.3409,3,8.93785
0.0,3,8.940748
0.767912,3,8.94353
0.0,4,8.947296
0.0,3,8.950061
0.0,6,8.955466
-0.027347,4,8.959135
0.0,4,8.962934
0.0,4,8.966569
0.0,3,8.969515
0.0,4,8.97313
-1.0,3,8.976058
-1.0,5,8.981359
-0.307293,3,8.985042
0.0,4,8.992013
0.0,2,8.99593
0.0,2,8.999781
0.0,3,9.005205
0.0,3,9.009605
-0.459773,3,9.012789
0.0,4,9.017001
1.5,2,9.018936
-0.36096,4,9.023599
-0.459289,4,9.028082
0.0,5,9.032956
-0.269368,4,9.03667
0.0,4,9.040733
-0.257269,3,9.043698
0.0,5,9.048618
-1.0,4,9.05289
0.0,2,9.055212
0.0,3,9.059008
-0.655065,4,9.063704
-0.302927,3,9.067488
0.0,2,9.069866
0.0,3,9.073348
0.0,2,9.075521
1.0,3,9.078568
0.385946,2,9.080631
0.0,2,9.082694
0.0,2,9.084652
0.0,3,9.088012
0.0,2,9.090261
-0.071894,2,9.092327
0.0,2,9.094619
0.0,2,9.09676
0.0,3,9.099946
-0.411982,4,9.104027
0.0,5,9.109421
-0.226501,4,9.113595
-0.026637,2,9.115764
0.009378,3,9.11884
0.0,4,9.122945
0.0,3,9.125947
0.0,2,9.12794
0.0,2,9.130225
-0.60626,5,9.135264
0.0,4,9.139626
-0.102737,4,9.143746
0.0,5,9.148582
0.0,4,9.153164
0.0,6,9.159271
-0.442607,3,9.16213
0.0,4,9.165959
-1.0,4,9.169743
0.0,5,9.174184
0.0,3,9.177006
0.0,4,9.180641
0.0,4,9.184222
-1.0,3,9.187241
0.0,3,9.189995
-1.0,6,9.195242
0.0,4,9.198805
0.0,2,9.200566
-0.623243,3,9.203268
-0.630255,4,9.206856
0.0,2,9.208647
0.0,5,9.212924
1.5,2,9.214712
0.0,3,9.217782
0.0,4,9.221456
-0.077811,2,9.223448
1.083017,2,9.225271
0.0,3,9.228219
-1.0,5,9.233056
0.0,2,9.234997
-0.079236,5,9.240068
-0.956149,3,9.243019
0.0,4,9.24713
0.0,3,9.250005
-0.012991,2,9.252123
-0.321273,4,9.256112
0.0,2,9.258286
-1.0,3,9.261325
0.0,3,9.264413
0.0,3,9.267534
0.0,3,9.270572
0.0,2,9.272717
0.0,5,9.277671
0.450629,3,9.280876
-0.17818,6,9.286612
0.0,3,9.289976
0.0,4,9.294253
0.0,5,9.299606
0.132164,4,9.303769
0.0,2,9.305924
0.0,2,9.307991
0.0,3,9.311101
0.414171,3,9.314207
-1.0,2,9.316309
0.0,3,9.319316
0.0,4,9.323388
-0.085406,4,9.327382
0.0,2,9.329545
0.0,3,9.332544
1.5,2,9.334519
0.0,3,9.337466
0.241585,4,9.34125
-2.0,2,9.343336
0.0,2,9.345323
0.0,5,9.350176
0.0,2,9.352145
-0.626001,3,9.355112
-0.407219,3,9.357927
0.0,3,9.360676
-1.0,3,9.363667
0.0,4,9.367202
0.0,3,9.370154
-0.416183,4,9.373785
-0.258335,3,9.376921
0.0,4,9.380695
0.0,4,9.384708
0.0,3,9.388157
-0.44059,3,9.391446
-0.279443,2,9.39337
0.0,4,9.397333
-0.148591,2,9.399298
1.0,3,9.40267
0.0,5,9.407611
-1.0,2,9.409672
-0.56234,2,9.41177
-0.383594,3,9.414969
0.0,2,9.417068
0.0,3,9.420156
-0.455447,2,9.422309
0.0,4,9.426421
0.0,4,9.430436
0.0,2,9.432454
0.0,3,9.435515
-0.917643,4,9.439529
0.0,3,9.442538
-0.268518,3,9.445603
0.0,4,9.449431
0.0,5,9.454404
0.0,3,9.457334
0.0,5,9.462178
0.0,3,9.465001
0.0,3,9.468043
0.0,3,9.470919
0.0,4,9.474886
0.0,3,9.477723
0.0,4,9.481798
0.0,4,9.485728
0.0,3,9.488897
0.0,4,9.492685
-0.153804,4,9.496603
0.0,2,9.498722
0.0,3,9.501692
-0.640516,2,9.50359
0.0,2,9.50559
0.0,4,9.509644
0.0,5,9.514264
0.0,5,9.518969
0.0,4,9.522746
0.0,2,9.524779
-0.429496,4,9.528548
0.0,2,9.530554
-0.401595,4,9.534385
0.0,3,9.537243
0.0,4,9.540953
0.0,2,9.542885
0.0,3,9.545728
0.0,3,9.548526
0.0,4,9.552275
0.0,5,9.557168
-0.228429,3,9.560365
-1.0,4,9.564214
0.0,5,9.568839
0.0,3,9.571646
0.0,4,9.575238
0.0,4,9.57885
0.0,4,9.582545
0.0,4,9.586307
0.0,3,9.588944
0.0,3,9.591697
1.5,2,9.593591
-0.788985,3,9.597002
-0.1233,3,9.600108
-0.483716,3,9.603365
0.0,3,9.606673
-0.57254,3,9.609595
0.0,3,9.612727
-1.0,3,9.615908
-0.595184,2,9.617805
-0.071956,5,9.622337
-0.855933,3,9.625088
0.0,2,9.626991
0.0,3,9.629813
-0.108355,3,9.632588
0.0,3,9.635376
0.107642,2,9.637243
-0.187488,4,9.640989
0.0,2,9.642877
-1.0,5,9.647392
0.0,4,9.651281
0.0,5,9.656332
0.0,2,9.658188
0.0,2,9.660288
0.0,3,9.662982
0.0,3,9.665758
0.983086,4,9.669392
0.0,3,9.672136
0.0,3,9.674884
0.0,2,9.676733
-0.888866,4,9.680401
-1.0,4,9.68397
0.0,3,9.686993
0.0,2,9.688924
0.0,3,9.691971
-0.150675,3,9.696056
-0.031149,4,9.702227
0.0,2,9.705364
0.0,3,9.709467
0.0,3,9.713345
-0.307738,4,9.717217
-0.350604,4,9.720894
-0.925793,4,9.724525
0.0,5,9.728922
0.0,2,9.730775
0.0,2,9.7326
0.0,3,9.735299
0.0,3,9.737953
0.0,3,9.740667
1.5,2,9.742485
0.0,5,9.747124
0.0,4,9.750997
0.0,3,9.753917
0.0,3,9.756841
0.0,2,9.75871
0.0,2,9.760651
0.0,4,9.764374
0.0,5,9.769258
0.0,3,9.772237
0.0,3,9.77515
0.0,3,9.777962
-0.458916,3,9.780878
0.0,4,9.784642
0.0,3,9.788413
0.0,2,9.791112
0.0,2,9.793586
-0.503224,4,9.7987
0.323225,2,9.800909
0.0,3,9.804315
0.0,4,9.809026
0.394422,3,9.81208
0.0,3,9.815409
0.0,2,9.817354
0.0,4,9.821625
0.0,3,9.824665
0.0,3,9.827768
0.0,3,9.830826
0.0,2,9.83272
0.0,3,9.835972
0.0,2,9.837923
0.0,5,9.842913
0.0,4,9.84663
-0.209337,3,9.849851
0.0,4,9.853502
0.0,3,9.857008
0.0,3,9.860133
0.806029,3,9.863321
0.0,4,9.867207
-0.191638,4,9.871241
0.0,4,9.875228
0.0,3,9.878436
0.0,3,9.88149
0.0,2,9.883448
-0.084047,2,9.885684
-0.380334,4,9.889819
0.0,3,9.893396
0.0,4,9.897215
0.0,3,9.90074
0.0,3,9.904143
0.117546,2,9.906512
0.0,2,9.908503
0.0,4,9.912485
-0.13989,5,9.917472
0.0,4,9.921786
0.0,3,9.924681
0.0,3,9.92816
0.0,5,9.933124
0.362825,2,9.935357
0.0,4,9.939456
0.0,4,9.943763
0.0,4,9.947942
-0.214002,3,9.951005
0.0,3,9.954254
0.0,4,9.958338
-0.042116,3,9.961689
0.0,2,9.963819
-1.0,4,9.968248
-0.322185,3,9.971409
-0.634587,3,9.974951
0.0,3,9.978449
0.487748,2,9.98119
0.0,2,9.983833
-0.390182,3,9.987474
-0.653774,4,9.992532
0.205076,2,9.994707
0.0,2,9.997092
0.0,4,10.001237
-0.4579,5,10.007288
0.0,3,10.011239
-0.253114,2,10.013449
-0.299188,4,10.018002
0.0,4,10.022528
0.0,3,10.026736
0.0,4,10.031483
0.0,3,10.03507
0.0,3,10.038787
0.0,3,10.042933
0.0,4,10.047995
1.5,2,10.050186
0.0,3,10.054228
0.0,2,10.056802
0.0,5,10.063221
-1.0,3,10.067114
-0.903718,2,10.069799
0.0,3,10.073471
0.239017,5,10.080011
0.0,3,10.083768
0.0,3,10.08779
0.0,3,10.092417
0.0,4,10.097636
0.0,3,10.101038
0.0,3,10.104383
-0.030315,3,10.107978
0.0,3,10.111451
0.271218,2,10.114055
0.0,2,10.116437
0.0,4,10.120438
0.0,3,10.123873
0.0,3,10.127034
0.0,3,10.130431
0.0,3,10.133627
0.0,3,10.136827
0.0,3,10.139759
-0.684215,2,10.141773
0.0,3,10.144816
0.0,4,10.148662
0.0,2,10.150756
0.92271,2,10.152648
0.78148,2,10.154527
-0.940011,4,10.158647
0.0,3,10.161876
-0.184821,4,10.165963
0.0,3,10.168819
0.0,4,10.172601
-0.268784,3,10.175473
0.0,2,10.177523
0.0,3,10.180409
-0.318742,2,10.182359
0.0,3,10.185391
0.0,2,10.187514
0.550642,3,10.380475
-0.572743,4,10.384421
0.0,2,10.38644
0.0,4,10.390609
0.0,3,10.393294
0.0,3,10.396145
0.0,3,10.398893
0.0,2,10.400964
0.0,3,10.404039
0.0,4,10.407592
0.0,3,10.410317
1.5,2,10.412145
0.0,2,10.414109
0.0,3,10.417019
-0.070452,3,10.419755
-0.151288,4,10.423321
0.879775,3,10.426071
0.0,2,10.427864
-0.994146,3,10.431303
0.0,3,10.43416
0.0,4,10.437889
0.0,4,10.441725
0.0,3,10.444634
0.0,3,10.447497
0.0,3,10.450682
0.0,4,10.454464
0.0,3,10.457599
0.0,3,10.460622
-0.857822,4,10.464457
0.0,4,10.468428
0.0,3,10.471322
0.0,3,10.474299
0.604899,2,10.476473
0.0,2,10.478455
-1.0,3,10.481563
0.0,3,10.48475
0.0,2,10.486732
0.0,4,10.491288
-0.1201,5,10.496637
0.0,2,10.49872
0.0,2,10.500986
0.0,4,10.504997
0.0,4,10.508831
0.0,2,10.511144
0.0,3,10.514212
0.0,4,10.518229
0.0,4,10.521984
-1.0,4,10.525842
-1.0,3,10.528794
0.0,3,10.531597
-0.946587,3,10.534575
-0.568576,2,10.536424
0.0,3,10.539499
0.0,2,10.541469
0.0,3,10.544206
-0.97532,4,10.547915
0.0,5,10.552437
0.0,4,10.556143
0.0,4,10.559851
0.0,2,10.56177
0.0,3,10.564598
-0.69008,3,10.567575
0.0,3,10.570507
0.0,4,10.574142
0.0,5,10.578643
0.0,3,10.581525
0.0,3,10.584204
0.0,5,10.589222
0.0,3,10.592027
-0.355028,2,10.59402
0.041569,2,10.595949
0.0,3,10.598965
0.0,3,10.60228
0.0,3,10.605923
0.0,3,10.609684
0.0,3,10.613024
-2.0,2,10.615614
0.0,3,10.619215
0.0,4,10.623394
0.0,2,10.625443
0.0,3,10.628484
0.0,2,10.630722
0.0,2,10.632837
0.0,2,10.634971
-1.0,3,10.638296
0.0,4,10.642245
0.330827,2,10.644146
0.0,3,10.646852
0.0,4,10.650677
0.0,6,10.656114
0.0,3,10.658899
0.0,2,10.66099
0.0,3,10.663856
0.0,3,10.666718
0.0,5,10.67113
0.18268,2,10.672933
0.0,2,10.674744
0.0,4,10.678661
0.0,2,10.680496
0.0,4,10.684161
0.0,4,10.687813
0.0,3,10.690939
0.0,3,10.69398
0.0,4,10.697882
0.0,2,10.699862
0.0,2,10.70185
0.0,2,10.703852
0.0,3,10.706613
0.0,3,10.709273
0.0,3,10.711963
0.0,2,10.713737
0.0,3,10.716494
0.0,3,10.719338
0.0,2,10.721151
0.0,3,10.723801
-0.200586,3,10.726453
0.0,4,10.729928
0.0,4,10.733481
0.352236,2,10.735304
0.841546,2,10.737083
0.0,4,10.740713
0.0,5,10.745719
0.0,3,10.74878
0.0,3,10.751841
0.0,2,10.753868
0.906274,2,10.755789
0.0,3,10.758882
0.0,3,10.761962
-1.0,3,10.765043
0.02479,3,10.767792
-0.213108,3,10.770745
0.0,2,10.7727
0.0,4,10.776622
0.0,3,10.779751
-1.0,3,10.782793
-1.0,2,10.785104
0.0,2,10.787061
0.0,4,10.790744
-0.249646,3,10.793688
0.0,4,10.797818
0.0,4,10.801892
0.0,2,10.803918
0.0,3,10.807068
-0.120038,2,10.810119
0.0,4,10.815012
0.0,3,10.818445
0.0,4,10.822807
0.0,3,10.826089
0.0,3,10.828885
0.0,2,10.831018
0.0,4,10.835495
0.0,3,10.838805
0.0,3,10.842223
0.0,3,10.845476
0.0,3,10.848929
-0.408932,3,10.852151
0.0,3,10.855822
0.0,2,10.858148
0.0,3,10.861785
0.0,2,10.864094
0.0,4,10.86888
0.644448,3,10.872403
0.0,2,10.874881
0.0,3,10.878209
0.0,4,10.882864
0.0,3,10.886139
1.0,4,10.890969
0.104656,2,10.893291
-1.0,3,10.897139
0.0,4,10.902149
0.0,4,10.906859
0.0,4,10.911811
0.0,2,10.914007
-0.930162,5,10.919719
-0.485667,3,10.923356
0.414914,4,10.927796
0.0,3,10.931451
0.0,5,10.936766
0.0,3,10.94006
0.0,3,10.943653
0.0,2,10.94592
0.0,4,10.949933
0.0,4,10.954328
-0.890393,2,10.956329
0.0,5,10.961408
0.0,2,10.96328
0.0,3,10.966594
0.0,2,10.968503
-0.016398,2,10.970715
-0.834978,2,10.974006
-0.330166,3,10.97852
0.0,3,10.9824
0.0,5,10.987481
0.0,7,10.994447
0.0,3,10.997543
0.0,3,11.00091
0.0,2,11.003181
0.0,3,11.006707
-0.02804,5,11.011647
-0.143024,5,11.01714
0.0,5,11.022816
0.0,4,11.027482
0.0,4,11.031756
0.0,2,11.034137
0.0,2,11.036397
0.0,4,11.040934
0.0,3,11.044593
0.0,6,11.051738
-0.048148,3,11.055374
0.0,4,11.059793
0.0,5,11.065209
0.0,3,11.069254
0.0,2,11.072465
0.0,2,11.075557
0.0,2,11.078854
0.0,2,11.081784
0.681861,5,11.089462
0.0,2,11.092722
-0.267901,3,11.09746
-0.938756,2,11.100359
0.0,3,11.104334
0.0,4,11.11062
0.0,2,11.113719
-0.431932,2,11.11683
0.0,3,11.120997
0.0,5,11.126433
-0.553826,3,11.129356
0.0,4,11.133796
0.0,3,11.137071
0.0,2,11.139611
0.0,2,11.141816
0.0,2,11.144009
0.0,3,11.147538
-0.111741,3,11.150603
0.0,3,11.154118
0.0,2,11.156172
1.0,3,11.159888
0.0,3,11.163198
-0.193875,2,11.165786
0.0,5,11.171325
0.0,4,11.176036
0.0,2,11.178248
1.5,2,11.180847
0.0,3,11.184107
0.0,2,11.186222
-0.409503,3,11.189745
0.867346,3,11.19291
0.0,2,11.195401
0.0,2,11.19762
0.0,2,11.19973
0.323289,3,11.202883
0.0,3,11.205869
0.0,2,11.208104
0.0,3,11.21117
-0.496365,3,11.214311
-0.889112,3,11.217566
0.0,4,11.221354
0.475697,2,11.223524
1.703597,2,11.225456
0.0,3,11.228618
0.0,3,11.233149
0.0,3,11.238411
0.0,3,11.24355
0.0,3,11.248099
-0.386557,4,11.252633
0.0,2,11.254826
-0.441541,3,11.258249
0.0,3,11.26141
0.963065,3,11.264724
-1.0,4,11.2686
0.0,3,11.271919
0.0,2,11.273912
0.0,2,11.275907
0.0,3,11.279137
0.0,5,11.283979
0.0,2,11.28641
0.0,5,11.291165
0.0,3,11.294321
0.0,3,11.297371
0.0,4,11.30143
-0.458594,3,11.304215
-0.302769,4,11.308585
0.0,3,11.3114
-0.314478,3,11.314607
0.0,2,11.316743
0.0,4,11.320913
0.0,2,11.322953
0.0,4,11.326937
0.0,3,11.32978
0.0,3,11.332586
0.0,4,11.33647
0.68172,3,11.339227
-0.261011,3,11.342243
1.0,2,11.344228
0.0,4,11.348201
-0.666167,4,11.351914
0.0,3,11.355157
0.0,2,11.357155
0.128062,2,11.359077
-0.863461,4,11.362988
0.0,4,11.366344
0.0,3,11.369467
0.0,3,11.372139
0.989335,4,11.375812
0.0,3,11.378563
0.0,2,11.380393
0.0,5,11.385177
-0.940577,2,11.386937
0.0,3,11.390039
0.0,3,11.392817
-1.0,3,11.395499
0.0,3,11.398469
0.0,4,11.402171
0.0,4,11.405942
0.0,3,11.4087
0.0,3,11.411751
-0.199952,4,11.415156
0.0,2,11.417293
0.0,3,11.420082
0.0,2,11.421813
0.0,7,11.428088
0.0,3,11.430923
-0.072706,6,11.436183
0.0,4,11.439978
0.208438,3,11.44257
0.0,2,11.444514
0.0,3,11.44733
-0.32135,3,11.450003
0.0,4,11.453758
0.0,3,11.456383
0.0,3,11.459319
0.0,7,11.465288
0.0,2,11.467207
1.011856,2,11.468978
0.0,3,11.471642
0.0,3,11.474636
0.0,5,11.479037
0.0,2,11.481018
-0.358188,4,11.48443
0.0,6,11.489884
0.0,3,11.492627
0.0,2,11.494697
0.0,4,11.498319
0.0,4,11.501947
-0.148261,3,11.504634
0.0,3,11.50749
0.0,2,11.509428
-0.642183,2,11.511194
0.0,2,11.512946
-0.642915,4,11.516841
0.0,6,11.522266
0.0,3,11.525036
0.0,2,11.526793
0.0,4,11.530563
0.0,3,11.533237
0.0,3,11.535948
0.0,4,11.539606
0.0,2,11.541514
0.0,2,11.543517
0.0,3,11.546244
0.0,2,11.548022
0.0,4,11.551665
0.0,3,11.554251
0.0,3,11.556987
0.0,3,11.559628
0.0,4,11.56302
-0.349102,3,11.56553
0.0,3,11.567978
0.0,3,11.57051
0.0,5,11.575074
-0.833521,4,11.578549
0.0,2,11.580332
0.0,5,11.584567
0.0,2,11.586521
0.0,4,11.590206
0.0,3,11.593137
0.0,5,11.597756
0.0,3,11.600739
0.0,2,11.602853
0.0,3,11.60631
0.0,2,11.608421
0.0,3,11.611486
0.0,2,11.613427
0.0,5,11.618917
0.0,3,11.622138
0.0,4,11.62649
0.0,3,11.629726
0.0,3,11.633122
-0.498347,5,11.638514
0.0,6,11.644636
0.0,4,11.648507
-0.07895,3,11.651426
0.0,3,11.654493
0.0,4,11.658401
0.0,3,11.661116
0.0,3,11.664005
0.0,4,11.667563
0.0,3,11.670244
0.0,4,11.674002
-1.0,3,11.676738
-1.0,2,11.678421
0.0,4,11.681801
-1.0,3,11.684483
0.018433,3,11.687194
-0.178376,3,11.690148
0.0,4,11.693684
0.294141,4,11.697355
0.0,3,11.700061
0.0,2,11.701967
0.0,2,11.703692
-0.415838,2,11.70542
0.0,2,11.707089
0.0,5,11.711233
0.0,5,11.715144
0.0,3,11.717548
0.0,4,11.720755
0.0,2,11.722396
0.0,2,11.723971
0.0,4,11.727147
0.0,3,11.729523
0.0,3,11.732024
0.0,3,11.734556
0.0,3,11.736939
0.0,3,11.739393
0.0,2,11.741043
-0.092657,5,11.744933
0.0,2,11.746672
-0.597668,2,11.748297
0.0,2,11.749927
0.0,4,11.753176
0.0,2,11.755163
0.0,4,11.758508
0.0,3,11.761243
0.0,4,11.764836
0.0,4,11.768183
-0.104683,3,11.770935
0.210199,2,11.77275
0.0,2,11.774547
0.0,5,11.778869
0.0,2,11.78059
0.0,2,11.78254
0.0,2,11.78438
-0.72499,2,11.786258
-1.442636,2,11.788144
0.0,5,11.793111
0.0,4,11.796911
-0.285173,3,11.799957
0.0,3,11.80322
0.0,3,11.806319
0.0,5,11.811013
0.0,2,11.813285
0.0,4,11.817134
0.0,4,11.821174
0.0,2,11.823728
0.0,3,11.826899
0.0,4,11.830809
0.0,4,11.834549
-0.094827,3,11.837451
0.0,2,11.839476
0.0,3,11.842283
0.0,2,11.844162
-0.129413,4,11.848003
0.0,3,11.850755
0.0,2,11.852711
0.0,5,11.857095
0.0,2,11.858991
0.0,3,11.861779
0.0,4,11.865325
0.0,2,11.86724
0.0,4,11.87068
0.0,2,11.872594
-0.08325,5,11.876871
0.0,3,11.87947
0.0,3,11.88224
0.0,3,11.884818
0.0,3,11.887451
0.0,4,11.890977
0.0,2,11.892934
0.0,2,11.894609
0.0,3,11.897269
0.903955,2,11.898959
-0.169314,3,11.901457
0.0,2,11.903298
0.0,2,11.905032
0.0,2,11.906703
0.0,2,11.908359
0.0,2,11.910011
0.0,3,11.912402
0.0,4,11.915496
0.0,6,11.92021
-0.087712,2,11.92187
0.0,2,11.923488
0.0,2,11.9251
-0.884583,3,11.927491
0.0,8,11.933626
0.0,3,11.936096
0.0,4,11.939264
-0.698897,4,11.942452
0.0,3,11.944855
0.0,4,11.948007
-0.7394,5,11.952084
0.0,5,11.95601
0.0,2,11.95758
0.370972,3,11.959974
0.0,2,11.963125
-0.739269,3,11.966319
0.431384,2,11.968391
0.688712,3,11.971576
0.0,3,11.974297
-1.0,2,11.975983
0.0,3,11.978639
0.0,2,11.980411
0.0,3,11.983147
0.0,4,11.98654
0.685722,3,11.989017
0.0,4,11.99241
0.0,3,11.995139
0.0,3,11.997663
-1.0,3,12.000266
0.0,2,12.001969
0.0,3,12.004505
-1.0,3,12.006999
0.0,3,12.00943
1.096028,2,12.011068
-0.028066,2,12.012653
0.026669,3,12.015088
0.0,3,12.017483
0.582941,3,12.019875
0.0,2,12.021552
-0.994226,4,12.024717
-0.377637,3,12.027103
0.0,2,12.028717
0.0,3,12.031124
0.0,4,12.034285
0.0,2,12.035925
0.0,2,12.037516
-0.950213,3,12.03987
0.0,2,12.041474
-1.0,3,12.043946
-0.471101,3,12.046352
0.0,2,12.048301
0.0,3,12.05154
1.0,2,12.053325
0.0,4,12.05663
0.0,2,12.058316
0.0,3,12.060795
0.0,3,12.063341
0.0,3,12.065953
0.0,3,12.068421
0.0,2,12.070074
-0.197806,4,12.073668
0.0,3,12.076333
0.0,5,12.080535
0.0,4,12.083903
0.0,3,12.086408
0.0,3,12.088819
0.0,3,12.091429
0.0,3,12.094141
0.0,4,12.097496
0.0,3,12.100099
-0.686032,3,12.102588
0.0,2,12.104443
-1.0,2,12.106401
0.0,3,12.109135
0.0,2,12.110837
0.0,3,12.113372
0.0,4,12.116787
0.0,3,12.119397
1.061666,2,12.121098
0.0,3,12.123581
-1.0,2,12.125306
0.0,3,12.127876
0.0,2,12.129599
0.0,3,12.132059
-1.0,4,12.136577
0.0,2,12.138697
0.0,3,12.141483
0.898034,2,12.143404
0.0,4,12.146817
0.0,3,12.149312
0.0,3,12.151878
0.0,3,12.154334
0.0,4,12.157554
0.0,6,12.162312
0.0,3,12.164685
0.0,5,12.168678
0.0,5,12.172653
0.575027,3,12.175072
1.5,2,12.1767
0.0,5,12.180697
0.0,3,12.183099
0.0,2,12.184676
0.552925,3,12.187028
-0.178117,5,12.190934
0.0,3,12.193475
-0.00438,5,12.197593
0.0,3,12.199981
0.139023,3,12.202502
0.0,4,12.205741
0.0,2,12.207375
-0.05474,2,12.209074
0.0,3,12.211699
-0.185453,4,12.214926
0.0,3,12.217432
0.0,3,12.219865
0.0,3,12.222222
-1.0,4,12.225357
0.0,2,12.227
0.0,3,12.229594
0.0,4,12.232945
-1.0,2,12.234786
0.0,4,12.238264
0.0,3,12.240931
1.5,2,12.242936
1.5,2,12.244826
0.0,2,12.246594
0.0,3,12.249279
0.0,3,12.25189
0.0,4,12.255351
0.0,2,12.257203
0.0,5,12.261458
0.0,2,12.263328
0.0,3,12.265936
0.0,3,12.268436
-0.385238,4,12.271735
0.0,2,12.273482
-0.185569,5,12.277548
0.0,3,12.27998
0.0,3,12.282498
0.0,4,12.2857
-1.0,3,12.288052
0.619163,4,12.291254
0.0,5,12.295567
-0.350113,2,12.297204
1.0,3,12.29983
0.0,4,12.303098
0.0,4,12.306372
0.02223,2,12.308094
0.0,3,12.310544
0.0,2,12.312203
-0.563852,2,12.313894
1.0,2,12.315593
-0.272259,3,12.319082
0.0,6,12.325083
0.0,4,12.329229
0.0,4,12.332607
0.0,3,12.335306
0.0,5,12.339279
0.0,4,12.34249
0.0,3,12.344944
0.834147,2,12.346593
0.0,3,12.349058
0.0,3,12.351518
0.0,5,12.355453
-1.0,3,12.358021
0.242427,2,12.515002
0.0,4,12.519649
0.0,2,12.521481
-0.199641,4,12.525358
0.0,2,12.527123
0.0,4,12.530894
0.0,3,12.533536
-0.182404,4,12.537125
0.0,2,12.538888
0.0,3,12.541377
0.0,2,12.543108
0.0,5,12.547779
1.464705,2,12.549788
0.0,4,12.553381
0.0,2,12.555292
0.0,4,12.558629
0.0,4,12.561796
0.0,3,12.5643
0.0,3,12.566788
0.0,5,12.570869
0.0,3,12.573305
-1.0,3,12.575658
0.0,4,12.578813
0.0,2,12.580391
0.0,4,12.583522
0.0,3,12.586028
0.0,2,12.587714
0.0,3,12.590354
0.0,3,12.593029
0.0,4,12.596294
0.0,3,12.598742
0.0,4,12.602123
0.0,3,12.604914
0.0,3,12.60816
0.0,3,12.610847
-1.0,3,12.613402
0.0,3,12.615911
0.0,4,12.619403
0.0,3,12.622364
0.0,3,12.624835
0.0,2,12.626544
0.0,4,12.629737
-0.469785,4,12.633
-0.468349,3,12.635465
0.0,3,12.638141
0.0,3,12.640891
0.635575,2,12.642581
0.0,3,12.645161
0.0,3,12.647632
0.0,2,12.649344
0.0,2,12.650936
-0.365292,3,12.653311
0.0,2,12.654957
0.0,5,12.658852
0.0,4,12.662164
0.0,5,12.666206
0.0,4,12.669399
0.0,2,12.671102
0.0,3,12.673632
0.0,4,12.676897
0.0,3,12.679412
0.0,3,12.681891
0.0,3,12.684311
0.0,3,12.686679
0.0,2,12.68836
0.311694,4,12.691511
-1.0,2,12.693112
0.0,2,12.694757
0.0,2,12.696325
0.0,2,12.697969
-0.067189,2,12.699604
0.0,4,12.702815
0.0,4,12.706179
0.0,3,12.709005
0.0,3,12.711603
0.0,3,12.714059
0.0,5,12.718231
0.0,3,12.720728
0.0,3,12.723199
0.0,3,12.72563
0.0,2,12.727347
0.0,3,12.729722
0.0,2,12.731376
0.0,3,12.733779
-0.450689,5,12.738207
-1.0,2,12.739881
0.0,4,12.743145
0.0,2,12.744839
0.0,4,12.74812
0.0,3,12.75059
0.0,3,12.753106
0.0,2,12.754768
0.0,4,12.758039
0.0,4,12.761221
0.0,3,12.763571
1.0,4,12.766788
0.0,5,12.770707
0.0,4,12.77387
1.384192,2,12.775504
-0.367096,3,12.777925
0.0,4,12.781116
0.0,4,12.784353
0.0,4,12.787659
0.0,4,12.790908
-1.0,3,12.793372
0.0,4,12.796671
0.0,5,12.800947
0.0,4,12.804208
0.0,4,12.807702
-0.452453,4,12.811111
0.0,3,12.813557
0.0,3,12.816206
0.0,3,12.818711
0.0,2,12.820384
-0.169708,5,12.824873
0.0,4,12.82811
0.0,5,12.832094
0.0,3,12.834615
0.070512,3,12.837091
0.0,2,12.838891
0.0,4,12.84217
0.0,4,12.845426
0.0,2,12.847126
0.0,3,12.849615
0.0,2,12.851292
0.276868,4,12.854597
0.0,3,12.857027
-0.564395,3,12.859538
0.0,4,12.862836
0.737153,2,12.864517
-1.0,3,12.8669
0.0,4,12.870053
0.0,3,12.872417
0.0,3,12.874786
0.0,4,12.877895
0.0,3,12.880317
0.0,5,12.884202
0.0,3,12.886583
0.0,2,12.888218
0.0,2,12.889829
0.0,3,12.892437
-0.028206,3,12.894873
0.0,3,12.89736
-0.306779,3,12.899858
0.0,3,12.902633
-0.761944,4,12.907178
0.0,4,12.910674
0.0,4,12.914505
0.0,2,12.916415
-0.108397,4,12.919951
0.0,2,12.921717
0.0,3,12.924281
0.0,3,12.927097
0.834168,2,12.928931
0.0,2,12.930603
0.0,5,12.935007
-0.115155,3,12.937549
0.0,2,12.939265
0.0,2,12.941004
0.0,3,12.943795
0.0,4,12.947088
0.0,2,12.948976
0.0,3,12.95164
0.0,3,12.954244
0.0,4,12.957823
0.0,3,12.960309
0.0,5,12.964665
-1.0,4,12.967975
0.0,6,12.97315
0.0,3,12.975656
0.277978,5,12.979986
0.0,2,12.98173
0.0,4,12.985266
0.0,3,12.988512
0.0,4,12.992593
-0.65785,3,12.995237
0.0,3,12.998109
0.0,2,12.999969
0.0,3,13.002538
0.0,3,13.005324
0.0,3,13.007843
0.0,3,13.010376
0.234518,2,13.012263
0.0,3,13.014942
0.0,3,13.017554
0.0,3,13.020342
0.0,5,13.024431
0.440597,2,13.026435
-1.0,2,13.028089
0.0,4,13.031382
0.0,3,13.03415
0.0,2,13.035917
0.0,2,13.037568
0.0,2,13.039479
-0.754004,2,13.041267
0.0,4,13.044575
0.0,3,13.047434
-0.34962,2,13.049158
0.0,4,13.053771
0.0,2,13.055695
0.0,4,13.059123
0.103146,3,13.062061
0.0,3,13.064679
0.0,4,13.068398
0.0,2,13.070172
0.0,4,13.073713
0.0,3,13.076465
-0.491726,3,13.078986
0.0,2,13.081027
0.0,5,13.085438
0.0,2,13.087189
0.0,3,13.090196
0.0,2,13.092015
0.0,3,13.094841
0.0,2,13.096683
-0.383065,3,13.09925
0.0,4,13.102911
0.999208,2,13.104871
0.0,3,13.1076
0.0,5,13.112799
0.0,3,13.115755
0.971712,4,13.11939
0.0,3,13.121952
0.0,3,13.124795
-0.41905,3,13.12738
0.0,4,13.131037
0.0,3,13.133676
0.0,3,13.136454
0.0,2,13.138355
0.0,4,13.141661
0.0,2,13.143493
0.0,4,13.146933
0.0,4,13.150548
1.5,2,13.15237
0.0,3,13.154883
0.0,3,13.157675
0.0,5,13.162017
-0.220325,4,13.165603
0.0,4,13.168902
0.0,2,13.17066
-0.13605,3,13.173525
-0.155465,3,13.175944
0.0,6,13.181366
0.0,2,13.183051
0.0,3,13.185791
0.0,3,13.188337
0.0,5,13.192698
0.0,3,13.1953
-0.382188,3,13.197793
0.0,3,13.200703
0.0,4,13.204051
0.0,3,13.206814
1.5,2,13.208575
0.0,2,13.210258
-0.389614,4,13.213744
0.0,4,13.217205
0.0,2,13.219024
0.0,3,13.221852
0.0,3,13.22443
0.0,3,13.227193
0.0,4,13.230598
0.0,3,13.233119
0.0,5,13.237577
-0.262848,3,13.240681
0.0,2,13.242567
0.0,2,13.244303
0.0,4,13.247761
0.0,2,13.249621
0.0,2,13.251357
0.0,3,13.253886
0.0,3,13.256681
-0.372375,3,13.259198
2.0,2,13.261002
0.0,5,13.265359
0.0,4,13.268939
-1.0,2,13.270785
0.0,3,13.273335
-1.0,3,13.27614
-1.03434,2,13.277929
0.420202,3,13.280521
0.0,2,13.282426
0.0,4,13.285887
0.0,2,13.287674
1.0,2,13.289623
0.0,5,13.29384
0.0,3,13.296545
-0.369236,3,13.29922
0.0,2,13.301141
0.0,5,13.305587
0.0,2,13.307321
0.0,4,13.310819
0.0,3,13.313483
0.0,3,13.31615
-0.164277,4,13.319742
0.0,4,13.323074
1.178672,2,13.325007
0.0,4,13.32842
0.0,4,13.332123
0.0,3,13.33477
0.0,4,13.338295
0.0,3,13.341111
0.0,3,13.343669
0.780544,4,13.347302
-0.133312,3,13.349872
0.0,5,13.354381
0.0,3,13.356977
1.0,5,13.361562
1.5,2,13.36332
0.0,2,13.365102
-0.4849,4,13.368744
0.0,3,13.37141
0.0,2,13.373464
0.0,3,13.376132
0.303431,2,13.377787
-0.14495,3,13.380614
0.0,5,13.38482
0.0,4,13.388492
0.0,3,13.391244
0.062918,2,13.393167
-1.0,4,13.397379
0.0,3,13.400256
0.0,5,13.405043
0.0,3,13.407989
0.025355,6,13.41348
-0.77191,4,13.417318
0.0,3,13.42003
0.0,3,13.42282
0.0,5,13.427079
0.0,2,13.428997
0.623398,4,13.432637
0.0,2,13.434385
0.0,2,13.436353
0.0,3,13.439081
0.0,2,13.440908
0.0,2,13.442789
-0.311918,2,13.444683
-0.315591,2,13.446458
0.0,6,13.451818
0.0,4,13.455355
0.0,3,13.458247
0.0,3,13.460904
0.0,2,13.462763
-1.0,3,13.465726
0.0,2,13.467528
0.0,4,13.471211
-0.15072,3,13.473917
-0.00217,3,13.476606
0.0,4,13.480396
0.0,4,13.484085
-0.079284,5,13.488655
-0.592493,2,13.490686
-0.381554,5,13.495388
0.0,4,13.499207
0.0,2,13.501167
0.0,2,13.502885
0.0,2,13.504877
0.0,3,13.507905
0.0,3,13.510636
0.0,4,13.514674
0.0,5,13.522522
0.885518,5,13.529025
0.0,2,13.531678
0.0,2,13.534617
0.0,4,13.539132
0.0,5,13.545691
0.0,4,13.552469
0.0,2,13.555593
0.0,4,13.560424
0.0,3,13.564459
0.0,3,13.568475
0.0,2,13.570678
0.0,2,13.572514
-0.899864,3,13.576027
-0.973871,3,13.579111
0.0,3,13.582846
0.0,4,13.587505
0.0,4,13.592005
0.0,4,13.595726
0.0,4,13.599209
0.0,4,13.602672
-0.260616,2,13.60513
0.0,2,13.60702
0.0,2,13.608802
0.0,3,13.611996
0.0,3,13.614639
0.0,4,13.618556
0.0,4,13.622223
-0.143291,5,13.627078
0.0,4,13.630746
0.0,6,13.635925
-1.0,4,13.639899
0.0,3,13.642392
0.0,4,13.646221
0.0,3,13.648803
0.0,4,13.652673
0.0,4,13.656231
0.0,3,13.659245
0.0,4,13.662765
0.0,3,13.665459
-0.098017,3,13.668376
0.0,3,13.671003
-1.0,3,13.674019
-0.544269,5,13.678378
0.0,3,13.681384
-0.65135,4,13.684725
0.0,3,13.687708
0.0,3,13.690281
0.0,3,13.692898
0.0,5,13.697428
0.0,3,13.700202
0.0,3,13.703211
0.0,3,13.705698
0.0,4,13.709279
0.0,6,13.714554
0.0,2,13.716379
0.815024,2,13.718026
0.0,3,13.720577
0.0,4,13.723907
0.0,5,13.728111
0.0,2,13.729802
-0.206377,5,13.733829
0.0,4,13.737018
-0.915971,2,13.738639
-0.128345,4,13.742098
0.0,2,13.743788
0.0,5,13.747734
-0.189651,3,13.750164
0.0,3,13.752607
-0.603436,4,13.755874
0.0,4,13.759073
0.0,3,13.761476
-0.164047,4,13.764669
0.0,3,13.767095
0.0,2,13.768747
0.0,3,13.771185
0.0,2,13.772783
0.0,2,13.774437
0.822843,3,13.77685
-1.579936,2,13.778555
-0.484067,4,13.781729
0.0,6,13.786447
0.0,3,13.788886
1.5,2,13.790522
-0.404559,4,13.793685
-0.122476,3,13.796101
0.0,2,13.797757
-0.040558,3,13.800195
0.0,4,13.803435
0.0,3,13.805846
0.0,5,13.809809
0.0,3,13.812302
-0.077407,2,13.814184
0.0,3,13.8166
1.033804,2,13.818289
0.0,3,13.82068
0.0,3,13.823223
0.0,3,13.825768
0.0,2,13.827368
0.0,3,13.829734
0.0,4,13.832859
0.0,4,13.835943
-0.802396,3,13.838373
0.0,2,13.840069
0.0,2,13.841701
0.0,3,13.844082
0.0,3,13.846427
0.0,4,13.849662
-0.448729,4,13.852945
0.0,4,13.856259
-0.884532,4,13.85949
0.532823,2,13.861133
0.0,5,13.865007
0.0,3,13.867421
0.0,2,13.869035
0.0,4,13.872145
-1.0,3,13.874527
1.0,3,13.876888
0.0,3,13.879318
0.0,3,13.881739
0.0,2,13.883414
0.0,3,13.885833
0.0,3,13.888224
0.0,3,13.890624
0.0,2,13.892244
0.992018,3,13.89462
0.0,5,13.898573
0.0,4,13.901627
0.0,2,13.903199
0.0,2,13.90473
0.0,6,13.909311
0.0,3,13.911544
-0.55601,3,13.91414
0.801726,2,13.915807
0.0,4,13.918926
0.0,6,13.923726
0.0,3,13.926054
0.0,3,13.928345
0.0,3,13.9306
0.0,2,13.932122
0.0,3,13.934361
0.0,2,13.935912
0.0,3,13.93813
0.0,4,13.941114
-0.184835,4,13.944039
-1.0,3,13.946288
0.0,3,13.94858
0.0,2,13.950078
-1.0,5,13.953773
-0.749601,3,13.955989
0.0,3,13.95831
0.0,2,13.959901
0.0,4,13.962897
-1.0,5,13.966725
0.0,3,13.969236
0.0,4,13.972377
0.0,3,13.974667
-0.140451,3,13.977098
0.0,3,13.97956
0.0,3,13.981873
0.455256,2,13.983654
-0.168513,3,13.986074
0.0,3,13.988638
0.0,3,13.991638
0.0,2,13.993595
0.0,3,13.996171
0.0,2,13.997827
0.0,3,14.000416
0.0,3,14.002777
0.0,2,14.004404
0.0,4,14.007458
0.0,3,14.010216
-0.733887,4,14.013664
0.0,4,14.016998
-0.350068,2,14.018636
0.0,4,14.022025
-0.820361,2,14.0237
0.0,3,14.026241
0.53419,3,14.028744
0.0,3,14.031331
0.0,2,14.033031
1.5,2,14.03471
0.0,5,14.038895
0.0,4,14.042263
0.0,2,14.043993
0.0,3,14.046446
0.0,4,14.050967
0.0,3,14.053637
0.498637,2,14.057529
0.0,3,14.062012
0.0,2,14.064677
0.0,4,14.068168
0.0,5,14.072345
-1.0,3,14.074953
0.0,3,14.077441
0.0,3,14.079849
-0.450761,4,14.083028
0.0,2,14.084603
0.0,4,14.087753
0.965217,5,14.09166
0.0,3,14.09395
0.0,4,14.097097
-0.35714,4,14.100147
-0.354356,3,14.102432
0.0,2,14.104075
0.0,3,14.10668
0.0,5,14.110767
0.0,3,14.113292
1.317976,2,14.114954
0.0,3,14.117329
-0.485021,3,14.119569
0.0,3,14.12184
0.038864,2,14.123372
0.0,4,14.126422
0.0,4,14.129444
-0.8388,3,14.131675
0.0,4,14.134669
-0.13543,3,14.136919
0.0,2,14.138419
0.0,2,14.13992
-0.071066,3,14.142146
-0.398689,4,14.145159
0.0,3,14.147449
1.5,2,14.148918
0.0,3,14.151216
0.0,3,14.153473
0.0,2,14.154943
0.0,3,14.157199
0.0,5,14.160887
0.0,3,14.163201
-0.771841,3,14.165507
0.011119,2,14.166994
-0.871444,2,14.168484
-0.236075,6,14.172951
0.0,3,14.175275
-0.048245,3,14.177553
0.0,5,14.181276
0.0,2,14.182788
0.0,2,14.184362
0.0,5,14.18807
-0.425939,4,14.191041
0.0,2,14.192558
0.0,3,14.194768
-0.906637,2,14.196256
-0.481777,4,14.19922
1.5,2,14.200682
0.0,3,14.202893
0.0,3,14.205141
-0.285628,7,14.210248
0.0,4,14.213324
0.0,2,14.215125
0.0,4,14.218151
0.0,2,14.219671
-0.998305,4,14.222719
0.10829,3,14.224984
0.0,4,14.22797
0.0,4,14.230975
0.0,5,14.234728
-0.581985,3,14.236964
0.0,2,14.238471
0.0,3,14.24082
0.0,5,14.245032
0.0,2,14.24701
-1.0,2,14.248976
0.0,5,14.25309
0.0,4,14.25655
0.0,3,14.259052
-0.320924,3,14.261812
0.0,4,14.265104
0.0,5,14.269159
0.0,3,14.271587
0.0,4,14.274754
0.0,2,14.276437
-0.415968,3,14.278816
0.0,3,14.281205
0.0,3,14.284519
0.0,4,14.288123
0.0,5,14.292488
0.0,4,14.414502
0.0,3,14.416974
0.0,2,14.418799
0.0,3,14.421482
-1.0,6,14.426452
0.0,4,14.429565
-0.111647,3,14.432037
0.0,3,14.434492
0.0,3,14.436842
-0.893358,6,14.441613
-0.3421,2,14.443188
0.0,3,14.445561
0.0,2,14.447291
-0.282267,4,14.450409
0.0,3,14.452758
-0.259018,4,14.456161
0.0,2,14.457815
0.0,3,14.460222
0.0,3,14.462525
0.0,3,14.464821
1.0,3,14.467092
0.0,5,14.470814
0.0,3,14.473117
0.0,4,14.476067
0.0,3,14.478276
0.0,2,14.479766
0.0,2,14.481339
0.0,4,14.484339
0.0,2,14.485847
0.0,3,14.488091
0.0,3,14.490412
1.5,2,14.491939
0.0,3,14.494199
0.0,4,14.497125
0.0,4,14.500182
0.0,4,14.503163
0.0,3,14.505511
-1.0,4,14.508485
0.0,2,14.510013
0.0,3,14.512319
0.0,4,14.515508
0.0,3,14.517848
0.0,3,14.520129
0.0,2,14.521777
0.0,2,14.523328
0.0,3,14.52569
0.0,4,14.528709
0.0,4,14.531782
0.0,3,14.534002
0.0,3,14.536291
1.5,2,14.537776
-0.336298,2,14.539271
-0.459849,3,14.541555
0.0,3,14.543776
1.5,2,14.545296
0.0,3,14.547556
-0.701186,2,14.549039
0.0,4,14.55198
1.294782,2,14.553522
0.0,3,14.555749
0.0,3,14.558062
0.0,3,14.560288
0.367883,2,14.561809
0.0,2,14.563332
-0.393204,4,14.566291
0.0,3,14.568516
0.0,4,14.571464
0.0,2,14.572964
0.0,3,14.575272
0.0,5,14.579184
-0.765274,3,14.581534
-0.134052,3,14.584041
0.0,4,14.587413
0.674379,3,14.589913
0.0,4,14.593307
0.0,3,14.59578
0.0,3,14.598247
0.0,2,14.599861
0.0,3,14.602308
0.0,3,14.60507
-0.249537,3,14.607709
0.0,4,14.611013
0.0,3,14.613436
0.0,3,14.61594
0.0,3,14.618474
0.0,4,14.62174
-0.294343,2,14.623395
0.0,2,14.625023
0.0,2,14.626698
0.0,2,14.628343
0.0,3,14.630793
-0.048114,3,14.633218
0.0,4,14.636387
1.5,2,14.637982
0.0,4,14.641058
0.0,3,14.643364
-0.187145,3,14.645717
-0.511898,4,14.64883
0.0,3,14.651149
0.0,2,14.652753
0.0,4,14.655974
0.865354,2,14.657816
0.0,2,14.659408
0.0,3,14.66175
-0.137517,3,14.664086
0.0,3,14.666437
0.0,3,14.668717
0.0,3,14.671477
-1.0,3,14.673929
0.0,3,14.676366
1.016502,2,14.677962
-0.241553,4,14.681093
0.163668,2,14.682748
0.0,3,14.685051
0.0,2,14.686632
0.991572,3,14.688932
0.0,4,14.691957
0.0,4,14.695003
0.0,3,14.697335
0.023672,3,14.699651
0.0,3,14.702007
-1.0,3,14.704388
0.0,2,14.706024
0.0,3,14.708452
0.0,4,14.711641
0.0,4,14.715003
0.0,3,14.717713
0.0,4,14.720965
0.0,3,14.723599
0.0,2,14.7254
0.0,3,14.727843
1.133064,2,14.7296
0.0,2,14.731395
-1.0,4,14.73477
0.0,3,14.737339
0.715305,3,14.739926
0.0,3,14.742426
0.0,4,14.745818
0.0,3,14.748465
0.0,2,14.750178
-0.483622,4,14.753549
0.0,5,14.75781
0.106372,3,14.760414
0.0,2,14.76212
0.0,4,14.765321
0.0,4,14.768489
0.0,3,14.770823
0.0,2,14.772362
0.0,4,14.775439
0.736489,2,14.777066
0.0,4,14.780265
0.0,3,14.782615
1.0,3,14.784968
0.0,3,14.787295
0.0,3,14.789617
0.0,4,14.792669
-0.358298,3,14.795038
0.0,3,14.797369
0.0,2,14.799
0.0,3,14.801356
0.0,3,14.803725
0.0,4,14.806888
0.0,3,14.809299
0.0,2,14.810935
0.0,3,14.813295
-0.204258,3,14.815832
-0.248757,4,14.819135
-0.776987,5,14.823197
0.0,3,14.825631
0.0,3,14.82813
0.0,2,14.829729
0.0,3,14.832152
0.0,3,14.834541
0.0,3,14.837213
0.0,3,14.839957
-0.410872,3,14.843328
0.0,5,14.847922
0.0,2,14.849953
0.0,3,14.852683
0.0,3,14.855389
0.0,3,14.857994
0.0,3,14.860475
0.0,2,14.862332
0.0,3,14.865104
0.0,5,14.869498
0.0,2,14.871436
0.0,3,14.87414
-0.194678,2,14.87579
0.0,4,14.879526
0.0,2,14.881216
0.0,3,14.88388
-0.517323,4,14.887573
0.0,3,14.890176
0.622044,2,14.892219
0.0,4,14.895687
0.0,4,14.899348
0.0,2,14.901031
0.0,3,14.903607
0.0,2,14.905652
0.0,2,14.907465
0.0,2,14.909141
1.0,6,14.9145
0.0,3,14.917155
0.0,5,14.922154
1.228891,2,14.924245
0.0,3,14.927408
-0.081362,4,14.930853
0.0,3,14.933844
0.0,4,14.937339
0.0,5,14.941924
0.0,3,14.944593
0.0,4,14.948403
0.0,4,14.951814
0.0,4,14.955647
0.0,2,14.957456
0.0,3,14.960124
0.242076,2,14.962227
0.0,2,14.963945
0.0,3,14.966532
0.0,4,14.970268
0.665809,2,14.971972
1.0,3,14.974844
0.0,2,14.976746
0.0,4,14.980397
0.0,4,14.984305
0.0,2,14.986083
0.0,3,14.989027
-0.587472,3,14.991675
0.0,3,14.994307
0.0,2,14.99642
0.0,2,14.998182
0.0,4,15.001673
-0.056761,2,15.003754
0.0,3,15.006414
0.0,4,15.010148
0.0,3,15.012797
0.0,2,15.014537
0.0,3,15.017473
0.0,5,15.0222
-0.387526,4,15.026041
0.0,4,15.02965
0.0,3,15.032609
-1.0,4,15.036031
0.0,2,15.038222
0.0,5,15.04257
0.0,3,15.045514
1.5,2,15.047318
0.0,3,15.049954
0.0,3,15.05295
0.0,4,15.056401
-0.670218,4,15.061339
0.0,3,15.064728
0.0,3,15.068326
0.0,2,15.07062
0.0,5,15.075948
1.5,2,15.077938
0.0,4,15.082395
0.0,4,15.087187
0.0,2,15.089535
0.0,3,15.092927
0.0,5,15.098377
-0.655819,2,15.100939
0.0,3,15.104037
1.275709,2,15.106165
0.0,2,15.108496
0.0,2,15.110466
0.0,3,15.113534
0.651584,3,15.116697
0.0,2,15.118568
0.884353,3,15.12168
0.0,4,15.125958
-0.481877,4,15.130032
0.0,3,15.132824
0.0,3,15.135945
0.0,3,15.138692
0.0,3,15.1416
0.0,2,15.143755
0.0,3,15.146477
0.0,3,15.149616
0.0,4,15.153165
0.0,2,15.155215
0.0,2,15.15731
0.0,2,15.159225
0.0,2,15.160971
0.0,3,15.164036
0.0,4,15.167708
0.0,4,15.17208
0.0,3,15.174866
0.0,4,15.17898
-1.0,3,15.181731
0.0,3,15.184709
0.0,3,15.187385
0.0,3,15.190284
0.0,6,15.195678
0.0,4,15.199623
0.0,2,15.201448
0.0,2,15.203305
0.0,2,15.205663
0.0,2,15.207499
0.0,5,15.212247
-0.521489,3,15.214976
0.0,5,15.22019
0.0,4,15.223858
0.0,4,15.227998
0.0,2,15.229977
-0.085272,3,15.233209
0.0,2,15.235086
1.192613,2,15.236933
0.0,4,15.241
0.0,3,15.243709
0.0,2,15.245789
-0.03394,5,15.250596
0.0,2,15.252656
0.0,2,15.254772
-1.0,3,15.257538
0.0,3,15.260741
1.5,2,15.262652
0.046762,2,15.264503
0.0,3,15.267658
0.0,3,15.270509
0.0,4,15.27459
-0.808428,2,15.276517
0.0,2,15.278458
-0.63725,2,15.280643
0.0,2,15.282743
0.80548,3,15.285601
-0.204716,4,15.289768
-0.665701,4,15.29338
0.0,3,15.296702
0.0,2,15.298588
0.0,3,15.301704
0.0,2,15.303864
-0.787447,3,15.30666
0.0,2,15.308754
0.0,2,15.310854
0.0,2,15.312808
0.0,2,15.31474
-0.55945,4,15.318972
0.0,5,15.324139
-0.538595,5,15.331526
0.0,2,15.333807
0.0,3,15.337962
0.0,2,15.340442
0.0,3,15.344415
0.0,5,15.349533
0.0,3,15.352779
0.0,2,15.354686
0.0,2,15.356636
0.0,3,15.359862
0.0,3,15.362653
0.0,3,15.365892
0.0,4,15.369648
0.0,3,15.372842
0.0,3,15.37569
0.0,3,15.378893
0.0,2,15.380859
0.0,3,15.383703
0.0,6,15.389617
0.954769,3,15.392893
0.0,4,15.396595
0.0,3,15.399788
1.0,2,15.401803
0.0,2,15.403689
0.0,3,15.407032
0.0,3,15.409892
0.0,5,15.415028
0.0,3,15.418012
0.0,4,15.42245
0.0,2,15.425219
0.0,4,15.429559
0.0,2,15.431525
0.947508,2,15.43358
0.0,2,15.435767
0.0,3,15.438783
0.0,3,15.442063
0.0,3,15.444925
0.0,4,15.449148
0.0,2,15.451171
0.0,2,15.453163
0.0,5,15.458208
0.0,4,15.462251
0.0,3,15.465179
0.0,3,15.468022
0.0,4,15.472014
0.0,3,15.474962
0.0,4,15.479107
-0.080179,3,15.482068
0.0,3,15.485302
0.0,3,15.488229
0.0,3,15.491512
0.0,2,15.493453
0.0,4,15.497621
0.0,4,15.501352
-0.486866,7,15.508086
-0.396633,4,15.512323
0.0,4,15.516185
0.0,2,15.518503
0.0,3,15.521768
-0.047975,4,15.526043
0.0,4,15.529879
-0.180674,4,15.534071
0.0,2,15.536076
0.0,3,15.539381
0.0,4,15.54318
0.0,4,15.54734
0.0,5,15.552184
0.0,2,15.55439
-0.582951,2,15.556343
0.0,4,15.560674
0.0,4,15.564533
0.0,4,15.568762
0.0,4,15.572704
0.0,3,15.575916
0.0,2,15.577934
-0.140549,4,15.582167
0.808175,4,15.586051
0.0,3,15.589415
0.0,3,15.592357
0.0,5,15.597377
-0.008733,3,15.600372
0.0,5,15.606076
0.0,4,15.610416
0.0,3,15.613351
0.0,2,15.615677
0.0,3,15.61887
1.0,3,15.622022
0.0,3,15.625518
0.0,2,15.62748
0.0,3,15.630835
0.0,3,15.633611
-0.627246,4,15.637914
0.0,2,15.639972
1.0,4,15.644042
0.0,3,15.646858
-0.095654,2,15.648759
0.0,3,15.651819
-0.670982,2,15.653709
0.0,3,15.656763
-0.163945,2,15.659206
1.5,2,15.661227
0.0,4,15.664994
0.0,4,15.668714
0.0,2,15.670618
0.0,2,15.672526
0.0,4,15.67723
0.0,7,15.683524
0.0,4,15.687187
0.0,4,15.690899
0.0,4,15.694567
0.0,3,15.697344
0.0,4,15.700951
0.0,3,15.703703
0.0,2,15.705661
0.673248,3,15.708421
1.5,2,15.71032
0.0,2,15.712248
-0.056593,3,15.715106
1.5,2,15.71714
0.0,3,15.720335
0.0,4,15.724055
0.0,3,15.727041
0.0,3,15.729762
0.0,5,15.734268
0.0,2,15.736122
0.029801,3,15.73885
0.0,4,15.742436
0.0,4,15.74609
0.0,3,15.748913
0.0,3,15.751742
0.0,5,15.756301
0.0,4,15.759905
0.0,5,15.76441
0.0,3,15.767226
0.0,4,15.770852
-0.351437,3,15.773658
0.462687,2,15.775516
-0.06704,5,15.779932
0.0,4,15.783532
0.0,3,15.786362
-1.0,3,15.789218
0.0,3,15.792123
0.0,3,15.794959
0.0,3,15.797784
-0.429135,3,15.80061
0.0,4,15.804268
-0.685824,4,15.807887
0.0,3,15.810631
-1.0,2,15.81247
0.0,4,15.8161
-0.22471,4,15.820135
0.0,4,15.824378
0.0,2,15.826344
0.0,3,15.829193
0.0,2,15.831149
0.0,3,15.834032
0.0,3,15.836912
0.0,6,15.842629
0.0,3,15.845431
0.0,3,15.848277
1.0,3,15.85107
0.0,3,15.853838
0.0,2,15.855743
0.0,3,15.858688
0.0,2,15.860599
0.0,3,15.86337
1.157835,2,15.865274
0.0,3,15.868052
0.0,4,15.871759
-0.009321,3,15.874505
0.883918,2,15.876374
0.0,3,15.879236
0.0,4,15.882867
0.0,3,15.885681
0.0,3,15.88852
0.0,4,15.892267
0.0,3,15.895
0.0,2,15.896919
-0.891965,2,15.89879
-0.480442,3,15.901636
0.0,2,15.903518
0.0,3,15.906303
-0.489699,3,15.909157
0.0,3,15.911958
-0.845176,4,15.91563
0.0,3,15.918812
0.0,2,15.921125
0.0,5,15.927209
0.0,3,15.930329
0.0,3,15.933154
0.0,4,15.937019
0.604332,3,15.93988
0.825665,4,15.943755
0.0,2,15.945662
0.0,3,15.948509
0.0,2,15.950468
0.0,4,15.954218
-1.0,4,15.957991
0.0,6,15.963562
-0.203562,3,15.96641
0.0,5,15.970987
0.0,3,15.973811
0.0,3,15.976679
0.0,3,15.979515
0.0,3,15.982334
0.0,3,15.985125
0.0,4,15.988772
0.0,3,15.991621
0.0,4,15.995274
0.0,3,15.998092
0.0,3,16.000949
-0.365167,4,16.004617
0.0,2,16.006444
1.5,2,16.008312
0.0,4,16.012016
0.0,3,16.014816
0.0,3,16.017692
0.0,3,16.020777
0.0,2,16.022717
0.0,2,16.024688
-0.747458,4,16.028444
0.0,3,16.031309
-1.0,2,16.033294
0.0,3,16.036084
0.0,4,16.03972
0.0,4,16.043373
0.0,3,16.046114
0.0,4,16.049685
0.0,4,16.053246
0.0,6,16.058435
0.0,4,16.062039
-0.379645,2,16.063884
0.0,2,16.065777
0.0,2,16.067681
0.0,4,16.071303
0.0,3,16.074075
0.0,3,16.076757
0.0,3,16.079475
0.0,4,16.083017
0.0,2,16.084809
-0.061738,3,16.087582
0.0,2,16.089541
0.0,4,16.093165
0.0,3,16.095867
-1.0,4,16.099484
0.0,2,16.102237
0.0,2,16.104512
-0.302243,5,16.109465
0.0,3,16.11212
0.0,3,16.114843
0.0,5,16.119624
-0.970863,4,16.123471
0.0,2,16.125362
0.0,3,16.12809
0.0,4,16.131968
0.0,4,16.135565
0.0,4,16.139104
0.0,3,16.141886
0.0,3,16.144697
-1.0,4,16.148247
-0.481903,3,16.150965
0.0,3,16.153612
0.0,3,16.156345
-1.0,3,16.159037
-0.000106,4,16.162589
0.0,2,16.16439
0.0,3,16.167034
0.0,3,16.169778
0.0,3,16.172494
0.095538,4,16.17646
0.0,2,16.178357
0.0,2,16.180169
-0.032259,2,16.181988
0.0,5,16.186471
0.0,4,16.189985
0.679321,2,16.191788
0.0,3,16.194496
1.0,2,16.196346
0.0,3,16.199078
0.0,3,16.201755
0.0,2,16.203668
0.0,4,16.2072
0.0,3,16.209872
0.0,2,16.211763
-0.5735,4,16.215261
-0.097782,3,16.218065
-0.037598,4,16.222098
-0.618883,3,16.224862
0.0,2,16.22682
0.0,2,16.22863
-0.473268,6,16.233866
0.0,3,16.236589
0.0,2,16.238448
0.0,4,16.242007
0.0,2,16.243773
-0.591101,5,16.24807
-0.510504,4,16.251553
0.0,3,16.254256
0.0,3,16.256905
-0.110921,2,16.258646
0.0,3,16.261361
-0.052394,5,16.267464
0.0,2,16.269627
0.0,4,16.273748
0.0,3,16.276976
0.0,3,16.28067
0.0,4,16.284597
0.0,4,16.288324
0.0,4,16.292078
0.0,3,16.294888
0.0,2,16.296788
0.0,2,16.298687
0.0,5,16.303238
0.0,4,16.306802
-0.346482,2,16.308646
0.0,2,16.459712
0.0,3,16.463369
0.0,4,16.467252
0.0,4,16.471391
0.716589,3,16.474235
0.0,3,16.477293
0.0,2,16.479156
0.0,3,16.482057
-0.086295,2,16.483896
0.0,3,16.486632
0.0,2,16.488542
0.0,3,16.491201
0.0,2,16.492986
0.0,3,16.495747
0.0,2,16.497545
-1.0,5,16.501872
0.0,3,16.504493
0.0,2,16.506298
0.0,3,16.508981
0.0,4,16.512497
0.0,3,16.515204
0.0,4,16.518778
0.0,2,16.520933
0.0,2,16.522945
1.5,2,16.524969
0.0,3,16.527843
1.5,2,16.529631
-0.474176,3,16.532424
0.0,4,16.53595
0.0,4,16.539678
0.0,4,16.543306
0.0,2,16.545096
-0.264945,2,16.546919
0.0,3,16.549654
0.0,3,16.55237
0.0,3,16.554988
0.0,5,16.559216
0.0,9,16.566619
0.0,2,16.568417
0.0,4,16.571865
0.0,3,16.574465
0.0,3,16.577069
0.0,4,16.580521
0.0,2,16.582323
0.0,3,16.58494
0.0,3,16.587646
0.0,3,16.5905
1.5,2,16.59241
0.0,4,16.59593
0.0,3,16.598621
-0.4821,3,16.601284
1.5,2,16.603113
0.0,2,16.605087
0.0,2,16.607121
-0.235933,5,16.611881
0.0,3,16.614638
0.0,2,16.616429
0.0,2,16.618276
0.0,4,16.622307
0.0,3,16.625167
0.0,4,16.628794
0.0,3,16.631518
0.0,4,16.634982
0.0,2,16.636825
0.0,4,16.640321
0.0,3,16.643014
0.0,2,16.644855
0.0,2,16.646632
1.5,2,16.648409
-0.009018,4,16.651953
0.0,2,16.653758
-0.208272,4,16.657124
0.0,3,16.65971
0.771131,2,16.661492
0.0,4,16.664926
0.0,4,16.668324
0.0,2,16.670069
-0.320792,3,16.672696
-0.739105,2,16.674515
0.0,2,16.676386
-0.217773,2,16.678622
0.0,3,16.681546
0.0,3,16.68433
0.0,2,16.686282
-0.620291,6,16.691703
-0.254581,4,16.695316
0.0,2,16.697062
0.105698,3,16.699672
0.0,2,16.7014
0.0,7,16.707258
0.0,2,16.709006
0.0,4,16.712462
0.0,2,16.71422
0.0,4,16.717649
0.0,3,16.72054
0.0,4,16.724343
0.0,3,16.727259
0.0,3,16.729895
0.0,5,16.734243
0.0,2,16.736111
0.0,3,16.738768
-0.763635,4,16.742203
-0.54542,3,16.744782
1.5,2,16.746537
-0.567777,4,16.74992
0.0,3,16.752518
-1.0,2,16.754259
0.062965,3,16.756862
0.0,3,16.759358
-0.173951,3,16.761913
0.0,3,16.76445
0.0,3,16.767067
0.0,3,16.769592
0.0,3,16.772137
0.0,3,16.77476
0.0,4,16.778094
0.0,4,16.781498
0.0,4,16.784857
0.0,2,16.786597
0.0,2,16.788387
0.0,3,16.790943
0.0,3,16.79352
-1.0,2,16.795259
0.0,2,16.796947
-0.3321,3,16.799477
0.0,3,16.802006
0.0,3,16.804586
0.0,2,16.80626
0.0,2,16.807988
0.0,3,16.810534
1.0,2,16.812288
0.0,4,16.815666
0.0,3,16.818259
0.0,4,16.821938
0.0,2,16.823738
0.0,4,16.82728
0.0,3,16.829951
0.0,3,16.832526
0.0,5,16.836681
0.0,4,16.839983
-0.779287,3,16.842818
0.0,3,16.845429
0.0,3,16.84801
0.0,4,16.851749
0.0,3,16.854921
1.11712,2,16.856941
0.699904,2,16.859689
0.0,5,16.864766
0.0,5,16.869749
0.0,2,16.871702
0.0,6,16.876884
0.0,4,16.880914
0.412148,3,16.883743
0.0,3,16.88694
0.0,3,16.889861
0.0,3,16.892668
0.0,2,16.894859
0.0,3,16.897607
0.0,2,16.899444
0.0,4,16.903465
0.0,3,16.906368
0.0,3,16.909605
0.0,3,16.912348
1.0,3,16.915583
-0.646275,4,16.919645
0.0,3,16.923117
0.0,3,16.926106
0.0,2,16.928447
0.0,2,16.930459
0.0,4,16.934079
0.0,2,16.936468
0.0,6,16.942993
0.0,4,16.946627
0.0,3,16.949526
-0.965963,4,16.953224
0.0,4,16.956842
0.0,4,16.960445
0.0,3,16.963203
0.0,3,16.965805
0.0,3,16.968275
0.0,3,16.970987
-0.364843,3,16.973616
0.0,3,16.976244
0.0,4,16.98
0.0,2,16.981932
0.0,2,16.984065
0.0,2,16.985969
0.0,4,16.989497
0.0,3,16.992624
-0.95332,4,16.996302
0.0,3,16.999339
-0.211598,4,17.002789
0.0,2,17.004729
0.0,3,17.007584
0.0,2,17.009484
-0.042197,3,17.012412
0.0,3,17.015143
0.0,3,17.017854
0.0,4,17.021723
-0.900584,3,17.024345
0.0,3,17.027609
0.0,2,17.029768
0.0,3,17.033039
0.0,3,17.03595
0.0,3,17.038761
-0.444838,4,17.042741
0.0,3,17.045671
0.0,2,17.047936
0.0,3,17.050663
0.0,3,17.053449
0.0,2,17.055467
1.5,2,17.057297
0.0,2,17.059144
0.0,3,17.062191
0.0,3,17.065426
0.0,2,17.068474
0.0,3,17.072249
0.0,5,17.078887
0.0,5,17.08545
0.0,2,17.087327
0.0,4,17.091238
-1.0,4,17.094823
0.0,2,17.096888
0.0,4,17.100636
0.0,3,17.104169
0.0,4,17.108196
0.0,3,17.11145
0.0,2,17.113351
-1.0,3,17.116332
-1.295792,2,17.118468
0.0,3,17.121245
0.0,3,17.124364
0.0,2,17.126513
0.0,4,17.130577
-0.165213,3,17.133576
0.0,2,17.135544
0.0,2,17.13771
0.0,3,17.140458
0.0,3,17.143137
0.0,3,17.146334
0.092835,4,17.15007
-0.267071,4,17.154217
-0.574342,4,17.158246
0.0,2,17.160249
0.0,3,17.162906
0.0,3,17.165904
0.0,4,17.169398
0.0,4,17.173265
0.0,3,17.176203
-1.0,2,17.178199
-0.627494,4,17.182144
0.0,2,17.183977
0.0,3,17.187032
0.0,2,17.189034
0.0,3,17.191804
-1.0,3,17.194941
0.0,4,17.198698
0.264615,2,17.20085
0.0,4,17.204468
0.0,3,17.207317
1.375866,2,17.209156
0.0,4,17.212773
0.0,3,17.21555
0.0,5,17.219804
0.357605,2,17.221849
0.0,3,17.224465
1.0,3,17.227197
0.0,3,17.2303
0.329753,3,17.232893
-0.011049,4,17.236732
-0.010741,4,17.240204
0.0,2,17.242281
0.0,2,17.244136
0.0,4,17.247623
-0.866758,2,17.249721
0.0,4,17.253286
0.0,2,17.255234
-0.132943,3,17.258111
0.0,5,17.262623
-0.966244,5,17.267113
-1.0,4,17.270998
0.0,3,17.273762
-0.410677,3,17.276733
0.0,3,17.279441
0.0,7,17.285705
-1.202361,2,17.287577
0.0,4,17.291445
-0.278287,3,17.294632
0.0,5,17.301328
-0.821418,4,17.307147
-0.364217,3,17.311433
0.746301,3,17.315475
0.0,3,17.319864
0.0,3,17.322947
0.0,4,17.326949
0.0,3,17.329869
0.339189,3,17.33297
0.0,4,17.336424
-0.081519,5,17.341517
0.0,4,17.347286
0.0,2,17.349614
0.0,3,17.353525
0.0,2,17.355865
0.0,2,17.35803
0.0,2,17.360263
0.0,3,17.36328
0.0,2,17.365134
0.0,3,17.368143
-1.0,4,17.371745
0.0,5,17.376451
0.0,3,17.37907
0.957272,3,17.382044
-0.401785,4,17.385802
-0.350259,3,17.388744
1.353831,2,17.390548
-0.422959,4,17.394243
0.0,2,17.396271
-0.562967,2,17.398138
0.0,3,17.400874
0.0,3,17.404018
0.0,3,17.406877
0.0,3,17.410198
0.0,5,17.414663
0.0,4,17.418566
0.0,3,17.421389
0.0,4,17.42545
0.0,4,17.429096
0.0,2,17.431162
0.0,3,17.433956
-0.650279,3,17.437364
0.0,4,17.441791
0.0,3,17.444967
0.0,4,17.448455
0.0,4,17.452345
0.0,4,17.455856
1.5,2,17.457959
-1.0,3,17.46092
1.058609,2,17.46272
0.0,3,17.465958
0.0,4,17.469424
0.0,2,17.47153
0.0,3,17.474441
0.0,3,17.477004
0.0,2,17.479036
0.0,2,17.480986
0.0,3,17.483569
-0.164024,2,17.485557
-0.381914,5,17.490009
0.0,4,17.493825
1.5,2,17.495618
0.0,2,17.497406
-0.04393,3,17.500521
0.0,2,17.502403
0.0,3,17.505205
0.0,3,17.50833
0.0,4,17.511866
-0.66741,4,17.515874
0.0,4,17.519719
-0.042168,4,17.523623
0.0,3,17.526584
0.0,5,17.531494
-0.806289,3,17.534611
0.0,4,17.538282
0.0,4,17.542201
0.0,5,17.546763
0.0,4,17.55063
0.0,3,17.553349
0.0,2,17.555395
0.0,2,17.557275
-0.592078,3,17.559981
0.0,2,17.561884
0.0,4,17.565534
0.0,3,17.568383
-0.397143,4,17.572177
0.0,4,17.576041
0.0,4,17.579672
0.0,4,17.583352
0.0,3,17.586094
0.0,2,17.587874
-0.588963,5,17.592596
0.0,3,17.59529
0.0,3,17.59822
0.0,2,17.600143
0.0,4,17.60434
0.0,2,17.606606
0.0,4,17.610282
0.0,4,17.61403
0.0,2,17.61582
0.0,4,17.619829
-0.652907,3,17.622609
0.0,3,17.625649
0.0,4,17.629112
0.0,2,17.630902
0.0,3,17.633841
0.0,2,17.635732
0.0,2,17.637635
0.0,2,17.63977
0.0,3,17.642567
0.0,3,17.645437
0.0,2,17.647449
0.0,3,17.650217
1.5,2,17.652174
0.0,3,17.655287
0.063089,3,17.658073
0.0,2,17.65994
0.0,3,17.662681
0.526821,3,17.665438
0.0,3,17.668041
0.0,3,17.670558
0.0,3,17.673218
0.0,4,17.676512
0.0,5,17.681075
0.0,5,17.68532
0.0,3,17.687891
-0.445371,5,17.692389
0.0,5,17.697022
0.0,3,17.69963
0.0,3,17.702336
0.0,3,17.704923
0.0,4,17.708269
-0.038688,2,17.709958
0.0,4,17.71316
0.0,4,17.716377
0.003053,3,17.718843
0.402988,3,17.721304
0.0,3,17.724164
0.0,4,17.727687
0.077057,3,17.730435
0.0,4,17.733771
0.0,5,17.738039
0.0,3,17.740651
0.0,3,17.743497
0.0,3,17.746104
-1.0,3,17.748713
0.0,3,17.751513
0.0,3,17.754091
-0.042863,5,17.7581
0.0,2,17.759798
0.0,2,17.761444
-1.0,2,17.763107
0.626063,2,17.764732
0.0,3,17.767204
1.0,4,17.77039
0.0,4,17.773787
-0.193974,4,17.777268
0.0,3,17.779905
0.0,2,17.781622
-1.0,2,17.783378
0.0,2,17.785169
0.0,2,17.786971
0.0,3,17.789564
0.0,3,17.792097
-0.165184,3,17.794615
0.0,4,17.798109
0.0,3,17.800733
0.0,2,17.802469
0.0,3,17.805123
0.0,3,17.808067
-1.0,6,17.813534
0.0,2,17.815345
0.0,3,17.817942
0.0,4,17.821286
0.0,4,17.825203
0.0,2,17.827002
0.0,4,17.830361
0.0,2,17.832119
0.0,3,17.834795
0.0,3,17.837348
0.0,3,17.839982
-0.269799,4,17.843232
0.252186,2,17.844895
0.0,3,17.847431
0.0,2,17.849174
0.0,3,17.851568
0.0,2,17.853215
0.0,3,17.855732
1.0,2,17.85741
0.0,3,17.860406
0.0,3,17.86313
-1.0,4,17.866358
0.0,3,17.868779
0.0,5,17.873035
0.0,3,17.875665
0.0,3,17.878206
0.0,2,17.87988
0.0,2,17.881606
0.0,6,17.88637
0.0,2,17.888025
0.0,4,17.891212
-0.586986,4,17.894453
0.0,3,17.896881
-0.217971,3,17.899291
0.0,3,17.901685
0.0,2,17.903344
0.0,3,17.90575
0.0,4,17.908965
0.0,4,17.912162
0.0,4,17.915366
0.0,4,17.918572
0.0,4,17.921724
-0.394242,4,17.925513
0.0,2,17.927277
0.0,2,17.928932
0.0,2,17.930791
0.285697,4,17.934098
0.0,4,17.938128
0.0,3,17.940909
0.0,3,17.943485
-0.534547,5,17.947469
0.0,3,17.949922
0.0,5,17.953956
0.0,2,17.955563
0.0,3,17.958007
-1.0,2,17.959693
0.0,3,17.96212
0.0,4,17.965268
-1.0,5,17.96932
0.0,4,17.97255
0.0,2,17.974289
0.0,3,17.976679
0.0,4,17.979825
0.962087,4,17.983067
0.0,4,17.986282
-0.616203,3,17.988762
0.0,2,17.990354
0.0,2,17.992054
0.0,3,17.994535
0.0,5,17.998526
0.0,6,18.003192
0.0,2,18.004819
0.0,5,18.008843
0.0,2,18.010766
0.0,2,18.012575
0.0,3,18.015097
0.0,3,18.017788
0.0,2,18.01956
-0.350439,3,18.022103
0.0,2,18.024174
0.0,6,18.029276
0.0,4,18.032767
0.0,3,18.035563
0.0,2,18.037245
-1.0,2,18.038949
0.0,3,18.041672
0.0,3,18.044271
0.0,3,18.046813
-0.595515,2,18.048568
0.0,3,18.051126
0.0,4,18.054274
0.786459,3,18.056666
0.0,3,18.059097
0.0,3,18.061506
0.0,3,18.063936
0.0,3,18.066368
0.0,2,18.068013
0.0,3,18.070408
0.0,4,18.073604
0.0,3,18.076014
0.0,3,18.078469
0.0,2,18.080109
0.0,2,18.081732
0.0,3,18.084196
-0.191026,3,18.086719
0.0,2,18.088397
0.0,5,18.092399
1.5,2,18.094013
1.0,2,18.095669
0.0,4,18.098837
-0.8718,4,18.10202
0.0,2,18.103787
-0.519259,5,18.108329
1.302815,2,18.110016
0.0,2,18.111759
0.0,4,18.11504
0.0,3,18.117449
0.0,2,18.119091
0.0,2,18.120704
-0.026278,3,18.12321
1.001122,2,18.125203
0.0,4,18.12876
0.0,2,18.130662
0.0,3,18.133332
-0.390351,3,18.136081
0.0,2,18.138753
0.0,4,18.142323
0.0,4,18.145737
0.0,2,18.147462
0.0,3,18.14993
-1.0,4,18.153196
0.0,3,18.155635
0.0,5,18.159805
0.0,3,18.162298
0.0,3,18.164881
-0.386746,3,18.167474
0.0,2,18.169174
-0.544729,4,18.172617
0.0,4,18.176064
0.0,3,18.178653
-0.894659,2,18.180356
0.0,4,18.183605
0.0,5,18.187704
0.0,4,18.191307
0.0,4,18.19475
-0.313288,4,18.198113
0.0,3,18.20073
0.0,3,18.20327
0.0,5,18.207333
0.0,2,18.209059
-0.323115,3,18.211578
-0.572885,4,18.214839
0.0,4,18.218256
0.247195,3,18.220819
0.0,2,18.222544
0.56771,2,18.224492
-0.177199,2,18.226449
0.0,4,18.229963
0.0,4,18.233285
0.0,5,18.237462
0.0,3,18.23999
0.0,2,18.241711
0.0,4,18.245027
0.0,2,18.246738
0.503424,4,18.250077
0.0,2,18.251858
0.0,3,18.254389
0.0,4,18.257752
0.0,4,18.261085
0.0,3,18.263642
0.0,4,18.266872
0.0,5,18.270935
-0.463072,4,18.274226
0.0,4,18.277509
1.5,2,18.279231
0.0,2,18.281598
-0.03395,2,18.283858
0.0,4,18.288032
-0.710306,5,18.292657
0.0,3,18.295492
-0.557246,2,18.297422
0.099756,4,18.301325
1.0,4,18.304739
0.0,4,18.308629
-1.0,3,18.311288
0.0,2,18.313131
0.889985,2,18.314839
0.0,3,18.317467
-1.0,2,18.319235
-0.092156,3,18.321866
0.0,3,18.324568
0.0,3,18.327482
-0.472866,4,18.331178
0.0,3,18.333732
1.5,2,18.521434
0.0,2,18.523755
0.720197,2,18.526016
0.0,5,18.530336
0.0,4,18.533827
0.0,4,18.537104
-0.498291,4,18.540627
0.0,3,18.543222
-0.139348,3,18.545848
0.0,3,18.548453
0.0,5,18.552602
0.0,3,18.555217
0.0,3,18.557714
0.595755,2,18.559413
0.0,4,18.562757
0.0,2,18.564568
0.0,2,18.566434
0.0,4,18.569769
0.0,2,18.571458
-0.176308,4,18.575014
0.0,6,18.58007
0.0,4,18.583419
0.33954,2,18.585156
0.0,4,18.588397
0.0,3,18.590945
0.0,4,18.594259
0.0,2,18.595867
-0.442643,2,18.59752
0.0,3,18.599863
-0.402588,3,18.602313
-0.549076,3,18.605121
0.0,5,18.609803
0.0,4,18.613096
0.0,3,18.615585
0.0,3,18.618161
0.0,3,18.62069
0.0,3,18.623218
0.0,3,18.626186
0.0,2,18.628215
0.0,4,18.631688
0.0,4,18.635086
0.0,2,18.636892
0.0,3,18.639362
0.0,3,18.64184
1.5,2,18.64355
0.0,3,18.64611
0.0,2,18.647832
0.0,4,18.651122
0.0,3,18.653624
0.0,4,18.656883
0.0,4,18.660136
0.0,4,18.663433
0.0,3,18.665951
0.0,2,18.667629
0.0,3,18.670024
0.0,3,18.67252
-0.240747,2,18.674186
0.0,4,18.677398
0.0,3,18.679804
-0.958084,3,18.682377
0.0,3,18.685319
0.0,2,18.686951
0.0,3,18.689398
0.353409,2,18.691016
-0.134496,4,18.694248
0.0,3,18.696728
0.0,5,18.700826
0.0,3,18.70325
0.0,3,18.70576
0.0,3,18.708266
0.0,3,18.710791
0.0,2,18.712592
0.0,3,18.715232
0.0,3,18.717865
0.0,3,18.720285
0.0,3,18.722718
0.0,4,18.726318
0.0,4,18.72965
0.0,3,18.732249
0.0,2,18.733949
0.0,4,18.737186
0.0,3,18.739769
0.0,2,18.741427
0.0,4,18.744653
0.0,3,18.747097
-0.841511,5,18.75107
0.0,3,18.753514
0.0,3,18.755986
0.0,5,18.759924
0.0,2,18.761488
0.0,3,18.763868
0.0,3,18.766335
0.0,3,18.768816
0.0,4,18.772057
0.0,7,18.777618
0.290889,2,18.779252
0.0,3,18.781707
0.0,4,18.784888
0.39134,2,18.786515
0.0,4,18.789909
0.0,3,18.79231
0.0,3,18.794813
0.0,2,18.79649
0.0,3,18.798941
0.0,2,18.800585
0.0,3,18.803023
0.0,3,18.805442
1.5,2,18.807251
0.0,4,18.810485
0.0,5,18.81442
0.0,4,18.817613
0.0,4,18.820792
0.142091,3,18.823201
0.0,3,18.82584
0.0,3,18.828476
0.0,4,18.831803
0.0,3,18.834214
-0.208248,4,18.837538
0.0,3,18.839957
0.0,5,18.843928
0.0,2,18.845644
0.0,2,18.847295
0.0,5,18.851323
0.0,3,18.85371
0.0,4,18.856956
0.0,4,18.860236
0.0,3,18.862806
0.0,4,18.866094
0.0,4,18.869424
0.0,2,18.8711
0.0,4,18.87421
0.0,4,18.877912
0.0,2,18.88032
0.0,3,18.883106
0.0,2,18.885521
0.0,3,18.888377
0.0,3,18.891398
-0.809946,3,18.894331
0.0,2,18.89621
0.0,2,18.897891
0.0,3,18.90061
0.0,3,18.903165
0.0,3,18.90582
0.0,3,18.908798
0.0,3,18.911436
-0.044501,5,18.916285
0.0,3,18.918878
0.0,4,18.922751
0.0,4,18.926275
0.0,5,18.931181
0.0,3,18.933818
0.0,3,18.936951
0.0,4,18.940375
0.0,3,18.943269
0.0,3,18.946167
0.0,3,18.948875
-0.334067,4,18.952652
0.0,3,18.955252
-0.541848,4,18.959117
0.0,3,18.961948
0.0,3,18.965338
-1.0,3,18.967957
0.0,3,18.970765
0.0,2,18.972777
0.0,2,18.974524
0.0,3,18.977415
0.0,2,18.979414
0.0,3,18.982023
0.0,3,18.984831
0.0,6,18.990201
0.0,3,18.993213
0.0,2,18.995056
0.0,3,18.997775
0.0,3,19.000674
0.0,2,19.002491
0.0,2,19.004395
0.0,3,19.00737
0.0,3,19.009995
0.0,3,19.012761
0.0,2,19.014721
1.5,2,19.016435
0.0,3,19.01919
0.0,5,19.023608
0.0,2,19.025442
-0.591115,3,19.028306
-0.239249,2,19.029958
0.0,2,19.03175
0.0,4,19.035673
0.983122,2,19.037474
0.0,2,19.039313
0.0,3,19.042191
0.0,4,19.045571
0.43702,2,19.047454
0.0,2,19.049443
0.0,2,19.051208
0.0,3,19.053807
1.5,2,19.055742
0.0,2,19.057474
0.0,2,19.059314
0.0,3,19.062155
0.0,3,19.06497
0.0,3,19.067695
0.0,2,19.069677
0.0,5,19.07392
1.5,2,19.075677
0.0,3,19.07848
0.0,2,19.080264
0.0,4,19.084115
0.0,3,19.086672
0.0,2,19.088486
0.0,4,19.092165
0.0,3,19.094832
0.0,3,19.097826
0.0,4,19.101279
0.0,2,19.103327
0.26936,3,19.106364
0.0,3,19.109185
-1.0,7,19.115612
0.0,2,19.117458
0.0,2,19.119367
0.0,3,19.122082
0.0,3,19.12486
0.0,3,19.127793
0.0,2,19.129719
0.0,3,19.13279
0.0,3,19.13553
0.0,3,19.138137
0.0,3,19.140887
0.0,3,19.144273
0.0,4,19.148318
0.0,2,19.150153
-0.145846,2,19.152133
0.0,4,19.155784
0.0,2,19.157744
-0.694381,4,19.1614
0.0,3,19.164247
0.0,4,19.168005
0.0,6,19.173409
-1.0,3,19.176244
0.0,4,19.180027
0.0,3,19.182851
0.0,2,19.184584
-0.95496,3,19.187422
0.0,5,19.192125
0.0,4,19.195894
0.0,2,19.197699
0.0,4,19.201469
0.0,3,19.204263
0.0,3,19.207678
-0.372838,3,19.210598
-0.982465,3,19.213342
0.0,3,19.216331
0.0,2,19.218337
0.0,4,19.22197
0.0,3,19.224796
0.0,2,19.22669
0.0,2,19.228682
-0.130063,4,19.232497
1.414412,2,19.234471
0.0,3,19.237248
0.0,3,19.240021
-0.799041,4,19.243578
0.0,4,19.247235
0.0,3,19.249996
0.0,3,19.252841
0.0,4,19.256421
0.0,3,19.259284
0.0,3,19.261922
0.0,4,19.265648
0.0,2,19.267488
0.0,4,19.271098
0.0,2,19.273238
0.0,2,19.275039
0.0,3,19.277902
-0.142716,3,19.280834
0.0,4,19.284382
0.0,3,19.287204
-0.41219,4,19.290752
0.0,4,19.294384
0.0,5,19.298817
0.0,3,19.301609
0.0,3,19.304298
0.0,4,19.308052
0.0,3,19.310876
0.0,3,19.313487
-0.464057,4,19.317154
0.0,3,19.319997
0.193904,4,19.323738
0.0,4,19.327485
0.0,4,19.331242
0.0,6,19.336949
0.0,3,19.339747
0.0,2,19.341497
0.0,4,19.345216
0.0,4,19.349158
0.0,3,19.351911
0.0,5,19.356495
0.0,3,19.359255
-0.062582,5,19.363763
0.0,4,19.367592
0.0,4,19.371759
-0.583326,4,19.375663
0.0,2,19.377856
0.0,3,19.381137
0.0,2,19.383311
-0.150858,3,19.386543
-0.68222,4,19.390312
1.5,2,19.392202
-0.759344,3,19.395004
0.0,4,19.398676
0.0,3,19.401404
-0.131372,4,19.404933
-0.419905,3,19.407588
0.0,4,19.411232
0.0,3,19.414006
0.0,2,19.41584
0.0,3,19.418639
0.0,2,19.420539
0.0,4,19.42408
1.5,2,19.425991
-1.0,2,19.427829
0.0,3,19.430592
0.0,3,19.433462
0.0,4,19.43697
0.0,3,19.439713
0.0,3,19.442438
0.0,4,19.446031
0.0,4,19.449686
-0.551251,4,19.453326
0.0,2,19.455155
0.0,4,19.45867
0.0,3,19.461536
-0.244918,3,19.46454
0.0,4,19.468409
-0.096365,4,19.471937
0.0,2,19.473704
1.5,2,19.475582
0.0,3,19.478308
0.0,2,19.48008
0.0,3,19.482932
0.0,3,19.485716
0.0,5,19.490283
0.0,4,19.493747
0.0,3,19.496496
0.0,4,19.500104
0.0,3,19.502819
0.0,2,19.504575
0.0,3,19.50722
-0.544195,2,19.509107
0.0,3,19.51177
0.0,2,19.513728
0.0,3,19.516517
0.0,2,19.518256
0.837311,2,19.52012
0.0,4,19.523636
-1.401634,2,19.525442
0.0,3,19.528202
-0.337014,6,19.533571
0.631909,3,19.536536
0.0,3,19.539315
-0.806338,3,19.541938
0.0,4,19.545643
-1.0,4,19.549157
0.0,3,19.551923
0.0,3,19.554624
0.0,4,19.558243
0.0,2,19.560014
0.0,3,19.562716
0.0,3,19.56552
0.0,3,19.568134
0.0,4,19.571738
1.148058,2,19.573499
0.0,4,19.576975
0.0,2,19.578941
0.0,2,19.580673
1.5,2,19.58255
0.0,2,19.584313
0.0,2,19.586272
0.0,3,19.588845
0.0,3,19.591599
0.0,3,19.594448
0.0,2,19.596332
0.0,3,19.599001
0.0,2,19.601051
0.0,4,19.605114
0.352602,2,19.60695
0.691037,2,19.608965
0.0,3,19.611729
0.0,2,19.613699
0.0,5,19.618193
0.0,2,19.619899
0.0,3,19.622808
0.0,3,19.62582
0.0,4,19.629536
0.0,2,19.631306
0.0,3,19.634343
0.0,3,19.637007
0.0,3,19.639663
-1.0,4,19.643403
0.0,3,19.646261
-0.087444,4,19.649889
0.0,3,19.652662
0.0,2,19.654507
0.0,2,19.656484
0.0,4,19.660015
0.0,4,19.663576
0.0,2,19.66531
-0.771999,3,19.66804
0.0,3,19.670824
0.0,3,19.673545
-0.062668,3,19.676377
0.482534,2,19.678121
0.0,2,19.679864
-0.407542,6,19.685431
0.0,3,19.68809
0.0,2,19.689906
0.0,4,19.693701
0.0,3,19.696309
0.0,2,19.698212
0.0,5,19.702449
0.0,3,19.704882
-0.41057,4,19.708143
0.0,3,19.710602
0.0,3,19.713098
0.775959,2,19.7148
0.894939,2,19.716559
0.0,2,19.718325
0.0,2,19.720107
0.0,2,19.72176
0.0,2,19.723416
0.0,4,19.726584
0.0,2,19.728346
0.0,3,19.73097
0.0,2,19.732709
0.0,2,19.734441
0.0,4,19.737781
0.0,3,19.740256
0.0,2,19.741929
0.0,4,19.745286
0.0,4,19.74856
0.0,4,19.751837
-0.433366,4,19.755201
0.0,4,19.758496
0.765955,3,19.760992
0.0,4,19.764337
0.0,6,19.76924
0.0,4,19.772403
0.0,5,19.776245
0.0,2,19.777824
1.5,2,19.779374
-0.161926,3,19.781686
0.0,2,19.783329
-0.594329,2,19.784906
0.0,3,19.787271
0.0,3,19.7897
0.0,4,19.792866
0.0,3,19.79522
0.0,4,19.798212
0.0,3,19.800496
-0.519097,3,19.802805
0.0,4,19.805835
0.0,3,19.808194
0.0,4,19.811243
0.0,3,19.81385
0.0,3,19.816232
0.0,3,19.818867
0.0,2,19.820564
0.0,3,19.82306
0.0,3,19.82554
0.0,2,19.827155
0.0,3,19.829516
0.0,4,19.832878
0.0,2,19.834636
0.0,4,19.837844
0.0,3,19.840245
0.152801,3,19.84269
0.0,3,19.845367
0.0,4,19.848611
0.0,3,19.851062
0.0,5,19.855195
0.0,2,19.856779
0.0,4,19.859971
0.0,3,19.862557
0.0,2,19.864209
0.0,2,19.865937
0.0,3,19.86852
0.0,4,19.871847
0.0,2,19.873506
0.0,2,19.875208
0.0,4,19.878517
0.0,5,19.882653
0.0,3,19.885151
0.0,3,19.887681
-0.312677,4,19.890981
0.0,2,19.892686
-1.0,4,19.896103
0.0,2,19.897757
-0.328183,4,19.901054
0.0,3,19.903555
0.0,4,19.906841
0.0,2,19.908611
0.0,4,19.911954
-0.005759,3,19.914489
0.0,3,19.916971
0.0,4,19.92046
0.0,3,19.922909
-0.823084,4,19.926133
0.0,2,19.927764
-0.129685,5,19.931952
0.0,2,19.933585
0.0,3,19.936056
0.0,2,19.937713
-0.087206,5,19.941799
0.0,4,19.945074
0.0,3,19.94751
0.0,4,19.950761
0.0,4,19.953975
0.0,3,19.956469
0.0,3,19.958877
0.0,4,19.962106
1.5,2,19.963774
0.0,2,19.965563
0.0,2,19.96721
0.0,3,19.969767
-0.449639,2,19.971363
0.0,3,19.973748
0.0,4,19.976828
0.0,2,19.978427
0.663707,5,19.982311
0.0,2,19.983892
-0.571637,2,19.985477
0.0,3,19.987883
0.0,2,19.989516
0.0,3,19.991905
0.0,3,19.994332
0.0,3,19.996689
0.0,3,19.999117
0.0,2,20.000745
0.634629,3,20.00308
0.0,4,20.006218
0.067002,3,20.008585
0.0,3,20.010911
0.0,3,20.013297
0.0,3,20.015546
0.0,3,20.017801
0.0,3,20.020034
0.0,3,20.022263
0.0,4,20.025312
0.0,2,20.02683
0.0,4,20.029952
0.0,3,20.032269
-0.090551,4,20.035286
0.0,4,20.038309
-0.921585,3,20.04058
0.0,4,20.043534
0.0,5,20.047258
0.0,3,20.049472
0.0,2,20.051016
0.0,4,20.053995
-0.193862,2,20.055493
0.0,3,20.057777
0.0,4,20.060793
0.0,3,20.06308
0.0,3,20.065375
0.0,7,20.070599
0.0,3,20.072873
0.0,3,20.075248
0.0,3,20.077537
0.0,3,20.079807
0.0,7,20.085054
0.0,3,20.087323
0.0,2,20.088793
0.0,4,20.091793
0.0,4,20.094812
-0.988086,5,20.098486
0.0,3,20.100773
0.0,2,20.10232
0.0,2,20.103926
0.0,3,20.106658
0.0,2,20.108516
0.0,3,20.110833
0.0,4,20.113951
0.0,3,20.116385
0.0,4,20.11949
0.0,5,20.12326
0.0,3,20.125569
-0.216854,4,20.128619
0.0,4,20.13168
1.930145,2,20.133235
0.0,5,20.137049
-0.046838,3,20.13936
0.0,3,20.141632
0.0,3,20.1439
0.0,3,20.146358
0.0,3,20.149706
0.0,2,20.151978
0.0,4,20.156611
0.0,3,20.159989
0.0,4,20.16334
0.0,3,20.165958
0.716852,2,20.168151
0.0,2,20.170499
0.0,2,20.172829
0.0,2,20.175304
0.0,4,20.179248
-0.152677,4,20.182556
0.0,4,20.18616
0.0,3,20.188576
-1.0,5,20.192391
0.0,3,20.194684
0.0,4,20.197798
0.0,3,20.20008
0.0,3,20.202384
0.0,2,20.203871
0.0,2,20.205441
0.0,4,20.208496
0.0,3,20.210829
-0.104367,4,20.213743
0.239524,4,20.21693
0.071688,4,20.219984
0.0,4,20.222906
0.0,3,20.225198
0.0,4,20.228213
-1.0,4,20.231318
0.0,3,20.233622
0.0,2,20.235211
0.0,5,20.238885
0.0,3,20.241176
0.0,4,20.244177
0.0,3,20.246436
0.0,2,20.247984
-0.616535,3,20.250254
0.0,2,20.251712
-0.558338,3,20.254001
0.0,3,20.25624
0.0,5,20.259908
0.0,3,20.262128
-0.235789,5,20.265786
0.0,4,20.268761
-0.004456,4,20.271695
0.0,3,20.273991
0.0,3,20.276246
0.0,4,20.279219
0.0,3,20.281444
0.0,4,20.284381
0.0,3,20.286609
0.0,5,20.290357
-0.247131,4,20.29336
0.0,3,20.423915
0.0,5,20.428611
0.0,2,20.430358
0.0,4,20.433961
0.0,3,20.436391
-1.0,2,20.438089
-0.007143,3,20.440823
0.0,2,20.44244
-0.271463,3,20.444804
0.0,4,20.448384
0.0,3,20.450856
0.0,4,20.454471
0.0,3,20.456988
0.0,4,20.460525
0.0,3,20.462985
-0.695042,4,20.466266
0.0,3,20.468874
0.0,2,20.470481
0.0,5,20.474378
0.0,3,20.476721
0.0,4,20.479838
-0.687027,5,20.483639
1.0,2,20.485186
0.0,4,20.488373
0.0,5,20.492293
0.0,4,20.495332
-0.095197,3,20.497644
0.0,3,20.50002
0.0,3,20.502349
0.0,2,20.50392
0.0,3,20.506507
0.0,3,20.508861
0.0,3,20.511172
0.0,2,20.512759
0.729256,2,20.514411
0.0,3,20.516829
0.0,4,20.519931
0.0,2,20.521544
0.0,3,20.523999
0.0,4,20.527127
0.0,3,20.52959
0.0,3,20.531862
0.0,4,20.534864
-0.079751,3,20.537213
0.0,2,20.538797
0.0,3,20.541192
0.0,2,20.542717
0.0,3,20.545166
0.0,3,20.547642
0.0,4,20.550816
0.377308,2,20.552419
-0.17014,3,20.554843
-0.212262,2,20.556538
0.0,3,20.559021
-0.104571,4,20.562484
-0.757605,4,20.565769
0.0,3,20.568293
0.0,2,20.570056
0.253511,3,20.572592
-0.290731,2,20.574328
0.0,4,20.577813
-0.162947,4,20.581127
0.0,3,20.583631
-0.165096,4,20.587033
0.0,4,20.590353
0.0,3,20.592827
-1.0,2,20.594513
0.0,2,20.59626
0.0,2,20.598017
0.0,4,20.601409
0.0,3,20.604084
0.0,4,20.608307
0.0,3,20.610835
0.0,3,20.613264
0.0,3,20.615619
0.0,3,20.618042
0.0,4,20.621096
0.0,4,20.624122
0.0,2,20.625693
0.0,3,20.627954
0.0,3,20.630349
0.0,6,20.634879
0.0,3,20.637271
0.0,3,20.639629
0.0,6,20.644296
-0.077594,3,20.646929
0.0,4,20.650053
-0.682787,3,20.652427
0.0,4,20.655574
0.0,3,20.65788
-0.072493,3,20.660269
-1.0,2,20.661853
0.0,2,20.663446
0.0,4,20.666555
0.0,5,20.670526
1.0,2,20.672259
0.0,2,20.673818
0.0,2,20.675399
0.0,2,20.676979
0.0,4,20.680141
0.0,3,20.682501
0.0,2,20.684137
0.0,2,20.685727
0.0,3,20.688076
0.0,4,20.691231
0.0,2,20.692852
0.0,3,20.69527
0.0,3,20.69765
0.0,2,20.699268
0.0,2,20.700911
0.374076,2,20.702569
0.0,2,20.704216
0.0,5,20.708132
0.0,3,20.710514
0.0,2,20.712129
0.0,2,20.713733
0.0,5,20.717633
-0.188606,4,20.721307
0.0,3,20.723886
0.0,3,20.726266
-1.0,4,20.729443
0.0,5,20.733358
0.0,2,20.73493
-0.04693,3,20.737875
0.0,3,20.740507
0.13417,2,20.742167
0.0,2,20.743809
0.0,2,20.745488
0.0,5,20.749824
0.0,2,20.751507
1.5,2,20.753155
-0.502821,3,20.755582
0.0,4,20.758744
0.0,2,20.760419
0.0,4,20.763641
0.0,2,20.765277
0.0,2,20.766879
0.0,6,20.771609
1.0,3,20.774076
0.0,3,20.776568
0.0,2,20.778199
0.0,3,20.780579
0.0,3,20.783005
0.0,5,20.786987
0.0,4,20.790212
0.0,3,20.792635
0.0,3,20.795118
0.0,3,20.797622
0.0,3,20.80003
-0.091638,3,20.802506
0.0,2,20.8042
0.0,3,20.806613
0.0,3,20.809056
-0.759738,3,20.811536
0.0,5,20.815507
0.0,3,20.817936
0.0,3,20.820389
-0.42856,3,20.822902
-0.256626,3,20.825408
-0.397737,4,20.828893
0.0,3,20.831405
0.0,4,20.834652
0.0,3,20.837136
0.0,5,20.841357
0.0,2,20.843398
0.0,2,20.845648
-0.596984,3,20.849057
-0.876021,2,20.851221
1.5,2,20.853086
0.0,3,20.856466
0.251252,5,20.861095
0.0,2,20.863234
0.0,4,20.866676
0.0,3,20.86952
0.0,2,20.871559
0.227503,2,20.873428
0.0,2,20.875323
-0.026935,3,20.878573
0.0,3,20.881359
0.0,4,20.885365
0.0,3,20.888136
1.5,2,20.889975
0.0,4,20.89396
0.0,3,20.896831
0.0,2,20.898798
0.0,5,20.903605
0.103261,2,20.90567
0.0,4,20.909497
0.0,5,20.91452
0.0,3,20.917375
0.0,2,20.919673
0.0,2,20.922236
-0.847035,6,20.928579
0.0,3,20.931456
0.0,2,20.933527
0.0,4,20.937449
0.0,2,20.939449
0.0,5,20.944334
0.0,2,20.946297
-0.849686,2,20.94864
0.0,4,20.952461
-0.671092,4,20.956602
0.0,2,20.958499
0.0,4,20.962451
0.0,3,20.965523
0.0,3,20.968503
0.498901,3,20.971478
0.526877,3,20.974483
0.0,3,20.977294
0.0,4,20.981336
0.0,2,20.98326
0.0,4,20.987298
0.0,3,20.990241
-0.951189,4,20.994205
0.0,5,20.999102
0.0,3,21.002118
0.0,3,21.00499
-0.766726,2,21.007173
-0.524928,4,21.011086
0.0,4,21.014993
0.0,3,21.018021
0.0,5,21.023121
0.0,4,21.027058
0.0,4,21.030972
0.0,3,21.033975
0.0,3,21.036986
-0.215605,3,21.039837
0.0,2,21.041933
0.0,2,21.044019
0.0,3,21.047042
0.0,5,21.052039
0.0,3,21.055253
0.0,2,21.057323
0.0,2,21.059429
0.0,3,21.062464
0.0,3,21.065717
0.0,4,21.069739
0.0,5,21.074836
0.0,4,21.079105
0.0,2,21.080988
0.0,3,21.084189
0.0,3,21.087438
0.0,3,21.09056
0.0,3,21.093776
0.0,2,21.095794
-0.411901,3,21.098984
1.5,2,21.101079
0.0,3,21.104467
0.0,4,21.108742
0.0,4,21.11304
0.0,3,21.115988
0.0,4,21.12035
0.0,4,21.12447
0.0,3,21.127674
1.5,2,21.129673
0.0,3,21.13283
0.0,3,21.136024
0.0,3,21.139244
0.0,2,21.141351
0.0,4,21.14561
0.0,5,21.150834
0.0,2,21.153056
0.0,4,21.15712
0.0,3,21.160198
0.0,5,21.165121
0.0,2,21.167383
0.0,3,21.17064
0.034165,2,21.172991
0.0,7,21.179975
0.0,2,21.182106
0.0,2,21.18431
0.0,3,21.187355
1.5,2,21.18984
-0.185663,3,21.194055
0.0,2,21.19619
0.499369,2,21.198699
0.0,2,21.200946
0.0,3,21.204142
-0.707811,3,21.207302
0.0,2,21.20947
0.0,4,21.213599
0.0,2,21.215887
1.222387,2,21.218013
0.0,2,21.220137
0.658044,4,21.224447
1.0,4,21.228604
0.0,4,21.232733
0.0,3,21.235864
0.0,3,21.23908
1.5,2,21.240994
0.0,2,21.243332
1.5,2,21.245536
0.0,3,21.248739
0.0,3,21.252119
0.0,3,21.255392
0.0,5,21.260856
0.013499,3,21.264185
0.0,2,21.266458
0.0,4,21.270808
0.0,3,21.274066
0.0,3,21.277221
0.0,4,21.281321
0.0,3,21.284649
0.0,3,21.287771
0.0,2,21.289786
0.0,3,21.292973
0.0,2,21.295238
0.0,4,21.299344
1.0,3,21.302463
0.204206,2,21.304567
0.0,3,21.307748
0.0,2,21.309867
0.0,4,21.314156
-0.107528,3,21.317316
0.0,3,21.320452
0.0,3,21.323569
0.0,4,21.328102
0.0,5,21.334495
-0.652999,3,21.338401
-0.706485,3,21.342576
0.0,3,21.346275
-0.041454,3,21.349948
0.0,3,21.353331
0.0,3,21.356604
0.0,2,21.358677
0.0,3,21.361794
-0.500223,3,21.364881
0.0,4,21.369052
0.0,2,21.371171
0.0,4,21.375291
0.0,2,21.377332
0.0,4,21.381369
0.0,4,21.385512
0.0,3,21.388644
0.946044,3,21.391708
0.0,3,21.394701
0.0,2,21.397008
0.0,3,21.400183
0.0,5,21.40538
0.378788,4,21.409727
0.0,3,21.412931
0.0,4,21.417131
0.0,2,21.41919
0.0,2,21.421485
0.0,3,21.42518
0.0,3,21.428699
0.0,5,21.433994
0.0,4,21.4382
0.509014,2,21.440322
0.0,4,21.444597
0.0,3,21.447765
0.0,3,21.451248
0.0,3,21.454425
0.0,4,21.458622
0.0,2,21.460672
0.0,2,21.462836
0.0,3,21.46595
0.0,3,21.469169
0.0,3,21.472296
0.0,4,21.476436
0.0,4,21.480611
1.0,2,21.482754
0.0,2,21.484842
0.0,3,21.488236
0.0,3,21.491309
0.0,4,21.49549
0.260226,3,21.498649
-0.687407,4,21.502936
0.0,4,21.507246
0.0,3,21.510449
0.0,5,21.515586
0.0,2,21.517776
0.0,5,21.522859
-0.538249,2,21.524938
0.0,3,21.528691
0.0,5,21.534603
0.0,6,21.54085
0.0,3,21.544079
0.0,4,21.548461
0.0,3,21.551617
0.0,3,21.555254
0.0,2,21.557431
0.0,2,21.559639
0.0,3,21.562727
0.0,2,21.564779
0.0,2,21.566983
0.0,3,21.57021
0.0,3,21.573353
0.0,2,21.57533
0.0,2,21.577527
0.0,2,21.579755
0.013572,3,21.582735
0.0,2,21.584953
0.0,3,21.588219
0.0,3,21.591188
-0.220045,2,21.593323
0.0,2,21.595482
0.0,2,21.597398
0.0,4,21.601727
0.0,4,21.606429
0.0,2,21.608845
0.0,3,21.612197
0.0,4,21.616858
0.0,5,21.62234
0.0,3,21.625236
1.5,2,21.627568
0.0,3,21.631025
0.0,2,21.633243
0.0,3,21.636522
-0.516642,3,21.63967
0.0,2,21.641827
0.0,4,21.646205
0.0,2,21.648625
0.0,3,21.651671
0.0,2,21.65365
0.0,2,21.655763
0.0,3,21.65869
0.0,3,21.661734
0.0,3,21.664734
0.0,3,21.667467
0.0,2,21.669481
-0.638215,3,21.672294
0.0,4,21.675964
0.0,3,21.678626
0.0,3,21.681288
0.0,2,21.683014
0.0,2,21.684801
0.0,4,21.688396
0.0,3,21.691075
0.0,4,21.694722
0.0,3,21.697383
-0.27377,3,21.699999
0.0,3,21.702668
0.254044,2,21.70457
0.0,4,21.708174
0.0,3,21.710991
0.0,2,21.712858
0.0,4,21.716424
0.0,3,21.7191
1.5,2,21.720886
-0.82166,2,21.722697
0.0,2,21.724539
0.0,2,21.726317
0.0,3,21.728968
0.0,3,21.731865
-1.163144,2,21.733676
-0.058334,4,21.737192
0.0,2,21.739304
0.0,3,21.742544
0.0,2,21.744448
0.0,2,21.746237
0.0,3,21.749257
0.0,3,21.752018
0.0,3,21.754794
0.0,3,21.757548
0.0,3,21.76019
0.252676,4,21.763745
0.0,2,21.765566
0.0,2,21.767385
0.0,4,21.770922
0.0,3,21.773629
0.0,3,21.776344
0.0,3,21.779087
0.0,2,21.780876
0.0,4,21.784456
0.553597,3,21.787126
-0.214849,5,21.791654
-0.80584,2,21.793522
-0.239607,4,21.797083
0.0,3,21.799726
0.0,3,21.80238
-0.782444,4,21.805868
-0.096179,3,21.808547
-1.0,3,21.811147
0.0,3,21.813791
0.0,3,21.816426
0.0,3,21.819124
-0.561083,2,21.82086
0.0,4,21.82434
0.0,3,21.826975
0.0,3,21.829654
0.0,2,21.831483
0.0,2,21.833326
0.0,2,21.835105
-0.119833,3,21.837813
0.0,4,21.841352
0.0,4,21.844827
0.0,4,21.848542
0.0,3,21.85151
0.0,4,21.855031
0.0,2,21.856916
0.0,3,21.859758
0.0,5,21.864163
0.0,4,21.867692
0.0,3,21.87044
0.0,3,21.873161
-1.179768,2,21.874978
0.0,3,21.87765
-0.733714,2,21.879567
0.0,4,21.883202
0.0,3,21.885901
0.0,4,21.889358
0.0,3,21.892054
0.0,3,21.89481
0.0,3,21.897581
0.0,3,21.900265
0.0,4,21.903742
0.0,4,21.907188
0.0,3,21.909847
0.0,3,21.912545
0.0,5,21.916825
0.0,2,21.918633
0.0,2,21.920477
0.0,3,21.923177
0.0,3,21.925941
0.0,2,21.927977
0.0,3,21.930767
0.0,3,21.933683
0.0,3,21.936461
0.0,2,21.938231
1.5,2,21.939983
0.0,2,21.941857
0.0,2,21.943681
0.0,3,21.946361
0.0,4,21.950145
0.0,2,21.951981
0.0,2,21.95379
0.0,4,21.957347
-0.4231,3,21.959988
0.0,2,21.961848
0.0,4,21.965286
0.0,3,21.967893
0.0,3,21.970427
0.0,3,21.972936
0.0,4,21.976452
0.0,3,21.979082
0.0,2,21.980884
0.0,2,21.982635
-0.470005,3,21.985269
0.0,3,21.987885
0.0,3,21.990585
0.0,3,21.993166
0.0,3,21.99581
0.238657,2,21.997538
0.0,3,22.000164
0.0,2,22.00187
0.0,4,22.005331
0.0,3,22.007908
0.0,3,22.010541
0.0,3,22.013129
0.0,2,22.014891
0.0,4,22.018297
0.0,4,22.021701
0.0,3,22.024366
-0.369449,3,22.027027
0.0,2,22.028809
-0.610024,7,22.034939
0.0,3,22.037607
0.214418,2,22.039347
0.0,3,22.041954
0.673954,3,22.044587
0.0,2,22.046317
0.0,4,22.050224
0.0,3,22.053027
-0.06367,2,22.054791
0.0,4,22.058256
-1.0,6,22.063425
0.0,3,22.066008
1.5,2,22.067808
0.0,4,22.071279
0.0,3,22.07393
0.0,3,22.076514
1.0,4,22.079975
-0.434432,6,22.085041
-1.0,4,22.088459
0.0,2,22.09026
0.0,6,22.095407
1.5,2,22.097161
0.0,2,22.098925
0.132015,2,22.100693
0.0,4,22.104619
0.0,3,22.108163
-0.119636,3,22.110873
0.0,4,22.114481
-0.36365,3,22.117288
0.0,2,22.11902
0.0,3,22.121666
0.0,3,22.124311
-1.0,4,22.127793
0.0,3,22.130435
-0.351277,3,22.133142
-0.219996,5,22.137652
0.0,4,22.141221
1.5,2,22.142971
0.0,4,22.146451
0.0,3,22.149233
0.0,3,22.152179
1.5,2,22.153939
0.0,5,22.158325
0.0,2,22.160074
0.0,3,22.16274
0.0,2,22.164617
0.0,3,22.167208
0.0,4,22.170665
0.0,3,22.173311
0.0,2,22.175027
0.0,4,22.178586
0.0,3,22.181267
-0.649179,3,22.183932
0.314722,5,22.188145
0.0,2,22.189888
-0.078412,2,22.19167
0.0,3,22.194234
0.0,3,22.196818
-0.608552,2,22.198599
0.0,4,22.202037
0.715489,3,22.204737
0.0,3,22.207296
0.044414,3,22.209914
0.0,3,22.212532
0.0,3,22.215136
-0.455035,3,22.217742
0.0,3,22.220374
-1.0,4,22.223791
0.0,2,22.225573
0.0,4,22.229023
0.0,5,22.233244
-0.569744,3,22.235874
0.0,2,22.237578
-0.736664,3,22.240231
0.0,5,22.244502
-0.507758,2,22.246293
-0.282248,3,22.249038
-0.108838,5,22.254133
0.0,2,22.256075
0.0,4,22.259635
-0.464361,2,22.26155
0.0,2,22.263374
-1.0,3,22.265949
0.0,3,22.26877
0.0,4,22.272459
0.0,3,22.275112
0.0,3,22.277754
0.0,2,22.279678
-0.244177,2,22.281494
0.0,4,22.285157
0.0,2,22.28691
0.0,3,22.289574
0.500393,2,22.291358
0.0,3,22.29392
0.0,2,22.295702
0.0,4,22.299107
0.0,3,22.301692
-0.156603,5,22.305871
0.0,4,22.309241
0.0,3,22.311854
0.0,4,22.315431
0.0,2,22.317225
0.0,2,22.319099
0.0,3,22.321887
0.0,3,22.324882
1.5,2,22.326875
0.0,4,22.330921
0.0,4,22.334554
-0.680024,3,22.337379
0.0,2,22.339301
0.0,3,22.50841
0.0,3,22.51167
0.0,4,22.515796
0.0,2,22.517836
0.0,3,22.520705
0.0,3,22.523686
0.0,5,22.528293
0.0,4,22.531782
-0.126195,4,22.535258
0.0,4,22.538985
0.0,6,22.544133
0.0,2,22.545973
0.0,2,22.547776
0.0,2,22.54987
0.0,2,22.552091
1.375972,2,22.554322
0.0,2,22.556392
0.0,2,22.55827
0.0,3,22.560945
0.0,4,22.564378
0.0,2,22.56613
-0.335146,3,22.568715
-0.693596,3,22.571362
-0.406733,2,22.573182
0.0,2,22.575031
0.0,3,22.577913
0.0,3,22.580579
0.0,2,22.582358
0.0,3,22.585017
0.0,2,22.586704
0.0,3,22.589286
1.0,3,22.591815
0.0,3,22.594369
0.922253,2,22.596039
0.0,2,22.59782
0.0,3,22.600368
0.0,3,22.603011
-0.113826,3,22.606602
0.0,2,22.608676
0.0,4,22.612254
0.0,5,22.616559
0.0,2,22.618371
0.101807,4,22.621789
0.0,3,22.624431
0.0,2,22.626235
0.0,3,22.628811
-0.443226,3,22.631438
0.0,3,22.633988
0.0,5,22.638154
0.0,3,22.640737
0.0,3,22.64336
0.0,2,22.645091
0.0,2,22.646899
0.0,2,22.648609
0.0,2,22.650501
0.0,2,22.652594
-1.0,4,22.656224
0.0,2,22.658071
0.0,3,22.660646
0.0,4,22.663949
0.0,5,22.668294
0.0,4,22.671644
0.0,2,22.673376
0.0,3,22.675967
0.0,2,22.677655
0.0,3,22.680161
0.0,4,22.683445
0.0,3,22.68608
0.0,2,22.687758
0.0,2,22.689502
1.5,2,22.691192
-0.916597,2,22.692873
0.0,4,22.696127
0.0,4,22.699475
0.0,5,22.703636
0.0,2,22.705326
0.0,4,22.70866
-0.487788,2,22.710383
0.0,3,22.712881
0.0,4,22.716238
0.0,4,22.71968
0.0,3,22.722249
1.5,2,22.72399
-0.000965,2,22.725829
0.0,4,22.729317
0.0,4,22.732689
0.0,2,22.73436
0.0,5,22.738476
0.799201,2,22.740346
0.0,3,22.743359
0.0,4,22.746906
0.0,3,22.749465
0.0,3,22.752455
1.5,2,22.754312
0.0,3,22.756987
0.0,4,22.760267
0.0,3,22.762865
0.0,3,22.765398
0.0,4,22.768719
-0.706201,4,22.771949
1.5,2,22.773595
0.0,3,22.776066
0.0,3,22.778494
0.0,3,22.780947
0.0,3,22.783472
0.0,2,22.785182
0.0,2,22.786793
0.0,2,22.788445
0.0,2,22.790137
0.0,3,22.792558
0.0,4,22.795731
0.0,5,22.799666
-0.551912,3,22.802096
0.0,3,22.804633
0.0,3,22.807126
0.0,4,22.810353
0.0,4,22.813552
0.0,2,22.81517
0.0,5,22.819228
0.0,4,22.822457
0.0,2,22.824106
1.5,2,22.825752
0.0,2,22.827404
0.0,3,22.829885
0.0,3,22.832392
0.0,5,22.836353
0.0,5,22.840388
0.617933,3,22.842927
0.0,5,22.846988
0.0,2,22.848757
0.0,3,22.851424
0.0,2,22.853368
0.0,2,22.855131
0.0,2,22.856785
0.0,2,22.858465
0.0,3,22.861126
0.0,2,22.86295
0.0,3,22.865446
0.0,3,22.867858
0.0,5,22.871862
0.0,3,22.874318
0.0,3,22.876948
0.0,4,22.880276
0.0,4,22.883536
0.0,4,22.886785
0.0,4,22.890167
0.0,3,22.893274
0.0,3,22.896705
0.0,3,22.899923
0.0,4,22.904229
0.0,4,22.908032
0.0,4,22.912455
0.0,2,22.914318
0.0,3,22.917329
0.0,3,22.920009
0.0,4,22.923399
0.0,4,22.927022
0.0,3,22.93
0.0,3,22.933168
0.0,6,22.93874
0.0,2,22.940936
0.469666,4,22.944887
0.0,2,22.947181
0.817516,2,22.949164
0.0,3,22.95212
0.0,3,22.955369
-0.052827,4,22.959283
0.0,4,22.963196
0.0,3,22.966108
0.0,3,22.969587
0.0,4,22.973473
0.0,3,22.976534
0.0,3,22.979569
-0.743042,2,22.981369
0.0,2,22.983691
0.0,3,22.986699
0.0,4,22.990744
0.0,2,22.992801
0.0,3,22.995796
-0.117736,3,22.998914
0.0,4,23.003023
0.0,2,23.005168
0.0,4,23.009284
-1.0,4,23.01355
0.0,2,23.015568
0.0,2,23.017772
0.0,3,23.020969
0.292599,2,23.022995
1.5,2,23.025244
0.0,3,23.028251
0.0,3,23.031465
0.0,3,23.034545
-0.428393,2,23.036515
0.0,3,23.039682
-0.724006,4,23.04363
0.0,3,23.046691
0.0,3,23.049641
0.0,2,23.051654
0.0,4,23.055545
-0.254189,3,23.058685
0.0,2,23.060874
1.5,2,23.06297
1.5,2,23.064921
0.0,4,23.06919
0.0,3,23.072156
0.0,4,23.076302
0.0,4,23.080349
-0.305531,4,23.084162
-1.0,6,23.089935
0.0,2,23.091883
0.0,3,23.094981
0.0,4,23.098874
0.0,4,23.102976
0.702834,3,23.106749
-0.355809,2,23.109288
0.0,2,23.111511
0.0,4,23.115792
-0.214531,4,23.119824
0.0,3,23.123249
0.0,2,23.125645
0.0,2,23.12759
0.0,4,23.131959
0.0,2,23.134043
0.0,4,23.138232
-0.634627,5,23.143265
0.0,2,23.145142
0.0,2,23.147192
0.0,4,23.151249
0.0,2,23.153354
0.0,2,23.155396
0.0,4,23.159693
0.0,3,23.162642
0.0,3,23.165898
0.0,2,23.168039
0.0,2,23.170164
0.0,2,23.17219
0.0,4,23.176171
1.5,2,23.178414
0.0,4,23.182512
0.0,5,23.187625
0.0,4,23.191732
-1.0,4,23.195835
0.0,3,23.199095
0.0,2,23.201263
0.0,6,23.207236
0.470929,5,23.21235
0.0,2,23.214365
0.0,2,23.216479
0.0,4,23.220778
0.0,4,23.224677
0.0,2,23.226784
0.0,3,23.22982
-0.114563,3,23.232955
0.0,3,23.236193
-0.166155,3,23.239059
0.0,4,23.243239
-0.826978,2,23.245196
0.0,2,23.247237
0.0,4,23.251188
0.0,4,23.254935
0.0,3,23.257922
0.474267,3,23.260818
0.0,3,23.263977
0.0,4,23.267746
0.0,2,23.26999
0.0,3,23.273137
0.0,3,23.276306
0.0,3,23.279316
0.0,2,23.281084
0.0,4,23.285312
0.0,3,23.288718
1.5,2,23.290984
0.0,2,23.293078
0.0,3,23.296038
0.0,3,23.298922
-0.623731,4,23.303205
0.0,3,23.306436
0.0,2,23.308363
0.0,4,23.31277
0.857257,2,23.314766
-0.167592,2,23.316659
0.0,3,23.319919
0.0,2,23.321842
0.0,4,23.325895
0.0,3,23.329013
-0.224641,3,23.332108
0.0,3,23.335217
0.0,4,23.339927
0.0,3,23.343007
0.0,3,23.346036
0.0,3,23.349107
0.0,3,23.352117
-0.939708,4,23.356289
0.0,3,23.359529
0.0,3,23.362658
0.0,3,23.365438
0.0,4,23.369693
0.0,3,23.372753
1.0,3,23.376039
0.0,2,23.378002
0.0,3,23.381443
0.0,3,23.384743
1.5,2,23.386845
0.0,2,23.389056
0.0,3,23.392433
0.0,3,23.395981
0.0,4,23.399747
0.0,4,23.404219
0.0,2,23.406082
0.0,4,23.410136
0.0,3,23.413019
0.608837,3,23.416083
0.0,3,23.41895
0.0,3,23.421796
0.0,3,23.424889
-1.0,4,23.428727
0.0,3,23.43193
0.0,3,23.434644
-0.437326,3,23.43787
0.0,2,23.439962
0.0,4,23.443743
0.0,4,23.447514
0.0,2,23.449488
0.0,3,23.452674
0.0,5,23.457353
1.5,2,23.459331
0.0,3,23.462441
0.0,3,23.465624
0.0,3,23.468606
0.0,3,23.472099
0.0,3,23.475273
0.0,4,23.479404
0.0,2,23.481513
0.0,2,23.483489
0.0,2,23.485772
0.0,3,23.488851
0.0,4,23.492702
0.0,3,23.495574
0.0,2,23.497339
0.0,2,23.499399
0.0,3,23.502348
-0.238449,4,23.506085
0.0,2,23.508058
-0.366604,4,23.511603
0.0,3,23.514782
0.0,3,23.517522
0.0,4,23.521559
0.0,2,23.523417
0.0,4,23.52722
0.0,2,23.529172
0.0,3,23.531857
0.0,4,23.535833
0.0,3,23.538638
-0.26093,3,23.541737
0.0,3,23.544564
0.0,2,23.546456
0.0,4,23.550511
1.5,2,23.552359
0.0,3,23.55554
0.0,2,23.55751
1.5,2,23.559418
-0.217235,3,23.562521
0.0,4,23.566188
0.0,2,23.567969
-0.229882,4,23.571955
0.0,2,23.573693
0.0,2,23.57577
0.0,4,23.579552
0.0,3,23.582603
0.0,3,23.585698
0.0,4,23.589486
0.0,2,23.591508
0.0,4,23.595039
0.0,2,23.597152
0.0,4,23.600866
0.0,4,23.60526
0.0,3,23.608266
-0.422214,5,23.613202
0.0,4,23.616839
0.0,4,23.620841
0.0,2,23.622592
0.0,3,23.625775
0.0,2,23.627646
0.0,2,23.629399
0.0,3,23.63231
-0.589403,4,23.635933
0.0,3,23.638817
0.0,4,23.642364
-0.384953,2,23.644233
0.0,3,23.647212
0.0,2,23.649037
0.0,4,23.652922
0.0,3,23.656245
0.0,3,23.661955
-1.0,3,23.667006
1.5,2,23.670479
0.0,3,23.675351
-0.237323,3,23.68033
0.0,3,23.685298
0.0,2,23.688465
0.0,3,23.693617
0.211016,3,23.698608
-1.0,3,23.702505
0.0,4,23.706827
0.0,4,23.711161
0.0,4,23.714488
-0.328037,2,23.716171
0.0,5,23.720742
0.0,3,23.724235
0.0,3,23.728227
0.0,3,23.732023
0.0,3,23.735345
0.0,2,23.737018
1.5,2,23.738782
0.821398,2,23.740617
-0.286845,4,23.743981
0.0,4,23.747369
0.0,3,23.749824
0.0,3,23.752317
0.0,3,23.755021
0.0,4,23.7584
0.0,5,23.762496
1.5,2,23.764142
0.0,2,23.765988
0.0,3,23.768506
-0.418387,4,23.771705
0.0,2,23.77338
-0.762356,3,23.775898
0.0,3,23.778507
-0.834779,4,23.781757
0.0,3,23.7842
0.69394,2,23.785814
0.0,2,23.787426
1.196348,2,23.789005
0.0,2,23.790584
0.0,3,23.792958
0.0,2,23.794575
0.0,4,23.79774
0.0,3,23.800109
0.0,3,23.802481
0.0,4,23.805607
0.0,4,23.808856
0.0,4,23.812426
0.0,2,23.814251
0.0,2,23.815951
0.0,3,23.818412
0.0,2,23.820084
0.0,4,23.823335
0.0,2,23.825011
0.0,2,23.826733
0.0,4,23.8299
0.0,2,23.831549
0.0,2,23.833109
-0.448579,5,23.836987
0.0,4,23.840059
0.0,5,23.843914
0.0,3,23.846238
0.0,3,23.848608
0.0,4,23.851682
0.0,3,23.854395
0.0,3,23.857099
-1.0,2,23.858717
1.5,2,23.860405
0.0,3,23.863071
0.0,2,23.864691
-0.321247,3,23.867207
0.0,3,23.869565
0.0,2,23.871136
0.0,4,23.874362
-0.732955,4,23.877866
0.0,3,23.88037
0.0,3,23.882924
0.0,4,23.886189
0.0,3,23.888683
-0.294846,2,23.890342
0.0,3,23.892793
-0.681563,3,23.895321
0.0,2,23.897107
0.0,3,23.899644
0.0,2,23.901246
0.0,4,23.904379
0.0,4,23.907489
0.0,4,23.91064
0.0,4,23.913871
0.0,5,23.917757
0.0,2,23.919397
0.0,3,23.921775
0.0,2,23.923342
0.0,3,23.925665
0.0,2,23.927302
0.0,4,23.930372
0.0,2,23.931993
0.0,3,23.934361
0.0,4,23.937515
0.0,3,23.939981
0.0,2,23.941677
-0.127494,3,23.944145
0.0,2,23.945827
0.0,3,23.94825
0.0,3,23.950585
0.0,2,23.952238
0.0,2,23.95414
0.0,3,23.95675
-0.719768,3,23.959253
0.0,2,23.960996
0.0,3,23.963528
0.0,2,23.965196
0.0,4,23.968658
0.0,3,23.971392
0.0,3,23.973944
0.0,3,23.976431
0.0,3,23.978888
0.0,2,23.980612
0.0,4,23.983883
0.528656,3,23.98634
0.0,3,23.988738
-0.626911,3,23.991166
0.0,2,23.992842
0.0,2,23.994407
0.0,3,23.9968
0.0,3,23.999172
-0.911089,4,24.002278
0.0,4,24.005432
0.0,2,24.007366
0.0,2,24.009192
-0.915538,4,24.012929
0.0,3,24.015689
0.0,2,24.017362
0.0,2,24.019402
0.0,3,24.02212
0.0,4,24.025965
0.0,3,24.028598
0.0,4,24.032281
0.0,4,24.035795
0.0,3,24.038733
0.0,4,24.042125
0.0,2,24.043938
0.0,3,24.046926
0.0,3,24.049593
0.0,2,24.051338
0.0,2,24.053325
-0.227398,2,24.055259
-0.6158,3,24.057968
0.0,3,24.060717
0.0,3,24.063279
-1.0,2,24.065122
0.0,2,24.066837
0.0,2,24.068666
0.0,3,24.071369
0.0,5,24.075678
0.0,3,24.078021
0.0,5,24.08195
0.0,2,24.083535
-0.312164,4,24.086834
0.0,5,24.091277
0.0,5,24.095402
0.0,3,24.097927
0.0,4,24.101096
0.0,2,24.10269
0.893569,4,24.106431
1.0,3,24.10926
-1.0,3,24.111761
1.5,2,24.113412
0.0,2,24.115069
0.0,4,24.118415
0.0,3,24.120858
0.0,2,24.122535
-0.535782,2,24.124241
0.0,4,24.127482
0.0,4,24.131196
0.0,4,24.134516
0.0,3,24.136942
0.0,3,24.139493
0.0,4,24.142879
0.0,3,24.145404
-0.655773,6,24.150237
-0.364276,5,24.154407
0.0,4,24.157832
0.0,2,24.15947
0.0,4,24.162803
0.0,2,24.164464
0.0,3,24.166896
0.0,3,24.169516
0.0,3,24.171917
0.0,2,24.173543
0.0,2,24.17516
0.0,3,24.177501
0.0,2,24.179099
0.0,5,24.182918
0.0,3,24.185358
0.0,3,24.187734
0.0,2,24.189266
0.0,4,24.192345
0.0,3,24.194666
0.0,3,24.196972
1.5,2,24.198535
-1.0,5,24.202328
0.0,2,24.203948
0.0,2,24.205649
0.0,2,24.207272
0.0,3,24.209674
0.0,2,24.211364
0.0,2,24.212994
0.0,3,24.215389
0.0,2,24.217129
0.0,2,24.218738
0.0,2,24.220521
0.0,3,24.222952
0.165486,2,24.224623
0.0,6,24.229349
0.0,2,24.230994
0.0,2,24.232601
0.0,2,24.234154
0.0,3,24.236485
0.0,2,24.238029
0.0,4,24.241106
0.0,2,24.242764
0.0,3,24.24515
0.0,3,24.247732
0.0,3,24.250224
0.0,4,24.253422
0.0,4,24.257061
0.0,4,24.260458
0.0,2,24.262225
1.0,5,24.26642
0.0,5,24.270428
0.782853,4,24.273765
0.0,4,24.277015
0.0,4,24.280251
0.0,3,24.282678
0.0,2,24.284319
0.0,4,24.287436
0.0,3,24.290406
0.0,4,24.293776
-0.072166,4,24.29704
0.817068,2,24.298763
0.0,2,24.30038
-0.200322,4,24.30361
0.0,3,24.306202
0.0,5,24.310112
0.0,4,24.31356
0.0,4,24.316921
0.0,2,24.318539
0.744921,2,24.320202
0.0,3,24.322732
1.0,3,24.325328
0.0,3,24.327775
0.0,4,24.331061
0.0,2,24.332784
0.0,3,24.335455
0.0,4,24.338868
0.0,4,24.342571
0.0,4,24.346116
0.0,2,24.347967
0.0,2,24.349674
0.0,3,24.352619
0.0,2,24.354564
0.0,3,24.357428
0.0,4,24.360835
0.0,3,24.363514
0.0,3,24.366148
0.0,4,24.369704
1.5,2,24.371427
0.0,4,24.374929
0.0,4,24.378384
0.0,3,24.380979
0.462687,3,24.383541
0.0,4,24.386887
0.0,3,24.389354
0.0,4,24.392627
0.0,2,24.394361
0.0,2,24.396084
-0.53553,2,24.559334
0.0,4,24.563229
0.0,3,24.566461
0.0,4,24.569921
0.0,3,24.573077
0.0,2,24.574904
0.0,2,24.576713
0.0,2,24.578756
0.0,4,24.582197
0.0,2,24.583914
0.0,3,24.586673
0.0,5,24.590755
0.0,4,24.59402
0.0,3,24.596548
0.0,2,24.598315
0.0,2,24.600053
0.0,3,24.602645
0.0,4,24.60709
0.0,3,24.609754
0.0,4,24.612999
0.007467,3,24.61555
1.020048,2,24.617186
0.0,2,24.618887
0.0,2,24.620618
-0.375152,3,24.623015
0.0,4,24.62624
0.0,4,24.629702
0.0,3,24.632202
0.0,5,24.636348
-0.270929,2,24.637987
0.0,4,24.64157
0.0,3,24.644154
0.0,3,24.646544
0.0,2,24.648261
0.0,2,24.649864
0.0,5,24.65386
1.5,2,24.655804
0.0,4,24.659285
0.727273,3,24.661693
0.0,2,24.663427
0.0,5,24.66744
0.0,3,24.66992
0.0,3,24.67237
0.0,5,24.676315
0.0,5,24.681026
0.0,2,24.682709
0.0,2,24.684361
0.0,3,24.686768
0.0,4,24.689929
0.0,3,24.692374
-0.210969,6,24.697234
0.0,3,24.699704
0.0,3,24.702194
0.0,3,24.704637
-0.732544,3,24.707079
0.0,4,24.71041
-1.0,3,24.712857
1.5,2,24.714489
-0.692613,5,24.718507
0.0,2,24.720186
-0.667876,3,24.722779
0.0,4,24.725986
0.0,3,24.72845
0.0,3,24.730887
0.0,4,24.734113
0.0,3,24.736561
0.0,2,24.73823
0.0,5,24.742132
0.0,3,24.744572
0.0,2,24.746189
0.0,3,24.748614
0.0,5,24.75255
0.0,4,24.75602
0.0,3,24.758634
0.0,5,24.762655
0.0,3,24.765069
0.0,2,24.766663
-1.580868,2,24.768466
0.0,2,24.770151
0.0,3,24.772537
0.0,4,24.775711
0.0,2,24.777322
0.0,2,24.779107
0.0,3,24.781971
0.0,3,24.784406
0.0,2,24.785976
0.0,2,24.78763
0.0,3,24.790044
0.0,3,24.792423
0.0,3,24.794875
1.0,2,24.796632
0.0,3,24.79913
0.0,4,24.802347
0.0,3,24.804774
0.0,3,24.807205
0.0,2,24.80882
0.0,2,24.810504
0.0,2,24.812166
0.0,3,24.814724
0.0,4,24.817919
0.0,3,24.820385
0.0,4,24.823556
0.0,2,24.825246
-0.047465,4,24.828446
0.0,3,24.830869
0.0,2,24.832553
0.0,3,24.834988
0.0,4,24.838123
0.0,4,24.841476
0.0,3,24.843889
0.0,3,24.846305
0.0,4,24.849427
0.0,3,24.851852
0.0,3,24.854263
0.0,3,24.856925
0.0,3,24.859529
0.0,3,24.861926
-0.869099,5,24.865952
0.0,3,24.868377
0.0,3,24.870848
0.0,2,24.872472
0.0,2,24.874121
0.0,2,24.875703
0.0,3,24.878129
0.0,4,24.881331
0.0,3,24.883767
0.0,4,24.886916
0.0,3,24.889323
0.0,4,24.892485
0.0,2,24.894084
0.0,3,24.896588
-0.061015,4,24.899856
0.0,3,24.902248
0.0,3,24.904634
0.0,3,24.907081
0.0,4,24.910252
0.0,3,25.018338
-0.726882,3,25.021294
0.0,4,25.026265
0.0,3,25.029346
0.0,5,25.033696
0.0,2,25.035654
0.0,4,25.039613
1.5,2,25.04159
0.0,3,25.044335
0.0,2,25.045994
1.5,2,25.047754
0.0,3,25.050614
0.0,3,25.053251
-0.092738,4,25.057356
0.0,4,25.061009
0.0,2,25.063168
0.0,2,25.065031
0.0,4,25.068332
0.0,4,25.072194
0.0,3,25.074701
0.0,3,25.077524
0.0,4,25.081069
-0.492048,2,25.083039
-1.0,5,25.087444
0.0,3,25.090194
0.701021,3,25.092953
0.0,3,25.095494
0.0,4,25.099238
0.0,5,25.103796
0.0,3,25.107133
0.0,3,25.109687
0.0,3,25.113002
0.0,4,25.116532
0.0,2,25.118644
0.0,2,25.120801
0.0,3,25.123316
0.0,3,25.126285
0.0,3,25.129166
0.0,3,25.132057
-0.930775,4,25.135743
0.0,4,25.139377
0.0,3,25.142343
0.0,2,25.144051
-0.164117,4,25.14781
0.0,2,25.149696
0.0,3,25.152329
0.0,3,25.155342
0.0,2,25.1572
0.0,3,25.159946
0.0,3,25.16273
0.0,4,25.166636
-0.103287,4,25.170374
0.0,2,25.172033
0.0,3,25.174961
0.0,3,25.177783
0.0,2,25.179491
0.0,4,25.183226
-0.107821,5,25.187557
0.0,3,25.190506
0.0,4,25.193815
0.0,4,25.197224
0.0,3,25.199772
0.0,2,25.201449
-0.650961,4,25.205375
0.0,3,25.207815
0.0,2,25.20969
0.0,4,25.21344
0.0,4,25.217087
0.0,4,25.220667
0.0,5,25.225173
0.0,4,25.228649
0.0,3,25.231679
-0.197285,2,25.233535
0.0,4,25.236832
0.0,6,25.242239
0.0,4,25.246127
0.0,3,25.24862
-0.231696,6,25.254056
0.0,3,25.256563
0.0,3,25.259474
0.0,4,25.263018
0.0,3,25.265733
0.0,4,25.269358
0.0,5,25.273918
0.0,2,25.275579
0.0,5,25.280027
0.0,3,25.282852
0.0,2,25.284471
0.0,3,25.28792
0.0,3,25.290666
0.006267,2,25.292345
0.0,6,25.297816
0.0,4,25.301669
0.0,3,25.304091
0.0,3,25.306694
0.0,2,25.308867
0.0,2,25.310683
0.0,2,25.312403
0.0,3,25.315379
0.0,3,25.317841
0.0,3,25.320315
0.0,3,25.323362
0.0,3,25.326386
0.0,2,25.328819
0.0,2,25.330987
0.0,3,25.333982
0.0,4,25.338408
0.0,5,25.343416
0.0,5,25.347794
0.0,3,25.351137
0.0,2,25.353139
0.0,2,25.355397
0.0,3,25.358778
0.0,3,25.36151
0.0,5,25.367305
0.0,3,25.370198
0.0,4,25.373724
0.0,4,25.377335
0.0,3,25.379943
0.0,5,25.384201
0.0,4,25.38784
0.0,3,25.390301
0.0,4,25.394102
0.0,2,25.395794
0.0,2,25.397848
0.55265,5,25.402247
0.0,3,25.404958
0.0,2,25.406999
0.0,3,25.409591
0.0,5,25.414272
0.0,4,25.417515
0.0,3,25.420559
0.0,2,25.422276
0.0,2,25.423997
0.0,3,25.426951
-0.165642,4,25.430386
0.0,2,25.432151
0.0,2,25.43453
0.0,3,25.437606
0.0,2,25.439821
0.0,2,25.441799
0.570969,2,25.44388
0.0,2,25.445897
-0.362111,5,25.450967
0.0,3,25.454138
0.0,2,25.456039
0.0,5,25.460536
0.0,3,25.463669
0.0,3,25.466405
0.0,2,25.468454
0.0,3,25.470939
0.0,5,25.47554
0.0,3,25.47822
0.0,2,25.47995
0.0,2,25.482039
0.0,3,25.48461
0.0,2,25.486335
0.0,3,25.489256
0.0,2,25.491108
0.0,3,25.493673
0.0,5,25.498361
0.0,4,25.501693
-0.348788,5,25.5062
0.0,3,25.509005
0.0,2,25.51093
0.0,2,25.512613
0.0,4,25.51623
0.0,4,25.519996
0.0,2,25.521893
0.0,3,25.524866
0.0,2,25.526619
0.0,4,25.530258
0.0,2,25.532262
0.0,2,25.533999
0.0,2,25.535956
0.0,3,25.539161
0.0,4,25.542588
0.416511,3,25.545745
0.0,3,25.5484
0.0,2,25.550454
0.0,2,25.552459
-0.257462,2,25.554235
0.0,3,25.557067
0.0,3,25.560184
0.0,2,25.561943
0.258458,2,25.563721
0.0,3,25.566762
-0.283514,3,25.569283
1.5,2,25.571185
0.0,2,25.573033
0.0,6,25.577816
0.0,3,25.58052
-1.0,5,25.584717
0.0,3,25.587498
0.716444,2,25.589163
0.0,4,25.592463
-0.514454,3,25.595521
0.0,3,25.598137
0.0,4,25.601853
0.0,4,25.605517
0.0,5,25.610436
-0.104814,5,25.615154
0.0,4,25.618621
0.0,2,25.620554
0.0,3,25.623497
0.0,4,25.627366
0.0,2,25.629341
0.0,3,25.631853
0.0,2,25.63384
0.0,2,25.635721
0.0,3,25.638371
-0.909271,5,25.642994
0.0,2,25.644753
0.0,4,25.648449
0.0,3,25.651135
0.0,3,25.653598
0.0,4,25.657526
0.0,2,25.659308
0.0,3,25.662165
1.5,2,25.664028
0.0,3,25.666704
0.0,4,25.670506
0.0,3,25.673022
0.0,3,25.675869
0.0,5,25.680209
-0.443245,3,25.68273
0.0,3,25.685712
0.0,2,25.687482
0.0,3,25.690416
0.0,3,25.693085
-1.0,4,25.696393
-0.352217,2,25.698609
0.0,5,25.702983
0.0,3,25.705823
0.0,2,25.707582
0.0,3,25.710139
0.0,3,25.713086
-0.408374,4,25.716445
0.0,3,25.71934
0.0,2,25.721003
0.0,4,25.724271
0.0,4,25.728117
1.0,4,25.731644
0.0,2,25.733599
0.0,4,25.736886
0.0,3,25.739681
0.0,2,25.741562
0.0,3,25.744119
0.0,3,25.747127
1.5,2,25.748879
0.0,2,25.750561
0.0,5,25.755123
0.0,3,25.757677
0.0,2,25.759629
0.0,2,25.761401
0.0,4,25.76463
-0.747762,3,25.767469
0.0,3,25.770078
0.0,4,25.773692
0.0,2,25.775421
0.0,3,25.777824
0.0,3,25.780405
0.0,4,25.783708
0.0,3,25.786041
0.0,2,25.787585
0.0,4,25.790948
0.0,3,25.793229
0.0,3,25.795472
-1.0,4,25.798456
0.0,2,25.799979
0.0,2,25.801529
0.0,4,25.80451
0.0,2,25.805998
0.0,3,25.808303
0.0,3,25.810576
0.0,3,25.812826
0.0,3,25.815092
0.0,3,25.817312
0.0,3,25.819685
0.0,4,25.822637
-0.762379,4,25.825887
0.0,2,25.827566
-0.861466,4,25.830875
0.124496,2,25.832515
0.0,5,25.836537
0.0,4,25.839741
0.0,3,25.842196
0.0,2,25.84391
0.0,3,25.846319
0.0,2,25.847926
-0.039818,4,25.850997
0.0,3,25.853497
0.0,3,25.855834
0.0,2,25.85745
0.0,2,25.859151
0.0,4,25.862393
0.0,2,25.864033
0.0,3,25.866453
0.0,4,25.86965
0.0,2,25.871304
0.0,4,25.874459
-0.044041,2,25.876035
0.0,2,25.877552
0.0,3,25.880192
0.0,2,25.881887
0.0,2,25.883554
0.0,3,25.886072
0.0,3,25.888572
-0.482424,2,25.890294
1.5,2,25.89192
0.0,3,25.894433
0.0,3,25.896891
0.0,3,25.899397
1.387237,2,25.90103
-0.616965,4,25.904536
0.0,3,25.907052
0.0,2,25.908707
0.0,2,25.910354
-0.106003,2,25.912075
0.0,3,25.91461
0.0,3,25.917143
0.0,4,25.92044
0.0,3,25.922993
1.5,2,25.92462
0.0,3,25.927076
0.0,4,25.93022
0.0,5,25.934187
0.0,3,25.936577
1.35756,2,25.938223
0.0,3,25.940609
0.0,3,25.943092
0.0,4,25.946353
0.0,2,25.947936
0.0,2,25.949562
0.0,3,25.951883
0.0,4,25.954911
0.0,4,25.958
0.0,2,25.959665
0.0,3,25.962024
0.0,3,25.964339
0.0,2,25.965874
0.0,3,25.968179
0.0,2,25.96972
-0.920414,3,25.971961
0.0,4,25.974921
0.0,2,25.976388
0.0,5,25.980102
0.0,2,25.981606
0.0,3,25.983848
0.0,3,25.986095
0.0,2,25.987631
0.0,3,25.989849
-0.098009,5,25.993518
0.0,3,25.995698
0.0,4,25.998602
0.0,4,26.001612
0.0,6,26.00606
0.0,3,26.008302
0.0,3,26.010513
0.0,3,26.012743
0.0,3,26.014987
0.0,3,26.01721
0.0,3,26.019432
0.0,2,26.020934
0.0,2,26.02243
0.0,2,26.023957
0.0,3,26.026186
0.0,3,26.028454
0.0,3,26.030669
0.0,4,26.033635
0.0,5,26.037346
0.0,2,26.039138
0.0,2,26.040735
0.0,4,26.04383
0.0,2,26.04546
0.0,3,26.047808
0.0,2,26.049406
0.0,4,26.052413
0.0,5,26.056168
0.0,4,26.059346
0.0,4,26.062462
0.0,2,26.064058
0.0,5,26.067837
0.0,2,26.069394
0.0,5,26.073238
0.0,2,26.07485
0.0,5,26.078547
0.0,2,26.080098
0.0,3,26.082366
0.0,2,26.083921
0.0,3,26.086196
0.0,4,26.089218
0.0,2,26.090714
0.0,3,26.093
0.0,2,26.094515
0.0,2,26.096055
0.0,4,26.099005
0.0,2,26.100506
0.0,2,26.102071
0.0,3,26.104422
0.0,3,26.108057
0.0,3,26.110497
0.0,3,26.112812
-1.0,3,26.115224
0.0,2,26.116743
0.0,5,26.120535
0.0,3,26.122771
0.0,2,26.124265
0.0,3,26.126547
0.0,4,26.129581
0.0,2,26.131123
0.0,3,26.133392
0.0,2,26.134939
0.0,3,26.137206
0.0,2,26.138777
0.0,4,26.141744
0.0,3,26.144034
0.0,4,26.147119
1.5,2,26.148644
0.0,5,26.15239
0.0,3,26.154692
0.0,3,26.156964
0.0,4,26.160085
0.0,3,26.162433
0.0,2,26.164002
0.0,3,26.166206
0.0,5,26.169854
1.492932,2,26.171364
0.0,4,26.174368
0.0,2,26.175954
0.0,3,26.178252
0.0,3,26.180516
0.0,2,26.182018
0.0,2,26.183491
0.0,2,26.18498
0.0,3,26.187221
0.0,3,26.189471
0.0,3,26.191719
0.0,3,26.193933
-1.0,4,26.196915
0.0,2,26.198414
0.0,2,26.199944
0.0,2,26.201484
1.5,2,26.202957
0.0,2,26.204522
0.0,3,26.206742
0.0,3,26.208998
0.0,3,26.2113
0.0,2,26.212796
0.0,4,26.215697
-0.829667,2,26.217163
0.0,4,26.220101
0.0,3,26.222335
0.0,5,26.22603
-0.806495,2,26.227523
0.0,4,26.230505
0.0,2,26.231973
0.0,2,26.233521
0.0,3,26.235737
0.0,3,26.237935
0.0,3,26.24016
-0.226746,5,26.243819
0.0,3,26.246091
0.0,3,26.24832
0.0,3,26.250585
0.0,3,26.252771
0.0,4,26.255718
-0.073374,4,26.258686
0.0,4,26.261736
0.005182,4,26.264723
0.0,2,26.266247
0.0,4,26.269264
0.0,2,26.270737
0.0,3,26.272993
0.0,4,26.275894
0.0,4,26.278878
0.0,3,26.28116
-0.49802,4,26.284065
0.0,3,26.28634
0.0,2,26.287822
0.0,2,26.289606
0.0,3,26.291958
0.0,2,26.293489
0.0,2,26.294996
0.0,3,26.297285
0.0,3,26.299563
0.0,3,26.301847
0.0,2,26.303341
0.702008,3,26.30563
-0.877207,4,26.308778
0.0,4,26.311773
0.0,3,26.314013
0.0,3,26.316267
0.0,2,26.317749
0.0,4,26.320753
0.0,2,26.32229
0.0,3,26.32459
0.0,2,26.32618
0.817355,3,26.32841
0.0,3,26.330654
-0.127365,2,26.332164
0.0,3,26.334423
0.0,3,26.336668
0.0,3,26.338897
0.0,3,26.341136
1.5,2,26.342588
0.0,4,26.34562
0.0,3,26.347868
-0.041294,3,26.350121
0.0,5,26.35381
-0.854244,3,26.35618
0.0,2,26.357768
0.0,5,26.361887
0.0,3,26.364359
0.0,3,26.367226
1.5,2,26.369295
0.0,3,26.371745
0.0,3,26.374158
-2.0,2,26.3758
0.0,3,26.378206
0.152033,2,26.379805
0.0,4,26.382962
0.0,3,26.385437
0.0,3,26.387808
-1.0,3,26.390124
0.0,2,26.391706
0.0,4,26.394875
0.0,3,26.397265
0.0,3,26.399609
0.0,3,26.542939
0.0,4,26.546491
0.0,2,26.548375
0.0,2,26.550008
0.0,3,26.552525
0.0,3,26.555248
0.0,3,26.557766
0.0,3,26.560632
0.0,2,26.562534
0.0,3,26.565006
0.0,2,26.56703
0.0,6,26.571978
0.0,4,26.575678
1.486122,2,26.577455
-0.626537,2,26.579206
0.0,2,26.580976
0.0,3,26.583477
0.0,3,26.586038
0.0,3,26.588569
0.0,4,26.591882
0.0,4,26.595219
1.5,2,26.596898
0.0,4,26.600276
1.5,2,26.602016
0.0,4,26.605949
0.0,3,26.609175
0.0,4,26.612677
0.0,4,26.616302
0.0,4,26.619664
0.0,3,26.622251
0.0,2,26.624034
1.5,2,26.62566
0.0,5,26.629476
0.0,2,26.631221
0.0,3,26.633568
0.0,3,26.635929
-0.762312,3,26.638319
0.0,4,26.641412
0.0,3,26.64373
0.0,2,26.645321
0.0,4,26.648334
0.0,3,26.650617
0.0,3,26.65294
0.0,4,26.656019
0.0,3,26.658416
0.0,2,26.660272
0.0,2,26.661967
0.0,2,26.663647
0.0,2,26.665303
0.930484,3,26.667659
0.0,5,26.671477
0.0,2,26.673138
0.0,4,26.676195
0.0,5,26.680096
-0.706795,3,26.682476
0.0,2,26.684067
0.0,3,26.686372
0.0,2,26.687953
0.0,2,26.689493
0.0,6,26.694211
1.5,2,26.695827
0.0,4,26.699091
0.673005,3,26.701494
0.0,4,26.704609
0.0,3,26.707002
0.0,3,26.709405
0.0,3,26.711757
-0.114338,5,26.715727
0.0,4,26.718846
-0.151122,3,26.721267
0.0,3,26.723599
0.0,2,26.725202
0.0,2,26.726809
0.0,4,26.729929
0.0,3,26.732337
0.0,2,26.733939
0.011086,3,26.736431
0.0,3,26.738804
0.0,4,26.742031
0.0,2,26.743694
0.0,3,26.746111
-0.914306,3,26.748508
0.0,2,26.750168
0.0,2,26.75172
0.0,2,26.753369
0.0,3,26.755728
0.0,2,26.757393
0.0,4,26.761129
0.0,3,26.763761
-0.41201,3,26.766193
-0.097748,2,26.767824
0.0,3,26.770333
0.0,3,26.772741
0.0,3,26.77521
0.0,3,26.778037
0.0,4,26.78147
0.0,2,26.783366
0.0,2,26.785583
0.0,2,26.787317
0.0,3,26.78983
0.0,2,26.791495
0.0,3,26.793904
0.0,3,26.796381
0.0,3,26.798833
0.0,4,26.802162
0.0,2,26.803797
0.0,3,26.806177
0.0,4,26.80939
0.0,3,26.811874
1.5,2,26.813511
0.0,4,26.816711
0.0,3,26.819175
0.0,3,26.821678
-0.550039,3,26.824083
0.0,4,26.827326
0.0,4,26.830594
0.0,3,26.833061
0.0,3,26.835546
0.0,3,26.837986
0.0,3,26.840498
0.0,3,26.843003
0.0,4,26.846303
0.0,3,26.848884
0.0,3,26.851336
0.073595,3,26.853821
0.0,3,26.856279
0.0,4,26.859582
0.0,3,26.862515
0.0,4,26.865933
1.5,2,26.867697
0.0,3,26.870222
0.0,2,26.871894
0.0,2,26.873697
0.0,3,26.876174
0.0,4,26.879423
0.0,2,26.881074
0.0,4,26.884334
-0.371121,4,26.887605
0.0,4,26.890854
0.0,3,26.893317
-1.0,4,26.896602
0.0,4,26.900086
0.0,2,26.901816
0.139406,3,26.904337
1.5,2,26.906006
0.0,3,26.908546
0.0,3,26.911079
0.0,3,26.913567
0.0,2,26.91551
0.0,2,26.917289
0.0,4,26.920575
0.0,3,26.923119
0.0,3,26.925628
0.0,2,26.927269
0.0,4,26.930719
0.0,3,26.933324
-0.825629,2,26.935
0.0,3,26.937499
0.0,2,26.93921
0.0,4,26.943324
0.0,4,26.947635
0.0,4,26.952253
0.0,4,26.956618
0.0,3,26.959689
0.0,5,26.964513
0.0,5,26.969247
0.0,3,26.972283
0.0,3,26.975779
0.961185,2,26.977786
0.0,4,26.982507
0.0,3,26.985275
0.0,4,26.989973
0.222517,3,26.992823
0.0,4,26.997472
0.0,3,27.000721
0.0,3,27.0038
0.0,6,27.009374
0.0,2,27.01153
0.0,2,27.01334
0.0,2,27.015261
0.0,2,27.017452
0.0,2,27.019393
0.0,3,27.022113
0.0,2,27.024445
0.0,2,27.026306
1.5,2,27.028121
1.5,2,27.030775
1.250618,2,27.032831
0.0,5,27.038258
0.0,3,27.041139
0.0,4,27.045213
0.0,3,27.048001
0.0,3,27.050951
0.0,2,27.053023
0.0,2,27.054838
0.0,3,27.057807
0.0,4,27.061924
0.0,4,27.066068
-0.056542,4,27.070145
0.0,6,27.076034
0.0,2,27.07796
0.0,4,27.082071
0.0,3,27.084763
0.311263,4,27.08897
0.0,3,27.091702
0.0,3,27.095065
0.0,2,27.096879
0.0,3,27.099855
0.0,3,27.102891
0.0,2,27.105203
0.0,3,27.108838
0.0,2,27.110732
0.0,3,27.113713
0.0,2,27.116141
-0.514947,4,27.119796
0.0,2,27.122228
1.543491,2,27.124207
0.0,3,27.127053
0.0,3,27.13032
0.0,3,27.133018
0.0,2,27.135257
0.0,2,27.137312
0.0,3,27.140018
0.0,2,27.142193
0.0,2,27.144504
0.0,2,27.14665
0.0,2,27.149146
0.488249,2,27.151532
0.0,2,27.153808
0.0,3,27.157647
0.0,3,27.160923
0.0,3,27.164963
0.0,4,27.169721
0.0,4,27.174574
0.0,3,27.178384
0.0,5,27.184284
0.0,3,27.187729
0.0,2,27.190267
0.0,3,27.193828
0.0,3,27.197248
0.0,2,27.19978
0.0,4,27.204268
-0.133289,2,27.206769
0.0,4,27.211345
1.5,2,27.21382
0.0,3,27.216993
0.0,4,27.221871
0.0,2,27.224042
-0.134703,3,27.227803
-0.076708,3,27.231085
0.0,2,27.233823
0.0,3,27.237107
0.0,2,27.239458
0.0,3,27.242932
0.0,3,27.246377
0.0,4,27.25062
0.0,3,27.253985
0.0,4,27.257893
0.0,3,27.261378
0.0,2,27.263377
0.0,4,27.267527
0.0,4,27.271681
-0.451313,4,27.276023
0.0,3,27.279059
0.0,3,27.282615
0.0,3,27.285506
0.0,2,27.287615
0.0,4,27.291808
0.0,2,27.293741
0.0,2,27.296332
0.0,3,27.299259
0.0,4,27.303642
0.0,3,27.306623
0.0,2,27.308825
-1.0,2,27.311202
-0.551482,2,27.313331
-0.177583,4,27.317728
0.0,2,27.319616
0.0,3,27.322676
0.0,2,27.32501
0.0,2,27.326903
0.0,4,27.331094
-0.470699,3,27.333923
0.009579,2,27.335829
0.0,4,27.340227
0.0,2,27.34233
0.0,2,27.34474
-0.552542,4,27.348576
0.0,2,27.350784
0.0,4,27.354741
0.0,2,27.35662
0.0,3,27.36003
1.032652,2,27.36198
-0.014281,3,27.365186
0.0,2,27.367552
1.5,2,27.369436
0.0,2,27.371677
0.0,2,27.373927
0.432557,3,27.376774
0.0,4,27.381197
0.0,2,27.383088
0.0,2,27.385758
0.0,5,27.390863
0.0,3,27.394436
1.258868,2,27.396355
0.0,2,27.398309
0.0,3,27.401911
0.0,4,27.405854
0.0,4,27.410186
0.0,2,27.412172
0.0,3,27.415891
0.0,2,27.418067
0.0,4,27.422792
0.0,2,27.424809
0.0,2,27.427344
0.0,2,27.429728
0.0,3,27.433257
0.0,4,27.438359
0.0,5,27.44492
0.0,3,27.449248
0.0,4,27.454035
0.0,3,27.457904
0.0,2,27.46012
0.0,3,27.464325
0.0,4,27.469307
0.0,4,27.473901
0.0,3,27.477883
0.0,3,27.481295
0.0,4,27.486068
0.0,2,27.488589
0.0,3,27.492092
0.0,3,27.495525
0.0,3,27.499186
0.0,3,27.502678
0.0,3,27.506136
0.0,2,27.508198
1.201422,2,27.51073
0.0,4,27.515195
0.0,3,27.51889
0.0,6,27.525455
0.0,4,27.529576
0.0,3,27.533529
-0.231196,3,27.53711
0.0,3,27.540592
0.0,4,27.545061
0.0,4,27.549313
0.0,3,27.553006
0.0,2,27.555167
0.0,3,27.558403
0.0,3,27.561774
0.0,4,27.566192
-0.169741,3,27.569644
0.0,3,27.573172
0.0,3,27.576374
0.0,3,27.57991
1.5,2,27.582247
0.0,3,27.585466
0.0,2,27.587844
-0.909459,4,27.591884
0.0,3,27.595433
0.0,3,27.598356
0.0,3,27.601899
0.0,3,27.605071
0.0,2,27.607516
0.0,2,27.610003
0.0,4,27.61447
0.0,2,27.6168
0.0,3,27.619864
0.0,2,27.622249
0.0,2,27.624489
0.0,3,27.627556
0.0,2,27.629915
-0.645208,4,27.633914
0.0,2,27.636207
0.0,4,27.640229
0.0,2,27.642524
0.0,3,27.645633
0.0,2,27.647731
0.0,3,27.651016
0.0,3,27.653852
0.0,2,27.656112
0.0,3,27.659318
0.0,2,27.661299
0.0,2,27.663833
0.0,3,27.667276
0.0,2,27.669631
0.0,2,27.671871
-0.73806,6,27.678313
0.0,2,27.680331
0.0,3,27.683428
0.0,4,27.687544
0.0,3,27.690655
0.0,4,27.694844
-1.0,5,27.70033
0.0,3,27.703302
0.0,2,27.705549
0.0,3,27.708764
0.0,3,27.712039
0.0,2,27.714414
0.0,3,27.717586
0.0,2,27.719826
0.0,2,27.722145
0.0,3,27.725405
0.0,2,27.727638
0.0,3,27.730567
0.0,2,27.732922
0.0,4,27.737061
0.0,3,27.740393
0.0,3,27.743578
0.0,3,27.746783
0.0,2,27.749119
0.0,2,27.751301
0.0,2,27.753558
0.0,4,27.757498
0.0,3,27.760697
0.0,4,27.764863
0.0,5,27.769914
0.0,3,27.77262
0.0,2,27.774714
0.0,3,27.77779
0.0,4,27.781554
0.0,2,27.783517
0.0,3,27.786794
0.0,2,27.788798
0.0,2,27.790736
0.0,2,27.792744
1.421792,2,27.794569
0.0,3,27.797379
0.0,4,27.800926
0.0,2,27.802875
0.0,4,27.806574
0.0,3,27.809244
0.0,3,27.81194
0.0,3,27.814661
0.0,2,27.816489
0.0,3,27.81922
0.0,2,27.820981
0.0,3,27.823763
0.0,3,27.826444
0.0,4,27.829977
0.0,2,27.831826
0.0,2,27.833693
0.0,5,27.838096
0.0,3,27.840774
0.0,3,27.843385
-0.09777,2,27.845209
0.0,4,27.848747
0.0,2,27.850543
0.0,3,27.853161
0.0,3,27.855835
-0.45608,2,27.857689
0.0,3,27.860349
0.0,5,27.864918
0.0,3,27.867854
0.0,3,27.870541
-0.751846,2,27.872289
0.0,3,27.875115
0.0,3,27.877808
0.0,2,27.879671
0.0,4,27.883147
0.0,3,27.885825
-0.25086,5,27.890278
0.0,3,27.893008
0.0,2,27.894788
0.0,3,27.897502
1.5,2,27.899346
0.0,2,27.901216
0.0,3,27.903883
0.0,3,27.906576
0.0,2,27.908387
0.0,3,27.911078
0.415843,2,27.912894
0.0,2,27.914678
0.0,5,27.919063
0.0,5,27.923425
0.0,3,27.926149
0.0,3,27.928855
1.42518,2,27.930663
-0.144937,3,27.933518
0.0,3,27.936166
0.0,4,27.93969
0.0,2,27.941452
0.0,3,27.944167
0.0,4,27.947809
0.0,3,27.950584
0.0,2,27.952458
0.0,2,27.95438
0.0,2,27.956286
1.165075,2,27.958092
0.0,5,27.962652
0.0,4,27.966464
0.0,3,27.969183
0.0,2,27.971232
1.5,2,27.973022
0.0,3,27.975674
0.0,3,27.978539
0.0,4,27.982061
0.0,2,27.983854
0.0,4,27.987348
0.0,3,27.990072
0.0,4,27.993569
0.0,2,27.995332
0.0,2,27.997141
0.0,4,28.000607
0.0,3,28.003217
0.0,4,28.006682
0.0,3,28.009352
0.0,2,28.011201
0.0,2,28.012981
0.0,3,28.015611
0.0,2,28.017361
0.0,2,28.019228
0.0,4,28.022715
0.0,4,28.026216
0.0,4,28.029712
0.0,4,28.033473
0.0,5,28.037799
0.0,3,28.040526
0.0,2,28.042336
0.0,2,28.044162
0.0,4,28.047672
0.0,2,28.049417
-0.085072,2,28.051199
0.0,3,28.053847
0.0,4,28.057394
0.0,3,28.060061
0.0,2,28.061869
0.0,3,28.064721
0.0,3,28.067616
0.0,3,28.07067
0.0,3,28.073358
0.0,4,28.076976
-0.620924,3,28.079592
0.0,5,28.083864
0.0,2,28.085626
0.0,2,28.08745
0.0,2,28.089257
0.0,2,28.091127
0.0,2,28.092982
0.0,4,28.096552
0.0,4,28.100139
-0.248464,5,28.105146
1.0,4,28.110006
0.0,3,28.112725
0.0,2,28.11453
0.0,2,28.116462
0.0,2,28.118356
0.0,3,28.121102
0.0,2,28.122952
0.0,4,28.126496
0.0,2,28.128313
0.0,4,28.131854
-1.0,4,28.135379
0.0,3,28.137971
0.0,3,28.140641
0.0,4,28.144085
0.0,8,28.150815
0.0,2,28.152581
1.5,2,28.15436
0.0,2,28.156182
0.0,4,28.159587
0.0,3,28.162236
0.0,3,28.165362
0.0,2,28.167222
-0.473246,2,28.169022
0.0,3,28.171809
0.0,2,28.17363
0.272077,6,28.178688
0.0,3,28.181375
0.0,3,28.183905
0.0,2,28.185639
0.0,5,28.189864
-0.722261,5,28.194153
0.0,3,28.196719
0.0,2,28.198503
0.0,3,28.201123
0.0,2,28.202842
0.0,4,28.206235
0.0,3,28.208897
0.0,3,28.211567
1.063724,2,28.213345
0.0,3,28.215939
0.918304,2,28.217694
0.0,3,28.220352
0.0,4,28.223779
0.0,5,28.227966
0.0,3,28.23064
0.0,5,28.234889
0.0,2,28.236732
0.0,3,28.239388
0.0,2,28.241193
0.0,2,28.242916
0.0,2,28.244716
0.0,2,28.246444
0.0,3,28.249116
0.0,2,28.250906
0.0,3,28.253613
0.0,3,28.256286
0.0,2,28.25809
0.0,6,28.263399
0.0,3,28.266173
0.0,3,28.268949
0.0,5,28.273292
0.0,4,28.276854
0.0,5,28.280993
0.0,2,28.282963
0.0,2,28.284726
-0.543129,4,28.28822
0.0,3,28.290862
0.0,3,28.293477
0.0,3,28.296077
0.0,5,28.300415
0.0,2,28.302213
0.0,3,28.304817
0.0,2,28.306582
0.0,3,28.309242
0.0,4,28.312692
0.0,2,28.314444
-0.015394,4,28.317937
0.0,3,28.320529
0.0,3,28.323179
0.0,3,28.325795
0.0,4,28.329285
0.0,5,28.333619
0.0,4,28.33709
0.0,3,28.33975
0.0,4,28.343228
0.0,4,28.346643
0.0,3,28.349357
0.0,3,28.35201
0.987284,2,28.3538
-0.01018,3,28.356447
0.0,3,28.359107
0.0,2,28.360884
0.0,2,28.362691
0.0,2,28.364677
0.0,3,28.367525
0.0,2,28.369293
-0.208125,5,28.373469
1.351881,2,28.375227
0.0,4,28.378994
0.0,2,28.381058
-0.262478,3,28.384137
0.0,3,28.387329
0.0,2,28.389274
0.0,2,28.391122
0.0,5,28.395717
0.0,4,28.399308
0.0,3,28.402077
0.0,3,28.404866
-0.484249,5,28.409347
-1.0,5,28.413734
0.0,2,28.415627
1.0,3,28.418797
0.0,4,28.422909
0.0,3,28.42577
0.0,2,28.427536
0.0,3,28.430182
1.5,2,28.431995
0.0,3,28.434792
0.0,3,28.437451
0.0,2,28.439231
0.0,3,28.441961
0.0,4,28.445448
0.0,2,28.447296
0.0,3,28.449994
0.0,3,28.452719
0.0,3,28.455403
0.0,2,28.457251
-0.722064,3,28.459825
0.0,3,28.462356
0.0,3,28.464989
0.0,4,28.468292
0.0,2,28.469997
0.0,3,28.472512
0.0,3,28.475042
0.0,2,28.476792
0.0,3,28.479411
0.0,2,28.481153
-0.471799,5,28.485284
0.0,4,28.488518
0.0,2,28.490166
0.0,4,28.493521
0.0,5,28.689446
0.0,4,28.693199
0.0,5,28.6977
0.0,4,28.701195
0.0,3,28.703777
0.295868,2,28.705546
0.0,2,28.707622
0.0,3,28.710424
0.0,2,28.712342
0.0,4,28.715823
0.0,4,28.719273
0.0,3,28.721886
0.0,3,28.724426
0.05785,2,28.726206
0.0,2,28.728068
-0.429364,3,28.730991
0.0,4,28.73446
0.0,2,28.736382
0.0,5,28.740633
-0.211826,5,28.744808
0.0,2,28.74661
0.0,2,28.748438
0.0,2,28.750293
0.0,2,28.752067
0.0,3,28.754699
0.0,3,28.757222
0.190529,5,28.761395
0.0,2,28.763122
0.0,4,28.766739
0.0,3,28.769526
0.0,3,28.77229
-0.423631,3,28.77491
0.0,4,28.778756
0.0,2,28.780627
0.0,3,28.78317
1.031078,2,28.784906
0.0,2,28.786967
0.0,3,28.790025
0.0,5,28.794317
0.0,3,28.796804
0.0,2,28.798528
0.0,3,28.800979
-0.727154,2,28.802772
0.0,3,28.805482
0.0,3,28.807953
0.0,2,28.809657
-0.47402,4,28.812943
0.0,4,28.816274
1.5,2,28.817984
0.0,2,28.819698
1.5,2,28.821392
0.0,2,28.82318
0.0,2,28.824887
0.0,3,28.827398
0.0,2,28.829081
0.0,3,28.83167
0.0,3,28.834342
-0.906563,3,28.83692
0.0,3,28.8395
0.0,3,28.841988
0.0,2,28.8437
0.0,5,28.847745
0.0,2,28.84945
0.445706,2,28.851122
0.520259,2,28.852751
0.0,3,28.855228
0.0,4,28.858506
0.0,4,28.861742
0.0,2,28.863441
0.0,2,28.865235
0.0,3,28.868218
0.0,3,28.871075
0.0,2,28.873031
0.0,2,28.874908
0.0,3,28.877698
0.0,4,28.88112
0.0,3,28.883668
-0.25313,3,28.886174
0.0,5,28.890316
0.0,4,28.893545
0.0,3,28.896008
0.0,2,28.897745
0.0,3,28.900235
0.0,5,28.904378
0.0,3,28.906848
0.0,4,28.910075
-1.0,2,28.911771
0.0,2,28.913443
0.0,2,28.915173
0.0,4,28.918424
0.0,2,28.920184
0.0,4,28.923376
0.0,5,28.927393
0.0,2,28.929124
0.0,2,28.930817
0.0,4,28.934461
0.0,2,28.936256
0.0,2,28.937936
0.0,3,28.940473
0.0,2,28.942195
0.0,3,28.944637
0.0,2,28.94631
0.0,4,28.949626
0.0,5,28.953546
0.0,3,28.956057
0.0,2,28.957709
0.109524,5,28.961779
0.0,4,28.964998
0.0,6,28.970266
-0.025712,3,28.972946
0.0,2,28.974772
-0.113469,4,28.978155
0.0,6,28.983156
0.0,2,28.98489
0.0,3,28.987481
0.0,3,28.98997
0.0,2,28.991685
0.0,2,28.993397
0.0,3,28.995921
-0.264751,3,28.998415
0.694251,2,29.000116
0.0,4,29.003367
0.0,4,29.006721
0.0,3,29.009277
0.0,3,29.011894
-1.0,4,29.015215
-1.0,5,29.019291
0.0,2,29.020998
1.5,2,29.022645
0.0,3,29.025201
0.0,3,29.027817
0.0,2,29.029519
0.0,3,29.032057
0.066145,3,29.034548
0.0,3,29.037157
0.0,4,29.040765
-0.128522,4,29.044685
0.0,3,29.047791
0.0,2,29.049915
0.0,4,29.05372
0.0,2,29.055807
0.0,2,29.057814
0.0,2,29.059768
0.0,2,29.061648
0.0,3,29.064623
1.5,2,29.066717
1.159691,2,29.068698
0.0,3,29.072005
0.0,3,29.074908
0.0,5,29.079721
0.0,3,29.08277
0.0,3,29.085681
0.229212,2,29.08775
0.0,3,29.09086
0.0,3,29.093934
0.0,3,29.097035
0.0,4,29.100979
0.0,3,29.104144
0.0,3,29.10739
0.0,4,29.111485
0.0,5,29.116805
0.0,2,29.118743
0.81471,2,29.121185
0.0,3,29.124463
0.0,2,29.126434
-0.910029,2,29.128234
0.0,3,29.131398
0.0,2,29.133442
0.0,3,29.136515
0.0,3,29.139395
-0.307309,2,29.141295
0.0,3,29.144144
0.0,6,29.149668
0.0,3,29.152625
0.0,2,29.154571
0.0,4,29.158634
0.0,2,29.160491
0.0,3,29.163518
0.0,2,29.165728
0.0,5,29.17039
-0.051241,3,29.173498
0.0,3,29.176375
0.0,3,29.179222
0.0,2,29.181104
0.0,3,29.183986
0.0,3,29.187121
0.0,5,29.192016
1.5,2,29.19406
-0.078377,3,29.196918
0.0,2,29.198995
0.0,2,29.200944
0.0,3,29.203784
0.0,2,29.205825
0.0,3,29.208586
0.0,2,29.210443
0.0,2,29.212344
-1.0,3,29.215173
0.0,3,29.217792
0.0,2,29.21967
0.0,4,29.22339
0.0,3,29.226328
0.0,3,29.229218
0.0,2,29.231217
0.0,3,29.234255
0.0,5,29.238596
0.0,2,29.240645
0.0,5,29.245175
0.0,3,29.248243
0.0,2,29.250136
0.0,4,29.254118
0.0,2,29.256304
0.0,2,29.258178
0.203602,2,29.260235
0.0,4,29.26408
0.0,3,29.266957
0.0,6,29.272675
0.0,3,29.275655
0.0,3,29.278534
0.0,3,29.281364
0.0,4,29.285354
-0.481641,3,29.28835
0.0,2,29.290434
0.0,4,29.294128
0.0,5,29.298753
0.0,2,29.300713
-0.098045,3,29.303732
-0.213717,3,29.306516
-0.312262,4,29.310192
0.0,3,29.313037
0.0,2,29.31488
0.0,4,29.318759
0.0,2,29.320626
0.0,2,29.322532
0.0,3,29.32555
0.0,2,29.327535
0.0,3,29.330468
0.0,4,29.334402
0.0,3,29.337173
-1.0,2,29.339392
1.5,2,29.341383
-0.050195,3,29.344264
0.0,4,29.348337
0.199718,2,29.350403
0.0,2,29.352501
0.0,2,29.354387
0.0,3,29.357318
0.0,4,29.361081
0.0,4,29.364734
0.0,4,29.368533
0.0,4,29.372372
0.0,3,29.375812
0.0,2,29.377915
0.0,2,29.380028
0.0,5,29.384753
0.0,3,29.387611
-0.289817,2,29.389396
0.0,3,29.392149
0.0,2,29.394116
-0.154181,4,29.397712
0.0,3,29.400648
0.0,2,29.402691
0.0,3,29.405486
0.0,4,29.409288
0.0,4,29.412905
0.0,2,29.414918
0.0,2,29.41679
0.0,4,29.420475
0.0,3,29.423415
0.389891,2,29.425305
0.0,3,29.428246
0.0,4,29.432001
0.0,3,29.435113
0.0,3,29.438213
0.0,3,29.441027
-1.0,2,29.442942
0.0,6,29.448174
0.0,2,29.450153
-0.70009,4,29.453704
0.0,3,29.456591
0.0,4,29.460258
0.0,3,29.463198
1.0,2,29.465233
0.0,6,29.47078
0.0,4,29.474599
-0.066844,3,29.477677
0.0,7,29.483875
0.0,3,29.486708
0.0,3,29.489343
0.0,4,29.493012
0.0,3,29.495832
0.0,3,29.498841
0.0,3,29.501656
0.0,3,29.504294
0.0,3,29.507272
0.749499,3,29.509998
-0.079891,2,29.511896
0.0,5,29.516341
0.0,2,29.518093
0.0,2,29.520252
0.0,3,29.522909
0.0,3,29.526211
0.0,3,29.530234
0.0,3,29.533893
0.0,4,29.538028
0.0,3,29.541809
0.0,5,29.546699
1.42153,2,29.548851
-0.682827,4,29.552565
0.0,3,29.555473
0.0,3,29.558174
0.0,2,29.560003
0.0,3,29.562914
0.0,2,29.564672
1.5,2,29.566541
1.5,2,29.568562
0.0,3,29.571517
0.0,2,29.5735
0.0,3,29.576374
0.0,2,29.578208
0.0,2,29.579894
0.0,5,29.584358
0.0,3,29.587219
0.0,4,29.590946
0.0,2,29.592757
0.0,2,29.594563
-0.547932,3,29.597516
0.0,5,29.602006
0.0,4,29.606486
0.0,2,29.608468
0.0,4,29.612447
0.0,2,29.614297
0.0,2,29.616216
0.0,2,29.618227
-0.659729,3,29.620929
0.0,3,29.6247
0.0,2,29.626592
0.0,2,29.62844
0.173156,3,29.63143
0.0,2,29.633347
0.0,4,29.636994
0.0,4,29.640897
0.0,3,29.643684
0.0,3,29.646625
0.0,3,29.649319
0.0,4,29.652935
0.0,3,29.655629
-1.63275,2,29.65762
0.0,2,29.659634
-0.382865,2,29.661409
0.0,2,29.663196
0.0,2,29.665212
0.0,2,29.667196
0.0,3,29.669802
0.0,3,29.672599
0.0,4,29.676364
0.0,3,29.679157
0.0,3,29.68185
0.0,3,29.684474
-0.304626,3,29.687364
0.0,2,29.689321
0.0,4,29.69303
0.0,2,29.694989
-1.0,2,29.696806
0.0,2,29.698665
-0.156727,4,29.702397
0.0,3,29.705009
0.0,4,29.708805
1.5,2,29.710555
0.0,3,29.713212
0.0,3,29.716264
0.0,2,29.718068
0.0,2,29.719854
0.0,4,29.723518
-0.172105,2,29.725306
0.0,3,29.728192
0.0,3,29.731596
0.0,4,29.735242
0.0,3,29.737899
0.0,4,29.741422
0.0,2,29.743345
0.0,3,29.745894
0.0,3,29.748719
0.0,2,29.750589
0.0,2,29.752442
0.0,3,29.755149
0.0,3,29.757871
0.0,5,29.761897
-1.0,4,29.765704
0.0,4,29.76917
0.0,4,29.772857
-0.946698,3,29.775542
0.0,2,29.777638
0.0,2,29.779442
1.5,2,29.781155
0.0,3,29.784054
0.0,3,29.786644
0.0,2,29.788454
0.0,4,29.792032
0.0,2,29.793759
0.0,4,29.797208
1.089907,2,29.799121
0.0,3,29.801735
0.0,2,29.80347
0.0,2,29.805457
0.0,3,29.808293
0.0,2,29.810185
0.0,4,29.813836
0.0,2,29.815642
-0.016008,2,29.817711
0.0,3,29.820784
-0.677283,4,29.824738
0.0,2,29.826731
0.0,4,29.830212
0.0,2,29.832006
-0.819084,3,29.834952
0.0,4,29.838624
0.0,3,29.841515
0.0,3,29.84413
0.0,2,29.84601
0.0,2,29.848093
0.0,3,29.850744
-0.469786,2,29.852515
0.0,5,29.856819
0.0,3,29.859365
0.0,3,29.862143
-0.664592,2,29.863967
-0.339642,5,29.868607
0.0,4,29.872056
0.0,4,29.875923
0.0,2,29.877844
0.0,3,29.880484
0.0,3,29.883189
0.0,2,29.884845
0.0,3,29.88734
0.0,3,29.889961
0.0,2,29.891721
-0.130635,2,29.89343
-1.0,5,29.897305
0.0,2,29.89899
0.0,2,29.90071
0.0,4,29.903867
0.0,3,29.906279
0.0,2,29.907959
0.0,3,29.910371
0.0,5,29.91433
0.0,3,29.916875
0.0,3,29.919399
0.0,2,29.920983
0.0,2,29.922593
0.0,3,29.92503
0.0,2,29.926657
0.310223,4,29.929845
0.0,3,29.932375
0.0,3,29.934928
0.0,3,29.937494
0.0,2,29.939215
0.0,4,29.942425
0.0,4,29.945582
0.0,2,29.947213
0.042468,2,29.948862
-0.111812,3,29.951333
0.0,2,29.953082
0.0,4,29.956378
0.0,3,29.95883
1.5,2,29.960454
0.0,3,29.962879
0.831124,2,29.964524
0.0,2,29.966167
0.0,3,29.968698
-0.151235,3,29.971531
0.0,5,29.975618
0.0,5,29.979823
-0.935886,3,29.982264
0.0,3,29.984689
0.0,5,29.988666
0.0,2,29.990264
0.0,3,29.992702
0.0,2,29.994353
0.0,3,29.996742
0.0,3,29.999136
0.0,3,30.001504
0.0,2,30.003122
0.0,3,30.005574
0.0,2,30.007215
0.0,2,30.008871
0.0,2,30.010532
0.0,2,30.012168
0.0,2,30.0138
0.213856,2,30.015428
0.0,2,30.017029
0.0,3,30.019508
0.0,3,30.021972
0.0,3,30.024414
0.0,2,30.026096
0.0,2,30.027775
0.0,3,30.030182
0.0,2,30.031811
0.0,3,30.034212
0.0,3,30.036764
1.5,2,30.03845
0.0,3,30.04095
-0.556999,3,30.043493
0.0,2,30.045224
0.0,4,30.048548
0.0,3,30.051064
0.0,3,30.053504
0.0,5,30.057565
0.0,3,30.060043
0.0,5,30.064055
0.0,4,30.067317
-0.330465,2,30.069314
0.0,3,30.071923
0.0,3,30.074398
0.0,3,30.077061
0.0,3,30.079561
0.0,2,30.081183
0.0,2,30.082931
1.5,2,30.084661
0.0,3,30.087148
0.0,3,30.089569
0.0,5,30.093643
0.0,3,30.096067
0.0,3,30.098399
0.0,2,30.100009
0.0,3,30.102396
0.0,4,30.105844
0.0,3,30.108344
0.0,2,30.110035
0.0,2,30.111635
0.0,2,30.113282
0.0,2,30.114936
0.0,5,30.11888
0.0,2,30.120496
0.0,3,30.123106
0.0,4,30.126851
1.5,2,30.128545
-0.235603,3,30.131002
0.0,7,30.136889
0.0,4,30.140219
0.0,3,30.142679
0.0,3,30.14521
0.0,3,30.147684
0.0,4,30.150886
0.0,3,30.153386
0.0,2,30.155055
0.0,3,30.157551
0.0,2,30.159231
0.0,3,30.161662
1.5,2,30.163302
0.0,2,30.164941
0.0,2,30.166647
-1.0,3,30.169359
0.074044,3,30.172086
0.0,3,30.174618
0.0,2,30.176322
1.5,2,30.177927
0.0,3,30.180507
0.0,2,30.18218
0.0,2,30.183777
0.0,2,30.185442
0.0,3,30.187863
0.0,2,30.189485
0.0,3,30.19184
0.0,2,30.193495
0.0,5,30.197392
0.0,3,30.199845
0.0,2,30.201504
0.0,2,30.203199
1.5,2,30.20483
-0.324209,3,30.207278
0.0,2,30.20884
-0.455899,2,30.210451
0.0,2,30.212119
0.0,2,30.213799
0.0,3,30.216228
-0.810312,6,30.221024
0.0,3,30.223462
0.0,2,30.225141
0.0,3,30.22764
0.0,3,30.230141
0.136778,4,30.233335
0.922494,2,30.23492
0.0,3,30.237284
0.0,3,30.239665
0.0,2,30.241279
0.0,4,30.244566
0.0,3,30.246945
0.0,4,30.25005
0.504808,3,30.252479
0.0,3,30.254955
0.0,4,30.258112
0.0,2,30.259716
0.0,2,30.26136
0.0,4,30.264526
0.0,3,30.267021
0.0,3,30.269723
-1.0,3,30.27238
0.0,3,30.274828
0.0,5,30.278845
0.0,3,30.281255
0.0,2,30.282824
0.0,3,30.285424
1.5,2,30.287031
0.0,3,30.289504
0.0,2,30.291108
1.5,2,30.292727
0.0,2,30.294445
0.0,3,30.296846
-0.335967,4,30.300068
1.5,2,30.301715
0.0,2,30.303387
0.0,2,30.305094
0.0,3,30.307543
0.0,3,30.30995
0.0,3,30.312388
0.0,2,30.314034
0.0,3,30.316431
0.0,2,30.318251
0.0,2,30.319944
0.0,2,30.321555
0.0,3,30.324105
0.0,2,30.325807
0.0,2,30.327518
0.0,2,30.329233
0.0,5,30.333185
0.0,3,30.335512
0.0,3,30.337878
0.0,2,30.339473
0.0,2,30.341133
1.5,2,30.342759
0.0,2,30.344456
0.0,3,30.346986
0.0,2,30.348707
0.0,3,30.351148
0.058908,2,30.352856
0.0,2,30.354556
0.0,4,30.357843
-0.182533,2,30.359522
0.0,3,30.362096
0.0,3,30.364537
0.885044,2,30.366258
0.0,2,30.367901
0.261728,3,30.370564
-0.470342,5,30.374844
-0.596453,6,30.379822
0.0,3,30.382414
0.0,2,30.384166
0.0,2,30.385822
0.0,3,30.38841
0.0,3,30.391061
0.0,2,30.392801
0.0,3,30.395452
0.0,4,30.39901
0.0,2,30.400976
0.0,3,30.403725
0.0,4,30.407154
0.0,2,30.408902
1.5,2,30.410672
0.183093,3,30.413341
0.0,4,30.416738
0.0,3,30.419265
0.0,2,30.421015
0.745698,3,30.423623
0.0,3,30.42631
0.0,3,30.428948
0.0,2,30.430741
0.0,3,30.43324
0.0,3,30.435819
0.0,2,30.437614
-0.996809,4,30.440954
-0.572514,5,30.445068
-0.285379,3,30.447674
0.0,3,30.45013
0.0,3,30.452667
0.0,4,30.455916
0.0,3,30.458408
0.0,3,30.460838
0.0,3,30.463362
0.0,3,30.465847
0.0,4,30.469071
0.0,2,30.470973
1.5,2,30.472735
0.0,2,30.47443
0.0,3,30.476861
0.0,3,30.479953
0.0,3,30.48289
0.0,5,30.487218
0.0,2,30.488999
0.0,3,30.491681
1.062971,2,30.493398
0.0,2,30.495331
0.0,3,30.497721
0.0,3,30.500252
0.0,2,30.502219
0.0,2,30.504221
0.762605,3,30.506973
0.0,3,30.509834
0.0,2,30.511778
0.0,4,30.515379
0.0,2,30.517023
0.0,3,30.68012
0.0,2,30.682097
0.0,4,30.685682
0.0,2,30.687473
0.0,4,30.690991
1.5,2,30.692756
0.179832,2,30.694631
0.0,4,30.698012
0.0,3,30.700544
-0.326478,4,30.703939
0.0,3,30.706386
0.0,2,30.708155
1.5,2,30.709848
0.0,2,30.711558
-0.519167,3,30.714058
0.22371,2,30.715749
0.0,3,30.718208
-0.038692,4,30.721453
0.0,3,30.723968
1.5,2,30.725628
0.0,3,30.728147
0.0,2,30.729885
0.229965,2,30.731645
0.0,2,30.733376
-0.211578,4,30.73665
0.0,4,30.739909
0.0,2,30.741616
0.0,2,30.7433
-1.0,4,30.746693
0.0,2,30.748399
0.0,4,30.751933
0.0,3,30.754465
-1.0,3,30.756884
0.0,2,30.758606
0.0,2,30.76033
0.0,3,30.762782
-0.226227,3,30.765246
0.0,4,30.768495
0.0,2,30.77031
0.0,5,30.774781
0.0,3,30.777203
-0.442856,2,30.778982
0.0,2,30.780681
0.0,2,30.782371
-0.703895,5,30.786512
-0.011905,3,30.788976
0.0,3,30.791462
0.0,5,30.795489
0.0,3,30.798006
1.5,2,30.799764
0.0,2,30.801499
0.0,3,30.803938
0.0,2,30.805608
0.0,3,30.808127
0.0,3,30.810726
0.0,3,30.813193
-0.131677,2,30.814841
0.0,3,30.817282
0.0,3,30.820149
0.0,4,30.824103
0.0,2,30.826695
0.777314,2,30.828728
0.0,2,30.830404
0.0,3,30.832913
0.0,2,30.834625
0.0,3,30.837055
0.0,3,30.839607
-0.713275,4,30.844411
0.0,3,30.846976
0.0,3,30.849491
0.0,3,30.852009
0.0,2,30.853715
0.0,4,30.857039
0.0,4,30.860429
1.5,2,30.862085
0.0,2,30.86384
0.0,5,30.867914
1.5,2,30.869583
0.0,3,30.872549
0.0,2,30.874368
0.0,3,30.876867
0.0,3,30.879336
0.0,2,30.880963
0.0,2,30.882728
0.0,3,30.885247
0.0,3,30.887659
0.0,2,30.889312
0.0,3,30.891793
0.0,2,30.893422
0.0,2,30.895396
0.0,3,30.897977
-0.17109,3,30.900485
0.0,3,30.902941
0.0,2,30.904591
0.0,3,30.907088
0.0,3,30.909547
0.0,2,30.91126
0.0,3,30.913685
0.0,4,30.916897
0.0,2,30.918527
0.0,2,30.920231
1.5,2,30.921861
0.0,4,30.925097
0.0,3,30.927585
0.0,4,30.930825
0.0,3,30.933489
0.0,2,30.935187
0.0,3,30.93765
0.0,4,30.940884
0.0,2,30.942616
0.0,3,30.9451
0.0,2,30.946787
0.0,2,30.948489
0.0,3,30.950985
0.0,4,30.954273
1.5,2,30.955942
0.0,4,30.959149
0.0,2,30.960856
0.08116,2,30.962588
0.0,2,30.964284
0.0,3,30.966691
0.0,2,30.968374
0.0,2,30.970076
0.0,2,30.97208
0.0,2,30.973883
1.206369,2,30.975539
0.0,4,30.978692
0.0,3,30.981227
0.0,4,30.984468
0.0,4,30.987596
0.0,2,30.989255
-0.781711,2,30.990932
0.0,2,30.992587
0.0,2,30.994316
0.0,3,30.996795
0.0,2,30.998412
1.5,2,31.000021
-0.594325,2,31.001713
0.0,3,31.004142
0.0,2,31.00585
-0.436353,4,31.009073
0.0,3,31.011542
0.0,4,31.014767
0.0,2,31.016442
0.0,2,31.018078
0.0,2,31.019749
0.0,3,31.022212
0.0,3,31.024674
0.0,3,31.027137
0.0,2,31.028808
-0.351572,4,31.031971
0.0,3,31.034416
0.0,3,31.036898
0.0,3,31.03933
0.0,2,31.040962
0.0,5,31.044852
0.0,4,31.048049
0.0,2,31.049785
0.0,3,31.052374
0.0,3,31.054757
0.0,3,31.057188
-0.627271,3,31.05958
0.0,2,31.061379
0.0,2,31.063325
0.0,3,31.066377
0.0,3,31.068971
-0.595366,2,31.070998
0.0,3,31.073527
0.0,3,31.076108
0.0,2,31.077927
0.0,3,31.080567
0.0,3,31.083094
0.0,2,31.085058
0.0,6,31.089892
0.0,3,31.092612
0.0,2,31.094393
0.0,3,31.09697
0.0,5,31.101377
0.0,2,31.103633
0.0,2,31.105557
0.0,3,31.108392
0.0,4,31.111916
0.0,4,31.115432
0.0,3,31.118155
0.0,2,31.119787
0.0,4,31.123365
0.0,2,31.125248
0.991325,2,31.127025
0.0,3,31.129578
0.160665,3,31.132286
0.0,3,31.13464
0.0,4,31.137912
1.358672,2,31.139558
0.0,2,31.141279
0.0,3,31.144011
0.0,2,31.145975
0.0,2,31.147818
-0.44864,3,31.150577
0.0,2,31.152311
0.0,2,31.154043
0.0,3,31.156908
0.0,2,31.158739
0.0,3,31.161352
0.0,2,31.163212
1.5,2,31.165062
0.0,3,31.167643
0.0,2,31.169465
0.0,4,31.173298
0.0,2,31.175151
0.0,3,31.177801
0.0,3,31.180429
0.0,3,31.18297
0.0,3,31.185805
0.0,3,31.188452
0.0,2,31.190198
0.0,5,31.194731
0.0,3,31.19732
-0.085123,2,31.199308
0.0,4,31.202747
0.0,2,31.204486
0.0,3,31.20732
0.0,3,31.209863
0.0,3,31.212568
0.0,3,31.215327
0.0,3,31.217945
0.0,2,31.219822
0.0,3,31.222449
0.0,3,31.225039
0.0,2,31.22691
0.0,3,31.22967
0.0,3,31.232309
0.0,4,31.235979
0.0,3,31.238458
0.0,5,31.242928
0.0,4,31.246239
0.0,4,31.249855
0.0,2,31.251513
0.0,3,31.254148
0.0,3,31.256974
0.0,2,31.258623
0.0,3,31.261226
0.0,2,31.263042
0.0,2,31.26485
-0.403824,2,31.266571
0.0,3,31.269508
0.0,3,31.272107
0.0,3,31.274646
0.0,2,31.276584
-1.0,2,31.278566
0.0,5,31.282895
0.0,2,31.284749
-0.288647,3,31.287227
0.0,3,31.290009
0.0,2,31.291801
-0.069305,3,31.294334
0.0,3,31.297179
0.0,3,31.299767
0.0,3,31.302356
0.0,5,31.306774
0.0,2,31.308596
0.0,4,31.312266
0.0,3,31.314746
0.0,3,31.317343
0.0,2,31.319334
-0.073597,2,31.321041
0.0,3,31.323766
0.0,4,31.327326
0.0,4,31.330832
0.0,4,31.334352
0.0,3,31.336864
0.0,3,31.339734
0.0,4,31.343033
0.0,3,31.345779
0.0,3,31.348345
-0.274838,5,31.352646
0.0,4,31.356017
0.0,2,31.357752
0.0,3,31.360583
0.0,5,31.364727
0.0,3,31.367496
1.314527,2,31.369259
0.0,2,31.370967
0.0,3,31.37371
0.0,3,31.376402
0.0,3,31.379114
-0.162246,4,31.382603
0.0,3,31.385112
0.0,4,31.388815
0.0,2,31.390521
0.0,3,31.393076
0.0,2,31.394949
-1.0,4,31.398602
0.0,3,31.40132
0.0,4,31.404772
0.0,3,31.407513
0.0,4,31.410932
0.0,3,31.413428
0.0,2,31.41533
0.0,2,31.417184
0.0,2,31.418913
0.0,2,31.420697
0.0,2,31.422678
0.0,2,31.424405
0.0,2,31.426056
0.0,3,31.428718
1.5,2,31.430539
0.0,4,31.433782
0.0,2,31.435751
-0.041828,2,31.437613
0.0,4,31.441039
0.0,4,31.444696
0.0,4,31.447993
0.0,4,31.451662
-1.0,2,31.453367
0.0,4,31.456885
0.0,3,31.459514
0.0,4,31.462984
1.5,2,31.464845
0.352862,2,31.466513
0.0,3,31.469106
0.0,2,31.471064
0.0,3,31.473717
0.331155,3,31.476267
0.0,5,31.480749
0.0,3,31.483354
0.0,4,31.486914
0.0,4,31.490319
0.0,2,31.492152
0.0,2,31.493923
-0.382548,2,31.495546
0.0,3,31.498201
1.0,3,31.500871
0.0,3,31.503367
0.0,2,31.505228
0.0,3,31.507909
0.0,2,31.509612
0.0,3,31.512283
0.0,4,31.515672
0.0,3,31.518199
0.0,2,31.520055
0.0,3,31.5229
0.0,4,31.526242
0.0,3,31.52887
0.0,3,31.53137
0.0,4,31.534838
0.0,3,31.537436
0.0,4,31.541849
0.0,4,31.545099
-0.01895,2,31.546737
0.0,3,31.549634
0.0,2,31.551454
0.0,4,31.555449
0.0,2,31.557419
0.0,3,31.560157
0.0,3,31.56302
0.0,3,31.565703
0.0,2,31.567388
0.0,2,31.569466
0.0,2,31.571289
0.0,2,31.572995
0.0,2,31.574696
0.0,3,31.577576
0.0,2,31.579334
0.0,2,31.581123
-0.552702,2,31.583089
0.0,3,31.585704
0.0,2,31.587391
0.0,3,31.590179
0.0,2,31.591972
0.0,3,31.594422
0.0,3,31.597127
0.0,3,31.599675
0.0,3,31.602132
0.401181,2,31.604216
0.0,2,31.606298
0.0,4,31.609793
0.0,3,31.612515
0.0,2,31.614165
0.0,3,31.616676
-0.560779,4,31.620223
0.0,2,31.621888
0.0,3,31.624451
0.0,3,31.627024
0.0,3,31.629479
0.0,2,31.631303
0.0,2,31.6332
0.0,2,31.634903
0.0,3,31.637357
0.0,5,31.641734
0.0,3,31.644199
0.0,3,31.647135
0.0,4,31.650542
0.0,4,31.654043
-0.42082,2,31.65569
0.0,2,31.657351
0.0,4,31.660866
0.0,6,31.665972
0.0,3,31.668592
0.0,3,31.671005
0.0,4,31.674458
0.0,2,31.676144
0.0,4,31.679415
0.0,2,31.681277
0.0,3,31.684124
0.0,3,31.687901
0.0,3,31.691579
0.0,5,31.697622
0.0,2,31.699848
0.0,2,31.702611
0.0,3,31.706122
0.0,4,31.710905
0.0,4,31.715641
0.0,2,31.717703
0.0,3,31.72116
0.0,4,31.724883
0.0,3,31.727347
0.0,3,31.730826
0.0,3,31.733344
0.0,3,31.736441
0.0,2,31.738203
0.0,5,31.742596
0.0,3,31.74541
0.0,3,31.748214
0.0,2,31.750215
-0.367339,3,31.752705
-0.140228,3,31.755187
0.0,3,31.757959
0.0,2,31.759649
0.0,3,31.762292
0.0,4,31.765712
0.0,4,31.769006
0.0,4,31.772786
0.0,3,31.775372
1.5,2,31.77747
0.0,3,31.780389
0.0,4,31.78384
0.0,3,31.786876
0.0,2,31.788564
0.0,2,31.790615
0.0,2,31.792637
0.0,3,31.795294
0.0,3,31.798053
0.0,4,31.801434
0.0,3,31.804043
0.0,2,31.805885
0.0,2,31.807494
0.0,3,31.809861
-0.136006,2,31.811498
0.0,2,31.813233
0.0,2,31.814817
0.0,3,31.817238
0.0,2,31.81894
-0.171797,3,31.821456
0.0,2,31.823086
0.0,3,31.825594
0.0,4,31.829059
0.0,3,31.831673
0.0,5,31.835909
1.5,2,31.837534
0.0,4,31.840994
0.0,3,31.843459
0.0,2,31.845398
0.0,4,31.849109
0.0,3,31.851486
0.0,4,31.854934
0.0,3,31.857488
1.5,2,31.859176
0.0,3,31.861898
0.0,2,31.863615
0.0,3,31.865927
0.0,3,31.868616
0.0,2,31.870353
0.0,5,31.874602
0.0,3,31.877109
0.0,4,31.880296
0.0,2,31.882169
0.0,2,31.883798
1.363092,2,31.885376
0.0,2,31.887066
0.0,2,31.888948
0.0,2,31.890677
0.0,4,31.893876
0.0,4,31.897426
0.0,4,31.900796
0.0,2,31.902473
0.0,4,31.905739
0.0,3,31.908629
0.0,3,31.911142
0.0,4,31.914464
0.0,3,31.916951
0.0,3,31.919379
-0.292649,4,31.92263
0.0,5,31.926725
0.0,2,31.928389
0.0,4,31.931774
0.0,3,31.934251
0.0,4,31.937471
0.0,2,31.939078
0.0,4,31.94229
0.0,3,31.944772
0.0,3,31.94716
0.0,3,31.949549
-0.086261,4,31.952873
0.0,2,31.954542
1.5,2,31.956144
0.0,5,31.960036
0.0,3,31.962393
0.0,3,31.964734
0.0,3,31.967107
0.0,3,31.969481
0.0,3,31.971722
1.5,2,31.973233
0.0,3,31.975628
0.0,5,31.9794
1.5,2,31.980916
0.0,2,31.982431
0.0,4,31.985383
-1.0,4,31.988374
0.716881,3,31.990644
0.0,4,31.993601
0.0,4,31.996619
0.0,2,31.998105
0.0,4,32.00109
0.0,2,32.002564
0.0,3,32.004836
0.0,3,32.007034
0.0,2,32.008627
0.0,3,32.010829
0.0,4,32.013852
0.0,2,32.015388
0.0,3,32.01761
0.0,4,32.020586
0.0,4,32.023528
1.5,2,32.024979
0.0,3,32.02729
0.22827,2,32.0288
0.0,3,32.030989
0.0,2,32.032486
0.0,2,32.033956
0.0,3,32.036233
0.0,2,32.037732
0.0,3,32.039907
-0.084452,2,32.041413
0.0,4,32.044412
0.0,3,32.04666
0.0,2,32.04813
0.0,3,32.05032
-1.0,3,32.052548
0.0,2,32.054052
0.0,2,32.05552
0.0,3,32.057802
0.0,2,32.059284
0.0,4,32.062276
0.0,2,32.063814
0.0,2,32.065349
0.504445,2,32.066846
0.0,3,32.06907
0.0,3,32.071319
0.0,2,32.07282
0.0,3,32.075077
0.0,3,32.077467
-0.493011,4,32.080496
1.5,2,32.081984
0.0,3,32.084242
0.0,4,32.087209
0.0,3,32.089497
0.0,4,32.092465
0.0,2,32.093967
0.0,3,32.096189
0.0,2,32.097691
0.571377,2,32.099176
0.0,2,32.100675
0.0,4,32.103657
-0.197516,3,32.106139
0.0,4,32.109191
0.0,3,32.111781
0.0,3,32.114066
0.0,5,32.117821
1.5,2,32.119321
-0.173117,3,32.121553
0.0,4,32.12448
0.0,3,32.126696
0.0,3,32.128864
0.0,2,32.130422
0.0,5,32.134088
0.0,2,32.13558
0.0,4,32.138544
0.0,4,32.141459
0.0,4,32.144422
-0.64385,2,32.145882
0.0,3,32.148302
0.0,2,32.149922
0.0,3,32.152235
0.0,2,32.153798
0.0,3,32.156219
0.0,2,32.157779
0.0,4,32.160792
0.0,3,32.163008
0.0,2,32.164572
0.0,2,32.166043
0.0,2,32.167552
1.5,2,32.169021
0.0,3,32.171281
0.0,3,32.173585
0.0,3,32.175911
0.0,5,32.179779
0.0,3,32.182056
-0.920833,4,32.185004
0.0,2,32.186558
0.0,4,32.189596
0.0,3,32.191829
0.0,6,32.196234
0.0,2,32.197731
0.0,5,32.201411
0.0,3,32.203657
0.0,2,32.20517
0.0,3,32.207432
0.0,3,32.209682
0.0,3,32.211884
0.0,2,32.213422
0.0,2,32.214965
0.0,2,32.216517
0.0,3,32.218795
0.0,2,32.2203
0.0,3,32.222515
0.0,3,32.224762
-0.631114,2,32.226305
0.0,2,32.227806
0.0,3,32.230043
0.0,3,32.232277
0.0,2,32.233727
0.0,3,32.235977
0.0,2,32.23748
0.0,2,32.238979
0.0,3,32.241196
1.242826,2,32.24266
0.0,2,32.24418
0.0,3,32.24637
0.0,3,32.248657
0.0,3,32.250898
0.0,3,32.253135
0.0,4,32.25613
0.0,2,32.25764
0.0,5,32.261328
0.0,3,32.263535
0.0,3,32.265815
0.0,3,32.268051
0.0,2,32.269586
0.0,3,32.271827
0.0,4,32.274806
0.0,2,32.276389
0.0,2,32.27799
-1.0,2,32.279546
0.0,4,32.282515
0.0,2,32.283973
0.0,3,32.286252
0.0,2,32.287741
0.0,4,32.290693
0.0,4,32.293638
0.0,4,32.296587
-0.918938,2,32.298064
0.255654,3,32.300392
0.0,2,32.30184
0.0,2,32.303342
0.0,2,32.304868
1.0,3,32.307113
0.0,3,32.30936
1.225235,2,32.310861
0.0,4,32.313831
0.0,2,32.31538
0.0,3,32.317617
0.0,4,32.320649
0.0,4,32.323626
0.169691,2,32.325126
0.0,3,32.327386
0.0,2,32.328863
1.5,2,32.330355
0.0,2,32.331882
0.0,4,32.334867
0.0,3,32.337146
-0.14044,2,32.338627
0.0,2,32.3402
0.0,3,32.342417
0.0,4,32.345378
0.0,3,32.347601
-0.412523,4,32.350553
0.0,3,32.352823
0.0,5,32.356561
0.0,2,32.358078
0.0,2,32.359537
0.0,4,32.362508
0.0,2,32.363987
0.0,2,32.365503
1.5,2,32.367004
-1.0,2,32.368528
0.0,3,32.370802
0.0,5,32.37445
0.0,2,32.376053
0.0,3,32.378399
0.0,2,32.379887
0.0,3,32.382174
0.0,3,32.384366
0.0,3,32.386572
0.0,3,32.388852
0.0,2,32.390413
0.0,2,32.391893
0.0,3,32.39414
0.0,4,32.397104
0.0,2,32.398648
0.0,3,32.535712
0.0,3,32.538572
0.0,4,32.54228
0.0,2,32.544001
0.0,4,32.547385
0.0,3,32.549809
0.0,3,32.552349
0.965477,2,32.554003
0.0,3,32.556478
0.0,3,32.558871
0.0,4,32.562387
0.0,4,32.565581
0.0,5,32.569523
0.0,3,32.572087
0.0,3,32.574681
-0.181866,2,32.576516
0.0,3,32.579164
0.0,4,32.58252
0.0,2,32.5842
0.0,5,32.588451
0.0,3,32.591074
1.437638,2,32.592875
0.0,4,32.596336
0.0,5,32.60062
0.0,3,32.603298
0.0,4,32.607191
0.0,3,32.609744
0.0,2,32.611526
0.0,3,32.614214
0.0,3,32.616815
0.0,3,32.619406
0.0,3,32.622083
0.0,4,32.625384
0.0,5,32.629625
0.0,4,32.633167
0.0,4,32.636322
0.461445,2,32.637978
0.0,3,32.640324
0.0,3,32.642623
0.0,4,32.645678
0.0,4,32.648779
0.0,2,32.650388
0.0,3,32.65273
0.0,3,32.655036
0.0,3,32.65736
0.0,3,32.659719
0.0,2,32.66133
-0.053986,3,32.663716
0.0,5,32.667576
0.0,2,32.669194
0.0,2,32.670756
-1.0,2,32.672326
1.0,2,32.673919
1.5,2,32.675456
0.0,4,32.678816
-1.0,2,32.680447
0.0,3,32.682925
0.0,2,32.684524
0.0,3,32.686909
0.0,3,32.689336
0.0,6,32.694211
0.0,2,32.69581
0.0,3,32.698199
0.0,3,32.700571
0.0,3,32.702941
0.0,4,32.706163
0.0,5,32.71013
-0.334113,3,32.712538
0.0,3,32.714877
0.0,3,32.717269
0.0,3,32.719706
0.0,2,32.721338
0.0,3,32.723747
0.0,2,32.725358
0.937237,2,32.727001
-0.285962,3,32.729445
0.0,4,32.732658
0.0,2,32.734337
0.0,2,32.735962
0.0,4,32.739355
-0.888517,2,32.741032
0.0,3,32.743503
0.0,4,32.746713
0.0,2,32.748408
0.0,3,32.750902
0.0,3,32.753346
0.0,3,32.755844
0.0,4,32.759027
0.0,2,32.76063
0.0,3,32.763112
-1.0,5,32.767112
0.0,2,32.768701
0.0,2,32.770291
0.0,2,32.771868
0.0,3,32.774295
0.0,3,32.777075
0.0,3,32.779978
0.0,4,32.783374
0.0,3,32.785808
0.0,4,32.789136
0.0,3,32.791583
0.0,3,32.794017
0.0,2,32.795688
0.0,4,32.798908
0.0,3,32.801306
1.5,2,32.802944
0.0,3,32.805404
0.0,2,32.80702
0.0,3,32.809433
0.0,2,32.811074
0.0,2,32.812782
0.0,4,32.816051
0.0,2,32.817725
0.0,5,32.821886
-0.995666,7,32.827465
-0.698738,4,32.830789
0.21323,3,32.83332
0.0,2,32.834968
0.0,2,32.836667
0.0,4,32.839907
0.0,5,32.843879
-0.58654,2,32.845651
0.0,4,32.849549
0.0,2,32.851276
0.0,2,32.852995
0.0,3,32.855452
0.0,2,32.857303
0.0,2,32.859113
0.0,5,32.863416
0.0,2,32.86513
0.0,4,32.868507
0.0,6,32.873404
0.0,3,32.875906
0.0,3,32.878831
0.0,4,32.882204
1.5,2,32.883883
0.0,2,32.88568
0.0,5,32.889821
0.0,3,32.89256
0.0,4,32.895882
0.075657,2,32.897606
0.0,3,32.900187
0.0,3,32.902729
0.0,2,32.904464
0.0,5,32.908549
0.0,2,32.910259
0.0,6,32.915161
0.0,3,32.917727
-1.0,5,32.921796
0.0,3,32.924385
0.0,4,32.927741
0.0,2,32.929505
0.0,3,32.932238
0.0,2,32.934169
0.0,2,32.935928
0.0,2,32.937629
0.0,2,32.93937
0.0,3,32.942051
0.0,3,32.945136
0.0,2,32.947517
0.0,2,32.949771
0.0,4,32.953846
0.0,4,32.957859
0.0,2,32.959718
0.641801,2,32.961898
0.0,2,32.963745
1.5,2,32.965555
0.0,3,32.968417
0.0,5,32.972885
0.0,4,32.976576
0.0,3,32.979444
0.0,3,32.982524
0.0,4,32.986668
0.0,4,32.990331
0.0,2,32.992268
0.0,2,32.994476
0.0,3,32.99717
0.0,2,32.999028
0.0,2,33.00126
0.0,4,33.004898
0.0,5,33.009807
0.0,3,33.012635
0.0,2,33.014803
0.0,2,33.016663
0.0,4,33.020329
0.0,3,33.023405
0.0,2,33.025241
-0.744276,3,33.028838
0.0,2,33.030931
0.0,3,33.033839
0.0,3,33.036968
0.0,3,33.039692
0.0,4,33.043715
0.0,4,33.047318
-0.080697,3,33.05051
1.5,2,33.052424
0.0,3,33.055408
0.0,3,33.058421
0.0,6,33.064174
-0.555785,2,33.066042
0.0,4,33.069927
0.0,4,33.073725
1.5,2,33.075595
1.5,2,33.077894
0.0,5,33.082522
0.0,3,33.085951
0.0,4,33.093573
0.0,2,33.097367
0.0,3,33.103266
0.0,2,33.107427
0.0,2,33.111613
0.0,2,33.115575
1.5,2,33.119467
0.0,3,33.124878
0.0,4,33.132575
0.0,3,33.138449
0.0,4,33.143852
0.0,3,33.14781
0.0,3,33.151496
0.0,4,33.158284
0.0,4,33.164864
-0.030996,5,33.169997
0.0,3,33.172731
0.0,3,33.175961
0.0,4,33.17976
0.0,2,33.181878
-0.365177,3,33.184809
-0.683776,5,33.190093
0.0,4,33.193713
1.5,2,33.195702
0.0,3,33.198352
0.0,4,33.202246
0.0,4,33.206323
0.0,3,33.209408
0.0,4,33.213213
-0.024089,3,33.216274
0.0,2,33.218426
0.0,2,33.220302
0.0,3,33.22347
0.0,3,33.226377
1.5,2,33.22824
0.0,2,33.230381
0.0,4,33.234263
0.0,4,33.238413
0.0,4,33.242234
0.0,3,33.24542
0.0,3,33.248258
0.0,2,33.250268
1.5,2,33.252601
0.0,4,33.256464
0.0,3,33.259787
0.0,3,33.262486
-0.319515,5,33.267674
0.0,3,33.270442
0.0,2,33.27269
0.0,3,33.27569
0.0,3,33.279072
0.0,3,33.282424
0.0,4,33.286649
0.0,3,33.289633
0.0,2,33.291618
0.0,2,33.293964
0.510939,2,33.295985
0.0,3,33.298886
0.0,2,33.301213
0.0,2,33.303176
0.0,3,33.306106
0.0,2,33.308453
0.0,3,33.311376
1.5,2,33.313384
0.0,3,33.316566
0.0,4,33.320446
0.0,3,33.323857
0.0,3,33.326733
0.0,2,33.329077
0.0,3,33.33188
0.0,2,33.333876
0.0,4,33.338024
0.0,3,33.340916
0.0,2,33.343283
-0.2797,5,33.348007
0.0,2,33.350402
0.0,3,33.353211
0.0,3,33.356532
0.0,3,33.359462
0.0,3,33.362626
0.0,3,33.365747
0.0,3,33.368614
0.0,2,33.370958
0.0,4,33.374925
0.0,3,33.378404
0.0,2,33.380319
-0.857756,3,33.383467
0.0,2,33.3859
0.0,4,33.389903
0.0,3,33.393234
0.0,3,33.396121
0.0,3,33.399515
0.0,3,33.402419
0.0,3,33.405739
0.0,3,33.408586
0.0,2,33.410762
0.0,4,33.41496
0.0,3,33.418169
0.0,3,33.421311
0.0,3,33.424399
0.0,3,33.427784
0.0,3,33.430829
1.0,4,33.435675
1.5,2,33.437886
0.0,2,33.44082
0.0,2,33.443479
1.5,2,33.446172
0.0,3,33.449995
0.0,3,33.453347
0.0,2,33.455559
0.0,4,33.459855
0.0,4,33.464107
0.0,3,33.467518
0.0,3,33.470476
0.0,2,33.472405
0.0,3,33.475791
0.0,4,33.479679
0.0,3,33.483244
0.0,4,33.487345
0.0,3,33.490548
0.0,2,33.492493
0.0,3,33.49577
0.0,3,33.498769
0.0,5,33.504147
0.0,4,33.508159
0.0,2,33.510438
0.0,2,33.512403
0.0,3,33.515646
0.0,4,33.519618
0.0,2,33.521691
0.0,4,33.526083
0.0,3,33.529601
0.0,3,33.532744
0.0,2,33.534668
0.0,3,33.538018
0.0,2,33.54
0.0,2,33.541913
0.0,3,33.545318
0.0,3,33.548183
0.0,4,33.552568
0.0,3,33.555491
0.0,3,33.558864
0.0,3,33.56171
0.0,2,33.563767
0.0,3,33.566981
0.0,4,33.570951
0.0,2,33.573594
0.0,3,33.577011
0.0,3,33.58075
0.0,4,33.584741
0.0,3,33.588006
0.0,4,33.591962
0.0,4,33.596104
0.0,5,33.601395
0.0,3,33.604698
1.4508,2,33.607281
0.0,3,33.610497
0.0,2,33.612555
0.0,2,33.615042
0.0,2,33.617128
0.609975,2,33.619641
0.0,3,33.62296
0.0,3,33.626008
0.0,2,33.628504
0.0,3,33.631332
0.0,2,33.63369
0.0,2,33.635848
-0.122495,3,33.638904
-0.394815,2,33.641014
-0.004082,6,33.647201
0.170693,2,33.649344
0.0,4,33.653199
0.0,4,33.657395
0.0,2,33.659428
0.0,2,33.661789
0.0,2,33.663853
0.0,2,33.665851
0.0,3,33.669115
0.0,4,33.672978
0.0,4,33.677339
0.0,2,33.679302
0.0,2,33.681313
0.0,3,33.684771
0.0,3,33.68791
0.0,4,33.69201
-1.0,5,33.697071
0.0,2,33.699165
0.0,2,33.701233
0.0,3,33.704772
0.0,3,33.707669
1.5,2,33.709704
0.0,3,33.712999
0.0,3,33.716252
-0.286168,4,33.720519
0.0,3,33.723392
0.0,2,33.725912
0.0,5,33.730912
0.0,2,33.733293
0.0,3,33.736054
0.0,3,33.739584
0.0,4,33.743516
1.5,2,33.745865
0.0,5,33.75086
0.0,3,33.754323
0.0,2,33.756273
0.0,3,33.759576
0.0,3,33.762374
0.0,3,33.765489
0.0,2,33.767685
0.0,3,33.770519
0.0,4,33.774486
0.0,4,33.778446
0.0,3,33.781752
0.0,4,33.785352
0.0,2,33.787395
0.0,2,33.789192
0.0,4,33.792694
0.0,2,33.79469
0.0,3,33.797476
0.0,2,33.799332
0.0,2,33.801106
0.0,4,33.804635
0.0,4,33.808138
0.0,3,33.810784
0.0,3,33.813489
0.0,2,33.815293
0.0,5,33.819708
0.0,4,33.823328
0.506049,3,33.825987
0.0,6,33.83129
0.0,2,33.833117
0.0,4,33.836697
0.0,5,33.841218
0.0,3,33.844021
0.0,2,33.84583
0.0,3,33.848809
-0.23322,3,33.852971
0.0,2,33.854938
0.0,4,33.858527
0.0,2,33.860372
0.0,5,33.864731
0.0,4,33.868448
0.326356,3,33.871255
-0.491916,6,33.876613
0.0,3,33.879685
0.0,5,33.884448
-0.524321,3,33.887473
0.0,3,33.890138
0.0,4,33.89388
0.0,3,33.89656
0.0,3,33.899508
0.0,2,33.901332
0.0,2,33.9031
0.0,5,33.90763
0.0,2,33.909428
0.673195,3,33.912112
1.5,2,33.913883
0.0,3,33.91656
-0.202567,4,33.920128
0.0,3,33.922776
0.0,6,33.92795
0.0,3,33.930571
0.0,3,33.933279
0.0,2,33.935115
0.0,2,33.93691
0.0,2,33.938686
1.5,2,33.940489
0.0,3,33.943162
-1.287881,2,33.944986
0.0,2,33.94687
0.0,4,33.950415
0.0,2,33.952252
0.0,2,33.954082
0.0,3,33.956754
0.0,6,33.961984
0.0,4,33.965497
0.0,4,33.969137
0.0,4,33.972642
0.0,3,33.975247
0.0,3,33.977913
-0.385648,2,33.980037
0.0,3,33.983124
0.0,2,33.984959
0.0,3,33.987789
0.0,3,33.990677
0.0,2,33.992536
-0.239401,3,33.995271
0.0,4,33.998757
0.0,2,34.000615
0.0,3,34.003219
0.0,4,34.006748
0.0,2,34.008547
0.0,4,34.011988
0.0,4,34.015455
0.0,3,34.018131
1.5,2,34.019937
-0.514935,5,34.024239
0.0,2,34.026052
-0.12521,4,34.029887
0.0,4,34.03335
0.0,2,34.035287
1.5,2,34.037117
0.0,2,34.038888
0.0,5,34.043295
0.0,2,34.045125
-0.92603,2,34.046875
0.0,3,34.049543
0.0,2,34.05127
0.0,3,34.053844
0.0,6,34.058965
0.0,3,34.061604
0.0,4,34.065066
0.0,3,34.067699
0.0,3,34.070434
0.0,4,34.073922
0.0,3,34.076575
0.0,3,34.079336
0.0,6,34.084927
0.0,3,34.087731
0.0,3,34.090407
0.0,2,34.092362
0.0,2,34.094312
0.0,3,34.096941
0.0,3,34.099611
0.0,3,34.102314
0.0,2,34.10435
0.0,3,34.107463
0.0,4,34.111027
0.0,3,34.114557
0.0,2,34.116369
0.0,3,34.119107
0.0,3,34.121792
0.0,3,34.124438
0.0,4,34.127942
0.0,4,34.131573
0.0,2,34.133399
0.0,3,34.136064
0.0,5,34.140363
1.5,2,34.14217
0.0,3,34.144784
0.0,2,34.146526
0.0,3,34.149135
0.0,3,34.15177
0.0,5,34.156051
0.0,2,34.157869
-0.166526,3,34.160504
0.0,2,34.162317
0.014766,3,34.16493
0.0,3,34.167589
0.0,2,34.169388
0.0,2,34.171154
0.0,4,34.174618
1.15233,2,34.176346
0.0,4,34.17997
0.0,3,34.183043
0.0,5,34.187425
0.0,2,34.189318
0.0,2,34.191138
1.5,2,34.19289
0.0,3,34.195523
0.0,3,34.198165
0.0,3,34.200813
1.5,2,34.202556
-0.163397,4,34.206061
0.0,3,34.208645
0.0,4,34.212135
0.0,3,34.214769
0.0,2,34.216516
0.0,2,34.218337
0.0,3,34.220935
-0.018692,4,34.224438
0.0,3,34.227065
0.173796,2,34.228836
1.5,2,34.230583
0.0,3,34.233254
0.0,4,34.236694
0.0,3,34.239326
-0.40631,2,34.24108
0.0,4,34.244519
0.0,3,34.247083
0.356806,2,34.248857
0.0,3,34.251496
0.0,3,34.254227
0.0,3,34.256897
0.0,3,34.259472
0.0,4,34.262899
0.0,4,34.266461
-0.23458,4,34.269848
0.0,3,34.272461
0.0,3,34.275102
-0.084906,4,34.27875
0.025105,3,34.281858
0.727675,2,34.283644
0.0,3,34.286316
0.0,2,34.288199
0.0,2,34.290134
0.0,2,34.29201
0.0,3,34.294758
0.0,3,34.297417
0.0,5,34.30166
0.0,3,34.304275
-0.469573,2,34.306098
0.0,3,34.308737
1.5,2,34.310511
-0.141686,4,34.313991
0.0,4,34.317454
0.0,2,34.319231
0.0,4,34.322613
0.0,4,34.32602
1.445785,2,34.327809
0.0,4,34.331281
0.0,4,34.33466
0.0,2,34.336454
0.0,4,34.33989
0.0,2,34.34163
0.0,2,34.343425
0.0,3,34.346077
0.0,3,34.348644
0.0,2,34.350402
0.0,3,34.352999
0.0,5,34.357289
0.0,2,34.359031
0.0,2,34.360848
0.0,2,34.362587
0.0,2,34.364406
0.0,4,34.3678
0.0,3,34.370426
0.0,2,34.372179
0.0,2,34.373992
0.0,3,34.376651
0.0,5,34.381068
0.0,3,34.384128
0.0,2,34.385931
0.0,2,34.387744
0.0,3,34.390398
0.0,4,34.393972
0.0,2,34.395755
0.0,3,34.398303
0.0,3,34.400903
0.0,3,34.40351
0.0,3,34.406137
0.415116,2,34.407878
0.0,2,34.409638
0.0,4,34.413026
0.0,3,34.415706
0.0,2,34.417546
0.0,3,34.420409
0.269287,2,34.42243
0.0,3,34.42539
-0.002159,3,34.430478
0.0,2,34.433125
1.5,2,34.435221
0.0,2,34.4372
0.0,4,34.441194
0.0,4,34.445164
0.0,3,34.448052
0.0,3,34.451003
-0.212434,5,34.455917
0.0,2,34.457923
0.0,3,34.461035
0.0,2,34.463114
0.0,3,34.466127
1.5,2,34.468197
1.5,2,34.470201
0.0,3,34.473173
0.0,3,34.476125
0.0,2,34.477979
0.0,4,34.482165
0.0,3,34.485315
0.0,2,34.487527
0.0,4,34.491654
0.0,5,34.676595
0.0,3,34.679404
0.0,2,34.681296
0.0,2,34.683146
0.0,2,34.685036
0.0,4,34.688775
0.0,4,34.692158
-1.0,4,34.695587
0.418311,2,34.697337
0.0,3,34.699987
1.5,2,34.701707
0.0,3,34.704494
0.0,2,34.706334
0.0,3,34.708998
0.0,2,34.710787
0.0,3,34.713381
1.0,4,34.71682
0.0,3,34.719335
0.0,2,34.721218
0.0,3,34.723728
0.0,3,34.726239
0.0,2,34.728078
0.0,2,34.730025
0.0,4,34.733523
0.0,4,34.736844
-0.784693,5,34.740986
-0.662363,2,34.742718
0.0,2,34.744488
0.0,2,34.746258
0.0,3,34.748819
0.0,2,34.750549
0.0,3,34.753148
0.0,3,34.7557
0.0,2,34.757449
0.0,3,34.760005
0.0,5,34.76412
0.0,2,34.765836
1.165208,2,34.767577
0.0,2,34.769355
0.0,2,34.771031
0.0,3,34.773588
0.0,4,34.776947
1.0,3,34.779716
0.0,3,34.782656
0.0,3,34.785617
0.0,2,34.787478
0.0,3,34.79014
0.0,2,34.79198
0.0,2,34.793726
0.0,6,34.798727
0.0,3,34.801746
0.0,3,34.804392
0.0,3,34.806952
0.0,2,34.808697
0.0,5,34.812786
0.0,2,34.814566
0.0,2,34.817327
0.0,2,34.819448
0.0,4,34.82344
0.0,3,34.826257
0.0,2,34.828168
-0.140507,2,34.830043
0.0,3,34.832936
-1.0,2,34.834796
0.0,4,34.838363
0.0,2,34.840276
0.0,2,34.842192
0.0,3,34.84502
0.0,3,34.847941
-0.470456,2,34.849851
0.0,3,34.852535
0.0,3,34.855284
0.0,2,34.857084
0.0,3,34.859793
0.0,3,34.862583
0.0,4,34.86636
0.0,2,34.868468
1.0,2,34.870448
0.0,4,34.874198
0.0,3,34.877008
0.0,3,34.879761
0.0,2,34.88181
0.0,3,34.88578
0.0,3,34.889937
0.0,5,34.895
0.0,2,34.897057
0.0,4,34.900805
0.0,4,34.904784
0.0,3,34.907591
0.0,4,34.911242
0.0,3,34.913923
0.0,2,34.915761
0.0,3,34.91863
0.0,3,34.921466
0.0,2,34.923294
0.0,4,34.927006
0.0,2,34.928884
-0.538376,3,34.931624
0.0,3,34.934317
0.0,3,34.936908
0.0,2,34.93874
-0.282107,3,34.941547
0.0,2,34.943387
-0.527126,3,34.94625
0.0,2,34.948279
0.793693,3,34.951014
-0.01708,5,34.955499
0.0,3,34.958179
0.0,2,34.960096
0.0,4,34.963744
0.0,5,34.968492
0.0,3,34.971533
0.0,3,34.974451
0.0,2,34.976253
0.0,3,34.978887
-0.045431,4,34.982917
0.0,2,34.984921
0.0,3,34.987812
0.0,2,34.989661
0.0,4,34.993372
0.0,4,34.997012
0.0,4,35.00063
0.0,3,35.003402
0.0,2,35.005231
0.0,3,35.007892
0.0,3,35.010546
0.0,3,35.013193
0.0,2,35.0151
0.0,2,35.016943
0.0,2,35.018829
0.0,3,35.021475
0.0,2,35.02335
0.0,3,35.025925
0.0,3,35.028529
-0.116369,3,35.031441
0.0,3,35.034191
0.0,3,35.037079
0.0,2,35.039014
0.0,2,35.040931
0.0,2,35.043126
0.0,2,35.045337
0.0,2,35.047701
0.0,4,35.051667
0.0,2,35.053771
0.0,2,35.055811
0.0,2,35.058038
0.0,2,35.060252
0.0,5,35.065663
0.0,3,35.068985
0.0,3,35.072107
0.0,4,35.07622
0.0,2,35.078161
0.0,4,35.082578
0.0,3,35.085884
0.0,4,35.090784
0.0,2,35.093149
0.0,3,35.096549
-0.413309,4,35.100731
0.0,3,35.103655
0.0,3,35.10677
0.0,6,35.113353
0.0,3,35.116847
0.0,2,35.119107
0.0,3,35.123016
0.0,3,35.127418
0.0,2,35.130054
0.0,4,35.134448
0.0,3,35.138162
0.0,3,35.14265
0.0,3,35.146025
0.0,3,35.149676
0.0,3,35.152752
0.0,4,35.157426
0.0,2,35.159338
0.0,2,35.162778
0.0,4,35.166912
0.0,2,35.169421
0.0,2,35.171946
0.0,3,35.175278
0.0,3,35.1788
0.0,3,35.181974
0.0,3,35.185148
0.0,4,35.189202
0.0,2,35.191273
0.0,3,35.194247
0.0,3,35.197389
0.0,3,35.200489
-0.235295,3,35.203684
0.0,3,35.206709
0.0,2,35.208657
0.0,3,35.21177
0.0,2,35.213712
0.0,3,35.216581
0.0,4,35.220565
0.0,3,35.223657
0.0,3,35.226624
-0.631026,3,35.229427
1.5,2,35.231425
0.0,3,35.234526
0.0,4,35.238138
0.0,3,35.241179
0.0,2,35.243089
0.0,4,35.247243
0.0,2,35.2492
0.083167,4,35.253116
0.0,3,35.256015
0.0,2,35.257923
0.0,4,35.261909
0.0,2,35.263848
0.0,3,35.266747
0.0,2,35.268888
0.0,2,35.270836
0.0,4,35.274593
0.0,2,35.276462
0.0,3,35.279205
0.0,4,35.282942
0.0,3,35.28576
0.0,2,35.287813
0.0,2,35.290084
0.0,3,35.292843
-0.591059,2,35.29487
0.0,2,35.296881
0.0,3,35.299596
1.486116,2,35.301411
0.503376,2,35.303496
0.0,2,35.305413
0.0,2,35.307247
0.0,2,35.309147
0.0,3,35.312068
0.0,4,35.315838
0.0,3,35.318783
0.0,3,35.321625
0.0,4,35.325642
-0.023202,5,35.330165
0.584005,2,35.332008
0.0,3,35.334833
0.0,3,35.337762
0.0,3,35.340524
0.0,3,35.343238
0.0,3,35.346305
0.0,4,35.349993
0.0,5,35.354631
0.0,2,35.356535
0.0,5,35.361209
0.0,3,35.364061
0.0,4,35.367957
0.0,2,35.369875
-0.287903,6,35.375723
0.0,5,35.380537
0.0,2,35.382246
-0.350251,4,35.385732
0.0,4,35.389526
0.0,3,35.392347
0.0,5,35.396976
0.0,2,35.398816
0.0,3,35.401773
0.0,2,35.403693
0.0,3,35.406651
0.0,3,35.409532
0.0,3,35.412212
0.0,3,35.415177
0.0,3,35.41792
0.0,2,35.419807
-1.0,3,35.422767
0.0,3,35.42553
0.0,3,35.428378
0.0,4,35.431904
0.0,2,35.434031
0.0,5,35.438853
-0.516573,2,35.440806
0.0,5,35.445718
0.0,3,35.448768
0.0,2,35.450594
0.0,4,35.454183
0.0,3,35.457057
0.0,4,35.460734
0.0,3,35.463763
0.0,2,35.465716
0.0,2,35.467571
0.0,4,35.471434
1.5,2,35.473358
0.0,3,35.476266
0.0,3,35.479036
0.0,2,35.480795
1.5,2,35.482652
0.0,3,35.485741
0.0,2,35.487676
1.434138,2,35.489628
0.0,3,35.4927
0.0,4,35.496487
0.0,3,35.499712
0.0,4,35.503634
0.0,4,35.507655
0.034466,2,35.509717
1.5,2,35.511907
0.0,2,35.513824
0.0,3,35.51667
0.0,2,35.518858
0.0,6,35.524275
0.0,3,35.527483
0.0,3,35.530994
0.0,2,35.534075
0.0,3,35.538325
0.007275,3,35.542565
0.0,4,35.54691
0.0,4,35.550955
0.0,3,35.55436
1.5,2,35.556416
0.473609,4,35.560409
0.0,4,35.564124
-0.034916,2,35.566025
0.0,2,35.568174
-0.57427,4,35.571831
0.0,2,35.57391
-0.128635,3,35.577182
0.0,4,35.581842
0.0,7,35.589134
0.0,2,35.591364
0.0,2,35.593417
0.0,3,35.596274
0.0,3,35.599039
0.0,5,35.604268
-0.696383,5,35.609617
0.671715,2,35.611674
0.0,4,35.615628
0.0,5,35.620646
0.0,2,35.622511
-0.329895,3,35.625257
0.0,4,35.628803
0.0,3,35.631895
0.0,3,35.634604
0.0,3,35.637524
0.0,3,35.640315
0.0,2,35.642218
0.0,5,35.646758
0.0,2,35.648633
0.0,3,35.651672
0.0,3,35.65436
0.0,4,35.658437
0.0,3,35.661248
1.5,2,35.663137
0.0,2,35.665431
0.0,4,35.668967
0.0,4,35.672956
0.0,3,35.675568
0.0,3,35.67857
0.0,2,35.680464
0.0,3,35.683173
0.0,2,35.685105
0.0,2,35.687387
0.0,4,35.690937
0.0,2,35.693197
-1.0,3,35.695887
0.0,3,35.698627
0.0,2,35.700886
0.0,5,35.705544
0.0,4,35.70946
0.0,3,35.712136
0.0,2,35.714462
0.0,4,35.71797
1.211327,2,35.720022
0.0,3,35.722964
0.0,2,35.72469
1.5,2,35.726694
0.0,3,35.729645
0.0,3,35.732302
0.0,3,35.735439
0.0,4,35.739126
0.0,2,35.741326
0.0,3,35.744205
0.0,2,35.746083
0.0,4,35.7501
0.0,3,35.752734
0.0,6,35.758318
0.0,5,35.763029
0.0,4,35.766509
0.0,3,35.769527
0.0,4,35.773212
0.0,2,35.775132
0.0,4,35.779234
0.0,4,35.783386
0.0,3,35.786084
0.0,3,35.788854
0.0,3,35.792178
0.852019,2,35.793909
0.0,3,35.79687
0.0,3,35.799654
0.0,3,35.802254
0.0,2,35.804492
0.0,2,35.806335
0.0,3,35.80903
0.0,6,35.81447
0.0,2,35.816504
0.0,2,35.818603
0.0,4,35.822309
0.0,2,35.824395
0.0,2,35.826391
0.0,5,35.83081
0.0,4,35.834752
0.0,4,35.838743
0.0,3,35.841427
0.0,3,35.844275
0.0,3,35.847404
0.0,2,35.849235
0.0,2,35.851124
0.0,2,35.853172
0.0,4,35.856683
0.0,4,35.860411
0.0,2,35.862145
0.0,3,35.864986
-0.188346,5,35.869212
0.0,3,35.871651
0.0,4,35.874942
0.0,4,35.878273
0.0,3,35.880783
0.0,3,35.883259
0.0,3,35.886124
0.0,4,35.890026
0.0,5,35.894297
0.0,4,35.897635
0.0,2,35.89932
0.0,5,35.903265
0.0,3,35.906102
0.0,4,35.909501
0.0,3,35.912099
0.0,3,35.914669
0.0,3,35.917237
0.0,3,35.920027
1.5,2,35.921772
1.5,2,35.923477
0.0,3,35.925968
0.0,2,35.927843
0.0,4,35.93112
0.0,2,35.93283
0.0,3,35.93558
0.0,2,35.937265
0.0,2,35.938939
0.0,3,35.941724
0.0,3,35.944291
0.0,6,35.949461
0.0,3,35.951987
0.0,2,35.953701
0.0,4,35.9571
0.0,3,35.959653
0.0,3,35.962487
0.0,4,35.965849
0.0,3,35.968488
0.0,3,35.971142
0.0,3,35.973643
-0.221118,2,35.975459
0.0,3,35.978007
0.0,3,35.980587
0.038998,2,35.982564
1.5,2,35.98437
-0.29782,3,35.987053
0.0,5,35.991417
0.0,3,35.993977
-0.287875,4,35.99727
0.0,3,35.999893
0.0,3,36.002423
0.0,3,36.005077
0.0,3,36.007542
0.0,4,36.011022
0.0,3,36.013726
0.0,3,36.016367
-0.390502,2,36.018353
0.0,4,36.0217
0.0,5,36.02596
0.0,2,36.027664
0.0,2,36.029349
0.0,4,36.032985
0.0,2,36.034671
0.0,3,36.037212
0.0,3,36.039861
0.0,2,36.041545
0.0,2,36.043253
0.0,2,36.045159
0.0,3,36.047782
0.0,2,36.049532
0.0,3,36.052322
0.0,4,36.055598
0.0,4,36.059024
0.0,3,36.061539
0.0,3,36.063961
0.0,4,36.067348
0.0,4,36.070667
0.0,3,36.073368
0.0,3,36.075994
0.0,5,36.080402
0.0,3,36.082972
0.0,4,36.086637
0.0,3,36.089274
0.0,3,36.091786
0.0,2,36.093723
0.0,4,36.097148
0.0,3,36.099682
0.0,2,36.101587
0.0,5,36.106021
0.0,3,36.108821
0.0,5,36.11289
0.0,2,36.11481
0.0,2,36.116534
0.0,2,36.118247
0.991227,2,36.119974
0.0,3,36.122805
0.0,3,36.12544
0.0,3,36.12798
0.0,2,36.129861
0.0,3,36.132299
0.0,3,36.134814
0.0,2,36.136787
0.0,3,36.139277
0.041753,3,36.142303
0.0,4,36.146691
0.0,4,36.152402
0.0,3,36.155579
-1.0,5,36.160623
0.0,3,36.163719
0.0,5,36.168682
0.0,2,36.17066
1.0,3,36.17356
0.0,3,36.176682
0.0,3,36.179644
0.0,3,36.182315
0.0,2,36.184283
0.0,3,36.187582
0.0,2,36.189476
0.0,2,36.19145
0.0,3,36.194266
0.0,4,36.198009
0.0,3,36.200952
0.0,4,36.20459
0.0,2,36.206735
0.0,3,36.209868
0.0,4,36.213761
0.0,2,36.215596
0.0,2,36.217579
0.0,3,36.220546
1.5,2,36.222398
0.0,5,36.227266
0.0,3,36.230239
0.0,2,36.232203
0.0,3,36.235204
0.0,2,36.237082
0.0,2,36.23882
0.0,2,36.240869
0.0,4,36.244645
1.5,2,36.2464
0.0,4,36.25041
0.0,3,36.253175
0.0,4,36.256928
0.0,4,36.260364
0.0,4,36.264087
0.0,3,36.266659
0.0,2,36.268561
0.0,3,36.271561
-0.252101,2,36.273386
0.0,2,36.275272
0.0,3,36.278024
0.0,5,36.282439
0.0,2,36.284362
0.0,3,36.287121
0.0,3,36.289941
0.0,2,36.292135
0.0,2,36.294029
0.0,3,36.297004
-0.381487,3,36.299747
0.0,3,36.302502
0.0,4,36.306096
0.0,2,36.307936
0.0,2,36.309741
0.0,3,36.312747
0.0,4,36.316386
0.0,2,36.3183
0.0,4,36.321706
0.0,3,36.324434
0.0,3,36.327147
0.0,3,36.329702
0.0,3,36.332459
0.0,3,36.334984
0.0,2,36.336726
0.0,4,36.340238
0.0,4,36.343715
0.0,3,36.346437
1.5,2,36.348143
0.0,2,36.349973
0.0,4,36.353393
0.0,3,36.35593
0.0,5,36.360092
0.0,2,36.361745
0.0,3,36.364293
0.0,3,36.36686
-0.419404,2,36.368561
1.5,2,36.370292
0.0,3,36.372848
0.0,2,36.374597
0.008121,3,36.377274
0.0,3,36.379807
0.0,3,36.382365
0.0,2,36.383973
0.0,6,36.38929
0.0,3,36.391769
0.0,5,36.396339
0.0,2,36.398005
0.0,2,36.399682
-0.689922,3,36.402339
0.0,3,36.40487
1.5,2,36.406517
0.0,4,36.410063
0.0,3,36.412609
0.0,3,36.415296
-0.97352,4,36.418749
0.0,3,36.421324
0.0,3,36.424014
0.0,3,36.426607
0.0,2,36.428536
0.0,2,36.430844
0.0,4,36.434721
1.5,2,36.436741
0.0,3,36.439725
0.0,3,36.442774
-0.449731,3,36.446139
0.0,3,36.44985
0.0,4,36.454376
0.0,5,36.459291
0.0,2,36.461094
0.0,2,36.463097
0.0,3,36.465782
-0.530181,4,36.469932
0.0,3,36.473161
0.0,3,36.476074
0.0,5,36.481243
0.0,3,36.484155
0.0,2,36.486265
0.0,2,36.488406
0.0,3,36.491461
0.0,2,36.493721
0.0,2,36.495913
0.0,3,36.4989
0.0,3,36.501951
0.0,2,36.503815
0.0,5,36.508873
0.0,3,36.511782
0.0,3,36.514757
0.0,3,36.517848
0.0,2,36.519925
0.797718,3,36.522992
0.0,3,36.525711
0.0,3,36.528746
0.0,3,36.531506
0.0,3,36.534427
1.5,2,36.536404
0.0,2,36.538337
0.0,2,36.540291
0.0,4,36.544158
0.0,5,36.548729
0.0,2,36.550745
0.0,2,36.552572
0.0,4,36.556525
0.0,2,36.558525
0.0,3,36.56133
0.0,4,36.565234
0.0,2,36.567332
0.0,3,36.570332
0.0,2,36.572518
0.0,3,36.575373
0.0,4,36.579518
0.0,3,36.582347
-0.488435,4,36.586411
0.0,3,36.589226
0.0,4,36.593192
0.0,2,36.595121
0.95915,3,36.598237
0.0,3,36.600928
0.0,3,36.604161
0.0,4,36.608285
1.5,2,36.610215
0.0,3,36.613485
0.566995,2,36.615267
0.0,3,36.61855
0.0,3,36.621779
0.0,3,36.624755
0.0,2,36.627055
0.0,2,36.790321
0.0,3,36.793771
0.0,2,36.795776
0.0,2,36.797969
0.0,3,36.801235
0.0,2,36.803471
0.0,2,36.805386
-0.13678,5,36.810768
0.0,4,36.81491
0.0,3,36.818189
0.0,3,36.821161
0.0,3,36.824205
1.5,2,36.826219
0.0,4,36.830158
0.0,2,36.832209
-0.88453,4,36.836146
0.0,2,36.838344
0.0,2,36.840362
0.0,3,36.843399
0.0,3,36.84649
0.0,3,36.849289
0.0,2,36.851289
0.0,3,36.854104
1.5,2,36.855916
0.0,4,36.859665
0.0,2,36.861476
-0.914631,5,36.866227
-1.0,4,36.869615
0.0,3,36.87218
0.0,3,36.874947
0.0,2,36.876792
0.0,3,36.879423
0.0,4,36.882744
0.0,3,36.885314
0.0,4,36.889105
0.0,3,36.891585
0.0,3,36.894103
0.0,3,36.896703
0.0,2,36.898357
0.0,2,36.900019
0.0,2,36.901761
0.0,3,36.904246
0.0,3,36.906799
0.0,3,36.90971
0.0,3,36.912378
0.0,5,36.916473
1.5,2,36.918103
0.0,3,36.920559
0.0,2,36.922174
0.0,3,36.924725
0.0,2,36.926417
0.0,2,36.928369
0.0,3,36.931718
0.0,3,36.934267
0.0,4,36.937567
0.0,3,36.940042
0.0,2,36.941746
0.0,2,36.943411
0.0,2,36.945128
0.0,2,36.946753
0.0,3,36.949168
0.0,3,36.951643
0.0,2,36.953265
0.0,4,36.956658
0.0,5,36.960716
0.0,3,36.963299
0.0,4,36.966659
-0.688831,5,36.970932
0.0,3,36.973448
0.0,2,36.975049
0.0,5,36.979038
0.0,3,36.981508
0.0,4,36.984753
0.0,2,36.986552
0.675694,4,36.990111
0.0,5,36.994095
0.0,3,36.996561
0.0,4,36.999816
0.0,2,37.001436
0.0,3,37.00395
0.0,4,37.007572
0.0,2,37.009301
1.5,2,37.010939
0.0,5,37.015052
0.0,2,37.016785
-0.665346,5,37.020849
0.0,4,37.02404
0.0,3,37.026512
-0.711045,4,37.029663
0.0,3,37.032061
0.0,3,37.035519
0.0,3,37.038229
0.0,2,37.039886
0.0,4,37.043152
0.0,3,37.045686
0.0,4,37.04888
0.0,3,37.051614
0.0,4,37.055696
0.0,3,37.058278
0.0,4,37.061532
0.0,4,37.064832
0.0,5,37.06991
-0.360762,4,37.073235
-0.471734,2,37.074838
0.0,5,37.078898
0.0,2,37.080593
0.0,3,37.083205
0.0,3,37.087858
0.0,3,37.090614
0.0,2,37.092342
0.0,3,37.094762
0.837283,3,37.097302
0.0,3,37.101531
0.0,2,37.103458
0.0,3,37.107361
0.0,3,37.109874
0.0,4,37.113274
0.0,5,37.118838
1.5,2,37.120599
0.0,3,37.123076
0.0,5,37.127153
0.0,3,37.12961
0.0,3,37.13231
0.0,4,37.135793
0.0,3,37.139169
-0.137351,2,37.141433
0.0,2,37.143711
-0.681592,2,37.145965
1.5,2,37.148671
0.0,3,37.152547
0.0,5,37.157997
0.0,3,37.161384
0.0,2,37.163952
1.0,5,37.169109
0.0,3,37.171641
0.0,4,37.175137
0.0,2,37.176847
0.0,2,37.178707
-0.280759,2,37.180989
0.0,4,37.186945
0.0,2,37.190262
0.0,4,37.195497
0.0,4,37.199283
0.0,3,37.201988
0.0,3,37.204718
1.5,2,37.206401
0.0,4,37.209867
0.0,3,37.212464
0.0,4,37.216105
0.0,3,37.219013
0.0,2,37.220757
0.0,3,37.223207
0.0,2,37.225064
0.0,4,37.228532
0.0,3,37.23106
0.0,2,37.233083
0.0,3,37.235558
0.0,4,37.23901
1.0,2,37.240932
0.0,2,37.242636
0.0,3,37.245159
0.0,4,37.248869
0.0,4,37.252259
0.0,5,37.257188
0.0,4,37.260881
0.0,3,37.263517
0.0,3,37.266089
0.0,3,37.268981
0.0,3,37.271574
0.0,2,37.273327
0.0,2,37.275271
0.0,2,37.276989
0.0,2,37.278783
1.5,2,37.28057
0.0,3,37.283283
0.0,4,37.286555
-0.576854,4,37.290153
0.0,3,37.292762
-0.573554,2,37.294606
-0.079341,5,37.298861
0.0,4,37.302484
0.0,4,37.30585
0.0,2,37.307584
0.0,2,37.309363
0.0,3,37.312067
0.0,4,37.315581
0.0,4,37.319093
0.0,2,37.320774
0.0,2,37.322517
-0.741347,4,37.326008
0.0,7,37.331959
0.0,5,37.336178
0.0,3,37.338902
0.0,2,37.340632
0.0,4,37.344144
0.0,3,37.346737
0.0,4,37.350347
0.0,3,37.353181
0.0,4,37.356747
0.0,3,37.359749
0.0,3,37.362377
0.0,3,37.365343
0.0,2,37.3672
0.0,3,37.370013
0.0,2,37.372189
0.0,2,37.374118
0.0,4,37.377752
0.0,3,37.380654
0.0,3,37.38342
0.0,3,37.386413
0.0,3,37.389295
0.0,3,37.39214
0.0,3,37.395166
-0.756239,3,37.398009
0.0,4,37.401886
0.0,2,37.403738
0.0,4,37.407697
0.0,3,37.41048
0.644311,3,37.413468
0.0,3,37.416277
0.0,3,37.41904
0.0,3,37.422153
0.0,4,37.425789
0.0,2,37.42785
0.0,2,37.429701
0.308507,4,37.43342
0.0,4,37.437243
0.0,3,37.439892
0.0,3,37.442874
0.0,2,37.444637
0.0,4,37.448404
0.0,5,37.452796
0.0,2,37.454685
1.5,2,37.456654
1.5,2,37.458465
0.0,3,37.461199
1.5,2,37.463239
0.0,3,37.466017
0.0,3,37.468916
0.0,4,37.472587
1.5,2,37.474444
0.0,4,37.478216
0.0,3,37.480941
-0.444012,2,37.482867
0.0,2,37.4848
0.0,2,37.486659
-0.477466,3,37.489731
0.0,3,37.493073
0.0,2,37.495066
0.0,2,37.497001
0.0,3,37.499787
0.0,3,37.502464
0.0,2,37.504484
0.0,2,37.506761
0.0,8,37.514038
0.0,2,37.515939
0.0,3,37.518884
0.0,3,37.521633
0.0,4,37.52543
0.0,3,37.52813
0.0,2,37.529912
0.0,3,37.532924
0.0,3,37.535583
0.0,6,37.541114
0.0,2,37.543057
0.0,3,37.546168
0.0,3,37.549004
0.0,3,37.551779
0.0,2,37.553902
-0.272869,4,37.557758
0.0,3,37.560709
-1.0,4,37.564137
-0.624434,3,37.567182
0.0,2,37.569109
0.0,3,37.571713
0.0,2,37.573824
-0.189174,4,37.577429
-0.192937,3,37.580405
0.0,4,37.583975
0.0,3,37.586941
0.0,4,37.590641
0.0,3,37.593417
0.0,3,37.596388
0.0,2,37.598243
0.0,4,37.601828
0.0,2,37.603817
0.0,2,37.605805
0.0,2,37.607737
0.0,2,37.609726
0.0,3,37.612308
0.0,2,37.614033
0.0,4,37.617899
0.0,3,37.620822
0.0,2,37.623302
1.079547,2,37.6252
0.0,3,37.627969
0.0,2,37.630054
0.0,3,37.632704
0.0,2,37.634443
0.0,3,37.637474
0.0,2,37.63932
0.0,3,37.641925
0.0,3,37.644845
0.0,2,37.646584
0.0,3,37.649552
0.0,3,37.652325
0.0,3,37.655102
0.0,2,37.657154
0.0,3,37.659945
0.0,3,37.662847
0.0,2,37.664802
0.0,3,37.667539
0.0,3,37.67061
1.5,2,37.672694
0.0,3,37.675526
0.0,4,37.679717
0.0,5,37.68471
0.0,2,37.686588
0.0,3,37.689853
0.0,2,37.693437
0.0,6,37.703294
0.0,3,37.708164
0.0,3,37.713118
0.154111,2,37.716657
0.0,4,37.723223
0.0,4,37.729867
0.0,4,37.736762
0.0,2,37.74114
0.0,4,37.747593
0.0,2,37.750744
0.0,2,37.753962
0.0,2,37.757587
0.0,4,37.763921
1.5,2,37.767279
0.0,3,37.770853
0.0,4,37.774599
0.0,4,37.778225
0.0,2,37.779912
0.0,4,37.78361
0.0,2,37.785371
0.0,3,37.787995
0.0,2,37.79011
0.0,2,37.792023
0.0,3,37.79455
-0.726187,3,37.797462
0.0,4,37.800694
0.0,3,37.803409
0.0,4,37.806738
0.0,2,37.808589
0.0,2,37.81058
0.0,3,37.81323
0.0,2,37.8149
0.0,3,37.817612
0.0,2,37.819412
0.0,3,37.821817
0.0,2,37.823689
0.0,2,37.825684
0.0,5,37.829665
0.21566,4,37.833305
0.0,3,37.835742
0.0,3,37.838639
0.0,3,37.841091
0.0,3,37.843625
0.0,3,37.846506
0.0,3,37.848913
0.0,5,37.853288
0.0,2,37.855002
0.0,2,37.856736
1.5,2,37.858497
1.5,2,37.860344
0.0,4,37.863546
0.0,3,37.866347
0.0,3,37.868751
0.0,4,37.872174
0.0,2,37.874009
0.0,3,37.876511
0.0,4,37.880035
0.0,3,37.882575
0.0,4,37.885807
0.0,3,37.888743
-0.03633,3,37.891221
0.0,4,37.894851
0.0,2,37.896612
0.0,3,37.899114
1.5,2,37.901031
0.0,3,37.903642
0.0,3,37.906179
0.0,2,37.908253
0.0,4,37.911958
-0.25279,3,37.914804
0.0,4,37.91817
0.0,4,37.921719
0.0,5,37.925773
0.0,2,37.927502
0.242794,2,37.929464
0.0,2,37.931275
0.0,5,37.935544
0.0,3,37.937946
0.0,4,37.941228
0.0,2,37.943305
0.0,4,37.946519
0.0,2,37.948246
0.0,2,37.950233
0.0,2,37.951983
0.0,4,37.95523
0.0,3,37.957868
0.0,2,37.959554
0.0,4,37.962773
0.0,4,37.966261
0.0,3,37.968658
0.0,2,37.970683
0.0,3,37.97334
0.0,4,37.976598
1.5,2,37.978559
1.0,5,37.982631
0.0,2,37.984382
0.0,3,37.986982
0.0,3,37.989466
0.0,3,37.991898
0.0,2,37.993522
0.0,2,37.995041
0.0,2,37.996651
0.0,2,37.998676
0.0,2,38.000329
0.0,2,38.002055
0.0,2,38.003716
0.0,5,38.007888
0.0,4,38.011194
0.0,3,38.013721
0.0,3,38.016183
0.0,3,38.018527
0.0,3,38.020891
0.0,4,38.024098
0.0,4,38.02745
0.0,3,38.029915
0.0,4,38.033188
0.0,2,38.034873
0.0,2,38.036485
0.0,3,38.038958
0.0,3,38.041389
0.0,5,38.045446
0.0,3,38.047888
0.0,3,38.05033
0.0,4,38.053567
0.0,3,38.056027
0.0,4,38.05927
0.0,3,38.061755
0.0,3,38.06419
1.5,2,38.065843
0.0,3,38.068219
1.5,2,38.06988
-1.0,3,38.072234
0.0,3,38.074577
0.0,2,38.076195
0.0,3,38.078566
0.0,3,38.081237
0.0,4,38.084414
0.0,3,38.086856
0.0,2,38.08848
0.0,3,38.090971
0.0,2,38.092643
0.928492,3,38.095112
0.0,3,38.097599
0.0,3,38.09996
0.0,4,38.103265
1.5,2,38.105058
0.0,3,38.107608
0.0,4,38.110809
0.0,2,38.11243
0.0,3,38.115065
0.0,3,38.117601
1.066907,2,38.119197
0.0,4,38.122401
0.0,4,38.12571
0.0,3,38.128152
0.0,4,38.131372
1.5,2,38.132982
0.0,2,38.134576
0.0,3,38.136954
0.0,3,38.139359
0.0,4,38.142467
0.0,3,38.144776
0.0,4,38.147809
0.0,2,38.149343
0.0,2,38.150865
0.0,3,38.153126
0.0,2,38.154618
0.0,3,38.15687
0.0,4,38.159897
0.0,3,38.162193
0.0,3,38.164542
0.0,2,38.166089
0.0,3,38.16832
0.0,5,38.172056
0.0,4,38.174995
0.0,3,38.177207
0.0,2,38.178702
0.0,3,38.180892
0.0,2,38.182432
0.0,3,38.184679
0.0,2,38.186175
0.0,4,38.189199
0.0,2,38.190754
0.0,4,38.193736
0.0,3,38.195948
0.0,4,38.198898
0.0,2,38.20041
0.0,5,38.204182
0.0,2,38.205651
0.0,3,38.20786
1.386684,2,38.209331
0.0,3,38.211568
1.5,2,38.213018
0.0,6,38.217453
0.0,4,38.220445
0.0,4,38.223446
0.0,3,38.225675
-0.401686,5,38.229292
0.0,3,38.231533
0.0,3,38.233822
0.0,3,38.236088
0.0,4,38.239036
0.0,5,38.242713
0.0,4,38.24569
0.0,2,38.247194
0.0,2,38.248764
1.0,3,38.250989
0.0,3,38.253278
0.0,2,38.254827
0.0,3,38.257117
0.0,4,38.260267
0.0,4,38.263282
0.0,2,38.264787
0.0,3,38.267093
0.0,3,38.26948
0.0,3,38.271777
0.0,5,38.275483
0.0,3,38.277742
-0.14852,2,38.279256
0.0,2,38.280805
-1.0,6,38.285221
0.0,2,38.286742
0.0,2,38.288293
0.0,3,38.290646
0.0,3,38.292936
0.0,3,38.295208
0.0,2,38.296737
0.0,3,38.299007
0.0,3,38.301219
0.0,4,38.304213
0.0,3,38.306438
-0.085486,6,38.310847
0.674475,2,38.312344
0.0,2,38.313882
0.0,3,38.316166
0.0,3,38.31847
0.0,2,38.319975
0.0,2,38.321507
0.0,2,38.322999
0.0,2,38.324522
0.0,4,38.327545
1.5,2,38.329009
1.5,2,38.330525
0.0,4,38.333468
0.0,3,38.335697
0.0,3,38.337917
0.0,3,38.340143
0.0,3,38.342417
0.0,4,38.345364
0.0,3,38.347585
0.0,2,38.349049
1.0,3,38.351289
0.0,4,38.354263
0.0,2,38.355802
0.0,2,38.357304
0.0,2,38.35881
0.0,3,38.361103
0.0,4,38.364081
0.0,3,38.366337
0.0,3,38.368578
0.0,2,38.370122
1.5,2,38.371634
0.0,2,38.373178
0.0,2,38.374716
0.0,3,38.376945
0.0,3,38.379158
1.5,2,38.380635
0.0,3,38.382869
0.0,3,38.385083
1.5,2,38.386552
-0.497872,3,38.388775
0.0,3,38.391295
-0.164319,4,38.394367
0.0,2,38.395949
0.0,3,38.398206
0.0,4,38.401226
0.0,3,38.403435
1.5,2,38.404911
0.0,2,38.406448
0.0,3,38.408738
0.0,3,38.411025
0.0,3,38.413281
0.0,2,38.414813
0.0,2,38.416334
0.0,2,38.417803
0.0,2,38.419359
0.0,3,38.421564
0.0,4,38.424495
0.0,2,38.425983
0.0,6,38.430337
0.0,3,38.432603
0.0,3,38.434866
0.0,2,38.436328
0.0,2,38.437835
0.0,2,38.439321
0.0,4,38.442291
0.0,3,38.444491
0.0,4,38.447474
0.0,2,38.448968
0.0,2,38.450457
0.0,3,38.452766
1.5,2,38.454251
0.0,4,38.457366
0.0,2,38.458918
0.0,4,38.462112
0.0,3,38.464622
1.5,2,38.466344
0.0,2,38.467983
0.0,4,38.471275
0.0,2,38.47291
0.0,4,38.47662
0.0,4,38.481789
0.0,3,38.486723
1.5,2,38.489221
0.0,4,38.493557
0.0,4,38.498029
0.0,2,38.500816
0.0,2,38.503815
0.0,2,38.506964
0.0,2,38.509939
0.0,3,38.513106
0.0,3,38.515664
0.0,2,38.517334
0.0,4,38.520627
0.0,2,38.522362
0.0,2,38.523992
1.5,2,38.525648
0.0,2,38.527299
0.0,5,38.531771
0.0,4,38.535033
0.0,3,38.537493
0.0,3,38.539939
0.0,3,38.54235
-0.994428,3,38.544724
0.0,5,38.548621
0.0,3,38.551067
0.0,2,38.55265
0.0,3,38.555086
0.0,4,38.558181
0.0,2,38.559787
0.0,4,38.562862
0.0,2,38.564527
0.0,3,38.566849
0.0,3,38.569146
0.0,3,38.571504
0.0,4,38.574549
0.0,2,38.576058
0.0,3,38.578382
0.0,3,38.580732
0.0,2,38.582345
0.0,4,38.585502
0.0,2,38.587053
0.0,3,38.589381
0.0,3,38.591799
0.0,3,38.594206
-0.015193,4,38.597335
0.0,4,38.600441
0.0,3,38.602924
0.0,2,38.604753
0.0,6,38.609536
0.0,2,38.611085
0.0,3,38.759098
-0.280225,3,38.762401
0.0,4,38.765776
0.0,2,38.767763
0.0,4,38.77145
0.0,3,38.773973
0.0,3,38.776531
0.0,2,38.778117
0.623188,3,38.780804
0.0,3,38.783322
0.0,2,38.785005
0.0,5,38.789393
0.0,2,38.791087
0.0,3,38.79367
0.0,2,38.795383
1.5,2,38.797031
-0.116346,4,38.800294
0.0,5,38.804675
0.0,2,38.806537
1.0196,2,38.808234
0.0,4,38.811582
0.0,4,38.815037
0.0,3,38.818029
0.0,2,38.81983
0.0,2,38.821614
0.0,4,38.825478
0.0,3,38.82828
0.0,3,38.831192
0.0,4,38.834855
0.0,3,38.837715
1.5,2,38.839543
0.0,5,38.844109
0.0,5,38.84966
0.0,3,38.853235
0.0,2,38.855325
0.0,2,38.857681
0.0,3,38.860804
0.0,2,38.862735
0.205658,3,38.866206
0.0,2,38.868198
0.0,3,38.871235
0.0,4,38.875555
0.0,4,38.88003
-0.923747,5,38.885175
0.0,3,38.888499
0.0,2,38.89042
0.0,3,38.893302
0.0,4,38.897079
0.0,3,38.900304
0.0,4,38.903987
0.0,2,38.905977
0.0,3,38.909055
0.0,2,38.910933
-1.694756,2,38.913249
1.5,2,38.915701
0.0,3,38.918617
0.0,3,38.92165
0.0,3,38.924309
-0.12373,4,38.928228
0.0,3,38.931153
0.0,2,38.93312
0.0,3,38.936339
0.0,2,38.93821
-1.0,2,38.940104
0.0,2,38.942272
0.0,3,38.945076
0.116719,5,38.949919
0.0,3,38.952701
0.0,3,38.955706
0.0,3,38.958528
-1.0,6,38.964239
0.0,3,38.967165
0.0,3,38.97027
0.0,3,38.973185
0.0,2,38.975209
1.5,2,38.977345
0.0,2,38.979273
0.0,4,38.983462
0.0,2,38.98586
0.0,3,38.989431
0.0,4,38.994105
0.0,2,38.996233
0.0,3,38.99942
0.0,2,39.001355
0.0,3,39.004514
-0.699308,4,39.008423
0.0,3,39.011661
0.0,3,39.01456
0.0,3,39.017715
0.0,3,39.020665
0.0,2,39.022623
0.0,4,39.026713
0.0,3,39.029593
0.0,2,39.031776
0.0,3,39.034761
0.0,3,39.037714
0.0,4,39.041733
0.141586,3,39.044728
0.0,2,39.046888
0.0,2,39.048815
0.0,2,39.050688
-0.621148,4,39.055108
0.0,3,39.058158
0.0,3,39.06128
0.0,5,39.066026
0.0,2,39.06808
0.0,4,39.071969
0.0,3,39.075088
0.0,5,39.079731
0.0,5,39.084383
0.0,3,39.087368
0.0,5,39.091827
0.0,3,39.094851
0.0,2,39.096917
0.0,3,39.09969
0.0,2,39.101811
0.0,2,39.103867
0.0,2,39.105872
0.0,2,39.107858
0.0,2,39.109877
0.0,2,39.111641
0.0,3,39.114367
0.0,4,39.118131
0.0,3,39.120811
0.0,3,39.123703
0.0,4,39.127236
0.0,3,39.130196
0.0,4,39.133628
0.0,4,39.137566
0.0,4,39.141158
0.0,3,39.144265
-0.043758,4,39.147949
0.0,4,39.151835
0.0,4,39.155613
0.0,2,39.157761
0.0,2,39.159682
-0.226302,5,39.164365
0.0,5,39.168932
0.0,2,39.171083
0.0,4,39.174831
0.0,3,39.177754
0.0,4,39.18147
0.0,3,39.184129
0.0,2,39.186291
0.0,3,39.18902
0.0,2,39.190958
0.0,4,39.195026
0.0,3,39.197913
0.0,3,39.201079
0.0,3,39.203795
0.0,3,39.206872
0.0,3,39.209513
0.0,3,39.212363
0.0,2,39.214342
0.0,3,39.216981
1.5,2,39.218866
-0.157369,3,39.221778
0.0,4,39.225342
0.0,3,39.228324
0.0,2,39.230092
0.0,3,39.232774
1.271977,2,39.234818
0.0,3,39.237633
0.0,2,39.239549
0.0,3,39.242808
0.0,3,39.245718
0.0,4,39.249698
0.0,3,39.252405
0.0,3,39.255397
-0.16041,3,39.258209
1.5,2,39.259985
0.0,4,39.263888
0.0,2,39.265748
0.0,2,39.26765
-0.188702,3,39.270602
0.0,3,39.273223
0.0,3,39.276182
0.0,2,39.278169
0.0,4,39.281966
0.0,2,39.283915
0.0,3,39.286644
0.0,2,39.288543
0.0,4,39.292024
0.0,2,39.293716
0.0,3,39.296687
0.0,3,39.299322
-0.778471,4,39.303064
1.5,2,39.305079
0.0,4,39.308993
0.0,2,39.311182
0.0,2,39.313069
0.0,2,39.315026
0.0,2,39.317231
0.0,3,39.32008
0.0,3,39.322843
0.0,4,39.326692
0.0,3,39.329529
0.0,2,39.331717
0.0,2,39.333694
0.0,3,39.336578
0.0,2,39.338704
0.0,2,39.340653
0.4968,3,39.343514
0.0,2,39.345593
0.0,2,39.347502
0.0,3,39.350369
0.0,3,39.353454
0.0,2,39.355342
0.0,3,39.358355
0.0,2,39.360384
0.0,2,39.362303
-0.179897,4,39.366205
0.0,3,39.369033
1.5,2,39.37095
0.0,3,39.37413
0.0,2,39.376121
0.0,2,39.37797
0.0,2,39.380065
0.0,4,39.383807
0.0,3,39.386857
0.0,3,39.389643
0.0,2,39.391489
0.0,2,39.393682
0.0,2,39.395704
0.0,3,39.398533
0.0,3,39.401834
0.0,2,39.403672
0.0,3,39.406773
0.0,8,39.414631
0.0,4,39.418376
0.0,3,39.421456
0.0,5,39.42598
0.0,4,39.430203
0.0,2,39.432119
0.0,3,39.435288
0.0,4,39.438918
0.0,2,39.440899
0.0,2,39.442899
0.0,3,39.445724
0.0,4,39.449797
0.0,3,39.452633
0.0,4,39.456626
0.0,4,39.46046
0.0,3,39.463619
0.0,3,39.466507
0.0,3,39.469604
0.0,3,39.472527
0.0,3,39.475308
0.0,3,39.478478
0.0,3,39.481449
0.0,6,39.488001
0.0,2,39.490329
0.0,3,39.493963
0.0,4,39.498425
0.0,3,39.501728
1.5,2,39.503756
0.0,2,39.506144
0.0,5,39.511098
0.0,3,39.514377
0.0,4,39.518716
0.0,3,39.521584
0.0,2,39.523467
0.0,5,39.528605
0.484125,5,39.533676
0.0,2,39.535689
0.0,4,39.539719
-0.528014,4,39.543951
0.0,3,39.547266
0.0,2,39.549285
0.0,4,39.553126
-1.0,4,39.557288
0.0,3,39.560148
0.0,4,39.564404
0.0,3,39.567572
0.0,2,39.569708
0.0,2,39.57164
0.0,3,39.574921
0.0,3,39.577995
0.0,3,39.581016
0.0,4,39.585433
0.0,3,39.588792
0.0,4,39.592754
0.0,2,39.594799
0.0,3,39.598496
0.0,4,39.602696
0.0,3,39.606386
0.0,2,39.608491
1.5,2,39.611008
0.0,3,39.614174
0.0,4,39.618901
1.5,2,39.621098
0.178727,2,39.62345
-0.438075,4,39.627953
0.0,3,39.631684
0.0,4,39.635635
0.0,2,39.63806
0.0,2,39.640096
0.0,2,39.642082
0.0,2,39.644665
0.0,3,39.648065
0.0,3,39.652113
0.0,2,39.655257
0.0,4,39.660607
0.0,3,39.664088
0.0,3,39.667484
0.0,3,39.670421
0.0,3,39.673844
0.0,4,39.677624
0.0,4,39.681915
0.0,4,39.685679
0.0,3,39.689273
0.0,2,39.691406
0.0,3,39.695241
0.0,4,39.699305
0.0,3,39.702973
0.0,3,39.705836
0.0,4,39.710445
0.0,2,39.712369
0.0,4,39.716714
0.0,2,39.718594
0.0,3,39.721837
0.0,3,39.724769
0.0,4,39.729005
0.0,4,39.732876
0.0,3,39.736502
-1.0,5,39.743494
0.0,5,39.7491
0.0,3,39.75289
0.0,5,39.759297
0.0,3,39.763493
0.0,4,39.768226
-0.016172,2,39.771096
0.0,4,39.775157
0.0,3,39.77881
0.0,3,39.781736
0.0,2,39.784038
0.0,2,39.78612
0.0,3,39.789329
0.0,2,39.791795
0.0,2,39.794656
0.0,4,39.801411
0.0,3,39.80604
0.0,3,39.810756
0.0,3,39.814808
0.0,2,39.818478
0.0,2,39.821099
0.0,2,39.8249
1.5,2,39.828308
0.0,2,39.830848
0.0,4,39.835374
1.5,2,39.837728
0.0,2,39.840291
0.0,4,39.844562
0.0,2,39.846882
0.0,4,39.851401
0.0,4,39.856014
0.0,3,39.859656
0.0,4,39.864266
0.0,4,39.869639
0.0,2,39.872188
0.0,3,39.875984
0.0,2,39.87847
0.0,2,39.880984
0.0,5,39.887989
-0.699977,3,39.892479
0.0,2,39.897375
0.0,2,39.901788
0.0,6,39.911843
0.133706,2,39.915431
0.0,3,39.92139
0.0,4,39.929422
0.0,6,39.939208
0.0,4,39.943608
0.0,4,39.948579
0.0,3,39.952514
0.0,4,39.956756
0.0,3,39.959834
0.0,3,39.962792
0.0,2,39.964962
-0.415706,4,39.96916
0.0,2,39.971169
0.0,3,39.974549
0.0,3,39.978065
0.0,4,39.982976
0.0,2,39.985389
0.0,2,39.98774
0.0,3,39.990848
0.0,3,39.994501
0.0,3,39.997458
0.0,2,39.999698
0.0,3,40.002877
0.0,2,40.005031
0.0,4,40.009205
0.0,2,40.011334
0.0,2,40.013483
0.0,3,40.016607
0.0,3,40.019659
0.0,2,40.021943
0.0,2,40.023961
0.0,3,40.027225
0.0,5,40.032251
2.0,2,40.034533
0.0,3,40.037707
0.0,4,40.041793
0.0,4,40.046206
0.0,3,40.049745
0.0,2,40.051889
0.0,3,40.055361
0.0,4,40.059585
0.0,3,40.062775
1.5,2,40.064891
0.0,2,40.066894
-0.165611,4,40.071218
0.0,2,40.07317
0.0,2,40.075181
0.0,3,40.078474
0.0,3,40.081394
0.0,2,40.08367
0.0,2,40.085861
0.0,3,40.088738
0.0,2,40.091017
0.0,3,40.093957
0.0,3,40.097123
0.0,2,40.099131
0.0,4,40.103256
0.0,3,40.106767
0.0,4,40.110846
0.0,2,40.112919
0.0,3,40.115862
0.0,4,40.120502
0.0,2,40.122452
0.0,3,40.125915
0.0,3,40.128956
1.5,2,40.131174
0.0,3,40.134539
0.0,2,40.13642
0.0,2,40.138566
0.0,2,40.140688
0.0,3,40.143505
0.0,3,40.146722
0.0,2,40.148962
0.0,2,40.150929
0.0,3,40.154187
0.0,3,40.157103
0.0,3,40.160278
0.0,4,40.164007
0.0,3,40.167267
0.319659,3,40.170302
0.0,3,40.173346
0.0,3,40.176425
0.0,4,40.180348
0.0,2,40.182608
0.0,2,40.184634
1.5,2,40.186651
0.0,2,40.189004
0.0,6,40.19477
0.0,4,40.198756
0.0,2,40.20081
0.0,4,40.205082
0.0,4,40.209231
0.0,4,40.212926
0.0,3,40.216191
0.569228,2,40.218333
0.0,2,40.22038
0.0,2,40.222615
0.0,3,40.226058
0.0,2,40.228388
0.0,2,40.23086
0.0,3,40.234329
1.5,2,40.236822
0.0,2,40.239191
0.0,4,40.2439
0.0,2,40.246401
0.0,2,40.249109
0.0,3,40.253093
-0.075672,3,40.256972
0.0,2,40.259712
0.0,2,40.261847
0.0,2,40.264329
0.0,2,40.266865
0.0,3,40.270288
0.0,3,40.273969
-0.267967,5,40.279921
0.0,2,40.282317
0.0,3,40.285883
0.0,3,40.289175
-0.12104,4,40.294005
0.0,3,40.297625
0.0,2,40.300337
0.0,3,40.303891
0.0,4,40.308795
0.0,4,40.313589
0.0,2,40.316114
0.0,3,40.31958
0.0,2,40.322252
1.5,2,40.324593
0.0,3,40.328331
0.0,3,40.331612
1.5,2,40.334013
0.0,3,40.337712
0.0,4,40.342558
0.0,3,40.346095
0.0,4,40.350954
0.0,3,40.354265
0.0,2,40.356584
0.0,3,40.35965
0.0,3,40.36299
0.0,2,40.365434
0.0,2,40.367795
0.0,3,40.371541
0.0,2,40.373876
0.0,4,40.378693
0.0,3,40.382042
0.0,2,40.384653
0.0,5,40.39042
0.0,2,40.392839
0.0,4,40.397605
0.0,2,40.399945
0.0,3,40.403391
0.0,3,40.407025
1.338525,2,40.409301
0.0,2,40.411946
0.0,7,40.419859
0.0,3,40.423272
0.0,3,40.427023
0.0,3,40.430335
0.0,3,40.433752
0.0,3,40.437109
0.0,4,40.441584
0.0,4,40.446391
-0.706046,6,40.454253
0.0,6,40.464006
0.0,4,40.471415
0.0,2,40.475336
0.0,3,40.481236
0.0,3,40.486686
0.0,4,40.492026
0.0,2,40.494681
0.0,3,40.498429
0.0,3,40.502134
0.0,2,40.504578
0.0,2,40.506809
0.0,4,40.511586
0.0,3,40.515052
0.0,3,40.518217
0.466827,2,40.520573
0.0,2,40.523268
0.0,3,40.526581
0.0,3,40.530475
1.5,2,40.532665
0.0,3,40.536639
0.0,3,40.540038
0.0,3,40.543721
0.0,2,40.5463
0.0,2,40.548432
0.0,2,40.551233
0.0,2,40.553396
0.0,4,40.558068
0.0,3,40.561206
0.0,3,40.564803
0.0,2,40.566812
0.0,4,40.571357
0.0,5,40.576508
0.0,3,40.580005
0.0,5,40.585518
0.0,4,40.589431
0.0,3,40.593032
0.0,2,40.595055
0.0,2,40.597122
0.0,4,40.601862
0.0,2,40.60454
0.0,2,40.60679
0.0,5,40.613676
0.0,5,40.620115
0.0,3,40.62421
0.0,2,40.626864
0.0,3,40.63117
0.0,2,40.633847
0.0,4,40.639337
0.0,3,40.643192
0.0,3,40.647032
0.0,4,40.651478
0.0,5,40.65723
0.0,5,40.663292
0.0,3,40.667672
0.0,3,40.672317
0.0,3,40.675914
0.0,2,40.678619
0.0,2,40.681255
0.0,2,40.683686
-1.0,4,40.68779
-0.367222,4,40.692261
0.0,5,40.697751
-0.177837,5,40.70344
0.0,4,40.708271
0.0,5,40.713615
0.0,3,40.716797
0.0,3,40.71991
0.0,3,40.722919
-0.227618,5,40.727852
0.0,2,40.730028
0.0,2,40.732141
0.0,3,40.735317
0.0,3,40.738413
-0.421769,2,40.740621
0.0,3,40.744633
0.0,2,40.747785
0.0,2,40.751407
0.0,2,40.754181
0.0,3,40.757864
0.0,3,40.761532
0.0,2,40.763911
0.0,2,40.766295
0.0,3,40.769767
0.0,4,40.775299
0.0,4,40.780511
0.0,3,40.784061
0.0,4,40.788981
0.0,3,40.792798
0.0,3,40.796168
-0.960438,4,40.800641
0.0,2,40.802818
0.0,4,40.807353
0.0,3,40.810538
0.0,3,40.813696
0.0,4,40.817703
-0.568346,4,40.821738
0.0,3,40.824878
0.0,3,40.828076
0.0,3,40.831501
0.0,4,40.835937
0.0,5,40.841205
0.0,2,40.843529
0.0,3,40.847192
0.0,3,40.850354
0.0,3,40.853509
0.0,3,40.856515
0.0,3,40.859739
0.0,3,40.862927
0.0,2,40.864875
0.0,4,40.868807
0.0,4,40.872788
0.0,2,40.874766
0.0,2,40.8768
0.0,2,40.878765
0.0,2,40.880888
0.0,2,40.88279
0.0,4,40.886852
0.0,3,40.889865
0.0,2,40.891965
0.0,4,40.896024
0.0,3,40.899129
0.0,2,40.901364
1.5,2,40.903476
0.0,2,40.905435
0.0,3,40.908672
0.0,4,40.912681
0.0,3,40.915671
0.0,5,40.920759
0.0,2,40.92275
0.0,3,40.925687
0.0,3,40.929158
0.0,2,40.931746
-0.281688,3,40.935849
0.0,2,40.938459
0.0,3,40.942682
0.0,3,40.946358
0.0,6,40.9539
0.0,4,40.958519
0.0,3,40.962159
0.0,4,40.966719
0.0,3,40.970274
0.0,3,40.973916
0.0,4,40.978999
0.0,4,40.984076
0.0,3,40.987514
0.0,3,40.991543
0.0,4,40.997701
-0.501676,4,41.003349
0.0,4,41.198414
0.0,3,41.202254
0.0,2,41.204853
0.0,2,41.207257
0.0,2,41.209531
1.390704,2,41.211852
0.0,2,41.214318
1.5,2,41.216733
0.0,4,41.221422
0.0,4,41.226142
0.0,4,41.230866
0.0,3,41.234294
0.0,2,41.236653
1.5,2,41.239038
0.0,4,41.243811
0.0,3,41.247283
0.0,3,41.250908
0.0,3,41.254301
0.0,2,41.256663
-0.09154,5,41.262747
0.0,2,41.265213
0.0,2,41.268183
0.0,3,41.273412
0.0,4,41.278283
0.0,3,41.282618
0.0,2,41.285024
0.0,4,41.28963
0.0,2,41.29209
0.0,4,41.297272
-0.458697,4,41.301895
0.0,3,41.305581
0.0,4,41.310628
0.0,3,41.314387
0.0,2,41.316795
0.0,2,41.320227
0.0,5,41.326493
0.154576,5,41.335021
0.0,4,41.340769
0.0,2,41.343596
0.0,3,41.348483
-1.0,5,41.354316
0.0,2,41.356526
0.0,4,41.361236
0.0,2,41.363595
-0.930087,3,41.367396
0.0,3,41.371514
0.0,3,41.375321
-0.773342,4,41.380798
0.0,3,41.384921
0.0,3,41.389054
0.0,4,41.393614
0.0,2,41.39639
0.0,4,41.402829
1.5,2,41.405629
0.0,5,41.412142
0.0,4,41.417426
0.0,5,41.423158
0.0,3,41.426484
0.0,2,41.428692
0.0,4,41.43312
0.0,2,41.435226
0.0,3,41.4388
0.0,3,41.442167
0.0,2,41.444548
0.0,2,41.446887
0.0,5,41.452154
0.0,3,41.455286
0.0,5,41.461473
0.0,3,41.465754
0.0,4,41.471205
0.0,2,41.47422
0.0,3,41.4782
0.0,2,41.48087
0.0,4,41.486041
0.0,2,41.488743
0.0,2,41.491409
0.0,4,41.497248
0.0,2,41.4998
0.0,3,41.50343
0.0,4,41.509212
0.0,3,41.512994
0.0,2,41.515583
0.0,3,41.519365
0.0,2,41.522211
0.0,3,41.52648
0.0,4,41.53189
0.0,3,41.535674
0.0,2,41.537942
0.0,3,41.541742
0.0,3,41.545921
0.0,2,41.549354
0.0,4,41.554652
0.0,3,41.558086
0.0,4,41.562423
0.0,2,41.564648
0.0,3,41.567867
0.0,2,41.570205
0.0,4,41.574701
0.0,4,41.579079
0.0,3,41.582238
0.0,3,41.586232
0.0,4,41.590962
0.0,3,41.594191
0.0,2,41.596523
0.0,4,41.601137
0.0,3,41.605367
-0.143164,3,41.608792
0.0,2,41.611364
0.0,2,41.613569
0.0,3,41.617008
0.0,3,41.620333
0.0,3,41.623784
0.0,3,41.627146
0.0,3,41.630661
0.0,2,41.633064
0.0,4,41.637715
0.0,4,41.641969
0.0,2,41.644184
1.5,2,41.646566
-0.812159,5,41.652159
0.0,2,41.654516
1.5,2,41.656929
0.0,3,41.660113
0.0,4,41.664109
0.0,2,41.666585
0.560711,3,41.669877
0.0,3,41.67332
0.0,4,41.677755
0.0,3,41.681176
0.0,2,41.683492
0.0,2,41.685462
0.0,2,41.687823
0.0,4,41.692428
-0.170392,2,41.694814
0.0,2,41.69716
0.0,3,41.700244
0.0,3,41.703265
-0.254219,5,41.708692
0.0,2,41.710881
0.0,5,41.716288
0.0,2,41.718393
-0.05045,4,41.722475
0.0,4,41.726613
0.0,2,41.728999
0.0,3,41.732196
0.0,2,41.734175
0.0,2,41.736413
0.0,4,41.740444
0.0,3,41.743541
0.0,3,41.746596
0.0,3,41.749754
0.0,2,41.751938
0.0,4,41.756272
0.0,2,41.758371
0.0,3,41.761481
0.0,4,41.765742
0.0,4,41.769912
0.0,3,41.773104
0.0,4,41.77717
0.0,2,41.779109
0.0,3,41.781851
0.0,3,41.784736
0.685379,3,41.787593
0.0,3,41.790245
0.0,2,41.792282
-0.515741,6,41.797921
0.0,2,41.799928
0.0,3,41.802909
0.0,3,41.805865
1.5,2,41.8077
0.0,3,41.811229
-0.52249,2,41.813848
0.0,2,41.816219
0.0,2,41.818265
0.0,3,41.821381
0.0,3,41.824373
0.0,4,41.828551
0.0,3,41.832014
0.955099,2,41.833987
0.0,2,41.835972
0.0,2,41.837984
0.0,3,41.841165
0.0,3,41.844329
0.0,3,41.847885
0.0,2,41.849975
0.0,3,41.852929
0.0,3,41.856077
0.0,4,41.86028
0.0,2,41.862464
0.0,2,41.864517
1.419279,2,41.866498
0.405502,3,41.869775
-0.075604,2,41.871804
-0.230597,4,41.875966
-0.917348,3,41.87906
0.0,3,41.882366
0.0,2,41.884662
0.0,2,41.886759
0.0,2,41.888945
0.0,2,41.890943
0.0,2,41.892962
0.0,3,41.895965
0.0,3,41.898911
0.0,3,41.90216
0.0,4,41.906036
0.0,2,41.908134
0.0,4,41.912271
0.0,3,41.915841
0.168094,3,41.919399
0.0,2,41.921593
0.0,3,41.924729
0.0,2,41.926857
0.0,2,41.929141
0.0,3,41.932586
0.0,3,41.935744
0.0,3,41.939359
1.5,2,41.941777
0.0,3,41.945373
0.0,4,41.949549
0.0,2,41.952085
0.0,3,41.956058
0.0,2,41.958616
0.0,3,41.962056
0.0,3,41.96542
0.0,3,41.968512
0.0,3,41.97191
1.5,2,41.973862
0.0,2,41.976176
0.0,3,41.979037
0.0,3,41.981998
0.0,3,41.985348
0.0,5,41.99027
1.5,2,41.992894
0.0,3,41.996528
0.0,3,42.000411
-0.032067,5,42.005535
0.0,3,42.008765
0.0,4,42.013122
0.0,2,42.015284
0.0,3,42.018413
0.0,3,42.021441
0.0,5,42.02645
0.0,3,42.029344
0.0,3,42.032406
0.0,3,42.035429
0.0,2,42.037366
0.0,2,42.039309
0.0,2,42.04116
0.0,3,42.044202
0.0,4,42.048504
0.0,3,42.051696
0.0,3,42.055177
0.0,3,42.058794
0.0,3,42.061753
0.0,3,42.064663
0.0,2,42.066549
0.0,4,42.070536
0.0,3,42.073452
0.0,2,42.075539
1.5,2,42.077532
0.0,2,42.079474
0.0,3,42.082294
0.0,2,42.084449
-0.461654,3,42.087448
0.0,3,42.090379
0.0,2,42.092514
0.0,3,42.09555
0.0,2,42.09757
0.0,4,42.101403
0.0,4,42.105613
0.0,2,42.107826
0.0,2,42.109853
0.134853,2,42.112114
0.0,2,42.113995
0.0,3,42.117025
0.0,3,42.120213
0.0,2,42.122226
0.0,3,42.125337
0.0,2,42.127273
0.0,3,42.130404
1.5,2,42.132718
0.0,3,42.136024
0.0,3,42.139275
0.0,3,42.142337
0.0,2,42.144375
0.0,4,42.14841
0.0,2,42.150549
0.0,2,42.152594
0.0,3,42.156059
0.0,3,42.159127
0.0,2,42.161202
1.5,2,42.16323
0.0,3,42.166236
0.0,2,42.168472
0.0,2,42.170451
0.0,2,42.172488
0.0,4,42.176528
0.0,2,42.178597
0.0,2,42.180484
0.0,2,42.182425
0.0,3,42.185367
0.0,2,42.187298
0.0,3,42.190227
0.0,3,42.193195
0.0,3,42.196112
0.0,4,42.200036
0.0,2,42.202083
0.0,3,42.205107
1.5,2,42.206934
0.0,4,42.210824
0.0,2,42.212777
0.0,2,42.214645
0.0,3,42.217571
0.0,2,42.219478
0.0,4,42.223306
0.0,2,42.225231
0.0,4,42.2298
0.0,3,42.233765
-0.089671,2,42.23637
0.0,4,42.24143
0.0,3,42.245348
0.0,3,42.248955
0.0,5,42.255353
0.0,2,42.259214
0.0,4,42.266527
0.0,2,42.270302
0.0,3,42.27584
-0.758186,4,42.283082
1.0,3,42.288697
0.0,3,42.294205
0.0,2,42.29812
0.0,3,42.303692
0.0,3,42.30918
0.0,3,42.314385
0.0,2,42.317292
0.0,2,42.32051
0.0,2,42.323369
0.0,4,42.329097
0.0,4,42.333759
1.5,2,42.335912
0.0,2,42.339516
0.0,3,42.344188
0.0,3,42.348283
0.0,2,42.350473
0.0,4,42.354825
0.0,3,42.357951
0.0,2,42.359773
1.5,2,42.36184
0.0,4,42.365463
0.0,3,42.368412
0.0,4,42.372621
0.0,4,42.376515
0.0,2,42.378546
-0.0261,2,42.38047
0.0,2,42.382802
0.0,2,42.38495
0.0,2,42.387012
0.0,3,42.39018
0.0,2,42.392152
0.0,5,42.397091
0.0,2,42.399053
0.0,3,42.402117
0.0,3,42.405307
0.0,4,42.408992
0.0,2,42.411308
0.0,4,42.414967
0.0,2,42.417105
0.0,2,42.419072
0.0,4,42.422768
0.0,3,42.425818
0.0,2,42.427899
0.0,4,42.432008
0.0,2,42.433921
0.0,3,42.436786
0.0,4,42.440762
0.0,2,42.442845
0.0,3,42.446018
1.5,2,42.44795
0.0,4,42.451815
0.0,5,42.456671
0.0,4,42.460771
-0.727161,3,42.463638
0.0,4,42.467575
0.0,2,42.469651
0.0,4,42.473581
0.0,3,42.476405
0.0,4,42.480129
0.0,3,42.483155
0.0,3,42.486004
0.0,3,42.489415
0.0,3,42.492479
0.0,3,42.496078
0.0,4,42.500171
0.0,3,42.503761
0.0,3,42.506644
0.0,2,42.508791
1.5,2,42.510698
0.0,2,42.512705
0.121628,2,42.514792
0.0,4,42.518759
0.0,4,42.522972
0.0,2,42.524995
0.0,2,42.526914
0.0,3,42.530196
0.0,3,42.532975
0.0,4,42.53719
0.0,2,42.539341
0.0,3,42.543061
0.0,3,42.546351
0.0,3,42.549832
0.0,3,42.553293
-0.422504,4,42.557899
-0.236503,4,42.562156
0.0,2,42.564766
0.15951,2,42.566998
0.0,2,42.569357
0.0,3,42.573043
0.0,3,42.576386
0.0,4,42.581988
-0.775056,5,42.587393
0.0,3,42.590551
0.0,4,42.595511
0.0,4,42.600488
0.0,4,42.605752
1.5,2,42.607821
0.0,2,42.609994
0.0,3,42.613855
0.0,3,42.61712
0.0,3,42.62077
0.0,4,42.625135
0.0,4,42.630414
1.5,2,42.632829
0.0,2,42.634879
0.0,2,42.637109
0.0,3,42.64027
0.0,2,42.642515
0.0,3,42.646001
0.0,2,42.648831
0.0,2,42.651035
0.0,4,42.65558
0.0,2,42.6579
0.0,2,42.660604
0.0,2,42.662548
0.0,5,42.667381
0.0,4,42.672255
0.0,2,42.67481
0.0,2,42.677078
0.0,4,42.681191
0.0,3,42.684748
0.0,6,42.690611
0.0,4,42.694472
0.0,4,42.69872
0.0,3,42.702182
0.0,2,42.704461
0.0,4,42.70833
1.5,2,42.710575
0.0,2,42.712492
0.0,2,42.7147
0.0,2,42.717206
0.0,3,42.720111
0.0,5,42.725196
0.0,4,42.729029
1.5,2,42.731388
0.0,2,42.733573
0.0,2,42.735544
0.0,4,42.73962
-1.0,3,42.742519
-0.171802,4,42.746644
0.0,4,42.750475
0.0,2,42.753002
0.0,3,42.756023
1.5,2,42.757978
0.0,3,42.761331
0.0,3,42.764328
0.0,4,42.768616
0.0,3,42.771333
0.0,3,42.774649
0.0,4,42.778469
0.0,2,42.780754
0.0,3,42.783736
0.0,3,42.786867
0.0,3,42.790033
0.0,3,42.793658
-0.464559,5,42.798747
0.0,3,42.802523
-1.0,3,42.805871
0.0,3,42.808917
0.0,4,42.812889
0.0,3,42.816284
0.0,4,42.82002
0.0,2,42.822061
0.0,3,42.825297
0.0,3,42.828517
0.0,3,42.831416
0.0,4,42.835366
0.0,2,42.837974
0.0,3,42.840821
0.0,2,42.843376
0.0,4,42.849027
0.0,2,42.851777
0.0,4,42.855601
0.0,5,42.860473
-0.298268,2,42.86257
0.0,4,42.866497
-0.188873,2,42.868428
0.026532,2,42.8705
0.0,3,42.873222
0.0,2,42.875025
0.0,2,42.877064
0.0,3,42.879946
0.0,2,42.881839
0.203973,2,42.883931
0.0,4,42.887694
0.0,4,42.891549
0.0,3,42.894359
0.0,4,42.898242
0.0,2,42.900123
0.0,2,42.902006
0.0,4,42.905907
0.0,3,42.908668
0.0,3,42.911539
-0.513935,3,42.91447
0.0,2,42.916289
0.0,2,42.918144
-0.226444,2,42.92028
0.0,2,42.922073
0.0,3,42.9247
0.0,3,42.927532
0.0,4,42.931267
0.0,4,42.93503
0.0,4,42.938861
0.0,2,42.940763
0.0,4,42.944212
0.0,3,42.947148
0.0,2,42.948895
0.0,2,42.950758
1.5,2,42.952616
0.0,4,42.956792
0.0,3,42.959651
0.0,2,42.961652
0.0,4,42.965159
0.0,2,42.967039
0.0,4,42.970831
0.0,2,42.972658
0.0,2,42.974745
0.0,4,42.97868
0.0,3,42.981673
0.0,2,42.983593
0.0,3,42.98649
0.0,3,42.989572
0.0,2,42.991695
0.0,2,42.993902
0.0,2,42.995824
1.5,2,42.997665
0.0,2,42.999615
0.0,3,43.002601
0.0,3,43.005988
0.0,2,43.008
0.0,3,43.011481
0.0,2,43.013628
0.0,4,43.018118
1.5,2,43.020518
0.556396,3,43.023504
0.0,4,43.028357
0.0,4,43.032258
0.0,3,43.034984
0.0,3,43.038219
0.0,2,43.040443
-1.0,3,43.043504
0.0,4,43.047401
0.0,3,43.050575
0.0,2,43.052468
0.0,4,43.056137
0.0,2,43.058138
0.0,3,43.061222
0.0,3,43.064054
-0.638314,3,43.066973
1.5,2,43.068832
0.0,3,43.071653
-0.874157,5,43.076265
0.0,2,43.078327
0.0,3,43.081093
0.0,3,43.083808
0.0,3,43.086744
0.0,5,43.091559
0.0,2,43.093712
0.0,4,43.097448
0.0,2,43.099241
0.0,3,43.102067
0.0,2,43.104013
0.0,3,43.106889
0.0,2,43.108715
0.0,4,43.112348
0.0,3,43.115245
0.0,2,43.117082
0.0,3,43.119744
0.0,3,43.122518
0.0,3,43.125206
0.0,3,43.12798
0.0,2,43.12984
0.0,4,43.13338
0.0,3,43.136425
0.0,4,43.139971
0.0,2,43.141918
0.0,2,43.143707
0.0,4,43.147404
0.0,2,43.149371
0.0,3,43.152077
0.0,5,43.156624
0.0,4,43.160271
0.0,2,43.16224
0.0,5,43.166726
0.0,3,43.169577
0.0,2,43.171453
0.0,3,43.174146
0.0,4,43.177886
-0.351033,3,43.180496
0.0,3,43.183262
1.5,2,43.185093
0.0,3,43.187721
0.0,4,43.191377
0.0,2,43.193294
0.0,2,43.195122
0.0,2,43.196984
0.0,3,43.199855
0.0,5,43.204338
0.0,3,43.206947
1.5,2,43.208733
0.0,3,43.211607
0.0,3,43.214337
0.0,3,43.217062
0.0,4,43.220634
0.0,4,43.224125
0.0,2,43.226086
0.0,6,43.23147
0.0,2,43.233423
0.0,3,43.236151
0.0,3,43.238963
0.0,3,43.241829
0.0,3,43.244593
0.0,2,43.246567
0.0,4,43.250197
0.0,4,43.254136
0.0,2,43.256002
1.5,2,43.257776
0.0,6,43.26321
0.0,4,43.26679
0.0,2,43.26877
1.5,2,43.270602
0.0,4,43.274333
0.0,2,43.276127
0.0,4,43.279601
0.0,2,43.281645
0.0,3,43.284557
-0.120019,5,43.289439
0.0,2,43.291306
0.0,2,43.293113
0.0,2,43.295379
0.0,5,43.300381
0.346552,4,43.304384
0.0,3,43.307057
0.773177,4,43.311254
0.0,3,43.314071
0.0,5,43.318754
0.0,2,43.32061
0.0,2,43.322902
0.0,2,43.32488
0.0,3,43.328257
-0.920338,4,43.332369
0.0,5,43.337538
0.0,2,43.33974
1.5,2,43.341752
0.0,2,43.344084
0.0,4,43.348278
1.5,2,43.350159
0.0,2,43.352067
-0.004582,3,43.354669
0.0,5,43.359679
0.0,4,43.363704
0.0,2,43.365814
0.0,3,43.369186
1.5,2,43.371107
0.0,2,43.37289
0.0,3,43.375606
0.0,4,43.37926
0.0,3,43.382474
0.0,3,43.385427
0.0,3,43.38857
0.0,4,43.392298
0.0,2,43.394148
0.0,2,43.396053
-1.0,5,43.400564
0.0,3,43.403232
0.0,3,43.406077
0.0,4,43.409778
0.0,2,43.411621
0.0,3,43.581335
0.0,4,43.585591
0.0,3,43.589056
-1.0,2,43.59092
0.0,2,43.592713
0.0,4,43.597076
0.0,2,43.59892
0.0,3,43.602193
0.0,3,43.605684
0.0,2,43.607597
0.0,3,43.610649
0.0,3,43.613329
0.0,3,43.61633
0.0,5,43.620759
0.0,3,43.623831
0.0,2,43.625815
0.0,3,43.628551
0.0,3,43.631604
0.0,2,43.633713
0.0,4,43.638226
0.0,2,43.64028
0.0,5,43.645124
0.0,2,43.647071
0.0,4,43.650708
0.0,4,43.654346
0.0,3,43.657174
0.0,2,43.659197
0.0,2,43.661043
0.0,4,43.664727
0.0,3,43.667423
0.0,2,43.669241
0.0,4,43.673101
0.0,6,43.678599
0.0,2,43.680562
0.0,4,43.684093
0.0,2,43.686084
0.0,6,43.691548
0.0,3,43.694396
0.0,5,43.698929
-0.091084,3,43.701674
0.0,2,43.703491
0.0,2,43.705471
0.0,2,43.707289
-1.0,4,43.710712
0.0,2,43.712765
0.0,2,43.714649
0.0,4,43.718238
0.0,3,43.721219
0.0,2,43.723168
0.0,3,43.725919
0.0,3,43.728632
0.0,3,43.731284
1.5,2,43.733114
0.0,3,43.735966
0.0,5,43.740517
0.0,3,43.743219
0.0,3,43.745877
0.0,4,43.749782
0.0,2,43.751834
0.0,3,43.754755
0.0,3,43.757598
0.0,3,43.760205
0.0,3,43.76309
0.0,3,43.765707
0.0,2,43.767658
1.0,2,43.769639
0.0,3,43.772384
0.0,2,43.774266
0.0,3,43.777164
0.0,4,43.780607
0.122238,3,43.783562
0.0,3,43.786278
1.5,2,43.787992
0.0,3,43.79108
-1.0,4,43.794605
0.0,4,43.798417
0.0,3,43.801085
0.0,2,43.803042
0.0,3,43.805764
0.0,4,43.809251
0.0,2,43.811168
0.0,5,43.815395
0.0,3,43.818238
0.0,4,43.821625
0.0,3,43.824385
0.0,4,43.827804
0.0,4,43.831455
0.0,3,43.834162
0.0,5,43.838446
0.0,4,43.841814
0.0,2,43.843525
0.0,3,43.846344
0.0,2,43.848139
0.0,2,43.84995
0.0,5,43.854691
0.0,2,43.856561
0.0,4,43.860847
0.0,4,43.86495
0.0,3,43.867966
0.0,2,43.870004
0.0,4,43.873556
0.0,3,43.876232
0.0,4,43.879903
0.0,4,43.883533
1.5,2,43.885291
0.0,3,43.887918
0.0,3,43.890531
0.0,3,43.893195
0.0,3,43.895751
0.0,3,43.898781
0.0,2,43.900644
0.0,4,43.904349
0.0,4,43.908658
0.0,5,43.913419
1.5,2,43.915205
0.0,5,43.919756
0.0,3,43.922388
0.0,2,43.924358
0.0,2,43.92638
0.0,2,43.928187
0.0,4,43.931907
0.0,3,43.934647
0.0,2,43.936507
0.0,2,43.938573
0.710383,2,43.940572
0.0,4,43.944081
0.0,2,43.946442
0.0,3,43.94927
0.0,2,43.951126
0.0,4,43.955547
0.0,3,43.95842
0.0,4,43.962667
0.0,4,43.966131
0.0,3,43.969509
0.0,4,43.973439
0.0,2,43.9759
-0.033663,2,43.977948
0.0,3,43.981478
0.0,3,43.984475
0.0,5,43.989799
-0.664365,5,43.99475
0.0,3,43.997674
0.0,2,43.999656
0.148759,2,44.001572
0.0,2,44.003478
0.0,3,44.006558
0.0,3,44.009366
0.0,2,44.011332
0.0,4,44.015101
0.0,2,44.01714
-0.767849,3,44.020042
0.0,3,44.02303
0.0,3,44.025851
0.0,2,44.027828
0.0,3,44.030679
0.0,4,44.034501
0.0,2,44.036375
0.0,3,44.039635
0.0,2,44.041917
1.202779,2,44.044028
0.0,2,44.045966
0.0,5,44.050669
0.0,4,44.054309
0.0,2,44.05617
0.0,2,44.058069
0.0,2,44.05998
0.0,3,44.062901
0.0,2,44.064867
0.0,3,44.067695
0.0,4,44.07167
0.0,2,44.073728
1.5,2,44.075752
0.0,4,44.07973
0.0,3,44.082542
1.5,2,44.084413
0.0,4,44.088223
0.146946,4,44.092029
0.0,4,44.096179
0.0,2,44.098221
0.0,3,44.101367
0.0,3,44.104469
0.0,4,44.108886
0.0,3,44.111973
0.0,2,44.114069
0.0,2,44.116058
0.0,3,44.119106
0.0,2,44.120992
0.0,2,44.123065
0.0,2,44.125105
0.0,4,44.129115
0.0,3,44.131988
0.0,3,44.135006
0.0,3,44.13793
0.0,4,44.141818
-0.400616,2,44.14384
0.0,2,44.145855
0.0,3,44.148778
0.0,3,44.151596
0.0,2,44.153626
0.0,5,44.158453
0.0,3,44.161334
0.0,2,44.163383
0.0,4,44.167094
-0.763228,2,44.169082
1.0,3,44.171965
-0.107066,4,44.175711
0.0,4,44.179477
0.0,2,44.181537
0.0,3,44.184411
0.0,3,44.187248
0.0,3,44.189967
1.5,2,44.191801
0.0,3,44.194763
0.0,2,44.196599
0.0,2,44.198505
0.0,4,44.202373
0.0,2,44.20443
0.0,5,44.209132
0.0,2,44.21112
0.0,4,44.214903
0.0,2,44.216718
0.0,4,44.220459
0.0,3,44.223396
0.0,3,44.226232
0.0,5,44.231001
0.0,3,44.233874
0.0,3,44.237022
0.0,3,44.240036
0.0,4,44.244022
0.0,4,44.247754
0.0,2,44.249786
0.0,2,44.251637
0.0,5,44.256401
0.0,3,44.25942
0.0,2,44.261373
0.0,3,44.264523
0.0,2,44.266537
0.0,2,44.268452
0.0,3,44.271405
0.0,3,44.275959
0.0,7,44.286559
0.0,3,44.290643
0.0,3,44.294203
0.0,3,44.2971
0.0,4,44.301035
0.0,3,44.304089
0.0,6,44.309876
0.0,2,44.311803
0.0,3,44.314978
0.0,4,44.318832
0.0,5,44.323806
0.0,3,44.326779
0.0,6,44.332351
0.0,2,44.334511
0.0,3,44.337418
0.0,2,44.339322
0.0,3,44.342442
0.0,2,44.344512
0.0,3,44.347542
0.0,3,44.350465
0.0,5,44.355075
0.0,4,44.358933
0.0,4,44.362841
0.466145,2,44.364784
0.0,2,44.366603
0.0,4,44.370341
0.0,3,44.372976
0.0,2,44.374815
0.0,3,44.37762
0.0,2,44.379571
0.0,4,44.383161
0.0,2,44.38514
0.0,3,44.38785
0.0,3,44.390554
1.5,2,44.392455
0.0,2,44.394488
0.0,2,44.396359
0.0,2,44.3982
0.0,2,44.400093
0.0,3,44.402719
0.0,4,44.406249
0.0,2,44.408004
-0.310991,4,44.411521
0.0,3,44.414341
0.0,4,44.417929
0.0,2,44.419849
0.0,4,44.423754
0.0,5,44.42821
-0.613346,2,44.430004
0.0,3,44.432768
0.0,3,44.435645
0.0,3,44.438379
0.0,2,44.440222
0.0,4,44.443944
0.0,2,44.445842
0.0,2,44.448061
0.0,5,44.452731
0.0,3,44.45581
-0.649497,3,44.459219
0.0,2,44.461557
0.0,2,44.463593
0.0,3,44.466655
0.0,2,44.468549
0.0,4,44.472075
0.0,2,44.474025
0.0,3,44.476817
0.0,3,44.47978
1.5,2,44.481672
0.0,3,44.484632
0.0,4,44.488526
0.0,5,44.493376
0.0,2,44.495383
0.0,2,44.497222
0.0,2,44.499091
0.0,4,44.502921
0.0,2,44.505132
0.0,2,44.507298
0.0,3,44.51045
0.0,3,44.513689
0.987976,2,44.515862
0.0,2,44.518063
0.0,5,44.523912
0.0,3,44.526947
0.0,3,44.529769
0.0,2,44.531717
0.0,5,44.536274
0.0,2,44.538404
0.0,2,44.540533
0.0,3,44.54372
0.0,3,44.546684
0.0,3,44.549554
0.0,4,44.553264
0.0,3,44.556039
0.0,2,44.558077
0.0,3,44.560987
0.0,6,44.566747
0.0,3,44.569525
0.0,3,44.572735
0.0,4,44.576451
0.0,2,44.578415
0.0,5,44.583235
0.0,4,44.587209
1.5,2,44.589015
0.0,2,44.59094
0.0,3,44.593844
0.0,2,44.595811
0.0,3,44.598557
0.0,2,44.60066
1.5,2,44.602647
0.0,2,44.605206
1.5,2,44.607139
0.0,4,44.611002
1.0,3,44.613861
0.0,3,44.616691
0.0,3,44.61953
0.0,4,44.623349
0.0,4,44.627291
0.0,3,44.63021
0.0,3,44.633059
0.0,3,44.635828
0.0,3,44.638602
0.0,3,44.641428
0.0,4,44.645367
0.0,5,44.649958
0.0,2,44.651917
0.0,3,44.654737
0.0,3,44.657419
0.0,4,44.66103
0.0,2,44.662805
-0.456921,3,44.6656
0.0,3,44.668358
0.0,3,44.671021
0.0,2,44.672922
0.0,2,44.674731
0.0,4,44.6782
-0.316031,4,44.681708
0.0,2,44.683474
0.0,2,44.685295
0.0,3,44.688086
0.0,3,44.690788
0.0,3,44.693572
0.873984,2,44.695372
0.0,3,44.697924
0.0,2,44.699989
0.0,2,44.701681
0.0,3,44.704396
0.0,5,44.708828
0.0,4,44.712333
0.0,2,44.714375
0.0,2,44.716282
0.0,2,44.718103
0.0,4,44.721704
0.0,3,44.724348
0.0,2,44.726224
0.0,3,44.728889
0.0,3,44.73153
0.0,3,44.734025
0.0,3,44.736941
0.0,5,44.741388
0.0,3,44.744051
0.0,3,44.746572
0.0,4,44.750173
0.0,3,44.75283
0.0,3,44.755681
0.0,3,44.758346
0.0,5,44.762646
0.0,3,44.765571
0.0,3,44.768324
0.0,3,44.77112
0.0,4,44.77468
-0.539765,3,44.777492
0.0,2,44.779326
1.5,2,44.781105
0.0,3,44.783881
1.5,2,44.785716
0.0,3,44.788331
0.0,2,44.790136
0.0,3,44.793138
0.0,2,44.794883
0.0,2,44.796654
0.0,3,44.799499
0.0,2,44.801312
0.0,3,44.804006
0.0,4,44.807545
0.0,3,44.810158
0.0,3,44.812792
0.0,4,44.816303
0.0,2,44.818271
0.0,2,44.819971
0.0,2,44.821748
0.0,4,44.825314
0.0,3,44.827936
0.0,2,44.829674
0.0,4,44.833411
0.0,3,44.835973
0.0,3,44.83865
0.0,2,44.840368
0.0,3,44.842849
0.0,4,44.846201
0.0,3,44.848728
0.0,4,44.852153
0.0,2,44.853996
0.0,4,44.857651
0.0,4,44.861264
0.0,3,44.864318
0.0,4,44.868123
0.0,2,44.869964
0.0,4,44.873548
0.0,2,44.875373
0.0,2,44.87723
0.0,2,44.879116
0.0,4,44.88281
0.0,3,44.885521
0.0,2,44.887387
0.0,5,44.891721
0.0,4,44.895304
0.0,3,44.897881
0.0,3,44.900549
0.0,2,44.902435
0.0,2,44.904355
0.0,2,44.906023
0.0,3,44.908768
0.0,3,44.911424
0.0,3,44.914022
0.0,3,44.916596
0.0,2,44.918435
0.0,2,44.920223
0.0,3,44.92291
-0.226001,2,44.924593
0.0,3,44.927277
0.0,4,44.930735
0.0,2,44.932462
0.0,3,44.935128
0.0,5,44.939385
0.0,2,44.941166
0.0,2,44.94301
0.0,4,44.946446
0.0,3,44.949124
0.0,3,44.951714
0.0,2,44.953516
0.0,3,44.956222
0.0,3,44.958992
0.0,2,44.96083
0.0,2,44.962691
0.0,3,44.965353
0.0,4,44.96895
0.0,4,44.972518
0.0,3,44.975231
0.0,2,44.977167
0.0,2,44.979035
0.0,3,44.981775
0.0,3,44.984497
0.0,3,44.9873
0.0,2,44.989431
0.040705,2,44.991414
0.0,2,44.993794
0.0,2,44.997006
0.0,3,45.000883
