#{"t_start": 1779728427.6306465, "env_id": "Blackjack4game-v1"}
r,l,t
-0.19412,3,1.003675
0.0,4,1.008757
-0.783202,3,1.012503
0.0,3,1.016351
-0.284549,2,1.018884
-0.644291,3,1.021911
0.0,4,1.026344
0.0,4,1.030347
-0.157082,3,1.033515
0.0,3,1.036545
-0.960643,3,1.039807
-0.145983,3,1.043025
0.0,4,1.047187
0.0,3,1.049836
0.0,3,1.052923
0.0,3,1.055613
0.0,2,1.05766
-1.0,2,1.059658
0.0,5,1.06461
0.014399,3,1.067539
0.0,4,1.071133
0.0,2,1.073246
-0.576105,3,1.076044
0.0,3,1.07954
-0.145144,3,1.082414
0.0,2,1.084261
-1.0,4,1.088614
0.0,5,1.09345
0.168106,3,1.096399
-1.0,2,1.098387
0.207401,3,1.101699
-1.0,3,1.104485
-0.842331,6,1.110291
-0.283089,4,1.114166
0.0,3,1.11703
-0.259219,4,1.120907
0.0,2,1.122838
0.0,4,1.126931
-0.344375,4,1.131609
0.0,4,1.135332
-0.900502,3,1.138364
0.0,2,1.140244
0.0,3,1.143096
-1.0,3,1.146357
-0.487835,5,1.151009
0.019662,4,1.15439
-0.284041,4,1.158168
0.0,2,1.159855
0.837772,2,1.161641
0.0,3,1.164545
0.0,4,1.167902
0.0,3,1.170752
0.315098,2,1.172606
0.0,4,1.176139
0.0,4,1.179691
-1.0,3,1.182303
0.0,4,1.186021
0.854081,3,1.188621
0.0,3,1.191604
-1.0,2,1.193382
0.0,2,1.195096
0.989633,5,1.19965
-0.237012,4,1.203018
0.0,3,1.205999
0.0,4,1.209339
0.0,3,1.212278
-1.0,4,1.21575
0.0,4,1.219429
-1.0,3,1.222582
-0.363114,3,1.22538
0.0,3,1.228091
1.0,3,1.230761
-1.0,3,1.233626
-0.63417,4,1.237145
-0.697959,3,1.23995
0.699942,3,1.24299
0.561858,2,1.245462
0.0,4,1.249983
-0.016091,4,1.254655
0.0,3,1.257779
0.0,3,1.260847
0.0,2,1.262793
0.0,3,1.265676
-0.520156,4,1.269274
-0.630214,2,1.270957
-0.267983,4,1.274388
0.0,4,1.277915
-1.0,3,1.28066
-1.0,3,1.283284
0.0,2,1.284962
-1.0,2,1.286757
1.5,2,1.288454
0.0,2,1.290201
0.0,3,1.292696
-1.0,3,1.295414
-0.544687,5,1.299659
0.0,3,1.302418
0.0,2,1.304095
-0.256514,3,1.306766
0.0,2,1.308598
1.0,2,1.310451
-1.0,4,1.313798
0.0,4,1.31727
-0.433508,3,1.319687
0.0,4,1.323266
-0.272079,2,1.324984
-1.0,4,1.32846
0.693933,2,1.330232
0.0,3,1.332842
-1.0,4,1.336471
0.0,4,1.340108
0.0,2,1.34202
-0.41321,5,1.346442
0.0,4,1.350031
0.0,3,1.352641
0.0,4,1.355999
-0.517808,3,1.358603
-1.0,3,1.361125
-0.494544,3,1.363715
0.0,3,1.36631
0.0,4,1.369653
-1.0,2,1.371357
-0.054895,3,1.373994
0.351376,3,1.376493
-0.160767,3,1.379085
0.0,2,1.380873
-0.29416,3,1.383791
0.0,3,1.386429
-0.145363,3,1.389193
-1.0,2,1.391021
-0.784255,5,1.39537
0.0,5,1.399481
0.0,3,1.401984
0.0,3,1.404831
-0.707264,3,1.407536
0.0,3,1.41002
0.0,7,1.415932
0.0,3,1.418578
0.0,4,1.422131
-0.027423,5,1.426461
0.0,5,1.430518
0.0,2,1.432497
-0.650081,4,1.43592
1.0,4,1.439358
0.0,3,1.441998
-1.0,2,1.443666
-0.950639,2,1.445538
0.0,3,1.448237
-0.682499,4,1.451742
-0.825216,6,1.456991
-0.277786,4,1.460505
0.0,4,1.463951
-1.304706,2,1.465724
-1.0,3,1.468564
0.159394,3,1.471094
-0.877277,4,1.474628
-0.337458,3,1.477251
-0.815063,4,1.480636
-0.321576,3,1.483371
0.0,2,1.484978
0.0,3,1.487597
0.0,3,1.490354
0.0,6,1.495285
-0.67713,2,1.497013
-1.0,3,1.499487
0.08511,3,1.502244
-0.780737,5,1.506479
0.0,5,1.510963
0.0,2,1.512629
-0.638373,4,1.515998
1.5,2,1.517823
0.0,5,1.521844
0.0,2,1.523647
0.0,4,1.527153
-1.0,4,1.530751
0.0,4,1.534121
0.0,4,1.537722
0.0,4,1.541069
0.0,4,1.544655
0.0,4,1.548228
-1.0,6,1.553439
0.0,2,1.555066
-0.599458,4,1.558588
0.412489,3,1.561155
0.0,3,1.5637
-0.815485,2,1.565549
-0.700638,3,1.56808
0.0,3,1.570573
0.0,4,1.574038
0.0,4,1.577267
-0.01389,3,1.580025
0.0,3,1.582516
0.0,3,1.58546
0.0,3,1.588197
-0.001895,6,1.593425
0.0,5,1.597631
0.0,6,1.602781
0.0,5,1.607047
-1.0,5,1.611208
0.0,2,1.6131
0.0,4,1.616622
1.0,2,1.618292
0.0,3,1.621067
1.0,3,1.623783
-1.0,3,1.626301
-1.0,4,1.629848
1.0,4,1.633008
0.0,4,1.636632
-0.240238,3,1.63907
-0.843537,4,1.642614
0.0,2,1.644537
-0.318862,4,1.648179
-0.280249,4,1.651646
0.0,3,1.654077
-0.046749,5,1.658469
-0.431043,4,1.661836
1.5,2,1.663674
-1.0,5,1.667754
0.0,2,1.669668
-0.265796,3,1.672382
0.0,2,1.674111
0.0,4,1.677776
0.0,3,1.680405
0.200348,3,1.682981
0.0,3,1.685951
-0.377024,2,1.687924
0.0,3,1.690642
0.0,4,1.694169
0.0,4,1.697638
-0.541254,3,1.700341
0.0,3,1.702746
0.005323,2,1.704669
0.0,5,1.708955
-0.30625,3,1.711632
0.0,2,1.713681
0.846416,2,1.71554
-0.632556,4,1.719069
0.0,3,1.721604
0.0,3,1.724053
-1.0,3,1.726882
0.0,4,1.730083
0.0,2,1.73182
0.0,3,1.734593
0.0,2,1.736211
1.0,3,1.738821
0.0,4,1.742408
-1.0,4,1.745836
-1.0,5,1.750625
0.0,3,1.753479
0.0,5,1.757611
0.0,5,1.762364
-0.063589,2,1.76398
-1.0,3,1.766635
-1.0,4,1.770307
0.0,3,1.772887
-0.109559,4,1.776535
0.0,3,1.779027
0.0,2,1.781016
-0.258561,3,1.783892
0.0,3,1.786366
-0.841989,4,1.790293
0.0,2,1.792002
0.0,2,1.793792
0.0,2,1.795909
-1.0,4,1.799256
0.0,2,1.801044
-1.0,3,1.803983
-0.977712,6,1.809121
-0.73236,4,1.812627
-0.346718,2,1.814433
0.0,2,1.816553
1.5,2,1.818374
-0.367394,3,1.820853
0.0,3,1.823924
-0.285045,3,1.826466
-0.921321,3,1.829157
0.0,3,1.832029
0.0,4,1.835514
0.0,2,1.837491
0.0,3,1.840028
0.0,4,1.843633
-0.467923,4,1.847503
-0.463643,3,1.850242
-0.783419,3,1.853006
-0.984392,2,1.8546
0.0,3,1.857307
0.0,2,1.859259
-0.339027,5,1.863492
-1.0,3,1.86632
0.0,4,1.869558
-0.703797,2,1.871463
0.0,3,1.874275
-0.451511,3,1.876712
-1.0,4,1.88049
0.0,3,1.882976
0.0,4,1.886729
-1.0,3,1.889366
0.419182,4,1.893189
-0.199729,3,1.895874
0.0,4,1.899289
-2.0,2,1.901263
1.5,2,1.902921
0.0,3,1.905497
-0.032261,2,1.907489
-0.084165,4,1.910768
1.5,2,1.912543
1.0,4,1.916126
-1.0,4,1.919536
0.0,3,1.922477
0.0,3,1.924933
-0.09649,5,1.92956
-1.0,2,2.217803
-0.110529,3,2.221482
0.0,3,2.224038
0.0,3,2.227291
0.0,4,2.230706
0.0,3,2.233609
0.0,5,2.238013
-0.12396,4,2.241933
0.042517,2,2.243694
-1.0,3,2.246294
0.0,2,2.248274
0.0,4,2.251898
0.0,3,2.254946
-0.172531,5,2.259138
0.120714,3,2.262241
-0.083455,3,2.264785
-0.406725,3,2.267524
-0.435733,5,2.272123
0.0,2,2.27392
0.0,3,2.277492
0.0,4,2.281112
-0.287914,4,2.284943
-0.653439,4,2.288603
0.0,2,2.290759
0.0,4,2.294315
0.0,3,2.297701
0.380611,3,2.300279
0.0,3,2.303346
-0.017214,3,2.306031
-0.936476,3,2.308992
0.605178,5,2.31368
0.0,3,2.316556
-0.547459,2,2.318605
-0.713665,2,2.320332
0.51592,3,2.323233
0.0,4,2.32706
-1.0,2,2.328677
-1.0,3,2.331827
-0.600612,3,2.334382
0.0,3,2.337267
0.0,3,2.340179
-0.386579,3,2.342678
0.0,3,2.345893
0.0,2,2.347857
0.0,4,2.352026
-0.670187,3,2.35475
0.0,5,2.359411
0.0,4,2.362854
-0.47387,4,2.366707
0.0,3,2.369245
-0.418273,4,2.372571
0.016233,2,2.37449
0.0,2,2.376077
0.0,4,2.379502
0.0,3,2.382164
0.0,2,2.383767
0.0,3,2.386428
0.0,4,2.390368
-0.110383,2,2.392277
0.0,2,2.39439
0.0,2,2.396207
-0.178758,4,2.399663
0.0,2,2.40154
0.0,4,2.404843
-0.528486,2,2.406722
0.811245,3,2.409476
1.5,2,2.411086
0.0,2,2.412705
0.0,4,2.416372
0.0,3,2.418858
-1.0,3,2.421581
0.0,4,2.424963
-0.501685,3,2.42763
-1.0,3,2.430305
0.0,4,2.433491
-1.0,4,2.437369
0.0,2,2.439063
0.0,3,2.441669
-0.595458,4,2.445215
0.0,2,2.44683
0.0,3,2.449551
-0.138686,3,2.452394
0.0,4,2.456005
0.08754,3,2.458648
-1.0,3,2.461044
-1.0,3,2.463897
0.0,4,2.467098
-1.0,3,2.469668
-0.110996,2,2.471669
1.0,3,2.474052
0.0,4,2.477543
0.0,4,2.480787
-0.013362,2,2.482495
-0.257793,4,2.486185
0.0,4,2.489318
-0.447405,3,2.49216
0.0,4,2.495363
-1.0,3,2.498069
0.0,3,2.500694
0.0,3,2.503102
0.0,4,2.506871
0.0,6,2.511925
0.0,2,2.513765
0.0,3,2.516184
1.5,2,2.517922
0.0,4,2.521399
0.82672,2,2.523058
0.0,3,2.525699
1.0,3,2.528381
-0.143085,4,2.53179
0.0,4,2.535299
0.0,4,2.538662
0.226348,2,2.540685
0.558176,4,2.543957
0.0,4,2.547696
0.0,2,2.549437
0.0,2,2.551173
0.0,2,2.553112
0.0,3,2.555771
0.0,4,2.559361
0.0,2,2.561297
-1.0,5,2.565458
0.0,2,2.567429
0.127843,2,2.569337
0.0,4,2.572557
-0.273969,4,2.576264
-0.403126,4,2.579405
0.0,3,2.582356
0.162735,4,2.585633
-0.931708,3,2.58836
-0.393851,3,2.591048
0.0,5,2.595369
0.0,4,2.598799
-1.0,3,2.601469
0.0,4,2.604971
0.0,4,2.608303
0.0,3,2.611172
-0.72732,3,2.613632
0.0,5,2.618192
0.0,2,2.619837
0.0,3,2.622558
0.0,2,2.624554
0.0,5,2.628954
0.0,3,2.63218
0.0,4,2.635984
-1.0,3,2.63929
0.0,4,2.642928
0.0,4,2.646909
0.0,5,2.651735
0.0,3,2.654406
-0.147073,2,2.656102
0.621583,2,2.658348
-0.074001,5,2.662675
0.0,5,2.667208
0.0,3,2.669656
0.0,3,2.6725
0.571623,2,2.674202
-0.484167,2,2.675811
0.0,2,2.677593
0.33619,3,2.680397
0.0,4,2.683646
0.0,4,2.687606
0.0,4,2.690855
0.0,3,2.693817
0.0,2,2.695501
0.319245,3,2.697874
-0.800077,3,2.70082
-0.213821,6,2.705946
0.855557,3,2.708839
0.0,4,2.712123
-0.934417,4,2.716568
0.0,2,2.718892
0.0,2,2.720863
-0.053649,4,2.724288
1.5,2,2.725919
0.0,3,2.728745
-0.218417,3,2.73124
0.0,3,2.733778
0.0,4,2.737264
0.0,3,2.739659
0.0,2,2.741579
0.364215,4,2.744943
0.0,3,2.747467
-0.623377,3,2.750131
0.0,2,2.751984
0.730536,5,2.756369
0.0,3,2.758852
-0.154191,5,2.762995
0.0,5,2.767039
0.0,2,2.768835
0.0,5,2.773131
0.0,4,2.776514
0.0,2,2.77834
-0.466518,4,2.781541
0.0,2,2.783425
0.0,5,2.787548
0.0,3,2.790258
-0.387226,4,2.793664
-0.783227,5,2.797859
0.0,2,2.799582
0.0,3,2.801956
0.0,3,2.804757
-0.902973,3,2.807314
0.0,4,2.81077
0.0,3,2.813493
0.0,3,2.8161
0.21921,3,2.818826
0.0,3,2.821379
0.0,6,2.826447
0.0,2,2.828126
-1.0,3,2.830558
0.0,4,2.83416
0.0,3,2.83662
-1.0,3,2.83931
0.262714,2,2.841145
0.0,3,2.843605
0.0,3,2.846392
0.0,3,2.84913
0.163395,2,2.851038
0.0,3,2.853882
-0.84882,5,2.857934
0.0,3,2.860667
0.0,4,2.863903
-0.585637,2,2.865628
0.0,3,2.868416
0.0,5,2.872583
0.0,3,2.875339
0.532192,3,2.87782
0.0,2,2.879508
0.941547,2,2.881482
1.0,2,2.883189
0.0,3,2.885676
0.710236,3,2.888527
0.0,3,2.891657
0.0,3,2.894288
0.0,3,2.896916
0.642393,3,2.899403
0.0,4,2.902961
0.109863,3,2.90542
0.0,3,2.908013
0.0,3,2.910678
0.0,2,2.912273
0.0,6,2.917315
0.0,4,2.920552
-0.047964,4,2.924148
0.0,4,2.927325
1.5,2,2.929216
-0.120032,5,2.933415
0.0,4,2.936891
-0.173123,2,2.93868
0.0,3,2.941094
-0.180595,2,2.942851
0.0,2,2.944815
0.0,4,2.94801
-0.030398,5,2.952518
0.0,3,2.955334
-1.0,3,2.958493
0.649316,2,2.960418
1.0,3,2.962898
0.0,4,2.966493
0.0,2,2.96828
0.0,3,2.970816
0.0,3,2.973432
0.0,3,2.975885
0.0,2,2.977715
0.0,3,2.980322
0.0,3,2.982768
-1.0,4,2.986447
0.076706,4,2.989713
0.0,2,2.991408
0.0,2,2.993285
-1.0,4,2.996527
0.0,4,2.999996
0.0,4,3.003173
-0.151629,4,3.006552
-0.439091,2,3.008369
0.0,3,3.010751
-0.065202,3,3.013372
-0.573064,4,3.016739
-0.248294,4,3.020069
-0.192031,2,3.021828
0.0,2,3.023466
0.0,2,3.025055
0.0,5,3.029396
0.0,3,3.03179
0.0,2,3.033475
0.0,2,3.035413
0.554886,2,3.03729
0.0,4,3.040632
-0.79254,5,3.044725
-0.290249,3,3.047271
-1.0,3,3.050004
1.0,3,3.052693
0.0,4,3.056366
0.0,4,3.059809
0.0,4,3.06352
0.0,4,3.066868
0.0,2,3.068671
-0.344878,3,3.07142
0.0,3,3.073867
-0.525751,3,3.076511
-1.0,4,3.080051
-0.983272,4,3.083606
0.0,4,3.086955
0.0,2,3.08863
0.0,2,3.090371
0.0,4,3.093905
0.0,3,3.096493
-0.378056,5,3.100859
0.0,3,3.103376
0.0,2,3.105251
0.0,4,3.108598
0.674253,3,3.11133
0.696384,4,3.114729
0.0,3,3.117247
0.0,4,3.120754
0.0,3,3.123327
0.0,4,3.208578
-0.689542,4,3.212563
0.0,3,3.215234
0.0,3,3.218163
0.0,3,3.220702
0.550269,3,3.22365
0.0,2,3.225425
0.11192,4,3.229852
0.0,5,3.238066
-1.0,2,3.240591
-1.0,4,3.245568
0.0,4,3.250414
-0.742842,3,3.25372
-0.742962,4,3.25772
0.0,3,3.260476
-0.079827,2,3.262082
0.0,3,3.264938
0.0,4,3.268304
-1.0,4,3.271693
0.0,2,3.273562
1.0,4,3.276885
0.0,4,3.280441
0.0,3,3.282891
0.0,3,3.285593
0.0,2,3.287427
-0.276058,3,3.289937
-1.0,3,3.292777
0.0,4,3.296072
-0.375196,5,3.300311
-1.243373,2,3.302068
0.0,4,3.305388
-0.229456,5,3.309541
0.0,4,3.312824
0.0,3,3.315726
0.0,2,3.317402
0.0,3,3.320037
0.0,3,3.322654
0.0,3,3.325107
0.0,3,3.327667
0.0,6,3.332735
-0.384215,2,3.334659
-0.778717,3,3.337159
-1.0,2,3.338832
0.0,4,3.342268
0.0,3,3.344807
0.0,3,3.347428
-0.542018,4,3.351454
0.0,3,3.354061
0.0,2,3.355831
0.0,3,3.358453
0.0,2,3.360098
-1.0,3,3.362922
0.0,3,3.365376
0.865485,2,3.367016
0.0,3,3.369688
0.379934,4,3.37309
0.0,4,3.376543
0.406514,4,3.379748
-0.061286,3,3.382212
0.0,3,3.38493
0.0,2,3.386525
0.0,5,3.392144
0.0,4,3.395901
-0.129214,2,3.397965
0.0,3,3.400596
-0.654665,4,3.404183
1.0,2,3.405978
-1.560822,2,3.407665
0.0,3,3.410122
-0.602371,3,3.41287
0.0,3,3.415344
-0.519984,2,3.417166
0.0,2,3.418969
-0.566842,3,3.421472
0.0,2,3.42315
0.0,3,3.425812
-0.663777,5,3.429921
0.0,3,3.432638
-0.034026,5,3.436765
0.0,3,3.439377
0.0,3,3.44195
-0.745533,3,3.44461
-0.368618,4,3.448324
-0.42815,6,3.453393
0.94287,5,3.457786
-0.119616,3,3.460452
0.0,2,3.46216
-0.782073,3,3.464854
0.0,4,3.468313
0.0,4,3.471575
-1.0,4,3.475096
0.0,4,3.478454
-0.308506,4,3.4819
1.5,2,3.483557
0.0,4,3.48677
-1.0,3,3.489505
-0.928474,3,3.492019
0.0,3,3.494745
0.0,4,3.49794
-1.0,4,3.501752
-0.101628,3,3.504519
0.0,3,3.507044
-0.864681,2,3.509015
-0.051503,4,3.512301
0.0,3,3.514896
-0.635921,3,3.517581
0.0,5,3.521635
0.0,4,3.525187
1.5,2,3.526862
0.0,3,3.529453
0.0,3,3.532042
0.0,4,3.53541
1.080181,2,3.537185
0.0,2,3.53886
-0.653812,2,3.540415
0.0,4,3.543905
-0.807821,3,3.546488
-0.006481,5,3.550848
-0.017111,2,3.55283
-0.469932,3,3.555506
-1.0,3,3.558218
0.0,3,3.560758
0.0,5,3.565024
0.0,3,3.567502
0.0,4,3.570743
1.5,2,3.572584
0.0,3,3.575088
0.0,2,3.57692
0.0,2,3.578699
0.0,3,3.581204
-0.880955,3,3.583672
0.0,2,3.585502
-0.844702,4,3.588795
0.0,4,3.592287
0.0,2,3.594018
-0.644492,2,3.595757
0.0,4,3.599204
0.0,3,3.601728
-1.0,3,3.604376
0.093019,3,3.607105
-1.0,2,3.608823
0.0,4,3.61203
-1.0,3,3.614788
0.012189,2,3.616474
0.0,3,3.619004
0.0,3,3.621674
0.0,4,3.624975
0.712766,4,3.628452
-1.0,4,3.631643
-1.0,3,3.634374
0.0,2,3.636128
-1.0,5,3.640263
0.0,3,3.642928
0.0,2,3.644602
0.0,2,3.64645
0.0,4,3.649908
0.0,4,3.653126
0.0,3,3.656007
-0.286765,4,3.659732
-1.0,4,3.663693
0.0,3,3.666205
-0.675749,4,3.669749
-0.632434,4,3.672936
0.166758,5,3.677119
0.0,3,3.679609
0.61492,2,3.681365
0.552813,2,3.683226
0.436118,4,3.686387
0.0,4,3.689747
0.0,3,3.692288
0.0,3,3.694821
0.0,4,3.698276
0.0,2,3.699913
0.0,4,3.703434
0.0,4,3.707185
-0.167354,5,3.712018
0.0,2,3.713965
0.0,3,3.716643
0.0,3,3.7199
0.04107,2,3.722533
-0.280661,4,3.727057
0.0,3,3.729759
0.0,3,3.73249
-0.721212,2,3.734218
-0.546377,4,3.737728
0.0,3,3.740432
0.0,3,3.742992
-0.018575,3,3.745784
0.0,7,3.751786
0.0,3,3.754565
-0.385257,3,3.758063
0.0,3,3.761189
0.0,3,3.763874
0.0,3,3.766666
-0.931285,3,3.769237
0.0,4,3.772732
0.0,5,3.776973
-0.082504,4,3.780583
-0.166919,4,3.783911
-0.043464,3,3.786637
0.0,3,3.789616
0.0,4,3.792945
0.0,2,3.794995
0.0,2,3.796889
0.0,4,3.800241
-0.180072,3,3.802897
0.0,4,3.806206
0.0,4,3.80964
-1.0,2,3.811294
0.0,3,3.813761
-1.0,4,3.817234
-1.0,4,3.820615
-0.217076,3,3.823292
0.0,3,3.825697
-0.632083,4,3.829164
0.0,2,3.8309
0.0,3,3.833493
0.0,2,3.835261
0.0,2,3.837108
0.0,3,3.83966
-1.0,3,3.842955
-0.171957,4,3.846764
0.361133,4,3.850646
0.0,3,3.853283
0.750569,2,3.855017
0.0,3,3.857745
0.0,3,3.86019
0.0,3,3.862877
0.0,3,3.865621
0.0,4,3.869079
0.0,5,3.873737
0.0,3,3.876517
0.0,3,3.87917
-0.455671,3,3.881574
-2.0,2,3.883513
0.0,5,3.887941
0.78164,2,3.889912
-0.730985,5,3.894179
1.0,3,3.896623
-0.534938,5,3.900736
0.0,3,3.903264
0.0,5,3.907353
0.0,2,3.908962
0.0,3,3.911512
0.634366,3,3.914112
0.0,4,3.917449
0.0,3,3.919908
0.0,3,3.922254
-1.0,3,3.924665
0.0,3,3.927057
0.0,2,3.928704
0.0,3,3.931339
-1.0,2,3.932947
0.0,3,3.935309
0.0,4,3.938464
0.0,4,3.941788
0.0,3,3.944453
1.0,3,3.946882
0.0,3,3.949286
1.0,4,3.952528
0.0,5,3.956593
0.0,4,3.959768
-0.522611,7,3.965793
-0.789047,3,3.968486
0.0,3,3.970842
-0.053619,3,3.973388
0.0,2,3.975152
0.0,3,3.977701
-0.794502,3,3.980179
0.0,4,3.983454
-0.214971,3,3.986251
0.010055,5,3.990416
0.0,2,3.99205
-0.416986,4,3.995489
-0.126684,5,3.999824
-0.280018,2,4.001656
0.0,2,4.003452
0.0,3,4.005987
0.0,4,4.009514
-0.33694,2,4.011277
-0.083835,3,4.013901
0.0,3,4.016667
0.0,3,4.019201
-0.379142,2,4.020971
0.0,2,4.022692
0.730607,3,4.025441
0.0,4,4.028851
0.0,2,4.030619
0.0,5,4.035301
1.0,3,4.038027
-0.539347,3,4.040807
-0.532603,3,4.043851
-0.215699,3,4.046772
0.0,3,4.049679
-0.772279,4,4.05375
0.0,3,4.056392
0.111137,2,4.058396
0.0,5,4.063092
0.0,2,4.065003
0.0,3,4.067908
-0.520195,3,4.071346
0.0,3,4.075303
0.0,3,4.078591
1.0,3,4.08156
0.0,2,4.083407
0.0,2,4.085797
-0.694342,2,4.088131
0.726477,2,4.090165
0.344897,4,4.09412
0.0,3,4.097732
-0.695382,4,4.10324
2.0,2,4.105868
-1.0,2,4.108319
0.0,3,4.111991
0.0,3,4.11547
0.0,3,4.118691
0.30241,2,4.1207
0.0,2,4.122653
-1.0,4,4.127337
0.0,3,4.239616
-0.228322,2,4.241461
0.0,2,4.243083
0.0,3,4.245575
0.0,3,4.248031
-0.085578,4,4.251236
0.0,4,4.254502
0.0,3,4.256994
-0.091007,4,4.260438
-0.412081,2,4.262234
0.0,2,4.263926
0.0,2,4.265567
0.0,3,4.268028
1.0,3,4.270497
0.0,4,4.273878
0.0,2,4.275744
0.0,2,4.277469
-1.0,4,4.28072
0.0,2,4.282489
1.5,2,4.284103
-1.0,3,4.286537
1.0,4,4.289787
0.0,3,4.292197
-0.812068,4,4.295461
0.0,3,4.298095
-0.664049,2,4.299772
1.0,3,4.30233
0.0,5,4.306282
0.0,6,4.311068
0.0,3,4.313502
0.0,4,4.316799
0.0,2,4.31846
0.0,3,4.320857
-1.0,2,4.322771
0.0,2,4.324491
0.921502,2,4.326375
0.0,3,4.329256
0.0,2,4.330977
-0.797482,3,4.333392
0.0,3,4.335775
0.0,3,4.338214
0.0,4,4.341489
0.0,4,4.344702
-0.122393,5,4.348667
-2.0,2,4.35035
0.0,3,4.352826
0.0,3,4.355188
0.0,3,4.357575
0.0,2,4.359185
0.0,2,4.360787
-1.0,4,4.363941
0.0,3,4.366435
-0.269617,3,4.368819
0.0,3,4.37124
0.230597,4,4.374596
0.0,4,4.377779
-0.255264,5,4.382198
0.0,3,4.384914
0.0,5,4.389598
0.0,3,4.392675
0.0,4,4.396634
0.0,2,4.398344
0.0,2,4.400232
-0.947404,5,4.405002
0.0,2,4.406983
-0.536633,6,4.412187
0.0,5,4.416514
-0.314613,2,4.418324
0.0,3,4.421876
0.0,3,4.425323
0.0,3,4.428082
-1.0,3,4.430854
0.0,4,4.434478
0.380754,2,4.436513
0.806491,2,4.438507
-0.380656,4,4.442723
0.0,3,4.445444
0.0,3,4.448563
0.021526,2,4.450358
0.0,3,4.453148
0.0,4,4.457471
0.0,3,4.460212
-0.937227,2,4.462249
-0.203962,4,4.465759
-0.186589,2,4.467659
-1.0,5,4.473119
0.0,2,4.475079
0.0,4,4.478721
0.0,5,4.48323
0.0,4,4.487123
-1.0,4,4.490856
-0.617849,3,4.493625
0.0,3,4.496534
0.0,4,4.500115
-0.22755,3,4.502877
0.0,3,4.505622
-0.900125,4,4.509303
0.0,5,4.513818
0.0,3,4.516237
-0.871732,4,4.519855
0.0,4,4.523737
-0.944671,3,4.526365
0.0,4,4.529883
0.0,2,4.531788
0.0,3,4.534656
0.0,5,4.539345
-0.416843,2,4.540971
-0.120453,5,4.544974
0.0,4,4.548154
0.0,4,4.551488
0.0,6,4.556551
0.0,4,4.559774
0.0,3,4.56214
0.0,3,4.564502
0.0,5,4.568515
0.0,3,4.570856
0.0,2,4.572517
0.0,3,4.575109
0.0,2,4.576767
0.0,3,4.579324
0.0,2,4.581214
0.0,2,4.582905
0.0,2,4.584543
0.0,3,4.586992
0.0,4,4.590166
-0.979811,3,4.592536
0.0,3,4.595168
0.0,4,4.59835
0.0,3,4.600792
-1.0,3,4.60337
-1.0,5,4.607511
-0.379571,3,4.610389
0.0,3,4.613408
-0.677516,3,4.61614
-0.487717,3,4.618647
0.0,3,4.621095
0.0,2,4.622901
0.0,4,4.626018
0.0,3,4.628469
0.0,3,4.630956
0.0,4,4.634059
0.0,4,4.6373
0.0,2,4.638956
0.0,3,4.641617
0.0,2,4.64363
-1.0,3,4.646413
0.0,4,4.650168
0.0,3,4.65288
-0.541896,3,4.655655
-0.705857,4,4.659862
0.0,3,4.662749
0.0,4,4.666406
-0.286331,5,4.67088
-1.0,3,4.673667
-1.0,3,4.67649
-1.0,3,4.679428
0.0,2,4.681313
0.0,4,4.685003
-0.988066,3,4.687724
0.20396,3,4.690434
0.0,5,4.695049
-0.064793,4,4.699635
0.0,3,4.702687
0.0,3,4.706194
0.0,4,4.710762
1.0,2,4.713031
0.0,2,4.715534
0.755318,2,4.718523
1.0,5,4.726518
0.0,3,4.731376
0.0,4,4.735471
-1.0,4,4.739861
-0.621542,5,4.745237
0.0,4,4.749346
0.0,3,4.752192
0.0,3,4.755249
1.483211,2,4.757203
0.0,4,4.761759
0.0,3,4.765525
0.0,2,4.767658
-1.729558,2,4.769789
-1.0,3,4.773024
-1.0,2,4.776518
0.0,3,4.7807
0.0,2,4.783026
0.0,3,4.786303
0.0,4,4.791124
0.0,3,4.79561
-0.821703,3,4.801132
0.0,3,4.804587
1.051773,2,4.808019
0.0,3,4.811058
0.162817,3,4.814361
-0.153702,4,4.822155
0.0,3,4.826455
-1.0,2,4.828204
0.0,3,4.831769
0.56928,3,4.834753
-0.245249,4,4.839457
0.0,5,4.843934
1.5,2,4.846133
0.0,3,4.848857
-1.0,4,4.852689
-0.544218,3,4.855421
0.0,2,4.857262
0.0,3,4.860371
0.0,4,4.863865
0.0,4,4.867738
0.0,3,4.870457
0.0,3,4.873391
0.0,3,4.876204
0.0,2,4.877978
-1.0,4,4.881888
0.0,3,4.884831
-0.041061,2,4.886915
0.0,2,4.888964
0.0,3,4.892174
0.0,2,4.894193
-1.0,4,4.898686
0.0,4,4.905044
-0.366659,2,4.907328
-0.656689,2,4.91013
-0.144437,4,4.913929
0.0,3,4.916704
0.0,5,4.922031
0.0,4,4.925593
1.5,2,4.927828
0.0,3,4.931047
0.0,2,4.932962
0.0,4,4.936975
0.0,2,4.938753
-0.993956,4,4.942894
-0.14222,5,4.947512
0.0,3,4.950735
0.0,3,4.953479
0.0,3,4.956641
0.0,6,4.961933
0.0,3,4.965162
-1.0,3,4.968186
0.0,5,4.97317
-0.471453,3,4.976061
0.0,3,4.979188
0.0,3,4.981985
0.802895,3,4.985186
1.0,2,4.98712
-0.640922,6,4.993045
1.5,2,4.994923
0.753872,3,4.998045
0.0,2,5.000109
0.0,4,5.003863
0.0,3,5.007296
-0.977181,4,5.011251
0.0,3,5.014535
-0.306845,3,5.01745
0.0,4,5.02156
0.0,4,5.025409
0.0,4,5.029403
0.0,4,5.033704
0.0,3,5.0366
0.0,2,5.038443
0.0,4,5.04247
-1.0,3,5.045424
0.0,5,5.050575
-1.0,6,5.056627
0.620937,4,5.06077
0.0,3,5.06382
0.0,2,5.065964
0.277513,3,5.069231
0.0,3,5.072206
-0.860086,4,5.076579
-0.936141,4,5.080497
0.0,3,5.083745
0.0,4,5.087609
-1.0,2,5.089958
-1.0,2,5.091816
0.0,3,5.094744
-1.0,4,5.098845
0.0,4,5.103064
0.829357,2,5.105184
0.0,3,5.108216
-0.290623,3,5.1115
0.0,2,5.113433
0.0,3,5.11664
-1.0,3,5.119522
0.0,2,5.121562
0.0,4,5.125929
0.0,4,5.129818
0.0,4,5.133909
0.0,3,5.136887
0.0,3,5.140051
0.0,4,5.144065
0.0,3,5.147153
-1.0,3,5.150074
0.0,3,5.153318
0.0,4,5.157279
0.0,2,5.159633
-0.69526,5,5.164438
0.519021,4,5.168638
0.0,2,5.170622
0.0,2,5.172984
0.0,2,5.174933
0.922292,2,5.177003
0.0,4,5.181252
0.0,2,5.183325
-0.939437,3,5.186533
0.0,3,5.189575
-1.44433,2,5.191396
-0.278609,3,5.194836
-0.041832,4,5.19974
0.0,2,5.20238
0.0,2,5.204592
0.0,2,5.206768
0.0,5,5.21197
0.0,3,5.215346
0.0,3,5.218498
-0.570793,4,5.222683
-0.954172,3,5.225698
0.0,3,5.229057
0.0,2,5.231097
0.0,3,5.234132
-0.715491,4,5.3215
0.0,3,5.324709
0.0,2,5.327192
0.0,4,5.331261
-1.0,4,5.335599
0.0,3,5.338745
0.0,3,5.341968
0.0,2,5.344121
0.0,3,5.347524
0.0,3,5.350618
0.0,5,5.355859
0.0,3,5.358891
0.0,3,5.362696
0.0,3,5.365917
0.0,3,5.369386
0.0,4,5.373833
0.0,3,5.377102
0.0,2,5.379177
-0.318496,5,5.384597
-1.0,4,5.389236
0.483779,2,5.391505
0.0,4,5.396411
0.095011,3,5.399769
-0.718021,5,5.405039
0.0,3,5.408032
0.0,4,5.412552
0.0,2,5.414524
0.0,2,5.416993
-0.38419,3,5.420094
0.0,2,5.422129
0.0,4,5.426345
0.0,3,5.429241
0.0,2,5.431044
0.225808,4,5.435293
1.0,3,5.438522
0.0,2,5.440587
0.0,5,5.44579
0.0,4,5.449581
-0.648598,5,5.454839
0.0,3,5.458039
0.0,3,5.461145
-0.069766,4,5.465327
0.0,4,5.469292
0.0,3,5.472484
-0.278439,3,5.475515
0.0,3,5.478762
-0.773891,4,5.482909
0.0,3,5.486089
0.0,2,5.488288
0.0,2,5.490299
-0.145439,3,5.493659
-0.676213,2,5.495785
0.0,4,5.500211
0.0,3,5.503473
0.0,2,5.505464
0.0,3,5.508897
0.0,3,5.512537
0.0,4,5.520123
-0.633024,5,5.528038
0.0,4,5.53511
0.0,3,5.541355
0.0,5,5.55024
0.0,2,5.552987
0.0,2,5.555279
0.0,3,5.559435
-1.0,2,5.562353
-1.0,2,5.565371
0.0,2,5.5688
0.0,5,5.57673
0.0,5,5.586502
-0.3304,3,5.5916
0.440812,3,5.595137
0.0,3,5.599205
0.0,2,5.601618
1.030619,2,5.604081
0.75296,3,5.607013
0.0,3,5.610579
0.0,3,5.614316
0.0,2,5.617341
0.0,3,5.621468
0.0,4,5.625985
1.5,2,5.62825
0.0,3,5.63157
0.0,3,5.635569
-0.456651,3,5.639448
-0.079708,4,5.643372
-0.012564,2,5.645549
-1.0,2,5.648277
0.0,4,5.652799
-0.005784,5,5.658478
0.0,2,5.661129
0.0,4,5.666635
0.0,2,5.669116
0.0,2,5.671659
-0.604536,4,5.676411
0.0,5,5.68158
-0.222915,4,5.685736
0.0,3,5.689724
0.0,2,5.691921
0.0,6,5.697862
0.0,4,5.701983
-0.484614,4,5.706075
0.307209,3,5.709413
-0.443342,3,5.712567
0.0,6,5.718675
0.0,3,5.7218
-0.024937,2,5.723922
0.0,3,5.726905
0.0,3,5.730134
0.0,3,5.733196
0.0,3,5.736334
0.0,3,5.739461
0.0,2,5.741402
0.0,4,5.745726
1.5,2,5.747699
0.0,2,5.749848
-1.0,4,5.753987
0.0,3,5.757316
0.0,3,5.760772
0.0,2,5.763016
0.0,2,5.765285
0.0,3,5.768411
0.0,3,5.771635
0.0,2,5.773674
0.0,2,5.775673
-0.205713,3,5.778875
0.0,3,5.781805
0.0,3,5.784926
-0.22142,3,5.78812
-1.0,4,5.792091
-0.649994,3,5.795249
0.0,5,5.800357
0.0,5,5.805344
0.0,3,5.808591
0.0,6,5.814471
0.0,4,5.818528
-0.596052,4,5.822761
-0.862753,3,5.825755
0.0,4,5.829885
0.0,6,5.83595
0.0,4,5.839837
0.0,3,5.842994
0.0,3,5.845966
0.0,3,5.849056
0.0,3,5.852072
0.0,2,5.854202
0.0,3,5.85736
0.0,3,5.860377
0.0,4,5.865036
0.0,3,5.86826
0.0,3,5.871463
-1.0,4,5.875568
-0.906491,2,5.877634
0.0,2,5.879739
0.0,3,5.882851
0.0,4,5.886854
0.0,2,5.889075
0.0,4,5.893649
0.0,3,5.896911
0.0,3,5.90014
0.0,5,5.905268
-1.0,2,5.907296
0.0,4,5.91135
0.0,2,5.913369
0.0,3,5.9164
0.0,3,5.919555
-0.164124,2,5.921528
0.0,3,5.924612
-0.185738,4,5.928604
0.0,4,5.932733
0.0,3,5.935688
0.0,3,5.938694
0.0,4,5.942537
0.0,3,5.945448
0.0,3,5.948421
0.0,2,5.950408
0.493054,3,5.953533
-0.963032,3,5.956441
0.0,3,5.959395
0.0,5,5.964388
1.5,2,5.966529
0.0,4,5.97088
-0.808617,7,5.977733
0.0,2,5.979652
0.0,5,5.984647
0.0,3,5.987705
-0.620873,3,5.990834
0.0,5,5.996001
0.0,3,5.999078
0.0,4,6.003199
-0.780588,3,6.00614
0.0,3,6.009351
0.656044,2,6.01135
1.0,2,6.013412
-0.527645,3,6.016582
0.0,2,6.018458
0.453374,2,6.020538
0.209831,3,6.023702
0.0,2,6.025679
-0.375718,4,6.029634
-0.294343,5,6.034562
0.0,3,6.037771
0.454296,3,6.040729
1.0,2,6.042889
0.0,2,6.044944
-0.416615,3,6.047855
0.107805,2,6.049885
0.0,5,6.054847
0.0,5,6.059958
0.0,2,6.061958
0.0,5,6.066961
0.0,2,6.069017
0.0,3,6.072209
0.0,3,6.075185
-1.0,6,6.081295
0.0,3,6.084468
-1.0,4,6.088611
-0.413395,4,6.092568
0.0,3,6.095806
-0.559165,3,6.098949
-2.0,2,6.101053
0.0,3,6.103998
0.0,2,6.106372
0.0,5,6.111214
0.116722,4,6.115672
0.0,2,6.117808
0.0,3,6.121047
0.0,4,6.125129
0.0,2,6.127284
0.0,2,6.12929
0.0,2,6.131183
0.0,4,6.13532
-0.703437,3,6.138273
-0.042335,6,6.144217
0.0,3,6.14724
-0.908371,3,6.150206
0.0,5,6.155019
0.0,3,6.158042
-0.416055,3,6.161071
0.0,2,6.163332
0.0,4,6.167447
-1.0,3,6.170827
0.0,4,6.174884
0.0,3,6.177952
-1.0,4,6.181932
-0.266079,4,6.185872
0.498506,2,6.187886
0.0,3,6.191089
0.0,4,6.195093
-0.391796,3,6.198847
0.0,3,6.201948
0.93082,2,6.204437
-0.867899,2,6.206767
-0.359518,3,6.210801
0.0,3,6.214351
0.0,4,6.218912
0.0,2,6.220901
-0.467424,3,6.223892
0.0,3,6.226839
0.0,3,6.229829
-0.228388,2,6.231656
0.0,2,6.233521
0.0,4,6.23735
0.0,3,6.240882
0.0,3,6.243732
0.0,2,6.245829
0.0,2,6.248255
0.0,2,6.250333
0.052843,2,6.252743
0.0,2,6.254856
0.0,2,6.256996
0.0,3,6.260523
0.0,5,6.265854
0.0,2,6.268007
-1.0,3,6.270991
0.0,3,6.2742
0.0,2,6.276211
0.40838,3,6.279159
0.0,5,6.283962
0.0,3,6.286988
0.0,4,6.290867
0.0,3,6.294126
0.0,2,6.296704
0.0,2,6.299258
0.0,3,6.30321
0.0,5,6.308592
0.0,3,6.311801
0.0,4,6.316276
-0.435182,2,6.318634
-1.0,2,6.321267
0.0,3,6.325347
0.0,3,6.3287
0.0,3,6.3325
-0.737339,3,6.336379
0.0,3,6.340064
0.0,4,6.345124
0.0,4,6.349832
-1.0,4,6.354049
-1.0,4,6.359129
0.0,4,6.364625
0.0,5,6.370528
0.0,3,6.373942
0.0,4,6.378826
0.0,4,6.384079
1.0,5,6.390848
0.0,4,6.395686
0.0,5,6.401465
0.0,4,6.406613
0.0,4,6.411685
0.0,3,6.415663
0.0,2,6.418075
0.0,3,6.421741
0.0,3,6.425129
0.0,3,6.428204
-0.131151,4,6.432903
0.0,5,6.438123
0.0,4,6.442471
-0.084782,3,6.445509
0.0,3,6.448733
0.0,4,6.551562
0.0,4,6.555986
0.0,4,6.561305
0.827648,4,6.566813
-0.634285,3,6.570607
0.480907,2,6.573489
0.0,4,6.579411
0.0,3,6.583061
-0.469528,3,6.586495
0.0,4,6.590593
0.0,3,6.593783
0.0,4,6.597707
0.0,4,6.601813
0.0,3,6.604856
-0.279803,3,6.608013
0.0,3,6.610881
0.0,3,6.613905
0.0,4,6.617768
0.0,3,6.620732
0.0,3,6.623762
-0.372877,4,6.627719
1.0,3,6.630531
-1.0,2,6.63246
0.0,2,6.634574
-0.685898,4,6.638593
0.0,3,6.641646
-0.034703,3,6.64448
0.0,4,6.648467
0.0,3,6.651537
0.0,2,6.653617
0.538121,2,6.655846
0.0,5,6.660862
0.0,2,6.663158
0.0,4,6.667144
0.0,3,6.670645
0.0,3,6.673765
0.0,4,6.678447
-1.0,3,6.681604
0.0,5,6.686671
0.0,6,6.692519
-0.317071,5,6.698811
0.0,2,6.70093
0.0,4,6.706378
0.0,3,6.71179
0.0,3,6.71749
0.0,4,6.723082
0.0,2,6.726344
0.0,3,6.730087
0.0,2,6.732777
0.0,2,6.734947
0.0,4,6.738939
0.0,3,6.744065
0.0,3,6.749712
0.0,3,6.754482
0.0,2,6.758023
0.0,3,6.763012
0.0,2,6.766735
0.0,4,6.773807
0.0,3,6.7795
0.0,3,6.785062
-1.0,3,6.791103
0.0,4,6.796741
0.0,3,6.8009
0.0,3,6.804604
0.0,2,6.807389
0.238615,3,6.810993
0.0,2,6.813396
-0.514474,3,6.817257
-1.0,4,6.823188
0.0,3,6.827959
0.0,3,6.831302
-0.46565,5,6.836915
0.0,4,6.841801
-0.725217,3,6.845368
0.0,3,6.848723
0.0,3,6.851938
0.0,2,6.85465
0.0,2,6.857361
-0.451101,4,6.862118
0.0,2,6.864848
0.8585,2,6.86726
0.0,3,6.87096
0.0,3,6.875858
0.0,3,6.880115
0.292757,4,6.885096
0.806797,2,6.887554
0.0,3,6.891716
-0.764029,4,6.897777
1.5,2,6.900299
0.0,3,6.903642
0.0,4,6.907817
0.07934,2,6.909962
0.0,3,6.91339
0.0,4,6.917942
0.0,3,6.921376
0.0,4,6.926811
0.508478,3,6.930289
0.0,2,6.9324
-0.488758,2,6.934731
0.0,6,6.940951
0.0,3,6.944096
0.0,3,6.947065
0.419578,2,6.949307
-1.350052,2,6.95147
1.0,4,6.955539
0.0,2,6.957551
0.0,3,6.960473
-1.0,2,6.962485
0.0,4,6.966491
0.2623,4,6.971009
0.0,2,6.973047
0.0,4,6.976968
0.0,2,6.978885
0.0,2,6.980771
0.0,3,6.983866
-0.162499,4,6.987823
-0.600863,3,6.990981
0.0,6,6.996641
0.0,3,6.999661
-0.148638,4,7.003556
0.0,3,7.006496
0.0,4,7.010205
-0.06717,3,7.013144
0.009223,2,7.014957
0.0,3,7.018056
0.0,2,7.020275
0.0,3,7.023477
0.0,3,7.026545
0.0,4,7.03041
0.0,4,7.034325
-0.240045,3,7.037217
0.0,2,7.039305
0.0,4,7.043155
0.0,2,7.045172
0.0,4,7.048923
0.0,3,7.051879
0.0,2,7.054047
0.0,2,7.055921
0.0,3,7.058781
0.0,3,7.061838
0.0,2,7.063771
0.0,2,7.065737
0.0,2,7.067976
0.0,3,7.070888
0.0,3,7.07559
0.0,4,7.082301
0.0,3,7.087361
-0.111781,3,7.09287
0.0,2,7.096233
-0.030144,4,7.102973
0.0,3,7.108517
-0.04719,3,7.113673
1.5,2,7.116138
0.0,2,7.118542
0.685859,2,7.121262
0.0,3,7.124973
0.0,2,7.129194
0.0,5,7.136015
1.0,2,7.138682
-0.5171,2,7.140885
-0.7608,4,7.145368
0.0,4,7.152649
0.0,2,7.155113
0.0,4,7.160162
0.0,3,7.163959
0.0,4,7.168265
0.0,3,7.173423
0.0,3,7.178206
0.708981,2,7.180612
0.0,3,7.184651
-0.562977,4,7.189077
0.0,3,7.192523
0.0,4,7.199361
0.0,2,7.202155
0.0,4,7.207399
0.0,3,7.210949
0.0,2,7.213245
0.0,3,7.217356
0.0,2,7.219932
0.0,3,7.2238
0.0,2,7.226062
0.0,3,7.229525
-0.223652,4,7.233978
-1.0,5,7.242014
0.0,6,7.25002
0.0,2,7.25238
0.0,4,7.257402
0.0,3,7.260582
0.396507,2,7.263005
0.0,5,7.268353
0.0,4,7.272864
0.0,2,7.275003
0.0,2,7.27766
0.0,3,7.280949
0.0,3,7.284381
0.0,3,7.287618
0.0,4,7.29179
0.0,4,7.295899
0.0,3,7.299416
-1.0,2,7.301455
-0.083294,4,7.305792
-0.008765,4,7.309845
-0.001472,3,7.313077
0.0,4,7.317384
-0.897804,3,7.320746
0.0,3,7.32375
0.0,3,7.327188
0.0,5,7.33239
0.0,2,7.334446
0.0,3,7.337617
-1.0,4,7.341869
0.0,3,7.344969
0.0,3,7.34839
0.0,3,7.351316
0.0,4,7.35581
0.0,3,7.359065
0.0,3,7.362085
0.0,2,7.363999
0.0,2,7.365829
-1.599208,2,7.36808
-0.74678,3,7.371105
-0.151551,4,7.375066
-0.769316,5,7.379815
-0.622112,3,7.382957
0.0,2,7.384992
0.0,2,7.386834
0.0,3,7.390402
0.0,2,7.392624
0.0,3,7.395765
0.0,3,7.399135
-1.0,2,7.401139
-0.203804,3,7.404287
0.0,4,7.408496
0.0,2,7.410762
0.0,2,7.412885
0.463505,2,7.415087
0.0,2,7.417463
-0.226316,3,7.421095
0.0,3,7.424627
0.0,3,7.428411
0.0,3,7.43154
0.0,3,7.43446
0.0,3,7.438039
-0.959878,3,7.441933
-1.0,4,7.446634
0.0,4,7.45187
0.0,3,7.455749
0.0,3,7.45904
-0.118026,3,7.463149
0.0,4,7.468751
0.0,2,7.472802
0.0,3,7.47841
-0.29998,5,7.487283
0.0,4,7.494388
0.0,3,7.499962
-1.0,4,7.505007
0.0,5,7.510523
0.0,2,7.5128
0.0,3,7.516565
0.0,4,7.520796
0.0,3,7.524261
0.0,4,7.528517
0.0,3,7.531844
0.0,3,7.535558
0.0,3,7.538917
0.0,2,7.541162
0.0,3,7.544519
0.0,3,7.547709
0.0,3,7.551207
0.0,3,7.554909
0.0,3,7.558123
0.0,4,7.562482
0.0,2,7.564502
0.0,4,7.568996
0.0,3,7.572038
0.0,4,7.57607
-0.793084,2,7.578406
0.0,3,7.581375
0.0,4,7.585267
0.0,3,7.588136
0.0,3,7.591128
0.0,3,7.594033
-1.0,3,7.597123
0.0,4,7.600924
-0.062278,4,7.604919
0.0,4,7.608526
0.0,4,7.612204
1.5,2,7.614071
0.0,3,7.617012
0.0,3,7.619855
0.0,4,7.623468
0.0,3,7.626355
0.0,4,7.630017
0.070048,3,7.63286
-0.098741,3,7.635685
0.0,4,7.639458
0.0,2,7.64142
0.0,3,7.644229
0.0,2,7.646301
-0.100866,3,7.649357
0.0,5,7.654115
0.0,2,7.656138
0.0,3,7.65926
-1.0,3,7.66228
0.0,3,7.665166
0.0,2,7.667099
0.0,5,7.671768
0.0,2,7.673779
0.0,2,7.675734
0.0,3,7.678617
0.0,4,7.682387
0.0,2,7.68442
1.5,2,7.686333
-0.582306,2,7.688481
-0.052296,2,7.690503
0.0,4,7.694439
0.0,2,7.696527
0.0,3,7.699474
0.0,3,7.702376
0.0,2,7.704323
0.108929,3,7.707217
0.882435,2,7.709285
0.0,2,7.711246
0.0,2,7.713196
0.0,2,7.715019
0.0,6,7.720668
0.0,2,7.722672
0.0,3,7.725592
0.0,3,7.728463
0.0,4,7.732282
0.0,4,7.736062
-0.008911,3,7.825819
0.0,3,7.829952
0.0,3,7.833331
1.145146,2,7.835451
0.0,2,7.838144
0.0,3,7.841301
0.0,3,7.844159
-0.082809,3,7.847003
0.0,2,7.849128
0.0,5,7.854129
0.0,2,7.856491
0.0,2,7.858844
0.0,2,7.861065
0.0,3,7.864692
0.0,3,7.868313
0.0,4,7.872545
0.0,3,7.875642
0.0,3,7.878953
0.0,5,7.884083
0.0,4,7.888829
0.0,2,7.891392
0.0,3,7.89436
0.0,4,7.89839
0.0,2,7.900178
-0.09817,3,7.903005
0.0,3,7.906463
0.0,3,7.909874
0.0,5,7.915612
0.0,3,7.918614
0.0,5,7.923339
0.470215,2,7.925905
0.0,2,7.928322
0.0,4,7.932857
0.0,4,7.938202
-0.30963,3,7.941433
-0.400636,4,7.946172
0.0,3,7.949563
0.0,3,7.952785
0.0,3,7.95624
-1.0,4,7.960986
-0.668916,5,7.966869
0.0,2,7.969654
0.0,4,7.974383
0.0,3,7.978308
0.0,2,7.980611
-0.125686,5,7.986186
0.0,3,7.989534
0.0,2,7.991837
-1.0,5,7.997193
0.0,2,7.999071
0.0,2,8.001017
-0.206969,3,8.004251
0.0,4,8.008388
0.0,2,8.010445
0.0,4,8.014686
0.596454,2,8.016942
0.0,4,8.021088
0.0,5,8.026779
0.0,2,8.028947
0.0,2,8.031245
0.0,3,8.034706
0.183942,3,8.038103
0.0,5,8.043855
0.0,2,8.046171
0.0,3,8.049593
0.0,3,8.053061
0.0,3,8.05641
0.0,3,8.059428
-0.210445,4,8.063562
0.0,2,8.065577
0.0,3,8.068792
0.0,6,8.075024
0.0,2,8.077132
0.0,2,8.079382
0.0,4,8.083408
0.0,4,8.088
0.0,3,8.09099
0.0,4,8.095475
0.0,3,8.098748
0.0,4,8.102896
-1.0,3,8.106007
0.0,2,8.108107
0.0,2,8.110205
0.0,6,8.116642
0.0,4,8.120934
-1.0,3,8.124057
0.0,4,8.128357
0.0,3,8.131857
0.512041,2,8.134016
0.0,3,8.137258
0.0,3,8.140287
0.0,3,8.144023
0.0,3,8.147534
0.0,4,8.152357
0.0,4,8.15623
0.0,6,8.162528
0.0,4,8.166991
0.0,4,8.171554
0.0,3,8.174726
0.0,2,8.177253
0.266573,4,8.181924
0.0,2,8.184374
1.061377,2,8.186765
0.0,3,8.190004
0.0,3,8.193467
0.0,4,8.19801
0.0,2,8.200452
0.0,4,8.20499
0.0,3,8.20819
0.0,2,8.210412
0.0,2,8.212302
0.0,2,8.214293
0.0,3,8.217176
0.0,2,8.219072
0.0,3,8.221971
0.0,3,8.224821
0.0,5,8.229518
0.0,2,8.231489
-0.264907,3,8.234375
0.0,2,8.236234
0.0,4,8.240061
-0.15461,4,8.243736
0.0,3,8.246678
0.0,2,8.248589
0.0,6,8.253851
0.0,3,8.25659
0.0,5,8.261137
0.0,2,8.263048
0.0,2,8.264826
0.0,4,8.268525
1.0,4,8.272128
0.0,3,8.274978
0.0,4,8.2786
0.0,2,8.280589
0.0,2,8.282455
0.0,3,8.285355
0.0,4,8.289315
-0.377844,5,8.294034
0.0,4,8.297837
0.0,4,8.301627
0.0,2,8.303547
0.0,4,8.307261
0.0,2,8.309232
0.0,5,8.313833
0.0,3,8.316773
0.0,3,8.319551
0.0,5,8.324287
0.0,3,8.327111
0.0,3,8.330018
0.0,2,8.331969
-0.239636,3,8.334908
-0.108354,2,8.336835
0.0,3,8.339623
0.0,3,8.342448
0.0,2,8.344406
0.0,2,8.346308
0.0,5,8.350852
0.0,3,8.353603
-0.539604,4,8.357332
0.0,3,8.360135
0.636382,4,8.363843
0.0,2,8.365952
0.0,4,8.370356
0.0,3,8.373437
0.0,4,8.377078
0.0,5,8.381795
0.0,2,8.383921
0.0,2,8.386108
0.0,4,8.390166
-0.597649,3,8.393148
-0.472209,3,8.395926
0.0,3,8.398531
0.376154,3,8.401568
0.0,4,8.405092
0.0,3,8.407953
0.0,2,8.409935
0.0,2,8.411836
0.0,2,8.414157
0.0,3,8.417095
0.0,2,8.419211
0.0,4,8.423128
-0.424278,4,8.427213
0.0,4,8.431002
0.0,3,8.434297
0.0,2,8.436378
0.0,3,8.439116
1.039108,2,8.441248
0.0,3,8.444467
0.0,3,8.447566
0.0,3,8.450642
0.0,3,8.453396
0.0,4,8.457761
0.0,5,8.462651
0.0,3,8.465594
0.0,2,8.467452
0.0,3,8.471072
-0.106489,3,8.4739
0.0,3,8.477102
0.0,6,8.482727
0.0,4,8.486767
0.0,3,8.490003
0.0,3,8.492945
0.0,3,8.495824
-0.190592,3,8.499183
0.0,4,8.502703
0.0,3,8.505904
0.0,2,8.5079
0.0,5,8.512819
1.5,2,8.514603
0.0,5,8.519407
0.0,3,8.522134
0.0,2,8.524228
0.0,4,8.528147
0.0,4,8.531924
0.0,3,8.534849
0.0,5,8.539451
-0.471444,4,8.54304
0.0,3,8.546047
0.0,2,8.548065
0.0,3,8.550636
-0.510575,3,8.553695
0.0,4,8.557319
0.0,2,8.559359
0.0,2,8.561455
0.0,2,8.563361
0.0,5,8.568166
-0.468987,5,8.572913
0.0,3,8.575886
0.0,3,8.578498
0.0,3,8.581558
1.5,2,8.583498
-0.175163,3,8.586724
0.0,3,8.589686
0.0,3,8.592286
0.0,3,8.595252
0.0,2,8.597256
0.0,4,8.600828
0.0,3,8.603895
-0.626323,3,8.606501
0.0,4,8.610608
0.0,2,8.612375
0.0,3,8.615411
-2.0,2,8.61773
-0.399735,4,8.621452
0.0,3,8.624529
0.0,4,8.628091
0.0,2,8.630231
0.0,2,8.6322
0.0,3,8.634911
0.0,2,8.637145
0.0,5,8.6417
0.0,3,8.644975
0.0,3,8.647731
0.0,2,8.649831
0.0,3,8.652946
0.0,4,8.656724
0.0,4,8.660619
-0.649953,2,8.66234
0.0,3,8.665637
0.267525,2,8.66753
0.0,2,8.669325
-0.072207,3,8.67252
0.0,2,8.674346
0.0,2,8.676002
0.0,2,8.677927
0.0,3,8.681231
0.0,2,8.683271
0.0,3,8.686461
-0.293484,2,8.688412
0.0,2,8.690136
0.0,2,8.692067
-0.038901,4,8.696539
-0.242558,3,8.699497
0.0,4,8.703108
0.0,2,8.704998
0.0,4,8.708772
-0.197181,4,8.712495
-0.277076,4,8.716261
0.0,2,8.71807
0.0,2,8.720129
0.0,5,8.724506
-0.484454,4,8.728327
0.0,3,8.731049
0.0,4,8.73469
0.0,4,8.73825
0.0,4,8.741999
0.665388,3,8.744671
0.0,4,8.748327
-0.184048,4,8.751868
0.0,2,8.753679
0.0,3,8.756553
0.282226,3,8.759692
0.0,3,8.76337
1.5,2,8.765439
0.0,4,8.769349
0.0,2,8.771171
0.0,3,8.773664
0.0,3,8.776544
0.0,5,8.780903
0.0,2,8.782843
0.0,4,8.7866
0.0,3,8.789652
0.0,3,8.792434
1.5,2,8.794089
0.0,3,8.796865
0.0,2,8.798706
0.0,3,8.801368
0.0,2,8.803342
0.0,3,8.806157
0.0,2,8.807839
0.0,4,8.811563
0.0,4,8.815008
0.0,5,8.819627
1.233077,2,8.821432
0.0,3,8.824303
-1.0,2,8.826293
0.0,3,8.828868
0.252407,3,8.831758
0.0,5,8.836196
0.0,4,8.840059
0.0,3,8.842686
0.0,2,8.844634
0.0,2,8.846505
-0.305853,2,8.84837
0.0,3,8.851144
-0.833259,4,8.85479
-0.444048,2,8.856502
-0.346027,2,8.858337
0.0,3,8.948152
0.0,3,8.951858
1.0,2,8.953634
0.0,5,8.958542
1.290414,2,8.960383
0.0,4,8.964058
0.0,3,8.967013
0.0,3,8.96969
0.0,5,8.974386
0.0,2,8.976196
0.0,4,8.980292
0.0,3,8.982931
0.0,3,8.986572
1.5,2,8.988764
0.0,2,8.991171
-0.218847,3,8.994213
0.0,2,8.995994
0.0,4,8.999747
0.0,4,9.00343
0.0,5,9.008276
0.0,3,9.010828
0.0,2,9.012919
0.0,4,9.016564
0.0,3,9.019343
0.0,3,9.022204
0.0,4,9.025685
0.0,3,9.028724
0.0,3,9.031294
0.0,3,9.034339
0.0,4,9.037822
0.666334,2,9.039777
0.0,2,9.041887
1.372776,2,9.043598
0.0,3,9.046199
0.0,2,9.048308
1.977031,2,9.050177
0.0,2,9.051986
-0.427946,4,9.055869
0.0,3,9.058487
0.0,4,9.062206
0.0,3,9.064868
0.0,4,9.068629
0.0,2,9.07058
0.0,5,9.075006
0.0,3,9.077954
0.0,2,9.079741
0.0,3,9.082557
0.0,3,9.085378
0.0,3,9.088377
0.0,4,9.092167
0.0,3,9.094694
-0.316942,4,9.09856
0.0,4,9.101952
-1.0,4,9.105863
0.0,3,9.108322
0.0,4,9.112172
0.0,4,9.115463
-0.215883,2,9.117576
0.0,3,9.120342
0.0,3,9.123152
0.295612,2,9.125107
0.0,3,9.127832
0.0,3,9.130616
0.0,3,9.133654
0.0,3,9.136163
0.0,3,9.139176
-0.246703,4,9.142703
-0.086155,3,9.145727
0.0,4,9.149151
1.5,2,9.151029
0.0,4,9.154723
0.0,2,9.156366
0.0,3,9.159149
0.0,3,9.161887
0.0,3,9.1644
0.0,3,9.167363
0.0,3,9.169912
0.0,2,9.171725
0.0,3,9.174726
0.0,4,9.178116
0.0,2,9.180313
-0.227288,3,9.183267
0.0,2,9.185417
-1.0,3,9.18853
0.0,2,9.190289
0.0,3,9.192875
0.0,3,9.195728
0.0,3,9.198215
0.0,2,9.200198
0.0,2,9.202149
0.0,2,9.203929
0.0,4,9.207447
0.0,3,9.210203
0.0,3,9.212802
0.0,2,9.214839
0.0,2,9.216835
-0.054316,3,9.21939
0.0,4,9.223334
0.0,4,9.226691
0.0,3,9.229763
0.0,3,9.232458
0.0,4,9.236512
-0.442381,4,9.240086
0.0,4,9.244266
0.0,4,9.247988
0.0,2,9.25013
0.0,5,9.25467
0.0,2,9.256882
0.0,3,9.259755
0.0,2,9.261558
0.0,3,9.264744
0.0,2,9.266511
0.0,6,9.272364
0.0,3,9.274896
0.0,3,9.277829
0.0,3,9.280578
0.0,3,9.283332
0.0,5,9.28776
0.0,2,9.289698
0.0,3,9.2926
0.0,2,9.294306
0.0,3,9.296993
0.054994,2,9.298892
0.0,4,9.302337
0.0,2,9.304287
0.0,3,9.307127
-1.0,3,9.309599
0.0,4,9.313437
0.0,4,9.316741
0.0,3,9.319901
0.0,4,9.323387
0.0,4,9.327044
0.0,2,9.32886
-0.147269,4,9.332411
0.0,3,9.335235
0.0,5,9.339554
0.0,3,9.342397
0.0,3,9.344903
0.0,6,9.350352
0.943546,3,9.353123
0.0,2,9.355076
0.0,4,9.358463
0.0,3,9.361451
0.0,3,9.364109
0.0,2,9.365779
0.0,3,9.368898
0.0,4,9.372264
0.0,2,9.37418
0.0,2,9.376074
-0.256188,3,9.378583
-0.408685,4,9.382323
-0.291665,5,9.386837
0.0,4,9.39132
-1.0,5,9.395872
0.0,3,9.398574
0.0,2,9.400215
-0.633441,4,9.404003
0.0,3,9.406487
-0.425713,4,9.410057
0.0,3,9.412835
-0.537287,4,9.416362
0.0,3,9.419079
0.0,3,9.421582
0.0,3,9.424416
0.0,3,9.426961
0.0,3,9.429495
0.0,4,9.433046
0.0,3,9.435616
-0.352415,2,9.437422
0.0,3,9.440116
0.0,3,9.442642
0.0,2,9.444529
-0.327298,2,9.446368
0.0,2,9.44809
0.0,5,9.452256
0.0,2,9.454021
0.0,3,9.456545
0.0,3,9.459217
0.18744,2,9.461026
0.0,2,9.462686
0.0,3,9.465383
0.0,3,9.468059
0.0,3,9.470541
0.0,2,9.472373
0.0,3,9.475009
0.0,2,9.476638
0.0,5,9.480964
0.164169,2,9.482697
0.0,2,9.48439
1.0,3,9.487397
-0.53674,4,9.491406
0.278834,3,9.494395
0.0,3,9.496952
0.0,4,9.500495
0.0,2,9.50239
0.0,4,9.505775
0.475834,2,9.507635
0.0,3,9.510345
-0.105692,3,9.512988
0.071968,2,9.514874
0.0,4,9.518299
0.0,3,9.521126
0.0,4,9.524573
0.0,3,9.527293
0.158404,4,9.530886
1.0,2,9.532548
0.0,4,9.53634
0.0,4,9.539702
0.0,3,9.542692
0.0,4,9.546141
0.0,2,9.548057
0.0,3,9.550913
0.0,4,9.554136
0.0,3,9.557082
0.0,5,9.561257
0.0,3,9.564268
0.0,3,9.566802
-1.0,3,9.56982
0.0,4,9.573468
0.0,5,9.578038
0.0,4,9.581429
0.0,6,9.58697
0.0,4,9.590852
0.0,4,9.59438
0.0,3,9.597181
0.0,4,9.600721
-0.874196,4,9.604492
0.0,5,9.608992
0.0,2,9.611091
0.0,2,9.613114
0.0,4,9.616518
0.0,2,9.618693
0.0,4,9.622296
0.0,4,9.626245
0.0,2,9.628159
-0.090507,3,9.630605
1.5,2,9.632679
0.0,4,9.636536
0.0,2,9.638509
0.0,4,9.642248
-0.050467,2,9.644001
1.328787,2,9.645904
0.0,3,9.648865
0.0,3,9.651435
0.634273,2,9.653341
0.0,3,9.656101
0.0,3,9.658708
0.0,3,9.661663
0.0,2,9.663468
0.0,2,9.665074
0.0,3,9.667995
0.0,4,9.671483
0.0,3,9.674317
0.0,3,9.677176
0.0,3,9.679659
0.0,5,9.684292
0.748084,4,9.688155
0.0,3,9.690923
0.0,2,9.692622
0.0,3,9.695405
0.0,5,9.69991
-0.364475,3,9.703008
0.0,3,9.705585
0.0,2,9.707324
0.0,2,9.709423
-0.36126,3,9.712115
0.0,2,9.713769
0.0,2,9.715848
0.0,3,9.718643
0.0,4,9.722299
0.0,3,9.725109
0.0,3,9.727629
-0.54691,4,9.731585
0.0,2,9.733335
1.5,2,9.734947
0.0,4,9.739115
0.0,2,9.740897
0.0,3,9.743783
-0.862692,3,9.746594
0.0,3,9.749236
-0.157812,3,9.752189
-0.120788,2,9.753891
0.0,3,9.756344
1.5,2,9.758533
0.0,4,9.762125
0.0,3,9.765086
0.0,2,9.767216
-1.0,2,9.769158
0.0,2,9.770938
1.5,2,9.773057
0.0,3,9.7757
0.0,4,9.779586
0.0,3,9.782197
-0.056154,3,9.785108
0.0,3,9.787962
0.0,3,9.79064
1.5,2,9.792714
0.0,3,9.795495
-0.751461,5,9.799881
0.0,2,9.801902
0.0,3,9.80464
0.0,6,9.810398
0.0,2,9.812232
-0.049757,3,9.815546
0.0,3,9.818211
0.0,3,9.821475
-0.089526,4,9.825059
0.0,2,9.826957
-0.181588,4,9.83107
0.0,3,9.834033
0.0,2,9.836398
-0.858994,3,9.83927
0.0,2,9.841436
0.0,3,9.844596
0.569997,4,9.848453
0.0,2,9.850645
0.0,2,9.852671
0.0,4,9.85675
0.0,2,9.858647
0.0,3,9.861405
0.555983,3,9.864678
0.0,3,9.867417
0.0,5,9.872444
0.0,2,9.874207
0.0,2,9.876291
0.0,2,9.878441
0.0,2,9.880471
0.0,2,9.882621
0.0,2,9.884968
-0.739921,4,9.888827
0.0,4,9.895386
0.004528,2,9.898417
0.0,3,9.901725
1.0,3,9.984996
0.0,2,9.987096
0.0,3,9.990136
0.0,3,9.993067
0.0,4,9.99677
0.0,2,9.998566
0.0,3,10.001135
0.0,5,10.006452
0.0,2,10.008514
0.0,2,10.010758
0.0,3,10.013731
1.5,2,10.0155
0.0,3,10.018489
0.0,6,10.02378
0.364267,2,10.025693
0.0,3,10.028443
0.0,4,10.032486
-0.124066,3,10.035292
0.0,3,10.038357
0.0,5,10.04297
-0.193118,3,10.046551
0.0,2,10.048823
0.165545,3,10.052216
0.0,4,10.056336
-0.732366,3,10.059432
-0.703597,3,10.062409
-1.0,3,10.0653
0.0,2,10.067594
0.0,3,10.070505
0.0,4,10.074714
0.0,2,10.076568
-0.982255,3,10.0796
0.0,4,10.083633
0.0,4,10.087729
0.0,2,10.089766
-0.305246,3,10.092781
0.0,3,10.095987
-1.0,4,10.099823
-0.014408,4,10.103648
0.0,2,10.105406
0.0,3,10.108479
0.0,3,10.111419
0.0,3,10.114353
0.119339,2,10.116477
0.0,3,10.11919
0.0,5,10.123985
0.282869,2,10.125772
0.0,2,10.127639
0.0,5,10.132282
0.023392,3,10.13515
0.0,2,10.137049
0.0,3,10.140067
0.0,2,10.141928
0.0,2,10.14371
0.0,4,10.147435
0.0,3,10.150208
0.0,4,10.154063
0.0,2,10.155921
0.0,2,10.157723
0.0,3,10.160616
-0.001467,2,10.162466
0.0,5,10.167022
0.0,3,10.169688
1.0,2,10.171589
0.0,2,10.173635
0.0,4,10.177303
0.0,3,10.180092
-0.534325,4,10.183685
-0.429594,3,10.186412
-0.295764,4,10.190083
0.0,3,10.192723
-0.774045,4,10.196825
0.0,2,10.198591
1.5,2,10.20049
-0.163226,2,10.20228
0.154379,2,10.20408
0.0,2,10.205788
0.0,5,10.210364
0.0,3,10.213047
0.0,3,10.215872
1.5,2,10.217653
0.0,3,10.220294
0.0,3,10.223194
0.0,2,10.224997
-1.0,4,10.228685
1.0,3,10.231447
0.0,3,10.234063
1.5,2,10.236024
0.0,4,10.239587
0.0,5,10.244152
0.0,4,10.24771
0.0,4,10.251422
0.0,4,10.254892
0.0,3,10.257769
0.0,2,10.259537
0.0,4,10.263159
0.0,4,10.266858
0.0,3,10.269569
0.122604,2,10.271566
0.0,2,10.273389
0.0,3,10.27604
0.0,3,10.278792
1.216561,2,10.280948
0.557257,2,10.282921
0.866892,2,10.284971
0.0,2,10.286851
0.0,3,10.289552
0.0,3,10.292574
0.0,3,10.295245
0.0,2,10.297014
-0.272599,2,10.298904
0.0,5,10.303302
0.0,7,10.309528
0.0,3,10.312319
0.0,2,10.314166
0.291968,3,10.316792
0.0,2,10.318628
0.0,5,10.323175
0.0,2,10.324924
0.0,4,10.328598
1.103144,2,10.330395
0.770466,3,10.333198
0.0,2,10.334999
-0.384612,3,10.337703
0.0,3,10.340493
0.0,4,10.344053
-0.371087,4,10.347849
1.5,2,10.349702
0.0,2,10.351523
0.0,4,10.355206
0.0,4,10.358805
0.0,4,10.362463
0.0,3,10.365165
-0.392629,2,10.366853
0.0,4,10.370687
-0.197681,4,10.374101
0.0,4,10.377856
0.0,2,10.379594
0.0,2,10.381446
0.0,3,10.384225
0.0,3,10.386895
0.0,3,10.390134
1.5,2,10.39209
0.0,3,10.394815
0.0,3,10.397988
-0.875613,4,10.401622
0.0,2,10.403792
0.0,3,10.406585
0.0,3,10.409379
0.0,3,10.412211
0.0,4,10.415757
0.0,2,10.417803
0.0,3,10.42045
0.0,3,10.423101
0.0,3,10.425929
0.0,2,10.427668
0.0,2,10.429396
0.0,3,10.432305
0.0,4,10.435764
0.0,4,10.439586
0.0,4,10.443009
0.0,4,10.44674
0.0,4,10.450173
0.0,3,10.453113
0.0,2,10.454958
0.0,5,10.459418
0.0,2,10.461232
0.0,3,10.46368
0.0,3,10.466581
0.03116,2,10.468387
0.0,3,10.470917
-0.297171,4,10.474654
0.0,3,10.477211
0.0,2,10.479169
0.0,2,10.481109
1.5,2,10.48283
0.0,4,10.486494
0.0,2,10.488329
0.0,3,10.491069
0.0,3,10.494162
0.0,2,10.496017
0.0,3,10.498679
0.0,2,10.500618
-0.288287,2,10.502492
0.410637,3,10.50529
0.0,2,10.507382
0.0,3,10.510062
0.28861,3,10.513066
0.0,2,10.514877
0.0,3,10.517705
0.0,4,10.521461
0.0,2,10.523238
0.0,4,10.527097
-0.451941,4,10.530901
-0.170659,3,10.534171
0.0,3,10.536803
0.0,2,10.538769
0.0,4,10.54245
-0.004632,4,10.546093
0.0,2,10.547953
0.0,4,10.551515
0.0,6,10.556983
0.0,2,10.558765
0.0,3,10.561735
0.0,2,10.563607
-0.166265,3,10.566323
0.0,3,10.569179
0.155405,3,10.57216
0.0,2,10.574672
0.0,4,10.578275
0.0,3,10.580792
0.0,2,10.582575
0.0,3,10.585171
0.0,4,10.588507
0.0,3,10.591067
0.0,3,10.593505
0.0,2,10.595319
0.0,4,10.598863
0.0,2,10.600615
-0.034015,2,10.602386
-0.559805,2,10.604256
0.0,4,10.607569
0.0,2,10.609499
0.0,3,10.612035
0.0,3,10.614571
-0.179755,4,10.618044
0.0,3,10.620558
0.0,2,10.622293
0.0,3,10.625113
0.710248,3,10.627594
0.0,3,10.630199
0.0,2,10.63195
0.0,4,10.635294
0.0,5,10.639585
0.0,3,10.642042
-0.096675,2,10.643841
0.0,3,10.646462
0.0,5,10.650545
0.0,4,10.653959
-0.219013,5,10.658183
0.0,3,10.660732
0.0,5,10.664882
0.0,5,10.668968
0.0,5,10.673378
0.0,2,10.675118
0.0,3,10.677625
0.0,3,10.680326
0.0,4,10.683618
1.5,2,10.685645
0.0,4,10.689179
0.0,4,10.692754
0.0,2,10.694856
0.0,3,10.697958
0.0,2,10.699813
0.0,3,10.70274
-0.553143,3,10.705957
0.0,4,10.710308
0.0,2,10.712538
0.0,2,10.714739
0.0,3,10.717646
-1.0,4,10.721046
0.0,6,10.726319
0.0,3,10.729098
0.0,4,10.73287
0.0,2,10.734639
1.5,2,10.736561
0.0,4,10.740217
0.0,2,10.742127
0.0,4,10.745818
0.0,3,10.748484
0.0,3,10.751312
1.5,2,10.753127
0.0,3,10.755844
0.0,4,10.759543
0.0,4,10.763104
0.0,3,10.765963
0.0,3,10.768616
0.0,2,10.770387
0.0,4,10.774096
0.0,3,10.776821
-1.0,5,10.781581
0.0,2,10.783411
0.0,5,10.787934
0.0,4,10.791673
0.0,4,10.795703
0.0,3,10.798349
0.0,5,10.803442
0.0,3,10.806318
-1.0,4,10.809823
1.5,2,10.811596
0.0,4,10.815251
0.0,2,10.817194
0.0,2,10.819269
0.0,3,10.822278
0.0,4,10.825865
0.500116,2,10.827853
0.0,3,10.830601
0.0,2,10.832382
0.997937,2,10.83442
0.0,4,10.838033
0.0,2,10.839791
-2.0,2,10.841853
0.0,4,10.845459
0.0,3,10.848278
0.0,5,10.852727
0.0,3,10.855614
0.0,3,10.858381
-1.0,2,10.860129
-0.507398,3,10.863048
0.0,2,10.864911
0.0,3,10.867556
0.0,5,10.872094
0.0,3,10.87475
0.0,4,10.878544
0.0,4,10.88213
0.0,2,10.88408
0.0,3,10.886762
0.0,2,10.888521
0.0,3,10.891729
-0.004007,3,10.894453
0.0,2,10.896403
0.0,3,10.899245
0.0,2,10.901138
-2.0,2,10.903014
1.5,2,10.904924
0.0,2,10.906863
0.0,3,10.909554
0.0,2,10.911462
0.0,3,10.914171
0.0,3,10.916855
0.0,4,10.920675
-0.81726,5,10.925433
0.0,5,10.930243
-0.126219,6,11.00878
0.0,2,11.010789
0.0,3,11.013435
0.0,2,11.015307
0.0,3,11.017924
0.0,4,11.021232
0.0,2,11.022996
0.0,4,11.026323
0.0,3,11.028879
-0.344918,3,11.031536
0.0,3,11.034009
-0.317812,3,11.036629
0.0,2,11.038445
0.0,5,11.042603
0.0,5,11.046828
0.0,2,11.048577
0.0,2,11.050341
0.0,2,11.052135
0.0,3,11.054618
0.0,3,11.057369
0.0,3,11.060478
0.0,4,11.063879
0.0,3,11.066527
0.0,4,11.069815
0.0,3,11.072419
0.0,4,11.075761
-0.645592,4,11.079232
0.0,4,11.082532
0.0,4,11.086038
0.0,2,11.087905
0.0,3,11.090591
0.0,3,11.093253
-0.546393,4,11.096745
0.0,3,11.099547
0.355698,4,11.103121
1.356756,2,11.104876
0.0,3,11.107641
0.0,2,11.109383
0.0,4,11.112728
0.0,4,11.116259
0.305672,3,11.118864
0.0,3,11.12149
0.511192,3,11.123928
0.0,3,11.126549
0.0,2,11.128397
0.0,2,11.130145
0.0,2,11.1318
0.0,6,11.136751
0.0,2,11.138467
-0.339248,2,11.140224
0.0,4,11.143747
0.0,3,11.146272
0.0,4,11.149736
0.0,3,11.152249
0.0,4,11.155706
0.0,2,11.157502
0.0,2,11.15923
0.0,4,11.163023
0.0,5,11.167138
0.0,4,11.170743
0.0,4,11.174133
0.0,2,11.17613
0.0,3,11.178917
0.0,2,11.180556
1.0,2,11.182599
-1.0,4,11.18618
0.0,5,11.191008
-1.322796,2,11.192833
0.0,4,11.196611
-0.158578,3,11.19962
0.0,5,11.204351
0.0,4,11.208136
0.0,3,11.210834
0.0,3,11.213312
0.0,4,11.216991
-0.270453,3,11.219452
0.0,3,11.222427
0.0,4,11.225715
0.0,3,11.228436
0.0,4,11.231944
0.0,3,11.234564
0.0,3,11.237439
0.0,2,11.239146
0.0,5,11.243592
1.0,3,11.246176
0.0,2,11.24785
0.0,4,11.251594
-0.686524,2,11.253263
0.0,2,11.254932
0.103039,2,11.256935
0.0,3,11.259502
0.0,2,11.261204
0.0,3,11.264036
0.0,3,11.266611
0.0,4,11.270116
0.0,2,11.271991
0.0,3,11.274517
0.0,4,11.27806
0.0,2,11.279804
0.0,2,11.281473
0.0,3,11.284147
0.0,4,11.287588
0.0,5,11.292022
0.0,3,11.294586
0.0,3,11.297097
0.0,3,11.300109
0.0,2,11.301942
0.0,3,11.30469
0.0,3,11.307379
0.0,4,11.310817
0.0,4,11.314488
-0.177617,4,11.317814
0.0,3,11.320672
0.0,3,11.323259
0.0,5,11.327714
0.0,3,11.330179
0.0,2,11.33205
0.0,3,11.334814
-0.086517,2,11.336508
0.0,2,11.338185
0.0,4,11.341912
0.0,4,11.345176
0.0,2,11.347145
0.0,4,11.350691
0.0,3,11.353435
0.0,3,11.356147
0.0,4,11.359534
0.0,2,11.361532
0.0,3,11.364234
0.0,2,11.3659
0.0,4,11.369624
1.0,3,11.372152
0.0,4,11.375878
0.0,3,11.37843
0.0,2,11.380164
0.0,3,11.383081
0.0,4,11.386357
0.0,3,11.389467
-0.961069,3,11.392231
-0.35604,3,11.394878
0.0,3,11.397995
0.0,2,11.399697
0.0,4,11.403439
0.0,4,11.406872
0.0,2,11.408788
0.0,4,11.412359
0.0,4,11.415873
0.0,2,11.417907
0.0,4,11.42129
0.0,3,11.424196
0.0,3,11.426708
0.0,4,11.430434
0.0,3,11.433394
-0.305662,4,11.437062
0.0,3,11.440188
0.0,2,11.442111
0.576818,2,11.444325
0.0,3,11.447287
0.0,2,11.449184
-0.327971,3,11.45221
0.0,2,11.454027
0.0,3,11.456622
0.0,4,11.460217
0.0,3,11.462835
0.0,4,11.467088
0.0,3,11.469567
-1.0,4,11.473352
-0.156244,3,11.475817
0.0,3,11.478539
0.0,5,11.482959
0.0,3,11.485663
0.0,3,11.488487
0.0,3,11.490954
-1.0,4,11.494687
0.0,3,11.49717
0.0,3,11.499881
0.0,2,11.501823
-0.093776,5,11.50663
0.0,5,11.510909
0.0,3,11.513735
0.0,3,11.516669
0.0,3,11.5192
0.0,4,11.522932
0.0,2,11.524622
0.0,3,11.52717
0.0,3,11.529889
0.0,5,11.534072
0.0,3,11.536848
-0.031116,2,11.538523
0.0,4,11.542279
0.0,4,11.545613
0.0,3,11.5482
0.0,3,11.550774
0.0,3,11.553254
1.5,2,11.555037
0.0,4,11.558384
0.0,3,11.561136
0.0,3,11.564299
0.0,3,11.566743
0.0,4,11.570423
0.0,3,11.57326
0.0,2,11.575218
0.0,4,11.579803
0.0,3,11.583015
0.0,2,11.585313
0.0,4,11.589894
0.0,2,11.592717
0.0,3,11.596943
-0.108651,3,11.601664
1.107577,2,11.604861
0.0,2,11.607454
0.0,3,11.611548
0.0,2,11.613463
0.0,2,11.615225
0.0,3,11.618022
-0.479943,3,11.620794
0.0,3,11.623431
0.0,4,11.628069
-0.008464,3,11.63082
0.0,4,11.634569
0.0,4,11.638012
0.0,3,11.640819
0.0,4,11.644194
0.0,4,11.647827
0.0,3,11.650312
0.0,3,11.652984
0.0,5,11.657098
0.0,4,11.661994
0.0,4,11.66535
0.0,2,11.667005
0.0,3,11.669533
0.0,5,11.673688
0.0,5,11.677759
0.0,4,11.681176
0.0,5,11.685281
0.0,2,11.686889
0.0,3,11.689416
0.0,3,11.691842
0.0,2,11.693516
0.0,3,11.69608
-1.0,3,11.69864
0.019573,2,11.700312
0.0,4,11.7037
-1.0,3,11.706134
0.115126,2,11.707748
0.0,2,11.709541
0.0,3,11.712011
0.0,5,11.716105
0.0,3,11.718616
0.0,3,11.72101
0.0,3,11.723594
0.0,6,11.728405
0.845397,2,11.730161
0.0,2,11.731843
0.0,2,11.733509
0.0,3,11.735955
1.5,2,11.737675
0.0,2,11.73928
0.0,5,11.743339
0.0,4,11.746629
1.5,2,11.748254
0.0,3,11.750723
0.0,5,11.754814
1.5,2,11.756422
0.0,2,11.758201
0.0,3,11.760667
-0.36598,3,11.76314
0.0,3,11.765728
0.0,3,11.768198
0.0,4,11.771514
-0.2185,4,11.774826
0.0,2,11.776474
0.0,2,11.778156
0.0,3,11.780713
0.0,3,11.783143
-0.264988,3,11.785634
0.0,3,11.788098
0.0,2,11.789728
0.0,4,11.793109
0.0,2,11.794747
0.0,2,11.79644
0.0,3,11.79887
0.208679,5,11.803024
0.0,5,11.807112
0.11963,3,11.809574
0.0,4,11.812888
-0.564498,4,11.816184
0.0,3,11.81865
0.0,3,11.821599
0.0,3,11.82415
0.0,3,11.826615
0.0,2,11.828317
0.0,4,11.831572
0.0,4,11.834919
0.0,4,11.838208
0.0,5,11.8423
1.0,5,11.846385
0.0,3,11.84891
0.0,5,11.852902
0.0,3,11.855453
0.0,2,11.857105
0.0,3,11.859535
0.0,3,11.862054
0.0,2,11.86368
0.0,4,11.866928
0.0,5,11.871013
0.0,2,11.872655
0.0,3,11.875103
0.0,3,11.877671
0.0,4,11.880867
0.0,3,11.88341
0.0,2,11.885092
0.0,2,11.886689
0.0,4,11.890061
0.0,5,11.894234
0.0,3,11.896742
0.0,2,11.898436
0.0,2,11.900132
0.0,3,11.902602
0.0,2,11.904367
0.0,2,11.906
0.0,2,11.907659
1.453496,2,11.909261
0.0,3,11.91182
0.0,4,11.915036
-1.0,3,11.981024
0.0,3,11.983769
0.0,4,11.987116
0.0,4,11.990361
0.0,3,11.992841
0.0,3,11.995358
0.0,3,11.997868
0.0,2,11.999502
0.0,3,12.002094
-0.188644,5,12.006341
0.497408,2,12.008311
0.0,2,12.010047
0.0,2,12.011657
0.0,3,12.014355
1.5,2,12.016124
0.0,2,12.017771
0.0,3,12.020286
0.0,3,12.022989
0.0,3,12.025539
0.0,3,12.028138
0.0,3,12.030726
0.0,5,12.034949
1.5,2,12.036754
0.0,4,12.039975
0.0,2,12.041812
0.0,3,12.044752
0.0,4,12.047961
0.0,2,12.04981
0.0,3,12.052269
1.458907,2,12.053867
0.0,3,12.056589
0.0,4,12.059802
0.0,6,12.06486
0.0,2,12.066478
0.0,3,12.068895
0.0,3,12.071546
0.0,3,12.07399
0.0,4,12.077411
1.189846,2,12.079021
0.0,4,12.082159
0.0,2,12.083934
0.0,2,12.085683
0.0,4,12.088799
0.0,3,12.09136
0.0,3,12.093811
0.0,3,12.096237
0.0,4,12.099758
0.0,3,12.10229
0.0,5,12.106545
-1.0,3,12.108917
0.0,3,12.111429
-0.020681,3,12.113924
0.0,6,12.118887
-0.150202,5,12.122838
0.0,3,12.125757
0.0,3,12.128259
0.081748,3,12.130626
0.0,3,12.133245
-0.518413,4,12.136553
0.0,2,12.138134
0.0,3,12.140795
1.5,2,12.142381
0.0,4,12.145775
0.0,5,12.150013
0.0,3,12.152543
0.0,5,12.1568
0.0,5,12.161124
0.0,4,12.164822
0.0,3,12.167568
0.0,3,12.170172
0.0,3,12.172707
0.0,3,12.175441
0.0,2,12.177166
0.0,3,12.179674
0.0,3,12.182455
-0.822192,2,12.184233
0.0,5,12.188565
0.0,2,12.190453
0.0,2,12.192128
0.0,3,12.194641
0.0,2,12.196355
0.0,2,12.198413
0.0,4,12.20194
0.0,4,12.205575
-0.428338,4,12.209093
0.0,4,12.2127
0.0,2,12.214434
0.0,4,12.218121
0.0,2,12.219815
0.0,3,12.222201
0.0,4,12.225864
0.0,4,12.229092
0.0,4,12.232829
0.0,5,12.237125
0.0,4,12.240704
0.0,2,12.24245
0.0,3,12.245329
0.0,4,12.248845
-0.183968,3,12.251633
0.0,4,12.254999
0.0,2,12.256608
0.0,3,12.259374
0.0,4,12.262621
0.0,3,12.265204
0.0,4,12.268644
0.0,4,12.271992
0.0,4,12.27574
-0.195904,4,12.279328
0.0,3,12.282185
-0.088258,5,12.286823
0.0,2,12.288866
-0.506241,4,12.292469
0.0,2,12.294713
0.0,4,12.298553
0.0,3,12.301265
0.657693,2,12.303571
0.0,4,12.307564
0.0,2,12.309406
0.0,3,12.312011
0.0,3,12.314985
0.0,4,12.318605
0.108216,3,12.321492
-0.88614,3,12.324429
0.0,3,12.327067
0.0,3,12.329996
0.0,3,12.33252
0.0,4,12.336328
0.0,6,12.341584
0.0,2,12.343405
0.0,4,12.347108
0.0,3,12.349974
0.0,3,12.352884
-0.675098,5,12.357171
0.0,6,12.362525
0.0,3,12.365338
0.0,2,12.367064
0.0,2,12.368733
0.0,2,12.370539
0.0,4,12.374211
0.0,4,12.377759
0.0,4,12.38148
0.0,4,12.385067
0.0,3,12.3878
0.0,4,12.391991
0.0,2,12.394015
0.3183,2,12.395931
-0.125112,4,12.399938
0.0,5,12.404459
0.0,3,12.407427
0.0,3,12.41014
0.0,4,12.413894
0.0,4,12.417514
0.0,3,12.420403
0.0,3,12.423043
-0.909854,3,12.425965
0.0,4,12.429848
0.0,4,12.433392
0.0,5,12.438004
0.0,2,12.439894
0.0,4,12.443607
-0.16685,5,12.4482
0.0,4,12.451738
0.0,4,12.455441
0.0,2,12.457153
-0.120235,3,12.459821
0.0,3,12.462624
-0.345455,4,12.466099
0.0,3,12.469018
0.0,3,12.471736
0.0,3,12.474456
0.0,4,12.478248
0.0,3,12.48105
0.844721,2,12.483051
0.0,4,12.48661
0.0,2,12.488549
0.76286,2,12.490495
0.0,3,12.493179
0.0,3,12.496007
0.0,2,12.498133
-0.192765,3,12.500926
0.0,3,12.504183
-0.027733,2,12.506402
0.0,4,12.510094
0.0,3,12.513093
-0.701954,3,12.51595
0.0,3,12.518878
0.0,5,12.523446
0.0,4,12.527334
0.0,4,12.530938
0.0,4,12.53465
0.0,5,12.539096
0.0,3,12.541944
0.0,3,12.545181
0.0,3,12.548159
0.0,4,12.551895
0.0,3,12.554802
1.5,2,12.556737
0.0,2,12.558654
0.0,3,12.561593
0.0,3,12.564397
0.0,2,12.566177
0.0,5,12.570893
0.0,4,12.574722
0.0,3,12.577578
0.0,3,12.580467
0.152194,2,12.582406
0.0,2,12.584314
0.0,2,12.586198
0.0,2,12.588159
0.0,3,12.591011
0.0,2,12.592963
0.0,3,12.595835
0.0,2,12.597843
0.0,2,12.599796
0.0,4,12.604115
-1.0,3,12.607104
0.0,2,12.609367
0.0,3,12.612603
0.0,4,12.616637
0.0,3,12.619611
0.0,4,12.623409
0.0,3,12.626383
0.0,3,12.629369
0.0,2,12.631344
0.0,2,12.63331
0.0,3,12.636124
1.5,2,12.638092
0.0,2,12.640094
0.0,3,12.642893
0.0,3,12.646028
1.5,2,12.64798
0.0,2,12.649792
0.0,3,12.652813
0.0,2,12.654721
0.0,2,12.656615
0.0,5,12.661414
0.0,3,12.66421
0.0,3,12.667313
0.0,5,12.671984
-0.672392,4,12.675893
0.0,3,12.678737
0.0,2,12.680754
-0.138421,4,12.684468
0.0,5,12.689171
0.0,6,12.694754
0.0,3,12.697914
0.0,3,12.700999
1.0,2,12.703099
-0.099691,2,12.70501
0.0,4,12.708845
0.0,3,12.711699
0.0,4,12.715543
0.0,4,12.719675
0.0,3,12.72297
0.0,3,12.726301
0.0,4,12.730967
0.0,2,12.733312
-0.268161,3,12.736459
-0.960828,4,12.740336
0.0,2,12.742346
1.5,2,12.744366
0.0,4,12.748322
0.0,5,12.753384
0.0,3,12.756376
0.0,3,12.759404
0.0,3,12.762297
0.0,3,12.765346
1.5,2,12.767392
0.0,3,12.770559
0.0,3,12.773711
0.287075,3,12.77686
0.0,5,12.781868
0.0,2,12.784061
0.0,4,12.788059
0.0,3,12.791288
0.0,3,12.794622
0.0,4,12.798809
0.0,4,12.803029
0.0,2,12.805332
0.0,3,12.808494
0.0,4,12.812562
0.0,5,12.817632
0.0,6,12.824476
0.0,4,12.828841
0.0,3,12.831777
0.0,2,12.833992
-0.495414,4,12.837985
0.0,4,12.842239
0.0,6,12.848186
-0.625733,3,12.851257
0.0,3,12.854466
0.0,3,12.857549
0.0,3,12.860663
0.0,3,12.863799
0.0,4,12.867863
0.0,3,12.871061
-1.0,4,12.875263
0.0,3,12.87848
0.0,3,12.881621
0.0,4,12.88573
0.0,6,12.892196
-0.678538,4,12.896046
0.0,3,12.898753
0.0,2,12.900691
0.0,2,12.902587
0.0,3,12.905217
0.0,4,12.908771
0.232995,3,12.912002
-0.479542,5,12.917351
0.0,4,12.921607
0.0,5,12.927231
0.0,4,12.931602
0.0,3,12.934854
0.0,5,12.941108
0.0,2,13.022027
0.0,3,13.025246
0.0,3,13.028479
0.0,2,13.030613
0.0,3,13.03359
0.0,4,13.037862
0.0,3,13.040983
0.0,4,13.045073
0.961217,4,13.049144
0.0,3,13.052232
0.0,3,13.055292
0.0,5,13.060343
0.0,3,13.063537
0.0,2,13.065725
0.0,2,13.067887
0.0,2,13.070546
0.0,4,13.075057
0.0,3,13.078556
0.0,2,13.080741
0.0,4,13.085098
0.475166,2,13.087272
0.728445,2,13.089349
0.836663,3,13.092788
0.0,4,13.09696
0.0,3,13.10021
0.0,4,13.104732
0.0,3,13.10814
0.0,3,13.111417
0.0,2,13.113703
0.0,5,13.118793
0.0,3,13.122017
0.0,4,13.126301
0.0,3,13.129456
1.5,2,13.131661
0.0,4,13.135947
0.0,3,13.139096
0.0,3,13.142383
0.0,3,13.145581
1.5,2,13.147809
-0.041635,4,13.152211
1.5,2,13.154479
0.0,3,13.157597
0.0,3,13.160971
0.0,3,13.164155
0.0,3,13.167454
0.0,2,13.169702
0.0,3,13.172619
0.0,3,13.176091
0.0,3,13.179159
0.0,4,13.183769
0.0,4,13.187809
0.0,3,13.191311
0.0,3,13.194578
0.0,5,13.20026
0.0,3,13.203816
1.0,3,13.206887
0.0,3,13.210159
-0.338799,3,13.213488
0.0,2,13.215533
0.0,4,13.220049
0.0,4,13.224313
0.1135,3,13.227581
0.0,5,13.233013
0.0,5,13.238045
0.0,3,13.241167
0.0,2,13.243076
0.0,3,13.246643
0.0,2,13.248688
0.0,3,13.251898
0.0,2,13.254186
0.0,3,13.256988
0.0,2,13.259387
0.0,3,13.262538
0.41826,2,13.264735
0.0,5,13.269919
0.0,3,13.273319
0.0,4,13.27728
0.364727,3,13.280715
-0.237809,3,13.283675
0.0,3,13.287
0.0,5,13.292167
0.0,2,13.294657
0.0,3,13.297755
0.0,3,13.301127
1.5,2,13.303439
0.0,4,13.30785
0.0,3,13.310975
0.0,4,13.315448
-0.886214,2,13.317586
-0.427189,5,13.323427
0.0,3,13.326327
0.0,4,13.330752
0.0,3,13.333793
0.0,4,13.338183
0.0,3,13.341213
0.0,3,13.344741
0.0,3,13.347679
0.0,3,13.35114
0.0,3,13.354044
0.0,2,13.356411
0.0,4,13.36048
0.0,3,13.363894
0.0,2,13.366129
0.0,2,13.367986
0.0,5,13.373571
0.0,3,13.376865
0.0,5,13.381893
0.094417,2,13.384374
1.008803,2,13.386689
0.0,3,13.389882
0.0,4,13.39463
0.0,2,13.396859
0.0,2,13.399523
0.0,3,13.403242
0.0,4,13.407912
0.0,2,13.409861
0.904479,2,13.412176
0.0,3,13.415484
0.0,2,13.41749
0.0,3,13.42094
0.0,4,13.424931
-1.0,5,13.430021
0.0,3,13.433254
0.0,2,13.435625
0.0,3,13.438697
0.0,4,13.442965
0.0,4,13.44716
0.0,2,13.449455
0.0,3,13.452488
0.0,4,13.456868
0.0,3,13.460021
0.0,2,13.462397
0.0,3,13.465365
0.0,2,13.467595
0.0,3,13.470809
0.0,3,13.473893
0.0,4,13.478244
0.0,2,13.480405
0.148985,5,13.48559
0.0,3,13.488777
0.0,2,13.491059
0.0,2,13.493013
0.0,3,13.496544
0.0,3,13.499819
0.0,3,13.503241
0.0,3,13.506634
0.0,3,13.510017
0.0,3,13.513213
0.0,3,13.516498
0.0,3,13.519819
-0.673858,4,13.524114
-0.125834,3,13.527235
0.0,2,13.529335
-1.0,2,13.531788
0.0,2,13.533834
0.0,2,13.535784
0.0,4,13.540112
0.0,3,13.543103
0.0,3,13.546672
0.0,2,13.548685
-0.338439,2,13.550798
0.0,2,13.553044
0.0,3,13.555959
0.0,2,13.558159
0.0,3,13.561381
-0.499171,3,13.564324
0.0,3,13.567645
0.0,4,13.571885
0.0,2,13.574512
0.0,4,13.57868
0.0,2,13.580907
0.0,2,13.582848
-0.313612,3,13.585886
-0.700359,5,13.59077
0.0,3,13.593964
0.0,5,13.598947
0.0,3,13.602193
0.0,5,13.607401
-0.627938,4,13.611291
0.0,3,13.615067
0.0,4,13.619715
0.0,3,13.623551
0.0,2,13.625638
0.0,4,13.629813
-0.712642,2,13.63177
0.0,3,13.634767
0.0,2,13.636986
-1.0,2,13.638969
0.0,3,13.642001
0.0,2,13.644019
0.0,3,13.646794
0.0,4,13.650927
0.0,3,13.653721
1.5,2,13.655859
0.0,3,13.658952
0.0,6,13.66495
0.0,3,13.66774
0.0,3,13.670901
0.0,2,13.672902
0.0,4,13.676852
0.0,3,13.680014
-0.086626,2,13.681957
0.0,5,13.686933
0.0,3,13.689959
0.0,2,13.692077
0.0,3,13.69492
0.0,2,13.696971
-0.156287,3,13.700415
0.0,2,13.702579
0.0,5,13.707929
0.0,2,13.709921
0.0,3,13.713282
0.0,3,13.716073
0.0,3,13.719244
1.5,2,13.721242
0.0,3,13.724173
0.0,3,13.727576
0.0,3,13.730575
1.892588,2,13.732812
-0.564391,4,13.736837
0.0,2,13.738915
0.753523,2,13.741113
0.0,4,13.744808
0.0,4,13.749112
0.0,3,13.752088
0.0,3,13.755375
-0.635014,2,13.757246
0.0,3,13.760168
0.0,4,13.764096
0.0,3,13.76714
0.0,3,13.770053
0.0,2,13.771879
0.0,3,13.774907
0.0,3,13.777785
0.0,3,13.780719
0.0,4,13.784452
0.0,2,13.786318
0.0,4,13.790454
0.0,2,13.792421
1.5,2,13.794545
1.5,2,13.796722
1.5,2,13.798743
0.0,3,13.801952
0.0,3,13.8053
-0.365203,3,13.808426
0.0,4,13.812521
0.0,6,13.818426
0.0,3,13.821838
0.0,2,13.824444
0.0,2,13.826865
-1.0,6,13.833249
0.0,3,13.836527
0.0,3,13.839821
0.0,3,13.842957
1.0,3,13.846132
0.0,3,13.849215
0.0,2,13.851569
0.0,8,13.859715
-0.188941,4,13.863938
0.0,3,13.867274
0.0,3,13.870486
0.0,4,13.874609
-0.392495,4,13.878744
0.0,2,13.881026
-0.811089,3,13.884038
0.0,5,13.889538
0.0,2,13.891866
0.0,3,13.89519
0.0,3,13.898521
0.0,3,13.902007
0.0,4,13.906322
-0.066376,3,13.909471
1.5,2,13.911353
0.0,5,13.916294
0.0,4,13.920153
0.0,2,13.922319
1.5,2,13.924162
0.0,3,13.92719
0.0,3,13.930278
0.0,5,13.934982
-0.282378,3,13.937898
0.0,2,13.940041
-0.243894,4,13.944055
0.0,2,13.945845
0.0,4,13.949932
0.0,2,13.951719
0.0,4,13.955596
0.0,3,13.958632
0.0,4,13.963091
0.801609,2,13.965866
0.0,2,13.96837
1.5,2,13.970679
0.0,3,13.973626
0.0,3,13.976998
0.0,3,13.980129
0.0,2,13.982286
0.0,4,13.98668
0.0,4,13.990855
-0.87052,5,13.995759
0.0,5,14.001358
0.0,4,14.006069
0.386724,2,14.008929
0.0,3,14.012543
0.0,3,14.01565
0.524181,2,14.017788
0.0,2,14.020112
-0.49577,3,14.023103
0.0,3,14.026441
0.0,5,14.031646
0.0,4,14.03583
0.0,3,14.039011
0.0,3,14.042147
0.0,3,14.045124
0.0,2,14.047338
0.0,5,14.052098
0.0,3,14.055299
0.0,2,14.057282
0.0,3,14.06075
0.0,3,14.063724
0.0,3,14.066858
0.0,3,14.069884
0.0,4,14.074456
0.0,3,14.077705
0.0,3,14.080935
0.0,3,14.084217
0.0,4,14.088639
0.0,4,14.092811
0.0,4,14.097186
0.0,6,14.104782
-0.567617,3,14.108451
0.0,3,14.111799
0.0,2,14.193304
0.0,3,14.196776
0.0,2,14.199084
0.0,3,14.202756
0.0,4,14.207057
0.0,4,14.211314
1.5,2,14.213646
-0.51281,5,14.218508
0.0,4,14.222856
0.0,2,14.224874
0.0,3,14.228258
0.0,3,14.231196
0.0,3,14.234351
0.0,3,14.237444
1.5,2,14.239944
0.0,2,14.242495
-0.466465,3,14.245661
0.0,4,14.250122
0.0,2,14.252191
0.0,4,14.25641
0.0,4,14.260345
-0.396783,3,14.26371
0.0,5,14.268692
0.0,3,14.271947
0.0,6,14.277978
0.0,3,14.280686
0.0,3,14.283973
0.0,3,14.286987
0.0,4,14.291203
0.0,3,14.294201
0.0,3,14.297339
0.0,2,14.299515
0.0,2,14.301544
0.0,3,14.304911
0.0,3,14.30807
-0.120187,4,14.312338
0.0,3,14.315314
0.0,4,14.319626
0.0,3,14.322526
0.0,2,14.324774
0.420819,2,14.32695
0.0,2,14.328855
0.0,3,14.332041
0.0,4,14.336064
0.0,2,14.33825
0.0,3,14.341445
0.0,4,14.345458
-0.331802,3,14.348638
0.0,4,14.352756
0.0,2,14.355012
0.0,2,14.357011
0.0,3,14.36031
0.0,2,14.3625
0.0,3,14.365459
-0.307824,4,14.369671
0.0,2,14.371587
1.5,2,14.373744
0.0,4,14.37765
0.0,3,14.38078
0.0,2,14.382895
0.0,4,14.386683
0.0,2,14.388986
0.0,3,14.392057
0.0,2,14.394288
0.0,3,14.397578
0.0,6,14.403982
0.039435,2,14.406049
0.0,3,14.409336
-0.060671,2,14.411448
-1.0,2,14.413424
0.0,2,14.415674
0.0,2,14.417773
0.0,2,14.419768
1.356204,2,14.421913
0.0,3,14.425203
0.0,7,14.432408
1.5,2,14.434269
0.0,4,14.438513
0.0,4,14.44236
0.0,3,14.4456
0.0,2,14.447599
0.0,4,14.451785
0.0,2,14.453808
0.0,3,14.456829
0.0,2,14.458967
0.0,4,14.462911
0.0,4,14.46702
0.462342,2,14.468984
0.0,3,14.472173
0.0,3,14.475133
0.0,3,14.478165
0.0,2,14.480264
0.0,6,14.486053
0.0,3,14.489171
0.0,3,14.492542
0.0,3,14.495563
0.0,5,14.50078
0.0,3,14.503727
0.0,3,14.50714
0.0,4,14.511141
0.0,4,14.515304
0.0,3,14.518292
0.0,3,14.521548
0.0,5,14.526359
0.0,5,14.531186
0.0,2,14.533352
1.0,3,14.536418
0.0,3,14.539304
0.0,2,14.541598
0.0,3,14.544551
0.0,4,14.548627
0.0,3,14.551413
0.0,5,14.556415
0.108268,3,14.559195
0.678686,3,14.562447
1.5,2,14.56452
0.0,4,14.568505
0.0,4,14.572445
0.0,6,14.578375
-0.291405,4,14.582436
0.0,2,14.584665
0.0,3,14.587618
0.0,3,14.590862
0.0,4,14.594615
0.0,4,14.598824
0.0,2,14.600947
1.5,2,14.603131
1.216002,2,14.605436
0.0,3,14.608722
0.0,2,14.610948
0.0,3,14.613827
0.0,3,14.616894
0.0,3,14.620004
0.0,3,14.622871
1.0,3,14.626237
0.0,3,14.629167
0.0,5,14.63417
0.0,4,14.638037
1.5,2,14.640528
0.0,4,14.64446
0.0,4,14.648565
0.0,3,14.65161
0.0,2,14.653849
0.0,2,14.655767
0.0,2,14.657635
0.0,3,14.660692
0.0,2,14.662594
0.0,3,14.665729
0.0,2,14.667934
0.0,4,14.6716
0.0,3,14.674818
0.0,3,14.677576
0.0,4,14.681562
0.0,2,14.683483
-0.416154,4,14.687383
0.0,3,14.69021
0.0,4,14.694037
0.0,2,14.695963
0.638228,2,14.697945
0.0,2,14.700024
0.0,4,14.704387
0.0,2,14.706382
-0.348086,2,14.708694
0.0,2,14.710718
0.0,2,14.712693
0.0,3,14.716008
0.0,4,14.719919
1.5,2,14.722177
0.0,3,14.725349
0.062171,4,14.729712
0.0,3,14.732649
0.0,4,14.736958
0.0,4,14.741236
-1.0,3,14.744789
0.0,4,14.749141
0.0,3,14.752574
0.0,3,14.755648
0.0,3,14.758884
0.0,2,14.760934
0.0,2,14.763151
0.0,3,14.766307
0.0,3,14.769332
0.0,2,14.771442
0.0,2,14.773479
0.0,5,14.778455
0.0,3,14.781478
0.0,3,14.784661
0.0,4,14.788509
0.0,4,14.792646
0.0,2,14.794596
0.0,3,14.797424
0.0,2,14.799521
0.0,6,14.804959
0.0,3,14.808019
-0.36295,3,14.810857
0.0,3,14.813868
0.0,4,14.817543
0.0,3,14.820608
0.0,2,14.822531
0.0,2,14.824416
0.0,2,14.826928
-1.0,4,14.830763
0.0,4,14.83489
0.0,3,14.837732
0.0,3,14.840912
0.0,3,14.844038
0.0,3,14.847115
0.0,3,14.849993
0.0,3,14.852905
0.0,5,14.857751
0.0,2,14.859897
0.0,3,14.862883
0.0,3,14.865579
0.0,5,14.870483
0.0,4,14.874081
0.0,2,14.876236
0.0,3,14.879078
0.0,3,14.882141
0.0,3,14.884906
0.0,3,14.887739
0.0,5,14.893502
0.0,7,14.900439
0.0,5,14.905591
0.0,4,14.909526
0.0,2,14.911512
0.0,3,14.914218
0.0,4,14.918245
0.0,3,14.921063
0.0,4,14.925033
0.0,3,14.92786
0.0,3,14.9309
0.079775,2,14.932876
0.0,3,14.935573
0.0,3,14.938792
0.0,3,14.941649
0.0,5,14.946579
0.0,3,14.94932
0.0,2,14.951491
0.0,3,14.954326
0.0,3,14.957174
0.397441,2,14.959486
0.0,3,14.962298
0.0,2,14.964227
0.506349,2,14.966381
0.0,2,14.968402
0.0,3,14.971307
0.0,2,14.973464
0.0,2,14.975357
0.0,3,14.978281
0.0,3,14.981294
0.0,2,14.983187
0.0,4,14.987299
0.0,3,14.990203
0.0,4,14.994565
0.0,4,14.998517
0.0,4,15.002545
0.0,3,15.005391
0.0,4,15.009617
0.0,3,15.012609
0.0,4,15.016607
0.207642,4,15.020408
0.0,2,15.02243
0.0,2,15.024252
0.0,3,15.027153
0.0,3,15.030184
0.0,3,15.033021
0.0,2,15.035066
0.0,3,15.038027
0.0,2,15.040075
0.0,5,15.044775
0.0,2,15.046696
0.0,3,15.049812
0.0,3,15.052506
0.0,3,15.055416
0.0,3,15.058382
0.0,3,15.061197
0.0,5,15.065894
0.477924,2,15.067653
-2.0,2,15.069824
1.5,2,15.071735
0.0,3,15.074378
0.0,4,15.078298
0.851851,2,15.080185
0.0,3,15.083133
-1.0,5,15.087659
0.0,3,15.090458
0.0,4,15.094176
-0.133039,3,15.09699
0.0,2,15.09908
0.0,4,15.102695
0.0,3,15.105668
0.0,4,15.109315
0.0,4,15.113155
0.0,4,15.116656
0.0,2,15.11879
0.0,4,15.12251
0.0,4,15.126567
0.398336,3,15.12943
0.0,2,15.131448
0.0,4,15.13655
0.376888,3,15.139901
0.0,3,15.142664
0.0,5,15.147567
0.0,5,15.152061
0.0,2,15.154104
0.0,3,15.156919
0.0,4,15.160872
0.0,3,15.163596
0.248188,5,15.168512
0.0,3,15.171196
0.0,3,15.174136
-0.152025,3,15.176961
0.189048,2,15.178829
0.0,3,15.181903
0.0,2,15.183774
0.0,4,15.187479
0.0,2,15.18954
0.0,2,15.191422
0.0,3,15.194282
0.0,3,15.197214
2.0,2,15.199188
0.0,4,15.204396
-0.056624,2,15.206778
0.0,4,15.210967
0.0,3,15.213755
0.0,2,15.215836
0.0,3,15.218772
0.0,4,15.222518
0.0,4,15.226267
0.0,2,15.228264
1.5,2,15.31472
0.0,2,15.316778
0.0,3,15.319887
0.618729,3,15.322915
0.0,3,15.325889
0.0,3,15.329066
0.0,3,15.331871
0.0,3,15.335016
0.0,4,15.338661
0.0,2,15.340743
0.0,3,15.34373
0.0,5,15.348376
0.0,3,15.35133
0.0,2,15.353231
0.0,2,15.355787
0.0,3,15.358946
0.0,4,15.362769
0.0,3,15.365475
0.0,2,15.36735
0.0,4,15.371443
0.0,2,15.373353
-0.496102,4,15.377178
0.0,4,15.38083
0.0,3,15.383778
0.0,4,15.387343
0.0,3,15.391028
0.0,3,15.393954
0.0,3,15.397131
0.0,5,15.401858
-0.325958,3,15.405009
0.0,3,15.407943
0.0,3,15.410922
0.0,3,15.413658
0.0,4,15.417243
0.0,3,15.420039
0.0,3,15.422752
0.0,2,15.424863
1.0,4,15.428495
0.0,3,15.431456
1.5,2,15.433458
0.0,4,15.437228
0.0,2,15.439322
0.0,2,15.441324
0.0,4,15.445069
0.0,4,15.448933
0.0,4,15.452682
0.0,3,15.455458
0.0,4,15.4591
0.0,4,15.462795
0.0,3,15.465472
0.0,4,15.469151
0.0,3,15.471764
0.0,4,15.475565
0.0,4,15.479002
0.0,4,15.482684
0.0,6,15.487943
0.0,5,15.492177
0.0,3,15.495098
0.0,5,15.499346
0.0,3,15.502349
0.0,6,15.5077
0.0,2,15.509779
0.0,2,15.511695
0.0,3,15.51448
0.0,3,15.5172
0.0,3,15.519793
0.0,4,15.52362
0.136918,3,15.526151
-0.299675,3,15.528978
0.0,5,15.533381
0.0,3,15.536103
0.451161,4,15.539702
0.0,3,15.542469
0.0,2,15.544423
-1.0,2,15.546239
0.0,2,15.548035
0.0,2,15.550107
0.796133,2,15.551936
0.0,3,15.554548
0.0,3,15.557358
0.0,3,15.55999
-1.0,3,15.562605
-0.967184,5,15.567202
0.0,4,15.570816
0.0,3,15.573473
0.0,4,15.576952
0.0,4,15.580678
0.0,2,15.5825
0.0,5,15.587013
-0.415344,3,15.589608
0.0,2,15.591515
0.0,4,15.595167
0.0,3,15.597843
0.0,2,15.599791
1.0,3,15.602557
0.0,3,15.60552
0.0,2,15.607699
0.0,3,15.61052
0.0,3,15.613304
0.0,3,15.616091
0.0,3,15.618843
0.0,2,15.620801
0.0,4,15.624229
0.0,3,15.627067
0.0,2,15.628956
-1.0,3,15.63165
0.0,2,15.63369
1.5,2,15.635572
0.0,2,15.637334
0.0,4,15.641344
0.0,3,15.644069
0.0,3,15.646786
0.0,6,15.65214
0.0,2,15.65417
0.0,5,15.658635
0.0,3,15.661558
0.0,2,15.663444
0.0,2,15.665207
0.0,3,15.6679
0.0,4,15.671549
-0.154654,4,15.675331
-0.206717,3,15.677981
0.544726,2,15.679779
0.0,4,15.683553
-0.612598,4,15.68701
0.0,2,15.689034
0.0,3,15.691885
1.5,2,15.693669
0.0,3,15.696577
0.0,2,15.698441
0.0,2,15.700235
0.0,4,15.704098
0.0,5,15.708671
0.0,3,15.71154
0.0,4,15.71502
0.0,2,15.717058
0.0,3,15.719745
0.0,3,15.722485
0.0,2,15.724437
0.0,3,15.727056
0.0,3,15.729633
0.0,2,15.731649
0.0,3,15.734409
0.0,4,15.737772
0.0,3,15.740626
0.0,2,15.742405
0.0,3,15.745126
-0.398967,3,15.747783
0.0,3,15.750439
0.0,3,15.753205
0.0,3,15.755893
0.0,4,15.759496
0.867655,3,15.762304
0.0,2,15.764039
0.0,5,15.768468
0.0,2,15.770147
0.0,4,15.773747
1.367398,2,15.775551
0.0,3,15.778193
0.0,4,15.781802
-1.0,6,15.787031
0.0,4,15.79054
-0.685953,2,15.792229
0.0,2,15.794162
0.0,3,15.797025
0.0,4,15.800591
0.0,5,15.805174
0.0,4,15.808725
0.0,3,15.811728
0.0,3,15.814548
0.0,3,15.817392
0.0,3,15.81996
0.0,3,15.822723
0.0,3,15.82546
0.0,3,15.828354
0.0,3,15.831153
0.0,5,15.835558
0.0,4,15.839313
0.0,3,15.842026
0.0,3,15.844926
-0.437473,5,15.849154
0.0,2,15.851177
0.0,3,15.853887
0.0,2,15.85575
0.0,3,15.858942
0.0,3,15.862022
1.5,2,15.863927
0.0,3,15.86673
-0.855493,4,15.870255
0.0,2,15.872106
1.5,2,15.873852
-0.221409,4,15.877789
-0.157774,4,15.881609
0.0,3,15.884332
0.0,2,15.886261
0.0,3,15.889405
0.0,2,15.891477
0.0,2,15.893666
0.0,3,15.896838
-0.006876,4,15.900685
0.0,2,15.902485
1.213882,2,15.904247
0.0,3,15.90733
-0.316421,2,15.90935
0.0,4,15.913002
0.0,2,15.914859
-0.188694,2,15.91654
1.5,2,15.918283
0.0,4,15.922159
0.0,4,15.925692
1.5,2,15.92774
0.0,2,15.929454
0.0,3,15.932056
0.0,4,15.935961
0.0,2,15.93778
0.0,3,15.940711
0.0,3,15.943492
0.0,2,15.945284
0.0,3,15.94833
0.843094,2,15.950244
0.0,4,15.954074
0.0,4,15.957671
0.483354,2,15.959484
0.0,3,15.962375
0.0,2,15.964285
0.0,2,15.966038
0.0,4,15.969946
0.0,4,15.973465
0.0,2,15.975446
-1.0,5,15.979974
0.0,2,15.981985
0.0,3,15.984845
0.0,3,15.987664
-0.040774,4,15.991706
1.292907,2,15.99355
0.0,2,15.995647
0.0,3,15.998538
0.0,2,16.000288
0.0,3,16.003174
0.0,4,16.006982
-1.0,3,16.009809
0.0,3,16.01299
0.0,3,16.015683
-0.553705,5,16.020526
0.0,2,16.022426
0.0,4,16.026393
0.0,4,16.02987
0.0,3,16.033046
0.0,3,16.035704
0.0,3,16.038757
0.0,4,16.042367
-0.002426,7,16.048789
-1.0,3,16.051571
0.0,3,16.054339
1.004297,2,16.056092
0.0,3,16.058872
0.0,2,16.060687
0.0,2,16.062601
0.0,5,16.0672
0.0,4,16.070548
0.0,3,16.073586
0.0,2,16.07543
0.0,3,16.078048
-0.674089,2,16.079992
-1.0,6,16.085403
0.0,2,16.087495
1.5,2,16.089291
0.0,2,16.091163
0.0,2,16.093041
0.0,3,16.096016
0.0,3,16.098683
0.0,3,16.101559
0.0,2,16.103401
0.0,3,16.105987
0.0,3,16.108855
0.0,4,16.112896
1.0,3,16.115748
0.0,2,16.11752
-0.377139,4,16.121167
-0.225947,3,16.124153
-0.02967,4,16.127899
0.0,4,16.131572
0.0,3,16.134297
0.0,4,16.138052
0.0,2,16.139838
0.0,3,16.142665
0.0,3,16.145518
0.0,2,16.147331
0.0,5,16.151887
0.0,5,16.156234
-0.019806,3,16.15913
0.0,4,16.162719
0.0,3,16.165479
0.0,5,16.16973
0.0,5,16.174234
0.005455,4,16.178145
1.5,2,16.179883
0.0,4,16.18335
0.0,3,16.18628
0.0,3,16.188908
0.0,2,16.19093
0.0,4,16.19442
0.0,3,16.19712
0.0,2,16.199238
0.0,5,16.203833
0.0,3,16.206944
0.0,2,16.208832
0.0,4,16.212671
0.0,4,16.216341
0.0,2,16.218384
-0.098454,3,16.221158
0.0,3,16.223672
0.370653,2,16.225433
0.0,3,16.228316
0.0,2,16.230056
-0.398548,2,16.231894
0.0,3,16.234811
0.0,3,16.237342
0.234961,2,16.239143
0.0,3,16.242062
0.0,3,16.244727
0.0,3,16.247869
0.0,4,16.251781
0.0,3,16.254642
0.0,4,16.258068
0.0,4,16.261947
0.0,2,16.263756
0.0,3,16.266436
0.0,3,16.35184
0.0,4,16.355882
0.884353,3,16.358907
0.0,4,16.3624
0.0,3,16.365157
0.0,3,16.368003
0.0,2,16.369891
0.0,3,16.372806
0.0,3,16.375517
0.0,2,16.377224
0.296183,2,16.379351
0.0,3,16.381948
0.0,3,16.384465
-0.207828,2,16.386394
0.0,3,16.389631
0.0,2,16.391845
0.0,4,16.395985
0.0,4,16.39947
0.0,2,16.401358
-0.669362,2,16.403133
0.0,3,16.405974
0.0,2,16.407868
0.031173,2,16.409837
0.0,2,16.411758
0.0,3,16.414454
0.0,2,16.416172
0.0,4,16.419633
0.0,3,16.422375
0.0,5,16.426459
0.0,2,16.428633
0.0,3,16.431353
1.5,2,16.433187
0.0,3,16.435974
0.0,2,16.437657
0.0,3,16.440261
0.0,3,16.443157
-0.358058,3,16.445809
0.0,2,16.44772
0.0,3,16.450614
0.0,3,16.453188
0.0,2,16.454962
0.0,5,16.459436
0.039835,2,16.461353
0.0,3,16.464146
0.0,3,16.466679
0.0,4,16.470259
0.0,4,16.473672
0.0,3,16.476586
0.0,4,16.480086
0.0,5,16.484491
0.0,5,16.488885
0.0,4,16.492596
1.5,2,16.49426
0.0,4,16.497855
0.0,3,16.500579
0.0,4,16.504065
0.0,3,16.506864
0.0,2,16.508555
0.0,4,16.512193
0.0,3,16.515059
0.0,2,16.516933
-0.069394,3,16.519689
0.0,4,16.52297
0.0,2,16.524707
0.0,2,16.526764
0.0,2,16.528619
0.0,4,16.532126
0.0,5,16.536316
0.0,2,16.538205
0.0,4,16.541947
0.576605,2,16.543699
0.0,5,16.548208
0.0,2,16.549964
0.0,2,16.551769
0.0,4,16.555398
0.0,4,16.558715
0.0,2,16.560718
0.0,3,16.563385
0.0,2,16.565092
0.0,2,16.567033
0.0,4,16.570523
0.0,3,16.573143
0.0,3,16.575891
0.0,3,16.578437
1.5,2,16.580299
-0.19762,3,16.583088
0.0,4,16.58656
0.0,3,16.589555
0.0,3,16.592315
0.175746,2,16.594192
0.0,2,16.596022
0.0,3,16.598634
0.0,2,16.600353
0.0,2,16.602448
0.0,3,16.605163
0.0,2,16.607018
0.0,5,16.611725
0.0,5,16.616022
0.0,3,16.618711
0.0,3,16.621303
0.0,2,16.623139
0.0,4,16.626719
0.0,3,16.629512
0.0,2,16.631472
0.0,3,16.634093
0.0,2,16.636013
-0.093646,3,16.638848
0.0,3,16.64147
0.0,6,16.64701
0.0,2,16.648877
0.0,3,16.651708
0.0,4,16.655049
-0.334099,3,16.659181
0.0,3,16.663795
0.0,2,16.667122
0.0,2,16.670031
1.5,2,16.673056
0.0,2,16.67596
-0.392359,2,16.678588
0.0,2,16.681588
0.0,5,16.686227
0.0,4,16.689658
0.0,2,16.691707
0.0,3,16.694662
-0.35462,2,16.696312
0.582834,4,16.700108
0.0,3,16.702666
0.0,2,16.70441
0.0,3,16.707387
0.0,4,16.711115
0.0,4,16.71468
0.0,3,16.717087
0.0,3,16.719666
0.0,2,16.721723
0.0,4,16.725185
0.0,2,16.726975
0.0,3,16.729764
0.0,2,16.731553
0.0,3,16.734399
0.026761,4,16.737799
0.0,3,16.740533
0.0,3,16.743239
0.0,4,16.746494
0.0,4,16.750115
0.0,4,16.753627
0.0,2,16.755747
0.0,3,16.758404
0.0,3,16.761148
0.0,2,16.763175
0.0,3,16.766001
0.0,3,16.769376
0.0,3,16.772136
0.0,3,16.77481
0.0,4,16.778598
0.0,4,16.782096
0.0,2,16.783944
0.0,2,16.785705
0.0,2,16.787515
0.0,3,16.79033
0.0,3,16.793107
0.0,5,16.797644
0.0,4,16.801119
0.105463,3,16.803842
0.0,3,16.806539
0.0,4,16.810018
0.0,3,16.813051
0.0,3,16.815626
0.0,2,16.817461
0.0,4,16.821141
0.0,2,16.823003
0.0,5,16.8274
0.0,3,16.829878
0.0,2,16.83182
0.0,3,16.834543
0.0,3,16.837164
0.0,2,16.839139
0.0,2,16.840844
0.0,3,16.843316
1.5,2,16.845147
0.0,2,16.847119
0.0,3,16.849617
0.0,4,16.853458
-0.108298,3,16.855988
-0.832659,2,16.857682
0.08094,4,16.861324
-0.979706,3,16.863789
0.0,2,16.865477
0.0,3,16.86825
0.0,2,16.869917
0.0,3,16.872513
0.0,5,16.876887
0.0,2,16.878564
0.0,3,16.881433
0.0,3,16.884017
0.0,2,16.885771
0.0,3,16.888461
0.0,4,16.892372
0.0,3,16.895578
0.0,2,16.897806
0.0,3,16.900789
0.0,5,16.90511
0.0,4,16.908758
0.0,2,16.910781
-0.076179,2,16.912508
0.0,2,16.914405
0.0,2,16.916276
0.0,2,16.918005
-0.330402,3,16.920546
0.0,3,16.923339
0.0,2,16.92503
0.0,5,16.929382
0.0,3,16.93214
0.0,3,16.934784
0.0,4,16.938495
0.0,2,16.940265
-0.013469,3,16.943102
0.0,3,16.945832
0.0,4,16.949389
0.0,3,16.952188
0.0,4,16.955714
0.0,4,16.959404
0.0,3,16.962047
0.0,2,16.963988
0.0,2,16.965835
-0.568772,5,16.970298
1.5,2,16.972264
0.0,4,16.975828
0.0,3,16.978678
0.0,3,16.98136
0.0,3,16.984046
0.0,4,16.987782
0.0,4,16.991377
0.0,2,16.99337
0.0,3,16.996032
0.0,4,16.999519
0.0,3,17.002123
-0.370865,3,17.004811
0.0,3,17.007653
-0.270838,3,17.010124
0.0,3,17.01285
0.0,3,17.015762
0.0,5,17.020056
0.0,5,17.024226
0.0,2,17.026064
0.0,4,17.029539
-0.248953,5,17.033818
0.0,2,17.035642
-0.222395,2,17.037424
-0.252115,2,17.039115
0.0,2,17.041164
0.0,2,17.043083
0.0,3,17.045668
0.0,4,17.049239
0.0,3,17.05185
0.0,3,17.054629
0.0,3,17.057287
0.0,3,17.059841
0.0,3,17.062816
0.0,2,17.064757
0.0,4,17.068299
0.00327,2,17.070104
0.0,2,17.071926
0.0,3,17.07452
0.0,4,17.077998
0.0,4,17.081523
0.0,3,17.084347
0.0,3,17.086949
0.0,3,17.089674
0.0,2,17.091409
0.0,3,17.093859
-1.011667,2,17.095783
0.0,3,17.098505
0.0,3,17.101101
0.0,3,17.103873
0.0,4,17.107341
0.0,2,17.109123
0.0,2,17.111165
-1.0,2,17.113058
0.0,3,17.115636
0.0,3,17.1189
0.0,2,17.121026
0.0,2,17.122871
0.0,2,17.124895
1.5,2,17.126756
-0.407428,4,17.130189
0.0,3,17.133037
0.0,2,17.134849
0.0,2,17.136557
0.0,3,17.139412
0.0,4,17.142756
-1.0,2,17.144702
0.0,2,17.146793
0.0,3,17.149271
0.0,4,17.152813
-1.0,4,17.156172
0.0,4,17.15981
0.0,4,17.163087
0.0,3,17.165834
0.439477,2,17.167653
0.538384,2,17.169318
0.0,3,17.171775
0.0,3,17.174575
0.0,3,17.177065
0.0,4,17.180646
0.0,2,17.182553
0.0,3,17.185075
1.5,2,17.187032
0.0,2,17.188891
1.5,2,17.19056
0.0,3,17.193242
-0.419848,5,17.197555
0.0,3,17.200335
0.0,2,17.202251
0.0,5,17.206462
1.5,2,17.208519
0.0,3,17.211297
0.0,4,17.214919
0.0,2,17.21674
0.0,2,17.218483
0.0,2,17.220146
0.0,4,17.223742
0.0,3,17.226276
0.0,2,17.228238
0.0,4,17.231716
0.0,2,17.233448
0.0,3,17.236252
-1.0,3,17.238823
0.0,4,17.242272
0.336275,3,17.244915
0.0,3,17.247339
0.0,3,17.250181
0.0,3,17.252854
-0.496931,2,17.254672
1.0,3,17.257524
0.0,2,17.259334
0.0,3,17.261919
0.0,2,17.263953
0.0,3,17.266679
1.0,5,17.270989
0.0,3,17.27358
0.0,2,17.275343
0.0,3,17.278132
0.0,2,17.279937
0.13528,4,17.283308
0.0,2,17.285279
0.0,3,17.287868
0.0,2,17.371034
0.0,3,17.374008
0.0,6,17.3795
0.0,3,17.382375
0.0,4,17.385884
-0.237463,5,17.391096
0.315505,3,17.39379
0.0,2,17.395899
0.0,2,17.397716
0.0,2,17.399492
0.0,2,17.401286
0.0,2,17.403264
0.0,4,17.406862
-0.305427,2,17.408682
0.0,2,17.41067
0.0,2,17.412598
0.0,2,17.414411
0.0,3,17.418179
1.263157,2,17.420246
0.0,4,17.423899
0.0,3,17.426537
0.0,2,17.428325
0.0,3,17.431062
0.0,2,17.432848
0.0,2,17.434559
0.0,2,17.436378
-1.0,2,17.438539
-1.0,2,17.440319
0.0,3,17.442843
0.0,3,17.445745
2.0,2,17.447498
0.0,3,17.450115
-0.391875,5,17.454546
0.0,4,17.458147
0.0,4,17.461651
0.0,4,17.465561
0.0,2,17.467457
0.0,5,17.47165
0.0,4,17.475157
-0.657341,3,17.477637
0.0,3,17.480434
0.0,2,17.482101
1.5,2,17.483761
0.0,4,17.487323
0.0,4,17.490672
0.0,3,17.493441
0.0,2,17.495264
0.0,2,17.496938
0.0,2,17.498603
0.0,4,17.502288
-0.356345,2,17.503984
0.0,3,17.506698
0.0,3,17.509513
0.0,3,17.512011
0.0,3,17.515032
0.399332,5,17.519526
0.0,3,17.522373
0.0,5,17.526434
0.0,3,17.529256
0.0,5,17.533286
0.0,3,17.536116
0.0,2,17.537873
0.0,2,17.539543
0.0,3,17.542333
1.5,2,17.54408
0.0,4,17.547344
0.0,2,17.549351
0.0,2,17.551172
0.0,2,17.552793
0.0,2,17.554562
0.0,2,17.556456
0.0,2,17.558253
0.0,3,17.560748
0.0,2,17.562644
0.0,4,17.566113
0.0,4,17.569525
0.0,4,17.572991
0.0,3,17.57555
-1.071436,2,17.577572
0.0,2,17.579388
0.0,2,17.581044
0.0,3,17.583817
0.0,3,17.586414
-0.425513,2,17.588036
0.0,3,17.590801
0.338612,2,17.592547
0.0,2,17.594178
0.0,2,17.595859
0.0,4,17.599468
1.5,2,17.601125
0.0,3,17.603861
0.0,3,17.606707
0.0,3,17.609283
0.0,3,17.612076
0.0,2,17.61424
0.0,3,17.616699
1.5,2,17.618662
0.0,3,17.621274
0.0,3,17.623693
0.0,3,17.626598
0.0,4,17.629812
0.0,2,17.631654
0.0,4,17.635204
0.0,2,17.636842
0.0,3,17.639628
1.5,2,17.641392
0.0,3,17.643904
0.0,3,17.646738
0.0,3,17.649307
0.0,3,17.651702
1.5,2,17.653711
0.0,2,17.65548
0.0,3,17.657996
-0.657102,3,17.660845
-0.605832,4,17.664153
0.0,3,17.667095
0.853865,2,17.669041
0.0,2,17.670685
0.0,4,17.67423
0.0,4,17.677601
0.0,3,17.680257
-0.122092,2,17.682179
0.0,3,17.684764
0.0,4,17.688352
0.0,3,17.69101
0.0,2,17.693657
0.0,2,17.695918
0.0,5,17.700143
0.0,2,17.702199
0.0,2,17.703992
0.0,2,17.705806
0.0,2,17.707666
-0.2692,3,17.710638
0.0,2,17.712453
0.0,2,17.71429
0.0,3,17.717007
0.0,3,17.719485
0.0,4,17.723244
0.0,3,17.725968
0.0,2,17.727958
0.0,3,17.730647
0.0,4,17.733915
0.0,3,17.736659
0.0,3,17.739334
0.0,2,17.741027
0.0,2,17.742666
0.597832,4,17.746171
-1.0,4,17.749502
0.0,4,17.753007
0.0,4,17.756301
0.0,3,17.759225
0.0,7,17.765206
0.0,3,17.767671
0.0,3,17.770044
0.763959,2,17.772041
0.0,3,17.774671
0.0,2,17.776445
0.0,4,17.780039
0.0,4,17.783315
0.0,3,17.786063
0.0,2,17.787807
0.0,3,17.790311
-0.222954,2,17.792332
0.0,3,17.79502
0.0,3,17.797435
0.0,3,17.800271
0.0,4,17.803644
0.0,4,17.807402
0.0,3,17.809976
0.0,4,17.813559
-1.0,2,17.815698
0.0,3,17.818345
0.0,2,17.820227
0.0,2,17.821947
0.0,5,17.825967
0.0,2,17.828006
0.0,3,17.8309
0.0,4,17.834542
0.0,4,17.837847
0.0,3,17.840467
0.0,4,17.844065
0.0,3,17.846679
0.0,3,17.849508
0.0,5,17.853541
0.0,2,17.855511
0.0,2,17.857247
0.0,3,17.85972
0.0,6,17.864876
0.0,2,17.866558
0.0,3,17.869394
0.0,5,17.873574
0.0,2,17.875523
0.0,4,17.878861
0.0,3,17.881335
0.0,3,17.884213
0.0,3,17.886721
0.0,3,17.890056
0.0,3,17.892909
0.0,2,17.894678
0.0,2,17.89656
0.0,3,17.899568
0.0,2,17.901473
-0.697069,4,17.904986
0.0,3,17.907627
0.0,2,17.909451
-0.349468,5,17.913942
0.0,2,17.915601
1.5,2,17.917998
0.0,4,17.922081
0.0,3,17.924846
0.0,3,17.927427
0.29335,3,17.929908
0.0,3,17.932743
0.0,2,17.934522
0.767858,2,17.936237
-0.143653,2,17.9381
0.0,2,17.939955
0.0,4,17.943271
0.0,2,17.945131
0.0,4,17.94861
0.0,4,17.952081
0.0,2,17.953894
0.059229,3,17.956389
0.0,3,17.959042
0.0,4,17.962556
0.0,4,17.966064
0.0,3,17.968669
0.0,3,17.971204
0.0,3,17.973935
0.0,3,17.976479
0.0,3,17.979023
0.0,2,17.980952
0.0,3,17.983524
0.0,3,17.986194
0.0,3,17.988981
0.0,3,17.991491
0.0,5,17.995789
0.0,4,17.999066
0.0,4,18.002669
0.0,3,18.005141
0.0,5,18.009634
0.0,2,18.011355
0.0,2,18.0131
0.0,3,18.01608
0.0,3,18.018903
-0.136165,3,18.021723
0.0,3,18.024408
0.0,3,18.026876
0.0,2,18.028848
1.5,2,18.03075
0.0,2,18.032531
0.0,2,18.034385
0.0,2,18.036394
0.0,4,18.039867
0.0,2,18.04157
0.0,4,18.045303
1.5,2,18.046964
0.0,4,18.050704
-1.331454,2,18.05243
0.0,2,18.054184
0.0,2,18.056066
0.0,5,18.060731
0.0,5,18.065268
0.0,2,18.067056
0.0,2,18.06875
0.0,2,18.070684
0.0,3,18.073387
0.0,3,18.07601
0.0,2,18.077954
0.0,3,18.080677
0.0,3,18.083168
0.0,2,18.085275
0.0,3,18.087903
0.0,2,18.089739
0.0,2,18.091843
-0.508939,2,18.093597
1.5,2,18.09537
0.0,2,18.097243
1.5,2,18.099286
0.0,3,18.101967
-0.18317,4,18.105716
0.0,3,18.108323
0.0,3,18.110786
0.0,3,18.113846
0.0,4,18.117412
0.0,4,18.121073
0.0,5,18.125473
0.0,2,18.127352
0.0,2,18.12905
0.0,3,18.131417
0.0,4,18.135102
0.0,2,18.136776
0.0,3,18.13945
0.0,3,18.142154
-0.930871,2,18.143848
1.5,2,18.145472
0.0,2,18.147305
0.0,2,18.149163
0.0,3,18.151617
0.0,3,18.154515
1.5,2,18.15623
0.0,2,18.157875
0.0,3,18.160351
0.0,2,18.162277
-0.254815,3,18.164812
-0.67672,2,18.166564
1.5,2,18.16877
0.0,3,18.171464
0.0,5,18.175793
0.0,3,18.178326
0.0,3,18.180956
0.0,3,18.183756
0.0,3,18.186266
0.0,2,18.188003
0.0,2,18.189884
0.0,3,18.192518
0.0,2,18.19433
0.0,2,18.196215
0.0,3,18.199297
0.0,2,18.201613
0.0,6,18.206956
0.0,3,18.209638
1.317601,2,18.211643
0.0,2,18.213611
0.0,2,18.21547
0.0,4,18.218997
0.0,2,18.220753
1.5,2,18.222403
0.0,4,18.226114
0.0,4,18.229533
0.0,3,18.232303
0.0,3,18.235104
0.0,2,18.236952
0.0,2,18.239027
-0.458501,4,18.242638
0.0,3,18.245694
0.0,2,18.247435
0.0,4,18.250718
0.0,3,18.253451
0.0,3,18.255935
1.5,2,18.25786
0.0,3,18.260585
0.0,2,18.262366
0.0,2,18.264053
1.0,4,18.267916
0.0,4,18.271456
0.0,3,18.274266
-0.457842,3,18.276711
1.0,3,18.27944
0.0,4,18.283031
0.0,3,18.285828
-0.275104,3,18.288544
1.5,2,18.364579
0.0,2,18.366698
0.0,2,18.368506
0.0,3,18.371489
-0.054212,4,18.374774
0.0,3,18.377603
1.5,2,18.379286
0.0,4,18.382528
0.0,3,18.385433
-0.626609,2,18.38709
0.0,3,18.390383
0.0,2,18.392609
0.0,3,18.395201
0.0,2,18.397146
0.0,4,18.400678
-0.077343,3,18.403202
0.0,4,18.406856
0.0,2,18.408619
0.0,2,18.410411
0.0,2,18.412578
0.0,3,18.415528
0.0,3,18.418498
0.0,3,18.421296
0.0,5,18.425767
0.0,2,18.427686
-1.0,2,18.429409
0.0,2,18.431088
0.0,3,18.433996
0.246885,3,18.436605
0.0,3,18.439381
0.0,5,18.443624
0.0,3,18.446507
0.0,3,18.449225
0.0,2,18.450892
0.0,2,18.452792
0.0,3,18.455759
0.0,2,18.457501
0.0,2,18.459246
0.0,4,18.462973
0.0,2,18.464666
-0.211478,5,18.469227
0.0,4,18.472475
0.0,4,18.476074
0.0,2,18.477787
0.0,2,18.479423
1.5,2,18.481243
0.005512,2,18.483395
0.0,4,18.486721
0.0,3,18.489539
1.5,2,18.491218
1.5,2,18.492883
0.0,5,18.497433
0.0,4,18.500669
1.5,2,18.502603
0.0,3,18.505186
0.0,2,18.50687
0.0,2,18.508731
0.0,2,18.51081
0.0,2,18.512584
0.0,3,18.515115
0.0,2,18.517172
0.0,2,18.519197
0.0,2,18.520839
0.0,2,18.522657
0.0,4,18.526085
0.0,3,18.528472
0.0,6,18.533679
0.0,3,18.536144
0.0,3,18.539009
0.0,4,18.542299
0.0,3,18.545238
0.0,3,18.547786
0.0,2,18.549484
0.0,3,18.55242
0.0,3,18.554974
1.5,2,18.556661
0.0,5,18.56123
0.0,2,18.562997
0.0,3,18.565908
0.0,3,18.568482
0.0,5,18.572881
0.0,3,18.575388
0.0,3,18.577929
0.0,3,18.580719
-0.085186,3,18.583187
0.0,3,18.585965
0.0,3,18.588532
0.0,3,18.590971
0.0,2,18.59299
0.0,3,18.595628
0.0,4,18.59897
0.0,2,18.600861
0.0,4,18.604094
0.0,3,18.606877
0.0,4,18.610332
0.0,3,18.613014
0.0,2,18.615027
0.0,2,18.617047
0.0,5,18.621488
1.5,2,18.623171
0.0,5,18.627448
0.0,3,18.630083
0.0,3,18.63247
0.0,4,18.636033
0.0,3,18.638462
0.0,3,18.641034
0.0,4,18.644449
0.0,3,18.646872
0.0,3,18.649678
0.0,2,18.651388
0.0,3,18.653787
0.0,3,18.656719
0.0,2,18.658425
0.0,3,18.660883
0.0,3,18.663842
0.0,5,18.66799
1.5,2,18.669955
0.0,3,18.672489
0.0,3,18.674883
0.0,2,18.676932
0.0,2,18.678721
0.0,2,18.680396
0.0,3,18.68312
1.5,2,18.684911
0.0,2,18.686644
0.0,3,18.689246
0.0,2,18.691254
0.0,3,18.694213
0.0,4,18.697797
0.0,2,18.699521
0.0,2,18.701184
0.0,2,18.702936
0.0,3,18.705792
0.0,3,18.708256
0.0,2,18.710061
0.0,5,18.714873
-2.0,2,18.716602
0.0,4,18.720335
0.205083,2,18.721978
0.0,2,18.723665
0.0,3,18.726566
0.0,4,18.72989
0.0,3,18.732698
0.0,3,18.735418
0.0,4,18.739042
1.5,2,18.74083
0.0,4,18.744064
0.0,4,18.747793
0.0,4,18.751037
0.0,4,18.75477
-0.169917,3,18.757343
0.0,2,18.759197
0.0,3,18.762043
0.0,3,18.764581
-0.896533,4,18.768284
0.0,3,18.770809
0.0,3,18.773528
0.0,3,18.77649
0.0,4,18.780165
0.0,3,18.783158
0.0,4,18.78743
0.0,3,18.790276
0.0,2,18.792038
-0.497129,4,18.795716
0.0,3,18.798385
0.0,2,18.800134
0.0,3,18.802992
0.0,3,18.805619
0.0,2,18.807504
0.0,5,18.812091
0.0,5,18.816797
0.0,2,18.818755
0.0,3,18.821446
0.0,3,18.824294
0.0,3,18.826784
0.0,2,18.828579
0.0,2,18.830857
0.0,2,18.832631
0.0,4,18.836102
0.0,3,18.838667
0.0,2,18.840407
-0.230861,3,18.843117
0.0,3,18.845802
0.0,3,18.848273
0.0,5,18.85263
0.0,4,18.855947
0.0,2,18.857816
0.0,2,18.859576
0.0,2,18.861226
0.0,3,18.863882
0.0,2,18.865646
0.0,2,18.867377
0.0,3,18.869848
0.0,3,18.872596
0.0,3,18.875002
-0.25145,2,18.876742
0.0,2,18.878623
0.0,3,18.881182
0.0,2,18.882799
0.0,3,18.885466
1.5,2,18.887146
0.0,2,18.88929
0.0,3,18.892492
0.0,2,18.894238
0.0,4,18.897537
0.0,3,18.900446
0.0,2,18.902494
-0.045422,2,18.904364
0.0,4,18.908036
1.451615,2,18.909838
0.0,3,18.912521
-1.0,4,18.916361
0.0,5,18.921207
0.0,2,18.923073
0.0,2,18.924729
0.0,4,18.928357
0.0,2,18.93008
0.0,2,18.931752
0.0,2,18.933612
0.0,6,18.938531
0.0,3,18.941304
0.0,3,18.943831
0.0,2,18.945554
0.0,3,18.94837
0.0,2,18.950061
0.0,3,18.9526
0.0,4,18.9564
0.0,3,18.958875
0.0,4,18.962356
0.0,4,18.965503
0.0,2,18.967114
0.0,2,18.968983
0.0,3,18.971467
0.0,2,18.973042
0.0,2,18.974814
0.0,2,18.976555
0.0,2,18.978121
0.0,3,18.980557
0.0,3,18.983227
0.0,4,18.986518
0.0,3,18.98932
0.0,2,18.991047
-0.118665,3,18.993752
0.0,2,18.99553
0.0,2,18.997283
0.0,3,18.999735
0.0,2,19.001316
0.0,2,19.003149
0.0,3,19.005862
0.0,2,19.007546
-0.11876,2,19.009421
0.0,2,19.01134
0.0,2,19.013204
0.0,3,19.015704
0.0,2,19.017712
0.0,3,19.020925
0.0,4,19.024688
0.0,4,19.028189
0.426759,3,19.030979
0.0,2,19.032736
0.0,2,19.034437
0.0,3,19.036895
0.0,2,19.038662
1.5,2,19.040333
0.0,2,19.042022
0.0,5,19.0462
1.5,2,19.047886
-0.033216,2,19.049501
-0.105435,3,19.052125
0.0,3,19.05473
0.0,2,19.056392
0.0,3,19.059043
0.0,3,19.061645
-0.455522,3,19.06407
0.0,3,19.06671
0.0,3,19.069175
0.0,2,19.070788
0.0,4,19.07418
-0.343093,3,19.076611
0.0,4,19.080026
0.0,4,19.083315
0.0,3,19.085811
0.0,3,19.088364
0.0,3,19.090796
1.0,4,19.094183
0.0,3,19.096686
0.0,2,19.098324
0.0,4,19.101734
0.0,3,19.104213
0.0,3,19.106769
0.0,2,19.108518
0.0,2,19.110155
0.0,2,19.111862
0.0,2,19.113528
0.0,4,19.117085
0.0,2,19.118756
0.0,7,19.124512
0.0,5,19.128657
0.0,5,19.132682
1.5,2,19.134401
0.0,3,19.136895
0.0,5,19.140798
0.0,3,19.143448
0.0,4,19.146636
0.0,3,19.149206
0.0,2,19.150857
0.0,2,19.152431
-0.33953,2,19.154096
0.0,3,19.156687
0.0,2,19.158301
0.0,3,19.160678
1.0,2,19.162316
-0.126354,5,19.166421
1.5,2,19.168025
0.0,3,19.1707
0.0,4,19.173975
0.502889,5,19.178158
0.0,4,19.181338
0.0,4,19.184732
0.0,2,19.186446
0.0,4,19.189673
1.5,2,19.191495
0.0,3,19.193887
0.44994,2,19.195553
0.0,2,19.197313
0.0,4,19.200656
0.0,5,19.204766
0.822396,3,19.207231
0.0,2,19.20885
0.0,4,19.212265
0.0,3,19.214897
0.0,4,19.218264
0.459339,2,19.219995
0.0,2,19.221637
0.0,4,19.225008
0.0,3,19.227521
0.0,3,19.229964
0.0,2,19.231723
0.0,3,19.234319
0.0,3,19.23671
0.0,4,19.240048
0.0,4,19.243209
0.0,4,19.246568
0.0,3,19.249059
0.0,2,19.250641
0.0,2,19.252205
0.0,4,19.255566
0.0,3,19.25795
0.0,2,19.259674
-1.0,4,19.263032
0.0,4,19.335178
-0.109667,2,19.336818
0.0,5,19.340875
0.0,2,19.342462
-0.406785,4,19.345684
0.0,2,19.347242
0.896855,2,19.348835
0.0,4,19.352059
0.0,2,19.353657
0.0,2,19.355232
0.0,4,19.358396
0.0,4,19.361476
0.0,2,19.363117
-0.379949,5,19.367073
0.0,2,19.368677
0.0,3,19.371124
0.0,3,19.373569
0.0,2,19.375194
0.0,4,19.378353
0.0,3,19.38072
0.0,3,19.383025
0.0,2,19.384666
0.575277,2,19.386363
0.0,3,19.388809
0.0,3,19.392148
0.0,2,19.394123
0.099406,2,19.395803
0.0,5,19.399942
0.0,4,19.403136
0.0,2,19.404716
1.5,2,19.406422
0.0,2,19.408184
0.0,3,19.410537
0.0,5,19.414652
-1.0,2,19.41643
0.0,5,19.420497
0.0,3,19.422974
0.0,2,19.424541
0.0,4,19.427819
0.0,3,19.430261
0.0,3,19.432579
0.0,4,19.435955
0.0,2,19.437632
0.0,3,19.439974
0.759969,4,19.443306
0.0,3,19.44567
0.0,2,19.447274
0.0,2,19.449051
0.0,4,19.452261
0.0,2,19.45386
0.0,4,19.457189
-0.143919,3,19.459524
0.0,4,19.46285
0.0,4,19.46603
0.0,3,19.468463
0.0,2,19.470246
0.0,3,19.472633
0.0,2,19.474208
1.5,2,19.475957
0.0,4,19.479193
0.0,2,19.480781
0.0,2,19.482523
0.0,5,19.486677
0.0,4,19.489917
0.0,2,19.491597
1.5,2,19.493135
0.0,3,19.495443
0.0,4,19.498745
0.0,5,19.502581
0.0,2,19.504383
0.0,2,19.506005
0.0,2,19.507601
0.0,4,19.510835
0.0,4,19.51407
0.0,4,19.517282
0.0,2,19.519079
0.0,3,19.521625
0.0,2,19.523261
0.0,2,19.524997
0.0,2,19.526629
0.0,4,19.529771
0.0,4,19.533101
0.0,6,19.537807
0.0,3,19.540336
0.0,3,19.542679
0.0,3,19.545076
0.0,5,19.549047
0.0,2,19.550639
0.0,3,19.553187
0.0,3,19.555647
0.259312,3,19.558023
0.0,2,19.559808
0.0,2,19.561495
0.0,3,19.563855
0.0,2,19.56539
-0.060272,4,19.568886
0.0,3,19.571261
0.0,3,19.573762
0.0,2,19.57545
-0.31809,2,19.576993
0.0,2,19.578649
0.0,3,19.581262
0.0,2,19.582925
0.0,6,19.587939
-1.0,2,19.589632
0.0,3,19.592004
-0.463643,4,19.595355
-0.288967,4,19.598557
0.0,3,19.601077
0.0,4,19.604408
0.0,3,19.606787
0.0,3,19.609415
0.0,6,19.614135
0.0,2,19.616105
0.0,4,19.619748
0.0,2,19.621381
0.0,2,19.623336
0.0,5,19.627592
-0.27247,3,19.630296
0.0,3,19.632786
0.0,2,19.634454
0.0,3,19.637103
0.0,2,19.638732
0.0,2,19.640407
0.0,2,19.642093
1.5,2,19.643955
0.0,2,19.645722
0.0,2,19.64743
0.0,3,19.650055
0.0,2,19.651899
0.0,3,19.654429
0.0,3,19.657066
0.0,4,19.660366
0.0,3,19.662747
0.0,4,19.666295
0.0,6,19.671194
0.0,3,19.673754
0.0,3,19.676205
0.0,2,19.677984
0.0,2,19.679747
-0.38634,3,19.682163
1.5,2,19.683787
0.0,2,19.685773
0.0,3,19.688294
0.0,3,19.690743
0.0,3,19.693573
0.0,2,19.69532
0.0,2,19.696972
0.0,2,19.69885
0.0,2,19.700666
0.0,2,19.702409
0.0,2,19.704065
0.0,3,19.706762
0.0,2,19.708458
0.0,5,19.712787
0.0,2,19.71494
0.0,2,19.716764
0.0,2,19.718472
0.0,4,19.722171
0.0,2,19.723842
0.0,4,19.72751
0.0,3,19.730141
-1.115391,2,19.731816
0.0,3,19.734771
0.0,3,19.737588
0.0,2,19.739252
0.0,3,19.742135
0.0,6,19.747184
0.0,3,19.749853
0.0,4,19.753136
0.0,3,19.755903
0.0,2,19.757555
0.0,3,19.759958
0.0,2,19.7618
0.0,4,19.765112
0.0,3,19.767532
0.0,5,19.771938
0.0,3,19.774438
0.0,4,19.777969
0.0,2,19.779711
0.0,2,19.781362
0.0,3,19.784234
0.0,2,19.786054
0.0,4,19.789571
0.0,2,19.791506
0.0,3,19.794108
0.0,4,19.797724
0.0,5,19.801968
0.0,3,19.804823
0.0,4,19.808209
0.0,2,19.810051
0.0,2,19.812185
0.0,5,19.816493
0.0,4,19.820378
0.0,3,19.823122
0.0,3,19.826412
0.0,5,19.830991
0.0,4,19.834816
0.0,3,19.837465
0.0,5,19.842151
0.0,4,19.845681
0.0,2,19.847424
0.0,2,19.849038
-0.073893,3,19.851658
0.0,4,19.855213
0.0,2,19.856902
0.0,2,19.858789
0.0,2,19.860657
0.0,2,19.862299
0.0,3,19.864878
1.5,2,19.866782
0.0,5,19.87096
0.0,4,19.874667
0.0,2,19.876365
0.0,2,19.878035
0.0,5,19.882496
1.5,2,19.884143
0.0,4,19.8876
1.5,2,19.889601
0.0,2,19.89131
1.5,2,19.89309
0.0,5,19.897748
0.0,4,19.901521
0.0,4,19.905283
0.0,4,19.908887
0.0,3,19.911532
0.0,2,19.91326
0.0,2,19.915688
0.0,2,19.918228
0.0,4,19.921972
0.0,2,19.923936
0.0,2,19.925625
0.0,4,19.929168
0.0,2,19.931033
0.0,3,19.93364
0.0,2,19.935697
0.0,3,19.938595
0.0,2,19.94032
0.0,2,19.94202
0.0,3,19.944756
0.0,4,19.947947
-0.166481,4,19.951485
0.0,4,19.954745
0.0,5,19.959276
0.0,3,19.96172
0.0,3,19.964551
0.0,3,19.967267
0.0,3,19.969792
0.0,4,19.97381
0.0,3,19.976296
0.0,2,19.978243
0.288766,3,19.980788
0.0,2,19.982446
0.0,3,19.985323
0.0,5,19.989577
-0.535217,2,19.991509
0.0,3,19.994246
0.0,3,19.996676
0.0,3,19.99959
0.0,3,20.002064
0.0,2,20.003671
0.0,3,20.006295
-0.662562,4,20.009598
1.5,2,20.011197
0.0,4,20.014801
0.0,3,20.017263
0.0,4,20.02104
0.0,3,20.023711
0.0,2,20.025529
0.0,2,20.027275
0.0,5,20.031795
0.0,3,20.034738
0.0,3,20.037251
0.0,2,20.038967
0.0,2,20.040922
0.0,3,20.043426
0.0,2,20.045067
0.0,3,20.047727
0.0,4,20.051015
0.0,2,20.052685
0.0,3,20.05539
0.0,3,20.058023
-0.813575,4,20.061487
0.0,3,20.063953
0.0,5,20.068202
0.0,3,20.070725
0.0,4,20.073939
0.0,5,20.07838
0.0,3,20.080917
0.0,2,20.082797
0.0,4,20.086066
0.0,4,20.08944
0.0,3,20.091883
0.0,3,20.094387
0.0,2,20.096314
0.0,2,20.098038
0.0,4,20.101276
0.0,2,20.103147
0.0,2,20.104839
0.0,2,20.106469
0.0,2,20.108103
1.5,2,20.110086
0.0,3,20.112694
0.0,3,20.115127
0.0,3,20.117851
0.0,4,20.121377
0.0,2,20.123126
1.5,2,20.124942
0.0,3,20.127512
0.0,4,20.131227
0.0,2,20.133122
0.0,4,20.136408
0.0,2,20.138264
0.0,4,20.141604
0.0,6,20.146818
-0.158828,5,20.150954
0.0,3,20.153627
-0.095227,2,20.155362
0.0,3,20.157969
0.0,4,20.161569
0.0,2,20.16327
1.5,2,20.165013
0.0,4,20.16834
0.0,3,20.170788
1.5,2,20.172576
0.0,3,20.175095
0.209917,2,20.176743
0.0,4,20.180257
-0.276197,3,20.182918
0.0,3,20.185499
-1.0,3,20.188128
0.0,3,20.190675
-0.089993,4,20.194683
0.0,2,20.19652
-0.388736,3,20.198992
0.0,3,20.201966
0.0,2,20.203777
0.611869,2,20.20556
0.0,3,20.208574
0.0,2,20.210463
0.0,3,20.213198
0.0,3,20.288798
-0.00971,2,20.291098
0.0,2,20.29352
0.0,3,20.29612
0.0,4,20.300217
0.0,4,20.303754
0.0,2,20.306049
0.0,3,20.30879
-0.181704,5,20.313686
0.0,4,20.317161
0.0,3,20.320545
0.0,2,20.322715
0.0,3,20.32563
0.0,2,20.327806
0.0,2,20.329852
0.0,4,20.33408
0.0,4,20.337884
0.0,2,20.340273
0.0,3,20.344296
0.0,2,20.346607
0.0,2,20.348875
0.0,3,20.351664
0.0,3,20.354832
0.0,4,20.358475
0.0,2,20.360517
0.0,2,20.362672
0.0,7,20.369026
0.0,4,20.372864
0.0,4,20.3769
0.0,3,20.379649
0.0,3,20.382743
0.0,3,20.385591
0.0,4,20.390388
0.0,2,20.392435
0.0,3,20.395494
0.0,3,20.398606
0.0,5,20.403593
0.0,3,20.406437
0.0,4,20.410388
0.0,2,20.412487
0.0,4,20.416256
0.0,3,20.419721
0.0,4,20.424112
0.0,2,20.426076
0.0,3,20.428895
0.0,2,20.431099
0.0,5,20.435857
1.5,2,20.43804
0.0,2,20.440619
0.0,3,20.443521
0.0,4,20.447439
0.0,3,20.450211
0.0,3,20.453436
0.0,4,20.457073
0.387147,5,20.462001
0.0,2,20.463915
0.0,2,20.466063
0.0,2,20.46804
0.0,2,20.469825
1.5,2,20.47187
0.0,3,20.475135
-0.056396,3,20.477873
0.0,4,20.481977
0.0,2,20.483906
0.0,2,20.486011
0.0,3,20.489029
0.0,3,20.491776
0.0,3,20.494867
0.0,4,20.498545
0.0,4,20.502632
0.0,3,20.505431
0.0,3,20.508619
0.0,4,20.512365
0.0,3,20.515736
0.0,3,20.518558
0.0,2,20.520517
0.0,3,20.523939
0.0,2,20.525819
0.0,3,20.528965
0.0,3,20.531908
0.0,3,20.53506
0.0,3,20.538002
0.0,3,20.540829
0.0,2,20.543063
0.0,4,20.546823
0.0,4,20.5509
0.0,2,20.552776
0.0,4,20.556735
0.0,3,20.559601
0.0,3,20.56267
0.0,3,20.565618
0.0,4,20.569403
0.0,2,20.571576
0.0,4,20.575335
0.0,3,20.578572
1.5,2,20.580414
0.0,3,20.583396
0.0,3,20.586463
0.0,3,20.58929
0.0,3,20.592921
0.0,2,20.594885
0.0,4,20.598969
0.0,2,20.600848
0.0,2,20.60274
0.0,3,20.605941
0.0,4,20.60952
0.0,4,20.613705
0.0,3,20.61662
0.0,3,20.620085
1.5,2,20.622151
0.0,2,20.624145
0.0,3,20.627396
1.5,2,20.629256
0.0,3,20.632377
0.109188,3,20.635339
0.0,4,20.639305
0.0,4,20.643198
0.0,4,20.647257
0.0,2,20.649234
0.0,3,20.652087
0.0,3,20.655383
0.0,5,20.660136
0.0,2,20.662311
1.5,2,20.664185
0.0,2,20.666242
0.0,3,20.669509
0.0,2,20.671402
0.0,3,20.674582
0.0,2,20.676641
0.0,2,20.678616
0.0,5,20.68362
0.0,4,20.687557
0.0,3,20.690646
0.0,4,20.694553
0.0,2,20.696754
0.0,2,20.698653
0.0,3,20.70169
0.0,3,20.705158
0.0,3,20.708104
0.0,2,20.710355
1.5,2,20.712401
0.0,4,20.716667
0.0,2,20.718935
0.0,3,20.721893
0.0,3,20.724826
0.0,3,20.72765
0.0,2,20.729794
-0.08694,3,20.732758
0.0,2,20.734665
0.0,2,20.73712
0.0,2,20.738992
0.0,3,20.741722
0.0,4,20.746046
0.0,3,20.749003
0.0,4,20.753338
0.0,2,20.755322
0.0,3,20.758819
0.0,2,20.760776
1.5,2,20.762823
0.0,6,20.768423
0.0,3,20.771833
0.0,2,20.773882
0.0,2,20.775924
0.0,4,20.779755
0.0,4,20.783411
0.0,3,20.786955
0.0,3,20.79064
0.0,3,20.795137
0.0,2,20.797408
1.5,2,20.800057
1.5,2,20.802235
-0.185956,2,20.804594
0.0,3,20.808075
0.0,3,20.811027
1.5,2,20.813019
0.0,3,20.816002
0.482007,4,20.820088
0.0,2,20.822352
0.0,2,20.824363
0.0,3,20.827669
0.0,2,20.829974
0.0,5,20.835607
0.0,4,20.839759
0.0,4,20.844052
0.0,4,20.848835
0.0,2,20.85097
0.0,2,20.853073
0.0,4,20.857357
-0.257656,2,20.859447
0.0,3,20.86248
0.0,4,20.866194
0.0,4,20.870398
0.048381,4,20.874241
0.0,4,20.878182
0.0,3,20.881135
0.0,2,20.883449
0.0,3,20.886518
0.0,2,20.888726
0.0,3,20.892468
0.0,3,20.895632
0.0,2,20.897742
0.0,3,20.900601
1.5,2,20.902575
0.0,4,20.906398
0.0,3,20.90913
1.5,2,20.911377
0.0,3,20.91455
0.0,2,20.916536
0.0,2,20.918639
0.0,2,20.920706
0.0,3,20.923692
0.0,4,20.927344
0.0,3,20.930081
0.0,3,20.93327
0.0,2,20.935301
-0.604231,2,20.93725
0.0,2,20.939698
0.0,2,20.941869
0.0,2,20.943774
0.0,4,20.947952
0.0,4,20.95207
0.0,3,20.955132
0.0,3,20.958215
0.0,2,20.960471
0.0,5,20.96533
0.0,2,20.967551
0.0,2,20.969568
0.0,3,20.972707
0.0,2,20.974685
0.0,2,20.976622
0.0,3,20.979666
0.0,3,20.982924
0.0,2,20.984996
0.0,2,20.98721
0.0,3,20.990399
0.0,2,20.99236
0.0,2,20.994682
0.0,3,20.997666
0.0,3,21.000911
0.0,3,21.003739
0.0,2,21.005617
0.0,3,21.008845
0.0,3,21.011874
0.0,2,21.013988
0.0,3,21.017063
0.0,2,21.018933
0.0,3,21.021907
0.0,4,21.025991
0.0,3,21.029088
0.0,3,21.032117
0.0,3,21.035323
0.0,3,21.038563
0.0,3,21.041637
0.0,2,21.043923
0.0,2,21.045939
-0.448651,3,21.04905
0.0,5,21.053975
1.5,2,21.056185
0.0,2,21.058506
0.0,2,21.060446
0.0,2,21.06267
0.0,2,21.064694
0.0,3,21.067511
0.0,3,21.070467
0.0,2,21.072696
0.0,3,21.075862
0.0,4,21.079537
0.0,3,21.082247
0.0,2,21.084212
0.0,3,21.087325
0.0,2,21.089382
0.0,3,21.092735
0.0,4,21.096896
0.0,3,21.100016
0.0,4,21.103744
0.0,4,21.107403
0.0,4,21.110685
0.0,2,21.112369
0.0,3,21.114895
-0.838324,4,21.118327
0.0,5,21.122439
0.0,2,21.124051
0.0,3,21.126556
0.0,2,21.128217
0.883408,3,21.130825
0.0,2,21.132541
0.0,2,21.134394
0.0,4,21.137795
0.0,3,21.140421
0.0,2,21.142031
0.0,2,21.143668
-0.123821,2,21.145373
0.844763,2,21.147297
0.0,3,21.149916
0.0,3,21.152508
1.5,2,21.154176
0.112399,5,21.158066
0.0,3,21.160479
0.0,3,21.163013
0.0,3,21.165477
0.0,3,21.168103
1.5,2,21.169888
0.0,3,21.172491
-0.593836,2,21.174246
0.0,5,21.178156
0.0,4,21.181372
0.0,2,21.183046
0.0,3,21.185501
0.0,4,21.188891
0.0,3,21.191553
0.0,3,21.194304
0.0,2,21.196423
0.0,3,21.199471
0.0,3,21.202593
0.0,4,21.206194
0.0,2,21.208043
0.0,2,21.210127
1.5,2,21.212197
0.0,3,21.215242
0.249361,4,21.219407
0.0,4,21.223372
0.0,5,21.227978
0.0,2,21.229931
0.0,3,21.233153
0.0,4,21.2377
0.0,3,21.240843
0.0,2,21.242832
0.0,4,21.246922
0.0,2,21.248967
0.0,2,21.251062
0.0,4,21.255002
0.0,2,21.257037
0.0,4,21.261125
1.5,2,21.263014
0.0,4,21.266865
-0.392075,4,21.270447
0.0,2,21.272422
0.0,3,21.275496
-1.0,2,21.277514
0.0,2,21.279669
0.0,4,21.283581
0.0,3,21.286614
0.0,2,21.288759
0.0,3,21.291671
0.0,2,21.29392
0.0,2,21.295939
0.0,4,21.299998
-0.176234,2,21.301937
0.0,3,21.304774
0.0,3,21.307749
0.0,3,21.31065
0.0,3,21.402203
0.0,3,21.405728
0.650234,2,21.407784
0.0,4,21.412042
0.0,4,21.41619
0.0,3,21.419621
0.0,2,21.421819
0.0,2,21.4238
0.0,2,21.425988
0.0,3,21.429123
0.0,4,21.433488
-1.0,3,21.436621
0.0,2,21.439365
0.0,3,21.44283
0.0,2,21.444905
0.0,3,21.448155
0.0,3,21.451303
0.0,4,21.455076
0.0,4,21.458718
0.0,4,21.462864
0.0,5,21.467808
0.0,3,21.470949
0.0,3,21.473968
0.0,4,21.477759
-0.97811,5,21.482925
0.0,2,21.484933
0.0,3,21.487976
0.0,3,21.49132
0.0,2,21.493291
0.0,2,21.495422
0.0,2,21.497628
0.0,3,21.500637
0.0,2,21.502813
0.0,3,21.50567
0.0,2,21.507513
0.0,4,21.51168
0.0,3,21.514614
0.0,2,21.516768
-0.046041,4,21.520581
0.0,2,21.522503
0.0,6,21.528147
0.0,4,21.532322
0.0,3,21.53524
0.0,3,21.538044
0.0,4,21.541589
0.0,5,21.546394
0.0,3,21.549172
0.0,4,21.55318
0.0,3,21.556048
0.0,3,21.559057
0.0,2,21.561039
1.357871,2,21.563022
0.0,3,21.566006
0.0,3,21.568673
0.0,4,21.572558
1.5,2,21.574549
0.0,2,21.576465
0.0,3,21.579385
0.0,3,21.58211
0.0,3,21.584951
0.0,3,21.588035
0.0,2,21.590065
0.0,3,21.593213
0.0,2,21.595297
0.0,4,21.599193
0.0,3,21.601958
0.0,2,21.603755
0.0,2,21.605639
0.0,3,21.608884
0.0,4,21.612967
0.0,2,21.614902
0.0,4,21.618577
0.0,3,21.621739
0.0,2,21.623749
0.0,3,21.626759
0.0,3,21.629971
0.0,2,21.632088
0.0,3,21.635554
0.0,2,21.637691
0.0,2,21.639848
0.0,2,21.642303
0.0,4,21.646339
0.0,3,21.649722
-0.121561,5,21.654872
1.5,2,21.657172
0.0,2,21.65925
0.0,4,21.663428
0.0,3,21.666182
0.0,3,21.669184
0.0,6,21.675237
1.5,2,21.677215
0.0,3,21.67989
0.0,2,21.681753
0.0,3,21.684901
0.0,3,21.687775
0.0,3,21.691277
0.0,3,21.694348
0.0,2,21.696304
0.0,2,21.698285
0.0,2,21.700129
0.0,4,21.703856
0.0,3,21.706595
0.0,2,21.708434
0.0,3,21.71134
0.0,2,21.713563
0.0,3,21.716618
0.0,2,21.718782
0.0,3,21.721826
0.0,3,21.724674
0.0,4,21.728148
0.0,3,21.730841
0.0,4,21.734836
0.0,2,21.736784
0.0,2,21.738864
0.0,2,21.740766
0.0,2,21.74274
0.0,4,21.746647
0.0,3,21.749659
0.0,3,21.752626
0.0,4,21.756348
0.0,3,21.759187
-0.194867,3,21.762277
0.0,3,21.765234
0.0,3,21.768513
0.0,2,21.770692
0.0,2,21.773067
-0.352139,3,21.776359
0.0,4,21.781892
0.0,3,21.785002
0.0,3,21.788194
0.0,3,21.791111
0.0,2,21.793078
0.0,2,21.79524
0.0,4,21.798983
0.0,3,21.802011
0.0,4,21.805947
0.0,2,21.80805
1.5,2,21.810124
0.0,4,21.814198
0.0,2,21.816398
0.0,2,21.81841
0.0,3,21.82129
0.0,4,21.825092
0.0,4,21.828466
0.0,3,21.831559
0.0,4,21.835409
0.0,4,21.838976
0.0,5,21.843601
0.0,3,21.846596
0.0,3,21.849604
-0.305096,2,21.851735
0.0,3,21.854778
0.0,4,21.859008
0.0,2,21.861119
0.0,4,21.865386
0.0,3,21.868167
0.0,3,21.871095
0.0,2,21.873262
0.0,4,21.877199
0.0,4,21.880875
-0.027578,4,21.884658
0.0,3,21.887686
0.0,2,21.889853
0.0,2,21.892166
0.0,2,21.894412
0.0,3,21.897468
0.0,3,21.900528
0.0,4,21.904085
0.0,3,21.907117
0.0,2,21.909197
0.0,3,21.912301
0.0,2,21.914347
0.0,4,21.91791
0.0,2,21.919776
0.0,4,21.92354
0.0,2,21.92547
0.0,2,21.927492
0.0,3,21.930504
0.0,2,21.932498
0.0,4,21.936646
0.0,5,21.942735
0.0,2,21.944867
0.0,2,21.947133
0.0,3,21.950409
0.0,2,21.952352
0.0,2,21.954648
0.0,4,21.9588
0.0,3,21.961852
0.0,3,21.964621
0.0,5,21.969269
0.0,2,21.971355
0.0,3,21.974253
0.0,2,21.976218
0.0,3,21.978985
0.108452,2,21.980848
0.0,2,21.982856
0.0,3,21.985841
0.0,3,21.988751
0.0,3,21.991906
0.0,4,21.99593
0.0,4,21.999476
0.0,4,22.003141
0.0,3,22.005866
0.0,5,22.010267
0.0,3,22.013288
0.0,2,22.015148
0.0,3,22.018199
0.0,2,22.020305
1.5,2,22.022145
0.0,2,22.024174
0.0,3,22.027316
0.0,2,22.029198
1.5,2,22.031161
0.0,4,22.035056
0.0,3,22.03785
0.0,4,22.041557
0.0,2,22.043442
0.0,3,22.046512
0.0,3,22.049435
0.0,2,22.051419
0.0,4,22.055493
0.0,3,22.058825
0.0,5,22.064001
0.0,3,22.06715
0.0,3,22.070098
0.0,4,22.074075
-0.167188,2,22.076433
0.0,3,22.079211
0.0,4,22.083172
0.0,3,22.08608
0.0,3,22.089431
0.0,4,22.093284
0.0,2,22.095476
0.0,3,22.098484
0.0,3,22.101587
0.0,6,22.107019
1.5,2,22.109148
0.0,3,22.112077
0.0,3,22.11516
0.0,2,22.117133
0.0,4,22.120761
0.0,2,22.122783
0.0,3,22.125657
0.0,2,22.12749
0.0,3,22.130659
0.0,2,22.132644
0.0,3,22.135821
0.0,3,22.138888
0.0,4,22.142753
0.0,3,22.145766
0.0,3,22.14885
0.0,3,22.151978
0.0,3,22.154859
0.0,2,22.157066
0.0,3,22.16
-0.478346,3,22.163141
0.0,3,22.166145
0.0,3,22.168917
0.0,3,22.171902
0.0,2,22.173832
0.0,4,22.177508
0.0,3,22.180175
0.0,2,22.18205
0.0,4,22.185967
0.0,2,22.188005
0.0,2,22.19053
0.0,2,22.192687
0.0,5,22.198321
0.0,3,22.201217
0.0,4,22.205011
0.0,4,22.209041
0.0,3,22.211868
0.0,3,22.214922
0.0,5,22.219847
0.0,3,22.222984
0.0,3,22.225894
0.0,3,22.229001
0.0,2,22.23097
0.0,2,22.233248
-0.267428,2,22.235439
0.168497,3,22.238514
0.0,6,22.24477
0.0,3,22.248113
0.0,5,22.253863
0.0,3,22.257237
0.0,4,22.261614
0.0,3,22.264759
0.0,4,22.268974
0.0,3,22.272025
0.0,3,22.275326
0.0,2,22.277444
0.0,3,22.280492
0.0,3,22.283695
0.0,4,22.287736
0.0,2,22.290234
0.0,3,22.293368
0.0,4,22.297121
0.0,2,22.2991
0.0,2,22.301075
0.0,2,22.303172
0.0,2,22.30504
0.0,3,22.307693
0.0,2,22.309796
0.0,3,22.312804
0.0,2,22.31473
0.0,3,22.31802
0.0,3,22.320976
-0.067381,3,22.323993
0.0,3,22.327129
0.0,3,22.32988
0.0,4,22.334577
0.0,3,22.337906
0.0,2,22.33992
0.0,2,22.341818
0.0,3,22.344561
0.0,3,22.347632
0.0,4,22.351483
0.0,3,22.354457
0.0,4,22.358428
0.0,3,22.361521
0.0,3,22.364417
0.0,4,22.368114
0.0,3,22.371089
-0.126484,3,22.374177
0.0,2,22.376154
0.0,4,22.380059
-0.011246,2,22.381965
0.0,2,22.383897
0.0,3,22.386959
0.0,3,22.390685
0.0,3,22.394182
0.0,5,22.399381
0.0,3,22.402251
0.0,3,22.404983
0.0,2,22.407
0.0,3,22.410033
0.0,3,22.413079
0.0,2,22.415193
1.5,2,22.417091
0.0,3,22.42004
0.0,3,22.42312
0.0,3,22.426048
0.0,5,22.430973
0.0,2,22.43299
0.0,4,22.521143
0.0,3,22.523952
0.0,3,22.527036
-0.761817,4,22.530689
0.0,2,22.532949
0.0,3,22.535905
0.0,4,22.540494
0.0,2,22.542543
0.683609,3,22.545721
0.0,2,22.548337
0.0,3,22.551551
0.0,4,22.555427
1.5,2,22.557183
0.0,4,22.561985
0.0,4,22.566057
0.0,4,22.571257
0.0,4,22.575527
0.0,2,22.577383
0.0,5,22.582536
0.0,3,22.585445
0.0,3,22.588669
0.0,4,22.592544
0.0,2,22.594648
2.0,2,22.597244
1.5,2,22.5993
0.0,4,22.605383
0.0,3,22.610279
0.0,3,22.614619
0.0,4,22.618825
0.0,3,22.622079
0.0,2,22.624418
0.0,2,22.626571
0.0,2,22.628422
0.0,3,22.631712
0.0,4,22.635708
0.130121,2,22.637708
0.0,2,22.63962
0.0,2,22.641754
0.0,2,22.643976
0.0,2,22.646088
0.676162,2,22.648092
0.0,2,22.650143
0.0,3,22.653483
0.0,3,22.656599
0.0,2,22.659139
0.0,4,22.663264
-0.219772,4,22.667255
0.0,4,22.670824
0.0,2,22.673162
0.0,2,22.675185
0.0,2,22.677121
0.0,2,22.679245
0.0,2,22.681218
0.0,3,22.683815
0.0,3,22.686857
0.0,2,22.688845
0.0,4,22.693095
0.0,3,22.695989
0.0,4,22.699953
1.5,2,22.701784
0.0,4,22.705208
0.0,3,22.708382
0.0,2,22.710291
0.0,3,22.713312
0.0,2,22.715191
0.0,3,22.717874
1.5,2,22.71977
0.0,3,22.722812
0.0,3,22.725556
-0.994656,3,22.72868
0.0,3,22.731543
0.0,2,22.733599
0.0,2,22.735764
0.0,3,22.738659
0.0,3,22.741915
0.0,3,22.744798
0.0,3,22.747869
0.0,2,22.750077
0.0,3,22.75301
0.0,3,22.756213
0.0,2,22.758212
0.0,6,22.76411
0.0,3,22.766807
0.0,3,22.769773
0.0,3,22.772654
0.0,2,22.774619
0.0,3,22.777591
0.0,3,22.78068
0.0,3,22.78371
1.0,4,22.787585
0.0,2,22.789583
0.0,2,22.791763
0.0,3,22.79486
0.0,4,22.798763
0.0,2,22.800591
0.0,3,22.803279
0.0,3,22.805891
-0.099847,4,22.809357
0.0,2,22.811605
0.0,3,22.814684
0.0,4,22.818969
-1.0,2,22.821248
0.0,2,22.823217
0.0,4,22.827103
0.0,3,22.829828
0.0,3,22.832772
1.5,2,22.834763
0.0,4,22.838774
0.0,3,22.841608
-0.131892,2,22.843411
0.0,3,22.846511
0.0,2,22.848587
0.0,2,22.850627
0.0,4,22.854649
0.0,4,22.858418
0.0,2,22.860711
0.0,3,22.863695
0.0,2,22.865834
0.0,2,22.868021
0.0,2,22.869952
0.0,2,22.871994
1.5,2,22.874037
0.0,4,22.877375
0.0,2,22.879209
0.0,2,22.881367
0.0,2,22.883241
1.5,2,22.885185
0.0,3,22.888443
0.0,4,22.892503
0.0,2,22.894935
0.0,3,22.898033
0.0,5,22.902911
0.0,3,22.905499
0.0,4,22.909384
0.0,2,22.911301
0.0,2,22.913326
0.0,3,22.916064
0.0,3,22.918729
0.0,2,22.920661
0.0,2,22.922646
0.0,2,22.924664
0.0,3,22.927366
0.0,2,22.92935
0.0,3,22.932349
0.0,2,22.934306
0.0,3,22.937598
1.5,2,22.939566
0.0,3,22.943017
0.0,2,22.945513
0.0,2,22.947572
0.0,2,22.949789
0.0,3,22.952872
0.0,4,22.956796
0.0,5,22.961758
1.5,2,22.963769
0.0,3,22.966471
0.0,3,22.969136
0.0,2,22.971297
0.0,3,22.974192
0.0,5,22.978884
0.0,2,22.98063
-0.242303,2,22.982428
0.0,2,22.984435
0.0,4,22.988395
0.0,3,22.991262
0.0,3,22.99416
-0.398184,4,22.997798
0.0,4,23.001253
0.0,3,23.003842
0.0,3,23.006739
0.0,4,23.010362
0.0,2,23.012299
0.0,2,23.014162
0.0,4,23.017705
0.0,3,23.020405
0.0,3,23.02293
0.0,3,23.025375
0.0,2,23.027171
0.0,2,23.029038
0.0,2,23.031008
0.0,4,23.034963
0.0,2,23.036773
0.0,2,23.038595
0.0,2,23.040705
0.0,2,23.042714
0.0,2,23.044578
0.0,3,23.047596
0.0,2,23.049629
0.0,2,23.051452
0.0,3,23.054403
0.0,3,23.05697
0.0,3,23.059412
0.0,2,23.061603
0.0,2,23.064156
0.0,2,23.066165
0.0,3,23.069431
0.0,2,23.071344
0.0,4,23.075179
0.0,2,23.077194
0.0,3,23.079869
1.0,2,23.081717
0.0,3,23.084821
0.0,2,23.086766
0.0,2,23.08884
0.0,2,23.091125
0.0,2,23.093065
0.0,2,23.095154
0.0,3,23.098611
1.5,2,23.100451
0.0,3,23.103615
-0.31323,3,23.106362
0.0,5,23.110932
0.0,2,23.112962
0.0,2,23.114941
0.0,4,23.11862
0.0,3,23.121167
0.0,3,23.123923
0.0,2,23.125946
0.0,3,23.128561
0.0,2,23.130304
0.0,3,23.133479
0.0,2,23.135446
0.0,2,23.137491
0.0,2,23.139348
0.0,5,23.143678
0.0,4,23.147787
1.5,2,23.149744
0.0,3,23.152828
0.0,3,23.155736
0.0,3,23.158651
1.5,2,23.160771
0.0,3,23.163771
0.0,5,23.168666
0.0,4,23.172533
0.0,3,23.175176
0.0,3,23.177783
0.0,2,23.179834
0.0,3,23.182864
0.0,3,23.18576
0.0,3,23.188812
0.0,4,23.192591
0.0,2,23.194765
0.0,2,23.196731
0.0,3,23.199701
0.0,2,23.201663
0.0,4,23.205358
0.0,3,23.208155
0.0,2,23.210087
0.0,2,23.211972
0.0,5,23.216527
0.0,2,23.218244
0.0,3,23.221026
0.0,2,23.22309
0.0,2,23.224923
0.0,4,23.228417
0.0,2,23.230469
0.0,2,23.232354
0.0,2,23.23415
1.5,2,23.236345
0.0,4,23.239987
0.0,2,23.242033
0.0,4,23.245758
0.0,3,23.248964
-0.400652,4,23.253365
1.5,2,23.255898
0.0,2,23.258283
0.0,3,23.261267
0.0,4,23.265175
0.0,3,23.267981
0.0,3,23.271091
0.0,3,23.27403
0.0,3,23.277046
0.0,4,23.280596
0.0,2,23.282406
0.0,4,23.286172
0.0,3,23.288979
0.0,2,23.290969
1.5,2,23.292999
0.0,3,23.295848
0.0,2,23.297878
0.0,2,23.299675
0.0,5,23.304211
0.0,2,23.306673
0.0,2,23.309031
0.0,3,23.312141
0.0,4,23.316104
0.0,3,23.319028
0.0,3,23.321723
0.0,3,23.32431
0.0,3,23.327174
0.0,3,23.330322
0.0,2,23.332358
0.111588,2,23.33451
0.0,2,23.336324
0.0,2,23.338117
0.0,3,23.341469
0.0,2,23.343366
0.0,5,23.34835
0.0,3,23.351123
0.0,2,23.353234
0.0,3,23.356211
0.0,2,23.358004
-0.419005,4,23.361831
0.0,2,23.36367
0.0,3,23.366559
0.0,3,23.369747
0.0,4,23.373578
2.0,2,23.375556
0.0,3,23.378155
1.5,2,23.379889
0.0,2,23.381725
0.0,3,23.384709
0.0,3,23.387642
0.0,4,23.392174
0.0,2,23.394033
0.0,2,23.396253
0.0,4,23.399848
0.0,3,23.402635
-0.567852,5,23.406815
0.0,2,23.408595
0.0,3,23.411449
0.0,2,23.413259
0.0,2,23.415183
0.0,4,23.418648
0.0,2,23.420351
-0.270418,4,23.423937
0.0,2,23.425792
0.0,4,23.429027
0.0,3,23.431793
0.0,2,23.43357
0.0,2,23.435445
0.0,3,23.438165
0.0,3,23.440749
0.0,5,23.445143
0.0,2,23.447011
0.0,2,23.448803
0.0,2,23.45061
0.0,3,23.453368
0.0,2,23.455331
0.0,4,23.459589
0.0,4,23.463137
0.0,2,23.465055
0.0,2,23.466791
0.0,3,23.469416
0.0,2,23.471181
0.0,4,23.474977
1.5,2,23.476774
0.0,3,23.479512
0.0,4,23.482878
0.0,3,23.485515
0.0,2,23.487569
0.0,4,23.491075
0.0,2,23.492955
0.0,3,23.495767
0.0,2,23.497514
0.0,4,23.501159
1.5,2,23.502884
0.0,3,23.505428
0.0,3,23.508243
0.0,4,23.511777
-0.376777,3,23.514608
0.0,2,23.51642
0.0,3,23.518985
0.0,3,23.52163
0.0,2,23.607296
0.0,2,23.609343
0.0,4,23.613384
0.0,3,23.616321
0.0,3,23.61958
0.0,3,23.622338
0.0,3,23.625283
0.0,3,23.628243
0.0,3,23.630822
0.0,4,23.634673
0.0,6,23.640306
0.0,2,23.642001
0.0,3,23.644617
0.0,2,23.646624
0.0,3,23.65003
0.0,2,23.652466
0.0,3,23.65529
0.0,2,23.657089
0.0,3,23.660003
0.0,4,23.663707
0.0,3,23.66692
0.0,3,23.669889
0.0,2,23.671796
0.0,3,23.67482
0.0,4,23.678382
0.0,2,23.680263
0.0,2,23.682213
0.0,3,23.684992
0.0,2,23.687157
0.0,2,23.689206
0.0,3,23.69216
1.5,2,23.694354
0.0,2,23.696496
1.5,2,23.698381
0.0,2,23.700437
0.0,2,23.702555
0.0,3,23.705261
-1.0,4,23.709168
0.0,3,23.711981
0.0,5,23.716913
0.0,4,23.720455
0.0,4,23.72436
0.0,3,23.727093
0.0,4,23.730986
0.0,4,23.734674
0.0,3,23.737781
1.5,2,23.739586
0.0,3,23.742483
-1.0,4,23.746395
0.0,3,23.749309
0.0,2,23.751607
0.0,5,23.756342
0.0,2,23.758579
0.0,3,23.761587
0.0,3,23.76476
0.0,2,23.766613
0.0,2,23.768517
0.0,3,23.771544
0.0,2,23.773567
0.0,2,23.775453
0.0,3,23.778514
0.0,2,23.780311
0.0,2,23.782043
0.0,3,23.784938
-0.000223,2,23.786949
0.0,3,23.789795
0.0,2,23.791848
0.0,3,23.794888
1.5,2,23.79674
1.5,2,23.798817
0.0,2,23.80076
0.0,4,23.804236
0.0,2,23.806063
0.0,4,23.809704
0.0,4,23.813491
0.0,6,23.818406
0.0,2,23.82019
0.0,5,23.824327
1.5,2,23.826023
0.0,3,23.828784
0.0,3,23.831633
0.0,5,23.836549
0.0,2,23.838327
0.0,3,23.841369
0.0,4,23.844825
0.0,2,23.846845
0.0,2,23.848969
0.0,2,23.850718
0.0,2,23.852484
0.0,3,23.855573
0.0,2,23.857399
0.0,2,23.859059
1.5,2,23.861093
0.0,3,23.863784
0.0,3,23.866273
0.0,4,23.869897
1.5,2,23.871638
0.0,3,23.874239
-0.296683,3,23.877306
0.0,2,23.879071
-0.579288,2,23.880778
0.0,2,23.882699
0.0,2,23.88462
0.0,3,23.887298
0.0,3,23.890582
0.0,7,23.897434
0.0,3,23.900367
0.0,2,23.902195
0.0,3,23.904989
0.0,3,23.907549
0.0,2,23.909343
0.0,3,23.912329
0.0,3,23.915044
0.0,3,23.918097
0.0,2,23.920017
0.0,5,23.924618
0.0,2,23.926522
0.0,2,23.928349
0.0,2,23.930142
0.0,2,23.932162
0.0,3,23.935003
0.0,4,23.938929
0.0,3,23.941638
0.0,2,23.943432
0.0,3,23.9471
1.388588,2,23.949095
0.0,2,23.951249
0.0,3,23.954186
0.0,5,23.95894
0.0,3,23.961891
0.0,3,23.964711
0.0,3,23.96795
0.0,3,23.970744
0.0,4,23.974636
0.0,2,23.976286
0.0,4,23.979879
0.0,2,23.981886
-1.0,3,23.984546
0.0,3,23.987619
1.5,2,23.989458
0.0,3,23.992142
0.0,2,23.994654
0.0,4,23.998235
0.0,2,24.000422
0.0,3,24.003161
0.0,3,24.005721
0.0,2,24.007459
0.0,3,24.010457
0.0,3,24.013089
0.0,3,24.016036
0.0,5,24.020226
0.0,3,24.023013
0.0,4,24.026392
0.0,4,24.029711
0.0,2,24.031556
0.0,4,24.035319
0.0,4,24.038957
0.0,3,24.0419
0.0,2,24.044013
-0.243225,4,24.047483
1.0,3,24.050689
-0.487444,5,24.054894
0.0,3,24.057959
0.0,4,24.061498
0.0,4,24.06525
0.0,3,24.06773
0.0,3,24.070764
0.0,2,24.07271
0.0,4,24.076708
0.0,4,24.080372
0.0,4,24.083773
0.0,2,24.085999
0.0,3,24.088656
1.5,2,24.090766
0.0,3,24.093869
0.0,3,24.096613
0.0,3,24.099611
0.0,2,24.101324
0.0,3,24.103762
0.0,3,24.106619
1.5,2,24.10837
0.0,2,24.110228
0.0,4,24.114186
0.0,4,24.117585
0.0,3,24.120625
0.0,2,24.12235
1.5,2,24.124026
0.0,3,24.126699
0.0,2,24.128589
0.0,2,24.130592
0.0,2,24.132319
0.0,2,24.13433
0.0,3,24.136829
0.0,3,24.139743
0.0,5,24.144149
0.0,2,24.145948
0.0,2,24.148082
0.0,2,24.150215
0.0,4,24.154191
0.0,2,24.156003
0.0,3,24.158644
0.0,4,24.162742
0.0,2,24.164521
0.0,2,24.166349
0.0,3,24.169561
0.0,3,24.17221
1.0,3,24.17515
0.0,4,24.178474
0.0,3,24.181062
0.0,3,24.183929
0.0,6,24.189464
0.0,2,24.191286
-0.296272,2,24.193061
0.0,2,24.195155
0.0,3,24.19849
0.0,3,24.201353
0.0,2,24.203449
0.0,4,24.206821
0.0,5,24.211529
0.0,2,24.213331
-0.278059,4,24.217125
0.0,3,24.219615
0.0,3,24.222084
-0.11062,4,24.225782
0.0,2,24.227469
0.0,3,24.229939
0.0,5,24.234358
-0.418393,4,24.238081
1.0,2,24.239747
1.5,2,24.241406
0.015935,3,24.243994
0.0,3,24.246797
0.0,2,24.248564
0.0,2,24.250524
0.0,5,24.254956
0.0,3,24.257872
0.0,3,24.260827
0.0,4,24.264456
0.0,2,24.266554
0.0,2,24.2683
0.0,3,24.271023
0.0,5,24.275561
-0.178075,5,24.279917
0.0,2,24.281833
1.5,2,24.283613
0.0,3,24.286586
0.0,3,24.289328
1.5,2,24.291133
0.0,3,24.294156
0.0,3,24.296712
0.0,3,24.299588
1.5,2,24.301373
0.0,3,24.303852
-0.409354,2,24.305559
0.0,4,24.309416
0.0,3,24.312611
0.0,3,24.315383
-0.493294,5,24.319404
1.5,2,24.321184
0.0,2,24.322856
0.0,2,24.324602
0.0,2,24.326368
0.0,3,24.329249
0.0,3,24.33223
0.0,2,24.334032
0.0,2,24.33611
0.0,4,24.339763
0.0,2,24.341935
0.0,3,24.344556
0.0,5,24.349176
0.0,3,24.351864
0.0,3,24.355179
0.0,6,24.36085
0.0,2,24.362989
0.0,2,24.364807
0.0,4,24.368101
0.0,2,24.370189
0.0,4,24.37411
0.0,4,24.377903
0.0,2,24.379634
0.0,2,24.381334
0.0,4,24.384871
0.0,2,24.386572
0.0,2,24.388422
0.0,5,24.393677
0.272951,5,24.398512
0.0,4,24.401873
0.0,2,24.403758
0.0,3,24.406757
0.0,3,24.409347
0.0,2,24.411446
0.0,2,24.413253
0.0,2,24.415012
0.0,3,24.41767
0.0,3,24.420329
0.0,2,24.422075
0.0,2,24.42386
0.0,4,24.427355
0.0,2,24.429229
0.0,3,24.431782
0.0,2,24.43359
0.0,2,24.435214
0.0,3,24.437625
0.0,2,24.439771
0.0,4,24.443132
0.0,4,24.446802
0.0,3,24.449366
0.0,2,24.451022
0.0,2,24.453072
0.0,2,24.454928
0.0,2,24.456628
0.0,4,24.460195
0.0,2,24.462174
0.0,4,24.465631
0.0,3,24.468783
-0.623774,3,24.471448
0.0,3,24.474337
0.0,3,24.476782
0.0,2,24.478418
0.0,2,24.480087
0.0,4,24.48361
-1.0,2,24.485238
1.5,2,24.487101
1.5,2,24.488975
0.0,2,24.490737
0.0,2,24.492446
0.0,2,24.49438
0.0,2,24.496458
0.0,2,24.498177
0.0,4,24.501815
0.0,2,24.503568
0.0,4,24.506853
0.0,3,24.509768
0.0,3,24.512424
0.0,3,24.51521
0.0,3,24.517977
0.0,2,24.519658
0.0,3,24.522196
0.0,3,24.524827
0.0,2,24.526486
0.0,4,24.529682
1.5,2,24.531486
0.0,2,24.533389
0.0,4,24.536812
0.0,4,24.540026
0.0,3,24.542832
0.0,3,24.54637
0.0,4,24.550425
1.5,2,24.552264
0.0,4,24.555712
0.0,4,24.559439
0.0,4,24.562802
0.0,3,24.645701
0.0,3,24.649054
0.0,3,24.651809
0.0,2,24.65354
0.0,2,24.655883
0.0,4,24.659341
0.0,3,24.662328
0.0,2,24.664162
-0.044506,2,24.66587
0.0,3,24.66872
1.5,2,24.670877
0.0,5,24.675309
0.0,2,24.677326
0.0,4,24.680533
0.0,4,24.684319
0.0,2,24.686093
-0.360902,6,24.692025
0.0,3,24.694808
0.0,4,24.698575
0.0,3,24.701098
0.0,2,24.70301
0.0,2,24.70484
0.0,2,24.706486
0.0,2,24.708162
-0.532612,2,24.709851
0.0,2,24.711724
0.0,2,24.713509
0.0,2,24.715275
0.0,2,24.717181
0.0,3,24.71987
0.0,3,24.722327
0.0,4,24.725883
0.0,3,24.728557
0.0,3,24.731024
0.0,2,24.733022
0.0,2,24.734719
0.0,3,24.737287
1.5,2,24.739301
0.0,3,24.741781
0.0,5,24.745991
0.0,3,24.748682
0.0,2,24.75045
0.0,3,24.753247
-0.804482,2,24.75495
0.0,2,24.756642
0.0,3,24.759263
0.0,4,24.763
0.0,5,24.767719
0.0,4,24.771262
0.0,3,24.774139
0.0,2,24.775846
0.0,2,24.77763
0.0,4,24.781446
0.0,3,24.784112
0.0,2,24.786088
0.0,2,24.788029
0.0,3,24.79066
0.0,4,24.794491
0.0,2,24.796409
0.0,3,24.798897
0.0,2,24.800851
-0.21556,4,24.804168
0.0,2,24.805776
0.0,3,24.808404
0.0,3,24.811003
0.0,3,24.813544
0.0,2,24.815408
0.0,2,24.817116
1.5,2,24.818723
0.0,2,24.820347
0.0,3,24.822953
0.0,2,24.824817
0.0,2,24.826465
0.0,5,24.83086
0.0,4,24.834903
0.0,3,24.838145
0.0,4,24.841805
0.0,2,24.84396
0.0,2,24.845807
0.0,3,24.84851
0.0,2,24.850746
0.0,4,24.854381
0.0,2,24.85637
0.0,3,24.859245
0.0,2,24.861082
0.0,3,24.863916
0.0,4,24.867352
0.0,2,24.869072
1.5,2,24.870811
0.0,2,24.87273
0.0,3,24.875336
0.0,2,24.877074
0.0,3,24.879806
0.0,3,24.882279
0.0,3,24.884949
-0.571682,4,24.888647
0.0,3,24.891876
0.0,3,24.894527
0.0,2,24.896217
0.0,3,24.899396
0.0,2,24.901138
0.0,3,24.903603
0.0,3,24.906154
0.0,5,24.91044
-0.402012,4,24.914148
0.0,2,24.915867
0.0,3,24.91839
0.0,3,24.920958
0.0,3,24.92336
0.0,4,24.926689
0.0,2,24.928697
0.0,5,24.933085
0.0,2,24.934831
0.0,3,24.93749
0.0,3,24.94058
0.0,2,24.942606
-0.485145,5,24.947362
0.0,2,24.949664
0.0,3,24.952366
0.0,3,24.955384
0.0,4,24.958837
0.0,2,24.960784
0.0,3,24.963716
0.0,2,24.965522
0.0,4,24.969581
-0.08682,3,24.972299
0.0,2,24.974082
0.0,2,24.976089
0.0,4,24.979322
0.0,2,24.981103
0.0,3,24.983924
0.0,3,24.986473
0.03585,4,24.990264
0.0,4,24.993696
0.0,2,24.99575
1.5,2,24.997528
0.0,3,25.000218
0.0,2,25.002003
0.0,3,25.004682
0.0,2,25.006513
0.0,2,25.008243
0.0,4,25.011672
0.0,2,25.013421
0.0,3,25.016135
0.0,4,25.019812
0.0,2,25.021631
0.0,4,25.025171
0.0,3,25.027761
0.0,2,25.029531
0.0,3,25.032201
1.5,2,25.03419
0.0,3,25.03687
0.0,3,25.039745
0.0,3,25.042248
0.0,2,25.043971
0.0,4,25.047593
-1.0,4,25.051114
0.0,4,25.054897
0.0,4,25.058593
1.5,2,25.060561
0.0,3,25.063167
0.0,3,25.066213
0.0,2,25.068072
0.0,3,25.070792
0.0,2,25.072885
0.0,2,25.074612
0.0,3,25.077205
0.0,4,25.080904
0.0,2,25.082757
0.0,2,25.084538
0.0,2,25.086573
0.0,2,25.088438
0.0,3,25.090974
0.0,2,25.092835
1.5,2,25.095118
0.0,2,25.096987
0.0,3,25.099722
-0.382554,2,25.101666
0.0,2,25.103353
0.0,3,25.105782
0.0,2,25.107555
0.0,2,25.109473
0.0,2,25.111212
0.0,3,25.11404
0.0,2,25.115812
0.0,4,25.119002
0.0,4,25.122337
0.0,2,25.123967
0.0,3,25.126381
0.0,2,25.128099
0.0,2,25.129906
0.0,4,25.133412
0.0,4,25.136946
0.0,3,25.13948
0.0,2,25.141521
0.0,3,25.144293
0.0,3,25.146734
0.0,2,25.148566
0.0,2,25.150696
0.0,2,25.152438
-0.549463,5,25.156972
0.0,3,25.159537
0.0,4,25.163269
0.0,4,25.166557
0.0,2,25.168304
0.0,3,25.171318
0.0,2,25.173057
0.0,3,25.175595
0.0,2,25.17757
0.0,3,25.180104
-0.548949,2,25.181732
0.0,2,25.183588
1.5,2,25.185617
0.0,2,25.187381
0.0,3,25.19031
0.0,4,25.194285
0.0,3,25.197194
0.0,2,25.19911
0.0,2,25.20076
0.0,4,25.204015
0.0,3,25.206746
0.0,3,25.209265
0.0,2,25.211181
0.0,2,25.213319
0.0,2,25.215054
0.0,2,25.216771
0.0,2,25.218795
0.0,4,25.222061
0.327026,3,25.224631
0.0,3,25.227344
0.0,3,25.230133
0.0,2,25.231914
0.0,2,25.234011
0.0,2,25.235771
0.0,3,25.238636
1.5,2,25.240483
0.0,2,25.242247
0.0,3,25.244828
0.0,3,25.2477
0.0,2,25.249404
0.0,2,25.251006
0.0,2,25.252975
0.0,3,25.255631
0.0,4,25.258907
0.0,2,25.260727
0.0,4,25.264299
0.0,3,25.267105
0.0,3,25.269908
0.0,3,25.272551
0.0,3,25.275351
0.0,3,25.277823
0.0,2,25.279433
0.0,2,25.281228
0.0,2,25.283043
0.0,2,25.284785
0.0,2,25.286454
0.0,3,25.289421
0.0,2,25.291204
0.0,2,25.293037
0.0,2,25.295097
0.0,6,25.300301
0.0,3,25.303179
0.0,2,25.304826
0.0,3,25.307245
0.0,4,25.310714
-0.092157,6,25.316083
0.0,3,25.318536
0.0,2,25.320198
0.0,2,25.321855
0.0,2,25.323578
0.834056,4,25.326843
-0.116946,3,25.329274
0.0,2,25.331059
0.0,3,25.333917
0.0,4,25.337475
0.0,2,25.339128
1.350325,2,25.34075
0.0,2,25.342442
1.0,2,25.34447
0.0,3,25.347246
0.0,2,25.349005
0.0,4,25.352802
0.0,3,25.355416
0.0,2,25.357342
0.0,3,25.360367
0.0,2,25.362083
0.0,5,25.366418
0.0,3,25.368829
0.0,2,25.370569
0.0,3,25.373351
0.0,3,25.376018
0.0,3,25.378746
0.0,4,25.382189
0.0,5,25.386796
0.0,2,25.388629
0.0,4,25.392368
0.074698,4,25.396307
0.892311,4,25.400122
0.0,7,25.405936
0.0,4,25.409516
0.0,2,25.411335
0.0,3,25.4142
-1.0,5,25.418155
0.0,3,25.420728
0.0,3,25.423201
0.0,3,25.425724
0.0,3,25.428265
0.0,4,25.431884
0.450186,2,25.433551
0.0,4,25.437403
0.673656,3,25.440018
0.0,3,25.443277
0.0,3,25.445888
0.0,2,25.447938
0.0,3,25.450772
0.0,3,25.453333
0.0,3,25.456263
1.5,2,25.458066
0.0,3,25.460707
0.0,3,25.463541
0.0,3,25.465983
0.356246,3,25.468505
0.0,3,25.47131
0.0,2,25.47305
0.0,2,25.47492
0.0,2,25.476723
0.0,4,25.480004
0.0,3,25.482571
0.0,3,25.485237
0.0,4,25.488807
0.0,5,25.493131
0.475767,2,25.494927
0.0,3,25.497728
0.0,4,25.500922
0.0,4,25.504256
0.0,2,25.505904
0.0,3,25.508261
0.0,3,25.510696
0.0,2,25.512696
0.0,2,25.51443
0.0,4,25.518108
0.0,2,25.519787
0.0,3,25.52219
0.0,2,25.523874
1.5,2,25.525614
0.0,2,25.52733
0.0,2,25.528957
0.0,2,25.530624
0.0,2,25.53229
0.0,3,25.535211
0.0,4,25.538628
0.0,2,25.540492
0.0,4,25.54379
0.0,2,25.545882
0.0,2,25.547704
0.0,2,25.549356
0.0,3,25.551924
0.0,2,25.553985
0.0,3,25.556393
0.0,4,25.56006
0.0,2,25.562008
0.186823,2,25.563759
0.0,2,25.645596
0.0,2,25.647678
0.0,3,25.650853
0.0,2,25.652801
0.0,2,25.65456
0.0,4,25.658558
0.0,3,25.661171
0.0,4,25.664891
0.0,3,25.667354
0.0,2,25.669004
0.0,2,25.670755
0.0,2,25.672807
0.0,3,25.675387
0.0,2,25.677383
0.0,2,25.679099
0.0,2,25.680764
0.0,3,25.683199
1.5,2,25.684906
0.0,2,25.686888
1.5,2,25.688616
0.0,2,25.690531
0.0,3,25.693998
0.0,3,25.696725
0.648235,2,25.698726
0.0,2,25.700474
0.0,2,25.702102
0.0,2,25.703719
0.0,2,25.705484
0.0,4,25.709054
0.0,5,25.71342
0.0,3,25.715858
0.0,5,25.719883
0.0,4,25.72303
0.0,3,25.72539
0.0,2,25.727123
0.0,3,25.730015
0.0,2,25.731767
0.0,2,25.733499
0.0,4,25.736912
0.0,3,25.739294
0.0,2,25.741366
0.0,3,25.743994
1.5,2,25.745655
0.0,5,25.750211
0.0,2,25.751843
0.0,2,25.753493
0.0,4,25.757422
0.0,2,25.759053
0.0,3,25.761863
-1.0,5,25.765894
0.0,2,25.76761
0.0,2,25.769833
-0.044108,3,25.77243
0.0,2,25.774146
0.0,2,25.776473
0.0,3,25.779849
0.0,3,25.783388
0.0,4,25.788151
0.0,3,25.791768
0.0,4,25.796365
0.0,5,25.801846
0.0,4,25.806233
0.0,3,25.809423
0.0,2,25.811763
0.659534,3,25.81447
0.0,3,25.8171
0.0,2,25.818757
-1.0,6,25.823557
0.0,4,25.82696
0.0,3,25.82932
0.0,3,25.831795
0.0,3,25.83451
0.0,2,25.836292
1.5,2,25.837911
-0.469866,2,25.839544
0.0,3,25.841939
0.0,3,25.844342
0.0,4,25.848081
0.0,4,25.851337
0.0,2,25.853293
0.0,2,25.854859
0.0,2,25.85655
0.0,3,25.859334
0.0,2,25.861255
0.0,3,25.863722
0.0,4,25.867416
0.0,3,25.869997
0.0,2,25.87174
0.0,4,25.875173
0.0,2,25.876872
1.408832,2,25.878455
0.0,2,25.880404
0.0,2,25.882343
0.0,3,25.884834
-0.280359,5,25.889548
0.0,2,25.891444
0.0,6,25.897001
0.0,4,25.900675
0.0,3,25.903322
0.0,3,25.905754
0.0,3,25.908568
0.0,3,25.911201
0.0,3,25.913667
1.5,2,25.915663
0.0,3,25.918156
0.0,2,25.919821
0.0,2,25.921623
0.0,2,25.923205
0.0,3,25.92561
0.0,3,25.928023
0.0,3,25.930524
0.0,2,25.932471
0.0,2,25.934255
0.0,4,25.93786
0.0,3,25.94032
0.0,3,25.943361
0.0,2,25.945174
0.0,3,25.947577
1.470507,2,25.949427
0.0,4,25.952966
1.5,2,25.954551
0.0,2,25.956636
0.0,2,25.958592
0.0,3,25.961094
0.0,2,25.96287
0.0,2,25.964926
0.0,2,25.966627
0.0,2,25.968239
0.0,4,25.972077
0.0,3,25.974621
0.0,2,25.976344
0.0,3,25.979148
0.0,3,25.98166
0.0,3,25.984849
0.0,3,25.987636
0.0,2,25.98938
0.0,2,25.991292
2.0,2,25.993326
-1.888915,2,25.99501
0.0,3,25.99749
0.0,2,25.999533
0.0,3,26.002343
0.0,4,26.005832
-1.0,2,26.007718
0.0,4,26.011019
0.0,4,26.014447
0.0,3,26.016866
0.0,2,26.01855
0.0,3,26.021075
0.0,3,26.02356
0.0,3,26.026263
0.0,2,26.028408
0.0,4,26.031735
0.0,2,26.033633
0.0,5,26.038216
0.0,2,26.040127
0.0,2,26.042047
0.0,2,26.043716
0.700506,2,26.045294
0.0,4,26.049045
0.0,5,26.053017
0.156566,2,26.054988
0.0,3,26.057503
0.0,2,26.059136
0.0,4,26.062946
0.0,2,26.064681
0.0,3,26.067126
0.0,3,26.070268
0.0,2,26.072027
0.0,2,26.073637
0.0,3,26.076305
0.0,4,26.079512
0.0,3,26.082269
0.0,2,26.084183
0.0,3,26.086656
0.0,4,26.090407
0.0,4,26.093785
0.0,2,26.095683
0.0,2,26.09742
0.0,2,26.099057
0.0,4,26.102217
0.0,2,26.103951
0.0,3,26.106352
0.0,2,26.107998
0.0,4,26.111954
0.0,2,26.11371
0.0,4,26.117246
0.0,2,26.118938
0.0,2,26.120545
0.0,2,26.12217
0.0,4,26.125493
0.0,4,26.128769
1.5,2,26.130486
0.0,5,26.135206
-0.640722,3,26.137927
0.0,3,26.140339
0.0,4,26.1435
-0.594416,3,26.146574
0.0,3,26.14916
0.0,2,26.151
0.0,3,26.153915
0.0,3,26.156455
0.0,2,26.158418
0.0,3,26.161294
0.0,2,26.163039
0.0,2,26.164752
-1.0,5,26.169414
0.0,3,26.172044
0.0,3,26.17466
0.0,2,26.176578
0.009882,2,26.178223
0.0,4,26.181852
0.0,2,26.183566
0.0,3,26.186399
0.0,4,26.189967
1.0,2,26.191769
0.0,2,26.193783
0.0,2,26.196003
0.0,2,26.19798
0.0,5,26.202448
0.0,5,26.206731
0.0,3,26.209655
0.0,2,26.211492
0.0,2,26.213254
0.0,3,26.216107
0.0,5,26.220239
0.0,3,26.222964
0.0,3,26.225531
0.0,4,26.229095
0.0,2,26.231341
0.0,4,26.235199
0.0,4,26.238683
0.0,2,26.240279
-0.455052,3,26.243193
0.0,3,26.245723
0.0,2,26.247468
0.0,2,26.249473
0.0,2,26.251422
0.0,2,26.253122
0.0,2,26.254883
0.0,2,26.257083
-0.127097,2,26.258809
0.0,3,26.261319
0.0,2,26.263289
0.0,3,26.265795
0.0,2,26.267389
0.0,3,26.270315
0.0,2,26.272306
0.0,4,26.275692
0.0,3,26.278499
0.0,3,26.280881
0.0,4,26.284372
0.0,3,26.287044
1.5,2,26.288668
0.0,3,26.291643
0.0,4,26.295007
-0.035388,2,26.296792
0.0,4,26.300282
0.0,3,26.302666
0.0,3,26.3055
0.0,2,26.307314
0.0,2,26.308966
0.0,2,26.310685
1.019857,2,26.312715
0.0,2,26.314421
0.0,2,26.316073
0.0,2,26.317825
0.0,4,26.321234
-1.224137,2,26.322856
0.0,2,26.324459
-0.028307,2,26.326416
0.0,3,26.329099
0.0,2,26.330794
0.0,3,26.333432
0.0,4,26.337455
0.0,3,26.340159
0.911077,3,26.342695
0.0,3,26.345042
0.0,2,26.347111
0.0,3,26.349673
2.0,2,26.351346
0.0,3,26.354097
0.0,2,26.355758
0.0,2,26.357488
0.0,3,26.360043
0.0,3,26.362913
0.0,4,26.366123
0.0,3,26.368985
1.071177,2,26.370703
0.0,3,26.373281
0.0,2,26.375166
0.0,2,26.376845
0.0,3,26.379268
-0.079633,4,26.382858
0.0,3,26.38538
0.0,3,26.388075
0.0,2,26.39049
0.0,2,26.392422
0.0,3,26.39529
0.0,2,26.397147
0.0,2,26.398858
0.0,2,26.400548
0.0,2,26.402388
0.0,3,26.404895
0.0,4,26.408071
0.0,2,26.410102
0.086063,2,26.411888
0.0,3,26.414342
0.0,3,26.417006
0.0,4,26.42019
0.0,3,26.42273
0.0,3,26.425246
-0.151669,2,26.426965
0.0,2,26.428728
0.0,2,26.430461
0.0,3,26.433393
0.0,5,26.437698
0.0,3,26.440177
0.0,3,26.442597
0.0,4,26.446625
0.0,4,26.449912
0.0,5,26.454504
0.0,2,26.456292
0.0,2,26.458299
0.0,2,26.460196
1.5,2,26.461801
0.0,4,26.465375
0.0,3,26.467791
0.0,2,26.469445
0.0,2,26.471202
0.0,3,26.473948
0.0,3,26.476395
0.0,3,26.479021
0.0,3,26.481475
0.012954,2,26.483089
0.0,2,26.484725
0.0,2,26.48678
0.0,2,26.488537
1.5,2,26.490168
0.0,2,26.491845
0.0,3,26.494792
0.0,2,26.496585
0.0,4,26.50003
0.0,3,26.502439
0.0,4,26.505602
0.0,2,26.507479
0.0,3,26.509926
0.0,4,26.513229
0.0,4,26.5164
1.5,2,26.517961
0.0,3,26.520492
-0.870941,4,26.523623
0.0,3,26.525954
0.0,3,26.528756
0.0,2,26.530615
0.0,2,26.532355
0.0,4,26.535991
0.0,2,26.537812
0.0,5,26.542391
0.0,2,26.544125
1.5,2,26.545776
0.0,2,26.547467
0.0,2,26.549387
0.0,2,26.551132
0.0,2,26.552712
0.0,2,26.554395
0.0,2,26.556415
0.0,2,26.558126
0.0,2,26.630854
0.0,4,26.634817
0.0,3,26.637426
0.0,2,26.639329
0.0,2,26.641027
0.0,3,26.643517
0.0,2,26.645234
0.0,2,26.647128
0.0,2,26.64885
0.0,2,26.650533
0.0,2,26.652327
0.0,2,26.65406
0.0,3,26.656524
0.0,3,26.659025
0.0,2,26.660956
0.0,3,26.663503
0.0,2,26.66516
0.0,4,26.668888
0.0,2,26.670673
0.0,3,26.673331
0.0,2,26.675141
0.0,3,26.677647
0.0,3,26.680394
0.0,3,26.683351
1.5,2,26.6852
0.083808,2,26.687352
0.0,2,26.689435
0.0,2,26.691347
0.0,3,26.694046
0.0,4,26.697791
0.0,4,26.701302
0.0,5,26.705484
0.0,3,26.708259
0.0,3,26.711066
0.0,2,26.712807
0.0,3,26.715619
0.0,2,26.717411
0.0,3,26.719854
0.0,2,26.721517
0.0,2,26.723418
0.0,3,26.725864
0.0,4,26.729232
0.0,2,26.731259
0.0,3,26.734019
0.0,2,26.735933
0.0,2,26.737715
0.0,2,26.73941
0.0,3,26.741858
0.0,3,26.744827
0.0,3,26.74732
0.0,2,26.74896
-0.235175,4,26.753003
-1.0,2,26.754837
0.0,3,26.757694
0.0,3,26.76034
0.0,4,26.763917
0.0,2,26.765741
0.0,2,26.76739
0.0,2,26.769147
1.5,2,26.771078
0.0,2,26.773002
0.206286,3,26.775515
0.0,3,26.77833
0.0,2,26.780008
0.167749,3,26.782406
0.0,5,26.786768
0.0,3,26.789209
0.0,2,26.790915
1.5,2,26.793099
0.0,2,26.794863
0.0,3,26.797318
0.0,2,26.799179
0.0,3,26.801614
0.0,3,26.803952
0.0,3,26.806714
0.0,2,26.808474
0.0,4,26.81166
0.0,5,26.815907
0.0,2,26.817558
0.0,3,26.820095
-0.193912,2,26.821741
0.0,3,26.824148
0.0,2,26.825756
0.0,5,26.830378
0.0,3,26.832891
0.0,2,26.834701
0.0,2,26.836814
0.0,2,26.838603
0.0,4,26.842354
0.18879,2,26.844123
0.0,3,26.846695
0.0,2,26.849095
0.0,3,26.851985
0.0,3,26.855208
0.0,3,26.858101
1.388455,2,26.859839
0.0,4,26.863405
0.0,3,26.865882
0.0,2,26.867554
0.0,3,26.870638
0.0,3,26.873298
0.0,2,26.875152
1.5,2,26.876956
0.0,2,26.878632
0.0,5,26.883251
0.0,4,26.886991
0.0,2,26.888846
0.0,2,26.891473
0.0,2,26.893386
0.0,2,26.895159
0.0,3,26.898088
0.0,2,26.899686
0.0,3,26.902132
0.0,4,26.905553
0.0,2,26.907139
0.0,2,26.908816
0.0,2,26.910702
0.0,4,26.914269
0.0,3,26.917071
0.0,5,26.921898
0.0,2,26.924238
0.0,4,26.928057
0.0,2,26.930356
1.5,2,26.932645
0.0,2,26.936032
0.0,2,26.938375
0.0,3,26.941552
0.0,2,26.9433
1.5,2,26.945262
0.0,3,26.94791
0.0,3,26.95042
0.0,4,26.954172
0.0,3,26.956619
0.0,3,26.959467
0.0,2,26.961369
0.0,3,26.963894
0.0,3,26.967034
0.0,3,26.969662
0.0,2,26.971415
0.0,2,26.973254
0.0,2,26.974966
0.0,3,26.977465
0.0,3,26.98023
0.0,2,26.981958
0.0,2,26.983752
0.0,3,26.986309
0.0,4,26.989844
0.0,4,26.993143
0.0,2,26.995189
0.0,4,26.998524
0.0,3,27.001088
0.0,3,27.003791
0.0,3,27.00656
0.0,2,27.00873
-0.063535,4,27.012341
0.0,2,27.014194
0.0,2,27.0985
0.0,3,27.101039
0.0,2,27.102675
0.0,2,27.104229
0.0,4,27.107739
0.0,2,27.109374
0.0,3,27.112009
0.0,3,27.114393
0.0,2,27.116008
0.0,2,27.117692
0.0,3,27.120209
0.0,3,27.122778
0.0,4,27.126111
0.0,4,27.130521
1.5,2,27.132722
1.5,2,27.135196
0.0,3,27.138295
0.0,2,27.140148
0.0,2,27.142973
0.0,3,27.146722
0.0,2,27.149199
0.0,4,27.153758
0.0,3,27.156907
0.0,3,27.161103
0.0,2,27.163507
0.0,2,27.165775
0.0,2,27.168382
-1.0,2,27.170147
0.0,4,27.173787
0.0,2,27.175747
0.0,2,27.177395
0.0,3,27.179858
0.0,2,27.181519
1.5,2,27.18327
0.0,3,27.18581
0.0,2,27.18753
0.0,2,27.189401
0.0,3,27.191951
-0.309886,2,27.193698
0.0,3,27.196536
0.0,3,27.199074
0.0,2,27.200817
0.0,2,27.202745
0.0,3,27.205176
0.0,2,27.206829
0.0,3,27.209439
-0.70128,2,27.21115
0.0,3,27.213826
0.0,4,27.21741
0.0,3,27.22023
0.0,2,27.221941
0.0,2,27.223703
0.0,4,27.226943
0.0,3,27.229724
0.0,4,27.234014
0.0,4,27.237555
0.0,4,27.240775
0.0,3,27.243365
0.0,3,27.24636
0.0,3,27.248989
0.0,3,27.251887
0.0,2,27.253594
0.0,2,27.255199
0.0,3,27.258161
0.0,5,27.262629
0.0,3,27.265725
0.0,2,27.267839
0.0,3,27.270525
0.0,2,27.272497
0.0,3,27.274979
0.0,3,27.277547
1.5,2,27.279269
0.0,2,27.281075
0.0,2,27.282841
0.0,4,27.286525
-1.0,2,27.288278
0.0,2,27.290011
0.0,3,27.292685
0.0,3,27.295341
1.5,2,27.297031
0.0,3,27.299795
0.0,4,27.303085
0.0,2,27.304791
0.0,5,27.309031
1.291692,2,27.310803
0.0,2,27.312511
0.0,3,27.315294
0.0,5,27.319385
0.0,2,27.321133
0.0,2,27.322786
0.0,3,27.325157
0.0,2,27.326761
0.685298,3,27.32929
0.0,5,27.33362
0.0,2,27.3355
0.0,2,27.337315
0.0,3,27.339942
0.0,2,27.341703
0.0,3,27.344128
-0.471725,3,27.346476
0.0,2,27.348217
0.0,2,27.350138
0.0,4,27.353402
0.0,3,27.356405
0.0,2,27.35823
0.0,2,27.360078
0.0,2,27.361967
0.0,4,27.365705
0.0,4,27.369191
0.0,2,27.371077
0.0,3,27.37377
0.0,2,27.375585
0.0,3,27.378432
0.0,4,27.381764
0.0,3,27.384479
1.0,3,27.387104
0.0,2,27.388969
0.0,2,27.391019
0.0,3,27.393677
0.0,2,27.395423
0.0,2,27.397384
1.5,2,27.399071
0.0,2,27.400726
0.0,2,27.402502
0.0,2,27.404357
0.0,2,27.406193
0.0,4,27.4097
0.0,5,27.414437
0.0,3,27.417087
0.0,2,27.418894
0.0,4,27.422322
0.0,3,27.425136
0.0,2,27.427027
0.0,5,27.431498
0.0,3,27.434441
0.0,5,27.439208
0.0,2,27.441077
0.0,4,27.444533
0.0,3,27.447344
-0.806621,5,27.45153
0.0,3,27.454248
0.0,2,27.455913
0.0,2,27.457568
0.0,2,27.459273
0.0,2,27.460967
0.0,2,27.462641
0.0,2,27.464333
0.0,2,27.465974
0.0,2,27.467925
0.0,2,27.469592
0.0,4,27.472845
0.0,2,27.474652
0.0,2,27.47621
0.0,3,27.47852
-1.0,2,27.480106
0.0,3,27.482698
1.5,2,27.484411
0.0,3,27.487079
0.0,2,27.488811
0.0,2,27.490544
0.0,2,27.492249
0.0,3,27.494902
0.0,3,27.497417
0.0,2,27.498958
0.0,3,27.50172
0.0,3,27.504133
0.0,2,27.505704
0.0,2,27.507349
0.0,3,27.509812
0.0,2,27.511441
0.0,4,27.514886
0.0,4,27.518021
0.0,3,27.520499
0.0,4,27.523676
0.0,2,27.525247
0.0,3,27.52759
0.0,2,27.52923
0.0,3,27.531747
-0.159839,4,27.534999
0.0,2,27.536781
-0.675422,2,27.538441
0.0,2,27.54004
0.0,2,27.541656
0.0,2,27.543285
0.0,5,27.547593
0.0,4,27.551228
0.0,3,27.553709
0.0,3,27.556115
0.0,2,27.558054
0.017188,3,27.560474
-1.0,5,27.564691
0.0,4,27.567947
0.0,2,27.569576
0.0,2,27.571153
0.0,2,27.572912
0.0,3,27.575432
0.0,2,27.577112
0.0,2,27.579039
0.0,4,27.58246
0.0,4,27.585663
0.0,2,27.587444
0.0,2,27.589114
1.5,2,27.590737
0.0,2,27.592653
0.0,2,27.594343
0.0,3,27.596799
0.0,3,27.599554
0.0,2,27.60123
0.0,5,27.605121
1.0,2,27.606839
-0.368753,3,27.609214
0.0,4,27.612611
1.219794,2,27.614224
0.0,2,27.615777
0.850869,2,27.617352
0.0,3,27.619717
0.0,3,27.622097
0.0,2,27.623694
0.0,3,27.626007
0.0,2,27.627662
0.0,4,27.697345
-0.983559,3,27.699824
0.0,3,27.702153
0.0,4,27.705293
0.0,3,27.707601
0.0,3,27.709902
0.0,3,27.712404
0.0,3,27.714869
0.0,2,27.716702
0.0,4,27.719846
1.5,2,27.721371
0.0,2,27.722944
0.0,3,27.725288
0.0,2,27.726772
0.0,2,27.728276
0.0,4,27.731345
0.0,2,27.733016
0.0,2,27.734742
0.0,3,27.737142
0.0,2,27.738908
0.0,2,27.740456
-1.087354,2,27.742038
-0.471901,2,27.743581
0.0,2,27.745158
1.5,2,27.746831
0.0,3,27.749254
0.0,3,27.751773
0.0,2,27.753397
0.0,2,27.755067
0.0,2,27.756752
0.0,6,27.76154
0.0,3,27.763862
0.0,5,27.768036
0.0,3,27.770389
1.5,2,27.772014
0.0,2,27.773852
0.0,2,27.775393
0.0,3,27.777703
0.0,2,27.779302
0.0,3,27.782823
0.468142,2,27.784489
0.0,4,27.787957
0.0,2,27.78957
0.0,6,27.794519
0.0,3,27.796997
0.0,2,27.798604
0.0,3,27.801269
0.960841,2,27.802828
-0.161581,2,27.804349
0.0,3,27.806602
0.0,3,27.808993
-0.367307,2,27.810598
0.0,2,27.812201
0.0,2,27.813726
0.0,2,27.815483
-0.006192,2,27.817019
0.0,2,27.818592
0.0,3,27.820865
0.0,2,27.822434
-0.222629,4,27.825426
0.0,3,27.827652
0.0,3,27.830042
0.0,2,27.83161
1.5,2,27.833169
0.0,3,27.8357
0.0,2,27.837412
0.0,2,27.839115
0.0,3,27.841459
0.0,3,27.8439
0.0,2,27.845509
0.0,4,27.848623
0.0,3,27.851336
0.0,3,27.85369
0.0,2,27.855322
0.0,2,27.857146
0.0,2,27.85885
0.0,4,27.861963
0.0,3,27.864493
0.0,3,27.866812
0.0,3,27.869128
0.0,2,27.870773
0.0,2,27.872439
0.0,3,27.874814
0.0,4,27.878113
0.0,2,27.879652
0.0,3,27.881888
0.0,2,27.883456
0.0,4,27.886741
0.0,4,27.890043
0.0,2,27.891956
0.0,2,27.893624
0.0,2,27.895259
0.0,3,27.897882
0.0,2,27.899466
0.0,3,27.901839
0.0,2,27.903494
0.0,3,27.905848
0.0,2,27.907466
0.0,2,27.909066
0.0,4,27.912337
0.0,2,27.913894
0.0,2,27.915496
0.0,4,27.918571
-1.0,3,27.920852
1.5,2,27.922385
0.0,2,27.924014
0.0,2,27.925546
-0.079002,3,27.927921
0.0,3,27.930309
0.0,3,27.932783
0.0,4,27.936039
0.0,2,27.937682
0.0,3,27.940246
0.0,2,27.941942
0.0,2,27.943524
0.0,3,27.945852
0.0,3,27.948531
0.0,2,27.950113
0.0,3,27.952507
0.0,2,27.954305
0.0,2,27.955954
1.5,2,27.957499
0.0,5,27.961556
0.0,4,27.964584
0.0,3,27.966904
0.0,3,27.969306
0.0,3,27.971645
0.0,2,27.973272
0.0,2,27.974973
0.0,2,27.97653
0.0,3,27.978859
0.0,3,27.981194
0.0,6,27.985869
1.5,2,27.987432
0.0,3,27.990119
0.0,2,27.991745
0.0,2,27.993333
0.0,3,27.995986
0.0,3,27.998368
-0.105899,4,28.001425
0.0,2,28.002986
0.0,3,28.005693
0.0,2,28.007309
0.0,2,28.008816
0.0,3,28.011236
1.5,2,28.012845
0.0,4,28.015992
0.0,2,28.017674
0.0,3,28.019977
0.0,3,28.022296
0.0,4,28.025433
0.0,2,28.027002
0.0,3,28.029288
0.0,4,28.032537
0.0,4,28.035664
0.0,2,28.037375
0.0,2,28.038967
0.0,2,28.040596
0.0,4,28.043634
0.0,2,28.045374
0.0,2,28.046981
0.0,3,28.049482
0.0,2,28.051322
0.0,3,28.053956
0.0,2,28.055619
0.0,3,28.058381
1.5,2,28.060116
0.0,4,28.063455
0.0,3,28.066294
0.0,2,28.067991
0.0,3,28.07048
0.0,4,28.074021
0.0,2,28.075618
0.0,3,28.078001
0.0,2,28.079766
0.0,2,28.081488
0.0,3,28.083941
0.0,3,28.08663
0.0,2,28.088445
0.0,3,28.091043
0.0,3,28.093908
0.0,4,28.097319
0.0,3,28.10023
0.889304,2,28.10183
0.0,4,28.104902
0.0,2,28.10652
0.0,3,28.108989
0.0,3,28.11205
0.0,4,28.115613
0.0,4,28.118724
0.0,3,28.121145
0.0,3,28.12358
0.0,3,28.125972
0.0,2,28.127756
0.0,3,28.130494
0.0,2,28.13223
0.0,2,28.134037
0.0,2,28.136138
0.0,4,28.140034
0.0,3,28.14285
0.0,4,28.146322
0.0,2,28.148107
0.0,2,28.150278
0.0,4,28.153711
1.5,2,28.155592
-1.0,5,28.160285
0.0,2,28.162082
1.5,2,28.164177
0.0,4,28.167501
0.0,4,28.171455
0.0,5,28.175831
0.0,2,28.177918
0.0,3,28.180555
0.0,4,28.183954
0.0,5,28.188505
0.41437,2,28.190552
0.0,2,28.19274
0.0,5,28.197162
0.0,2,28.198955
0.0,3,28.20134
0.0,2,28.202889
0.0,2,28.204516
0.0,2,28.20628
0.0,3,28.208718
1.5,2,28.210332
0.0,3,28.213115
0.0,3,28.215692
0.0,4,28.219167
0.0,2,28.220775
0.0,2,28.222378
1.5,2,28.223981
0.0,3,28.226607
0.0,3,28.229088
0.0,3,28.231672
0.0,3,28.234378
0.0,3,28.237151
0.0,4,28.240741
0.0,2,28.242451
0.0,3,28.244898
0.0,3,28.247874
0.0,5,28.251895
0.0,2,28.253927
0.0,2,28.255869
0.0,2,28.257632
0.0,3,28.260409
0.0,3,28.263302
1.5,2,28.265038
0.0,3,28.267983
0.0,2,28.26985
0.0,3,28.272423
0.0,2,28.274359
0.0,3,28.276778
0.0,3,28.279171
0.0,4,28.282718
0.0,4,28.286108
0.0,3,28.288915
1.5,2,28.290968
0.0,2,28.292667
0.0,4,28.296494
0.0,3,28.299175
0.0,3,28.302076
0.0,2,28.303844
-1.0,2,28.305544
0.0,4,28.308971
0.0,2,28.310882
0.0,3,28.313551
0.0,2,28.315404
0.0,3,28.318124
0.0,3,28.320671
0.0,2,28.32243
0.0,3,28.324992
0.0,4,28.328321
0.0,3,28.330953
0.0,3,28.333619
0.0,2,28.335435
0.0,2,28.337467
0.0,4,28.341083
0.0,2,28.342849
0.0,2,28.34466
0.0,2,28.34649
0.0,2,28.348211
0.0,2,28.349931
0.0,2,28.352035
0.0,3,28.3547
-0.088571,2,28.356696
0.0,3,28.359781
0.0,3,28.362494
0.0,3,28.365418
-0.856494,4,28.368851
0.0,3,28.371451
0.0,2,28.373885
0.729967,4,28.377579
0.0,2,28.379699
0.0,3,28.38242
0.0,4,28.38624
0.0,3,28.389122
0.0,2,28.39134
0.0,3,28.39472
-0.349804,2,28.396671
0.0,3,28.399762
0.0,2,28.401675
0.0,2,28.403383
0.0,3,28.406047
1.5,2,28.407992
1.5,2,28.409885
0.0,4,28.413473
0.0,2,28.415329
0.0,3,28.417916
0.0,2,28.4197
0.0,3,28.422254
0.0,3,28.424753
0.0,3,28.427354
0.0,2,28.429368
1.5,2,28.431228
0.0,2,28.433034
0.0,4,28.437192
0.0,2,28.439335
0.0,3,28.442636
0.0,4,28.446414
0.0,3,28.449644
0.0,2,28.451545
0.0,2,28.453505
0.0,4,28.457595
0.0,4,28.461208
0.0,2,28.463293
0.0,3,28.46587
0.0,2,28.467631
0.0,2,28.469533
-0.281165,3,28.472506
-0.852004,4,28.476321
0.0,3,28.478986
0.0,2,28.480695
0.0,2,28.482484
0.0,2,28.484678
0.0,4,28.488414
0.0,2,28.490566
0.0,3,28.493507
0.0,2,28.495395
0.0,3,28.498409
0.0,3,28.500996
0.0,2,28.502728
0.0,3,28.505778
0.0,3,28.508819
0.0,3,28.511979
0.0,3,28.514801
0.0,4,28.518795
0.0,3,28.521473
1.5,2,28.523185
0.0,3,28.52611
0.0,2,28.528056
0.0,2,28.529863
0.0,4,28.534024
0.0,2,28.536041
0.0,2,28.538007
-0.738235,3,28.541181
0.0,3,28.544209
0.0,2,28.546544
0.0,3,28.549444
0.0,3,28.552422
0.0,2,28.554365
0.0,2,28.556167
0.847193,2,28.557949
1.0,3,28.560878
0.0,4,28.564585
0.0,3,28.567799
0.0,2,28.569878
0.0,3,28.572701
0.0,4,28.576652
0.0,2,28.578423
0.0,3,28.581335
1.5,2,28.583318
0.0,3,28.586098
0.0,3,28.673498
0.0,2,28.675511
0.0,2,28.677553
0.0,2,28.679639
0.0,4,28.683235
0.0,2,28.685189
0.0,2,28.687381
0.0,4,28.69136
0.0,2,28.693576
0.0,2,28.695745
1.5,2,28.697982
0.0,3,28.701085
0.0,3,28.703768
0.0,2,28.705755
-0.21569,2,28.70787
0.0,3,28.7108
-0.260576,2,28.713135
0.0,2,28.71544
0.0,2,28.717551
0.0,3,28.720605
0.0,3,28.723352
0.0,3,28.726125
0.0,5,28.73103
0.0,3,28.734955
0.0,3,28.739739
0.0,4,28.745398
0.0,2,28.748215
0.0,5,28.754499
0.0,3,28.757587
0.0,2,28.759498
0.0,3,28.762774
-0.00304,2,28.764687
0.0,3,28.767716
0.0,3,28.770984
1.5,2,28.772937
0.0,3,28.776268
0.0,3,28.779094
0.0,3,28.7819
0.0,3,28.785116
0.0,3,28.788296
0.0,3,28.791506
0.0,3,28.7946
0.0,3,28.797828
0.0,2,28.799705
0.0,2,28.801628
1.5,2,28.803586
0.0,2,28.805486
0.0,3,28.808189
0.0,2,28.810097
0.0,2,28.812341
0.0,2,28.814337
0.0,3,28.817587
0.0,2,28.819455
0.0,3,28.822206
1.5,2,28.824234
0.0,2,28.826076
0.0,3,28.82874
0.0,3,28.831468
0.0,2,28.833888
0.0,2,28.836003
0.0,5,28.841423
0.0,5,28.846318
0.0,2,28.848312
0.0,3,28.85145
1.5,2,28.85348
0.0,3,28.856308
0.0,2,28.858487
0.0,3,28.86207
-0.217917,5,28.868356
0.0,3,28.871783
0.0,3,28.875402
0.0,2,28.877373
0.0,3,28.880456
0.0,3,28.883667
0.0,3,28.887116
0.0,2,28.889576
0.0,2,28.891704
0.0,3,28.895459
0.0,3,28.898578
0.0,5,28.904033
0.0,3,28.907053
0.0,2,28.909433
0.0,4,28.91359
0.0,2,28.915702
0.0,3,28.918556
0.0,3,28.921571
0.0,3,28.924813
0.0,3,28.927809
0.0,2,28.929999
0.0,3,28.933094
0.0,3,28.937259
0.0,2,28.939778
0.0,3,28.942976
0.0,2,28.945158
0.0,3,28.948333
0.0,2,28.950672
0.0,3,28.953742
0.0,2,28.956001
0.0,2,28.958257
0.0,2,28.96027
0.0,2,28.962555
0.0,3,28.965864
0.0,4,28.969673
0.0,2,28.97182
0.0,2,28.973851
0.0,4,28.978036
0.0,3,28.980861
0.0,2,28.982808
0.0,3,28.986145
0.0,3,28.989287
0.0,2,28.991761
0.0,3,28.994986
0.0,4,28.999202
0.0,4,29.002874
0.0,2,29.004902
0.0,2,29.007575
0.0,2,29.009892
0.0,5,29.015102
0.0,3,29.017958
0.0,2,29.02
0.0,3,29.02275
0.0,2,29.024626
0.0,3,29.02783
0.0,3,29.030876
0.0,3,29.034759
0.0,3,29.037804
0.0,2,29.040047
0.0,3,29.043134
0.0,3,29.046515
0.0,3,29.049822
0.0,3,29.052659
0.0,4,29.056759
0.0,3,29.059582
0.0,3,29.063237
0.0,3,29.06642
0.0,2,29.068963
0.0,5,29.074196
0.0,2,29.076443
1.5,2,29.078293
0.0,2,29.080173
0.0,5,29.085287
0.0,2,29.087171
0.0,3,29.090693
0.0,5,29.096119
0.0,3,29.099071
0.0,3,29.101925
0.0,3,29.104839
0.0,2,29.10675
0.0,3,29.109592
0.0,3,29.11306
-0.420441,6,29.11913
0.0,2,29.121031
0.0,3,29.123924
0.0,4,29.127869
0.0,2,29.12978
0.0,3,29.132959
0.0,3,29.136002
0.0,3,29.139546
0.0,4,29.143625
0.0,2,29.145845
0.0,2,29.14797
0.0,3,29.151153
-0.644716,3,29.154435
0.0,2,29.156469
0.0,3,29.160032
0.0,2,29.162249
0.0,4,29.166688
0.0,5,29.172067
0.0,4,29.176139
0.0,3,29.179158
0.0,2,29.181349
0.0,3,29.184254
0.0,2,29.186581
-1.0,2,29.188736
0.0,3,29.191646
0.0,3,29.195065
0.0,2,29.197129
0.0,4,29.201418
0.0,2,29.203321
0.0,3,29.206167
0.0,2,29.208365
0.590655,2,29.210461
0.0,3,29.213638
1.5,2,29.215675
0.0,4,29.220354
0.0,3,29.223458
0.0,3,29.226203
0.0,2,29.228193
1.5,2,29.230372
0.0,4,29.234546
0.0,3,29.237752
0.0,3,29.240788
0.0,4,29.244871
0.0,3,29.247873
0.0,3,29.251038
0.774958,2,29.253007
0.0,2,29.255041
0.0,2,29.257524
0.0,3,29.260471
0.0,2,29.262882
0.0,2,29.264923
1.0,2,29.266774
0.0,3,29.269994
0.0,3,29.273208
0.0,3,29.27644
0.0,3,29.279598
-0.133279,5,29.284545
0.0,3,29.287845
0.0,2,29.290137
1.5,2,29.292406
0.0,2,29.294448
0.0,4,29.298678
0.0,3,29.301556
0.0,2,29.303557
0.0,2,29.305841
-1.0,4,29.309817
0.0,4,29.314175
0.0,2,29.316116
0.0,2,29.318503
0.0,5,29.323153
0.0,3,29.326187
0.0,3,29.329313
0.0,4,29.333682
0.0,2,29.336135
0.0,2,29.338241
0.0,3,29.342158
0.0,3,29.345541
0.72322,2,29.34778
0.0,2,29.349829
0.0,3,29.353015
0.0,4,29.357242
0.0,6,29.363743
0.0,4,29.368186
0.0,3,29.371358
0.0,2,29.373623
0.0,6,29.379801
0.0,5,29.385288
0.0,3,29.389133
0.0,2,29.39165
0.0,5,29.397348
0.0,3,29.400485
0.0,3,29.40399
0.0,3,29.406811
0.0,5,29.411974
0.0,3,29.415167
0.0,2,29.417349
0.0,2,29.419235
0.0,3,29.422011
-0.674847,6,29.427606
0.0,4,29.431642
0.0,3,29.434712
0.0,2,29.437054
0.0,6,29.443032
0.0,3,29.44628
0.0,3,29.449216
0.0,3,29.452856
0.0,2,29.454934
0.0,2,29.457282
0.0,4,29.46157
0.426452,2,29.463939
0.0,2,29.466016
0.0,2,29.468066
0.0,4,29.472048
-1.0,2,29.474164
0.0,4,29.478156
0.0,4,29.482116
0.0,2,29.483991
0.092601,2,29.486099
0.0,2,29.488334
0.0,4,29.492591
0.0,2,29.494858
0.0,2,29.496875
0.0,2,29.499326
-1.0,2,29.501322
0.0,7,29.507872
0.0,6,29.513958
0.0,4,29.51755
0.0,3,29.520484
0.0,3,29.523245
0.0,3,29.526
0.0,3,29.529113
0.0,4,29.533436
0.0,3,29.53681
0.0,2,29.53888
0.33966,2,29.541263
0.0,2,29.54367
0.0,3,29.547062
0.489398,3,29.550967
1.5,2,29.552984
0.0,3,29.556748
0.0,4,29.560855
0.0,2,29.563229
0.59948,3,29.566043
0.0,2,29.567991
0.0,4,29.572155
0.0,2,29.574187
0.0,2,29.576469
-1.0,5,29.581121
0.054172,2,29.583121
0.0,2,29.585382
0.0,3,29.588404
0.0,3,29.591882
0.0,3,29.594947
0.0,2,29.597368
0.0,2,29.599338
0.0,3,29.602169
0.0,4,29.60599
0.0,2,29.608151
0.012409,4,29.613517
0.0,2,29.615785
0.0,2,29.618242
0.0,4,29.621956
0.0,3,29.624841
0.0,5,29.629403
0.0,3,29.632362
0.0,4,29.637618
0.0,3,29.642766
-0.001252,5,29.649507
0.0,4,29.654623
0.0,3,29.657896
0.0,2,29.660771
1.5,2,29.663157
0.0,2,29.66546
0.0,2,29.668085
0.0,4,29.672359
0.0,2,29.674744
0.0,2,29.67665
0.0,2,29.678528
0.0,3,29.681588
0.0,4,29.685698
0.0,5,29.691218
0.097297,3,29.694566
0.0,3,29.697725
0.0,3,29.700938
0.0,2,29.702927
0.0,3,29.70556
0.0,3,29.708441
0.0,2,29.710599
0.0,4,29.714393
0.0,2,29.716536
0.0,2,29.718438
0.0,3,29.721642
0.0,3,29.724395
0.0,3,29.727068
0.0,3,29.729845
0.0,4,29.733698
1.0,3,29.73688
0.0,4,29.740809
0.0,3,29.743935
1.5,2,29.746043
0.0,3,29.748991
0.0,2,29.751431
0.0,2,29.753456
0.0,5,29.847946
0.0,2,29.850308
0.0,4,29.85437
0.0,3,29.857798
-0.266726,5,29.863005
0.0,4,29.86677
0.0,2,29.869167
0.0,3,29.872366
0.0,3,29.875723
0.0,3,29.878651
0.0,4,29.883616
0.0,3,29.886862
1.5,2,29.889561
0.0,3,29.893112
0.0,2,29.895367
-0.096594,2,29.897801
0.0,3,29.900694
0.0,4,29.904379
0.0,2,29.906109
0.0,2,29.907897
0.0,3,29.910623
0.0,2,29.912799
0.0,2,29.914794
0.0,3,29.91802
0.0,2,29.919959
0.0,2,29.92183
0.0,2,29.923744
0.0,2,29.925889
0.0,2,29.927806
0.0,3,29.930557
0.0,2,29.932755
-0.143215,4,29.937306
0.0,2,29.94034
0.0,2,29.94268
0.0,3,29.945786
-0.125198,3,29.948872
0.0,2,29.951096
0.0,2,29.95318
0.0,3,29.955877
0.0,2,29.957716
0.0,2,29.959782
0.0,3,29.963208
0.0,2,29.965478
0.0,2,29.968018
1.5,2,29.970122
0.0,2,29.97259
0.0,2,29.974895
0.0,5,29.979395
0.0,3,29.982466
0.0,5,29.987488
0.0,2,29.989847
0.0,3,29.99281
0.0,2,29.995121
0.0,3,29.998181
-1.0,3,30.001631
0.0,2,30.003685
0.0,2,30.005649
1.0,3,30.008655
0.0,3,30.011857
0.0,3,30.015159
0.0,2,30.017012
0.0,4,30.020676
1.5,2,30.022648
0.0,2,30.02464
1.5,2,30.026858
0.0,2,30.02897
0.0,3,30.032236
0.0,3,30.03556
0.0,3,30.03896
0.0,4,30.043315
0.0,2,30.045451
0.0,3,30.048636
0.0,2,30.051009
0.0,3,30.053973
0.866202,2,30.056342
0.0,2,30.058688
0.0,3,30.061627
0.0,5,30.066592
0.0,3,30.069267
0.0,2,30.07159
0.0,3,30.074607
0.0,2,30.076816
0.0,3,30.079813
0.0,3,30.082608
0.0,2,30.084582
0.0,2,30.086862
1.5,2,30.088908
0.0,2,30.0911
0.0,2,30.093475
0.0,2,30.095529
0.0,2,30.097785
0.0,4,30.101997
0.0,2,30.103925
0.0,3,30.107192
0.0,3,30.110385
0.0,2,30.112679
1.5,2,30.1146
0.0,3,30.11735
0.0,3,30.12011
0.0,2,30.121866
0.0,3,30.124427
0.0,2,30.126235
0.0,3,30.129405
0.0,2,30.131641
0.0,2,30.133943
0.0,3,30.136973
0.0,2,30.139054
0.0,5,30.144519
0.0,2,30.146731
0.0,3,30.14999
0.508606,3,30.15274
0.0,2,30.155053
0.0,3,30.157931
0.0,2,30.159821
0.0,5,30.165033
0.0,2,30.167027
0.0,2,30.16948
0.0,3,30.172572
0.0,4,30.176576
0.0,3,30.179292
0.0,4,30.183093
0.362993,3,30.186103
0.0,2,30.188005
0.0,3,30.191401
0.0,2,30.193452
0.0,2,30.195536
0.0,4,30.199723
0.0,2,30.201877
0.0,3,30.204804
0.0,2,30.206625
0.0,2,30.208463
0.0,2,30.210612
0.0,4,30.21457
0.0,2,30.216663
0.0,3,30.219557
0.0,2,30.221472
0.0,2,30.223487
0.0,2,30.225431
0.0,3,30.22816
0.0,2,30.229974
0.0,2,30.232187
0.0,3,30.235156
0.0,2,30.237333
0.0,2,30.239589
0.0,5,30.24406
0.0,4,30.247982
0.0,2,30.249924
0.666458,5,30.254977
0.0,2,30.257025
1.5,2,30.259156
0.0,2,30.261332
0.0,2,30.263273
0.0,3,30.266518
0.0,3,30.269588
0.0,2,30.271604
0.0,3,30.274826
0.0,2,30.276811
0.0,2,30.278806
0.0,2,30.281098
0.0,3,30.2841
0.0,2,30.286378
0.0,4,30.290746
0.0,4,30.294942
0.0,2,30.29706
0.0,4,30.301091
0.0,2,30.302962
0.0,2,30.304851
0.0,2,30.307034
0.0,2,30.309311
0.0,2,30.311319
0.0,2,30.313344
0.0,2,30.315377
0.0,2,30.317266
0.0,4,30.320829
0.0,3,30.323482
0.0,3,30.326175
0.0,2,30.328077
0.0,4,30.331987
0.0,3,30.334995
0.0,3,30.338211
0.800695,2,30.340278
0.0,2,30.342479
0.0,2,30.344779
0.0,4,30.348965
0.0,3,30.352125
0.0,2,30.354103
1.5,2,30.356321
0.0,3,30.359469
0.0,4,30.363395
0.0,2,30.365276
0.0,2,30.367038
0.0,5,30.372181
0.0,2,30.374288
0.0,2,30.376401
0.0,4,30.380046
-0.333375,3,30.383338
0.082925,2,30.385688
0.0,3,30.388884
1.5,2,30.391197
0.0,3,30.39441
0.0,3,30.397527
0.0,2,30.399415
0.0,2,30.401401
0.0,4,30.405172
0.0,3,30.408282
0.0,3,30.411312
0.0,3,30.414516
0.0,4,30.418422
0.0,4,30.421968
1.5,2,30.423753
0.0,3,30.42667
0.0,2,30.428579
0.0,2,30.430569
0.0,3,30.433675
0.0,4,30.437613
0.0,4,30.44187
0.0,2,30.443991
-0.105491,4,30.447974
0.0,2,30.449958
0.0,3,30.452869
0.0,2,30.454779
1.0,3,30.457419
0.0,2,30.459281
0.0,2,30.46139
0.0,2,30.463464
0.0,3,30.466218
0.0,3,30.469478
0.0,4,30.473421
0.182097,2,30.475542
0.0,3,30.478196
0.0,5,30.482734
0.0,2,30.484593
0.0,2,30.486457
0.0,3,30.489519
0.0,3,30.492392
0.0,3,30.495433
0.0,2,30.497561
0.0,3,30.500475
0.0,3,30.50356
0.0,2,30.505454
0.0,3,30.508247
0.0,2,30.510413
0.0,2,30.512427
-2.0,2,30.51449
0.0,3,30.517652
0.0,2,30.519462
0.0,3,30.522146
0.0,3,30.524991
0.0,3,30.527728
0.0,5,30.532513
0.0,4,30.536242
0.0,3,30.539246
0.0,2,30.541169
0.0,4,30.544919
-1.816396,2,30.547162
0.0,2,30.549218
0.0,2,30.551316
0.0,3,30.554415
0.0,3,30.557394
0.0,5,30.562188
0.0,3,30.565239
1.03063,2,30.567107
0.0,4,30.57069
0.0,2,30.572644
0.0,4,30.576388
0.0,3,30.579341
0.0,2,30.581105
0.0,2,30.582945
0.0,2,30.584773
0.0,3,30.587774
0.0,2,30.589672
0.0,3,30.592729
0.0,2,30.594804
0.0,2,30.596733
0.0,3,30.599644
0.0,4,30.603004
0.0,2,30.604807
0.0,3,30.607412
0.0,4,30.611053
0.0,6,30.616474
0.0,4,30.619893
0.0,3,30.622477
-0.385381,5,30.626615
0.0,3,30.629447
0.0,2,30.631311
0.0,2,30.633322
0.0,2,30.635202
0.0,2,30.637135
0.0,2,30.63903
0.0,5,30.643871
0.0,2,30.645812
0.0,2,30.647808
0.0,2,30.649854
0.0,3,30.652588
0.0,3,30.655367
-1.0,3,30.658242
0.0,3,30.661085
0.0,2,30.663256
0.0,3,30.665959
0.0,4,30.669759
0.0,2,30.671832
0.0,3,30.674814
0.0,3,30.677875
0.0,3,30.68063
0.0,3,30.683426
0.0,3,30.686453
0.0,3,30.689296
0.0,3,30.692426
0.0,2,30.694421
0.661624,2,30.696442
0.0,2,30.698519
0.0,2,30.70035
1.5,2,30.702066
0.0,2,30.703876
0.0,2,30.705594
0.0,3,30.708071
0.0,3,30.71063
0.0,4,30.714328
0.0,4,30.717902
0.0,3,30.720619
0.0,3,30.72319
0.0,2,30.724988
0.0,3,30.727596
0.0,2,30.729259
-0.416205,3,30.731906
0.0,4,30.735592
0.0,3,30.738476
-0.935202,2,30.740641
0.0,3,30.743385
0.0,4,30.747173
0.0,6,30.752438
0.0,2,30.754294
0.0,2,30.7561
0.0,3,30.758803
-0.172739,3,30.761791
0.0,4,30.765284
0.0,3,30.768163
0.0,3,30.770964
0.0,3,30.774004
0.0,2,30.776046
-0.36806,4,30.780067
0.0,4,30.783807
0.0,5,30.788437
0.0,4,30.791983
-0.415147,4,30.795865
0.0,2,30.797678
0.0,2,30.799645
0.0,5,30.804024
0.0,2,30.805701
0.0,2,30.807528
0.0,5,30.812035
0.0,4,30.815615
0.0,2,30.81744
0.0,2,30.819127
0.0,4,30.822597
0.0,3,30.825141
0.0,4,30.828442
0.0,3,30.831335
0.0,3,30.833925
0.0,3,30.836712
1.5,2,30.838752
0.0,2,30.840518
0.0,2,30.842436
0.0,4,30.846163
0.0,2,30.848047
0.0,4,30.851729
-2.0,2,30.853534
0.0,3,30.856243
0.0,3,30.859318
0.0,3,30.944624
0.0,4,30.948828
0.0,3,30.951683
0.0,2,30.953716
0.0,3,30.956718
0.0,4,30.960439
0.0,2,30.962588
0.0,3,30.965526
0.0,2,30.967436
0.0,2,30.969572
-0.369173,5,30.974174
0.0,4,30.977903
0.0,4,30.9814
0.0,2,30.983494
0.0,2,30.98547
0.0,3,30.988483
0.0,3,30.99159
0.0,3,30.994397
0.0,3,30.997113
0.0,4,31.000482
0.0,3,31.003132
0.0,2,31.00495
0.0,2,31.006752
0.0,2,31.008537
0.0,2,31.010348
0.0,4,31.01412
0.0,4,31.01791
0.0,3,31.020545
0.0,2,31.022265
0.0,3,31.024828
0.0,2,31.026501
0.0,3,31.029048
0.0,2,31.030758
0.0,3,31.033662
0.0,3,31.036351
0.0,5,31.040908
1.5,2,31.042638
0.0,3,31.045432
0.0,6,31.051023
0.0,5,31.055485
0.0,3,31.058056
0.0,2,31.060201
1.5,2,31.062136
0.0,2,31.063996
0.0,2,31.065919
0.0,3,31.068854
0.0,3,31.071575
0.0,4,31.075208
0.0,2,31.077006
1.5,2,31.079245
0.0,2,31.08171
0.0,3,31.084562
0.0,3,31.087446
0.0,4,31.091003
0.0,4,31.094836
0.0,4,31.098458
0.0,3,31.101369
0.0,5,31.105716
0.0,2,31.10748
0.0,3,31.110326
0.0,5,31.114695
0.0,3,31.117249
-0.086611,3,31.11992
0.0,4,31.12341
0.0,3,31.125942
0.0,3,31.128573
0.0,2,31.130723
0.0,5,31.135079
0.0,2,31.137127
0.0,2,31.139063
0.0,4,31.142587
0.0,2,31.144633
0.0,2,31.146657
0.0,2,31.148491
0.0,2,31.15046
0.0,3,31.153141
0.0,2,31.154808
0.0,3,31.157648
0.0,4,31.161211
0.0,3,31.164021
-0.270184,3,31.166575
0.0,4,31.169963
0.0,3,31.172862
0.0,2,31.174615
0.0,3,31.177353
0.0,2,31.179136
0.0,2,31.180877
0.0,3,31.183409
0.0,3,31.186097
0.0,3,31.188683
0.0,3,31.19137
0.0,3,31.194261
-0.782417,5,31.19859
0.0,2,31.200372
0.0,4,31.203753
0.0,2,31.205506
0.0,2,31.207503
0.0,3,31.210088
0.0,2,31.211955
0.0,2,31.213876
-0.913055,2,31.215815
0.0,4,31.219496
0.0,3,31.222057
0.148718,3,31.22455
0.0,3,31.227363
0.0,2,31.229154
0.0,3,31.231754
0.0,4,31.235489
0.0,2,31.237616
0.0,2,31.239837
0.0,4,31.243777
1.5,2,31.245554
0.0,2,31.24742
0.0,2,31.249196
-1.0,4,31.252559
0.0,3,31.25537
0.0,4,31.258895
0.0,3,31.261703
0.0,3,31.264415
0.0,2,31.266309
0.0,2,31.268192
0.0,3,31.270925
-0.153304,2,31.272699
0.0,2,31.274503
0.0,2,31.276243
0.0,4,31.279566
0.0,3,31.282096
0.0,3,31.284863
0.0,2,31.286679
0.0,4,31.290323
0.0,5,31.294693
0.0,2,31.296773
0.0,3,31.299434
0.0,2,31.301245
0.0,2,31.30321
0.0,2,31.305015
0.0,2,31.306814
0.0,4,31.310447
0.0,4,31.314069
0.0,4,31.317766
0.0,3,31.320425
0.0,3,31.323092
0.0,3,31.325805
0.0,2,31.327523
0.0,3,31.330125
0.98681,2,31.332188
0.545607,2,31.333993
0.0,2,31.335746
0.0,3,31.338489
0.0,4,31.341957
0.0,3,31.344661
0.84768,3,31.34756
0.0,2,31.34941
0.0,3,31.352139
-0.178122,4,31.355687
0.0,3,31.358613
0.0,2,31.360517
0.0,2,31.362266
0.0,3,31.365041
0.0,2,31.367097
0.0,3,31.369878
0.0,3,31.372844
0.0,5,31.377192
0.0,2,31.379101
0.0,3,31.381984
0.0,3,31.384708
0.0,4,31.38858
0.0,3,31.391583
0.0,3,31.394509
0.0,4,31.397942
0.0,3,31.400724
0.0,2,31.402527
0.0,4,31.405957
0.0,2,31.40797
0.0,2,31.409837
0.0,3,31.412414
0.0,3,31.415106
0.0,4,31.418501
0.0,2,31.420258
0.0,2,31.422134
0.0,3,31.424674
0.0,2,31.426396
0.0,3,31.429247
0.0,2,31.431042
0.0,2,31.432775
0.0,3,31.435589
0.0,2,31.437455
0.0,4,31.441127
0.0,3,31.444112
0.0,3,31.446991
0.0,5,31.451631
0.0,3,31.454108
0.0,2,31.456063
0.0,3,31.458962
0.0,4,31.462575
0.0,4,31.465941
0.0,4,31.469522
0.0,3,31.472336
0.0,3,31.474951
0.0,3,31.477613
0.0,3,31.480167
0.0,2,31.48187
0.0,3,31.484656
0.0,4,31.489642
0.0,3,31.493744
0.0,3,31.496548
0.0,4,31.500062
0.0,4,31.503248
0.0,2,31.505203
0.0,3,31.50791
0.0,4,31.511384
0.0,4,31.51494
0.0,3,31.517521
0.0,2,31.519437
0.0,2,31.521111
0.0,4,31.524405
0.0,4,31.527996
0.0,2,31.52975
0.0,3,31.532528
0.0,2,31.534411
0.0,3,31.537
1.5,2,31.538882
0.0,3,31.541804
0.0,5,31.546145
0.0,3,31.549272
0.0,2,31.551117
0.0,4,31.5546
0.0,5,31.558766
0.0,2,31.560566
0.0,2,31.562542
0.0,2,31.564236
0.524211,3,31.566884
0.0,2,31.568821
-0.060467,5,31.57304
0.0,3,31.575679
0.0,2,31.577433
0.0,2,31.579171
0.0,3,31.581941
0.0,2,31.583815
0.0,6,31.589016
0.0,2,31.59087
0.566166,2,31.592605
0.0,4,31.596199
0.0,2,31.598011
0.0,3,31.600568
0.0,3,31.603359
0.0,3,31.605898
0.0,3,31.608526
0.0,3,31.611263
0.0,2,31.613007
0.0,7,31.618834
0.0,4,31.622235
0.0,2,31.623977
0.0,5,31.627938
0.0,2,31.629673
0.0,2,31.631707
0.0,3,31.634293
0.0,2,31.636001
0.0,2,31.637928
0.0,3,31.640556
0.0,4,31.644071
1.5,2,31.645943
0.0,2,31.647866
0.0,2,31.649696
0.0,2,31.651729
0.0,2,31.653542
0.0,4,31.657064
1.5,2,31.659086
0.0,3,31.661827
0.0,3,31.664533
0.0,3,31.667117
0.0,3,31.669629
0.0,2,31.671435
0.0,3,31.674302
0.0,3,31.676974
0.0,2,31.678793
1.5,2,31.680513
0.0,4,31.683911
0.0,3,31.686755
0.0,3,31.689336
-2.0,2,31.691182
0.0,4,31.694862
0.0,3,31.697453
0.0,2,31.699265
0.0,3,31.701864
0.0,4,31.70518
0.0,3,31.707969
0.0,3,31.710654
0.0,2,31.712506
0.0,4,31.715947
0.0,2,31.717648
0.0,3,31.72024
0.0,3,31.722786
0.0,4,31.726038
0.0,4,31.729646
0.0,3,31.732174
0.0,4,31.73594
0.0,3,31.738796
0.0,2,31.740669
0.0,5,31.74529
0.0,3,31.748044
0.0,3,31.750709
0.0,3,31.753086
0.0,2,31.754952
0.0,2,31.756828
0.0,4,31.760289
0.0,2,31.762203
0.0,2,31.76396
-0.086974,5,31.768069
-0.670524,5,31.772611
0.0,3,31.775203
0.0,3,31.777982
0.0,2,31.779641
0.0,6,31.784826
0.0,2,31.786506
0.0,4,31.79007
0.0,3,31.79286
0.0,2,31.794719
0.0,2,31.796538
0.0,2,31.798252
0.0,3,31.80092
0.0,2,31.80273
0.0,4,31.806259
0.0,3,31.808863
0.0,2,31.810787
0.0,2,31.812852
0.0,3,31.81542
0.0,2,31.817244
0.0,5,31.821423
0.0,3,31.823966
0.0,4,31.827457
0.0,2,31.829108
0.0,3,31.831848
0.0,3,31.834614
0.0,2,31.836388
0.0,3,31.839108
0.0,2,31.840835
0.0,3,31.843374
0.0,4,31.846733
-1.0,5,31.851121
0.0,2,31.852995
0.0,2,31.854717
0.0,3,31.857143
0.0,3,31.859787
0.0,3,31.862508
0.0,2,31.864236
0.0,2,31.866019
0.0,4,31.869573
1.5,2,31.95191
0.0,2,31.954027
0.0,3,31.957019
0.0,2,31.958952
0.0,3,31.961548
1.00711,2,31.963333
0.0,3,31.966018
0.0,2,31.9677
0.0,2,31.969636
0.0,2,31.971591
0.0,2,31.973508
0.0,2,31.975186
0.0,4,31.978752
0.0,3,31.981211
1.5,2,31.982889
0.0,4,31.986659
1.103282,2,31.988438
0.0,2,31.990265
0.0,2,31.992257
0.0,4,31.99598
1.5,2,31.997813
-0.495209,2,31.999705
0.0,2,32.001497
0.0,3,32.004063
0.0,2,32.00592
-0.314942,2,32.007859
1.5,2,32.009654
-0.069512,4,32.013176
0.64609,2,32.014823
0.0,4,32.018113
0.0,3,32.020738
0.0,3,32.023233
0.0,4,32.026648
0.0,3,32.02939
0.0,3,32.032076
1.5,2,32.034019
0.0,3,32.036766
0.0,3,32.039381
0.0,3,32.042319
0.0,3,32.044929
0.0,3,32.047727
0.0,6,32.053071
0.0,2,32.054975
0.0,5,32.059472
0.0,2,32.062023
0.0,4,32.065948
0.0,3,32.069094
0.0,3,32.071986
1.5,2,32.073998
1.5,2,32.075859
0.0,2,32.077759
0.0,4,32.081161
0.0,3,32.084333
-0.392857,3,32.087063
0.0,2,32.088917
0.0,2,32.090882
-0.516573,4,32.094393
0.0,2,32.096203
0.0,2,32.097948
0.0,2,32.099698
0.0,3,32.102202
0.0,3,32.104874
0.0,3,32.107316
0.0,2,32.109021
0.0,3,32.111808
0.0,3,32.114369
0.0,5,32.118625
0.0,2,32.120431
0.0,3,32.122981
0.0,3,32.125618
0.084043,2,32.127377
0.0,3,32.129958
0.0,2,32.131897
0.0,3,32.134646
0.0,3,32.137266
0.0,2,32.139011
0.0,2,32.140661
-1.0,5,32.144947
0.0,3,32.147702
0.0,4,32.151093
-0.145193,3,32.153745
0.0,2,32.155398
0.0,3,32.157848
1.5,2,32.159756
0.0,2,32.161581
0.0,2,32.163181
0.0,2,32.164911
0.0,4,32.168477
0.367532,2,32.170124
0.0,2,32.17183
0.0,4,32.175325
0.0,3,32.177759
0.0,3,32.180522
0.0,2,32.182322
0.0,2,32.183952
0.0,3,32.186718
0.0,3,32.189443
0.0,2,32.191177
0.0,2,32.192921
0.0,2,32.194897
0.0,4,32.198334
0.0,2,32.200088
0.0,3,32.20271
0.0,4,32.206033
0.0,2,32.20788
0.0,4,32.211334
0.0,4,32.214844
0.0,4,32.218037
0.0,4,32.221435
0.0,2,32.223127
0.0,5,32.227081
0.0,3,32.229919
0.0,4,32.233261
0.0,2,32.235057
0.650925,2,32.236954
0.0,3,32.239491
0.0,3,32.242202
0.0,2,32.244282
0.0,4,32.24798
-0.738907,5,32.252354
0.0,2,32.253966
0.0,4,32.257526
0.0,3,32.260058
0.0,3,32.262479
0.0,3,32.265113
0.0,2,32.266735
0.0,2,32.268411
0.0,3,32.271245
0.0,3,32.273793
-0.366566,2,32.275463
0.0,2,32.277438
0.0,3,32.279991
0.0,3,32.282545
0.0,3,32.285327
0.0,2,32.286985
0.0,5,32.291271
0.0,4,32.294767
0.0,3,32.297431
0.0,4,32.300866
0.0,2,32.302543
0.0,4,32.306025
0.0,4,32.309447
0.0,4,32.313045
0.0,2,32.314807
0.0,2,32.316507
1.5,2,32.318232
0.0,3,32.320755
0.0,2,32.322412
0.0,2,32.324046
0.0,2,32.32588
0.0,2,32.327944
0.0,2,32.329702
0.0,2,32.33149
0.0,4,32.335037
0.0,3,32.337606
0.0,2,32.33933
1.5,2,32.341131
0.0,2,32.342971
0.0,3,32.345521
0.0,2,32.347404
-0.099338,4,32.351089
0.0,3,32.353751
0.0,2,32.355527
0.0,2,32.357227
-1.0,4,32.360816
0.0,2,32.36283
0.0,2,32.364555
0.0,2,32.366271
0.0,2,32.368246
0.0,3,32.371001
0.0,5,32.375627
0.0,3,32.378141
0.0,3,32.380781
0.0,3,32.383538
0.0,3,32.385996
-0.784877,2,32.38771
0.0,5,32.392532
0.0,4,32.396148
0.0,4,32.399659
0.0,3,32.402309
0.0,2,32.404093
0.0,3,32.40659
0.0,2,32.408314
0.0,2,32.410194
0.0,4,32.413792
0.0,3,32.416413
0.0,3,32.418901
0.0,2,32.420625
0.0,3,32.423325
0.0,5,32.427418
0.0,2,32.429152
1.5,2,32.431112
0.0,3,32.433908
0.0,3,32.43659
0.0,3,32.439246
0.0,2,32.440996
0.0,2,32.44275
0.0,5,32.447058
0.0,3,32.449543
0.0,3,32.452162
0.083204,3,32.45467
0.0,2,32.456362
0.0,4,32.459992
0.0,3,32.462508
0.0,4,32.46587
0.0,3,32.468313
0.0,3,32.47078
0.0,3,32.473653
0.0,3,32.476111
0.0,2,32.477744
0.0,3,32.480547
0.0,2,32.482283
0.0,3,32.484755
0.0,2,32.48664
0.0,2,32.48834
0.0,2,32.490021
0.0,3,32.4925
0.0,4,32.495936
0.0,3,32.498797
0.0,2,32.50067
0.0,3,32.503241
0.0,2,32.504937
0.0,2,32.506596
0.0,2,32.508301
1.5,2,32.510056
1.5,2,32.511837
0.0,3,32.514369
0.0,2,32.516016
0.0,2,32.517649
0.0,5,32.52176
0.0,5,32.525732
0.0,2,32.527514
0.0,3,32.530344
0.0,2,32.531966
0.0,2,32.533773
-0.40425,2,32.535643
0.0,2,32.537402
0.0,2,32.539083
0.0,4,32.542715
0.0,2,32.544414
0.0,3,32.54694
0.0,3,32.549511
0.0,2,32.551247
0.0,3,32.553992
0.0,2,32.555808
0.0,3,32.558481
0.0,3,32.560889
0.0,3,32.563577
0.0,3,32.565936
0.0,2,32.567611
0.0,3,32.570352
0.0,2,32.572098
0.0,3,32.574559
0.0,4,32.577939
-0.371407,3,32.580396
0.0,3,32.582885
0.0,3,32.585646
0.0,2,32.5873
0.0,2,32.589091
0.0,3,32.591815
0.0,2,32.593478
0.0,3,32.595925
0.0,3,32.598487
-0.537846,4,32.601691
0.0,3,32.604582
0.0,5,32.608471
0.0,3,32.610909
0.0,3,32.613635
0.0,4,32.616953
0.0,2,32.618706
0.0,4,32.621837
0.0,2,32.623501
0.0,3,32.625983
0.0,3,32.628403
0.0,3,32.630811
0.0,2,32.632616
0.0,2,32.634457
0.0,4,32.637724
0.0,3,32.640476
0.0,2,32.642189
0.0,2,32.643986
0.0,4,32.647346
0.0,3,32.650097
0.0,2,32.651841
0.0,4,32.655189
0.0,2,32.656929
0.0,2,32.658618
0.0,3,32.66145
0.0,4,32.664801
-0.294788,4,32.668346
0.0,3,32.670813
0.0,2,32.672525
0.0,2,32.674275
0.0,2,32.67599
0.0,4,32.679171
0.0,2,32.680854
0.0,3,32.683497
0.0,4,32.686838
0.0,3,32.689608
0.0,2,32.6913
0.0,3,32.694005
0.0,4,32.6975
0.0,4,32.700724
0.0,2,32.702597
0.0,3,32.70512
0.0,3,32.707661
0.0,3,32.710522
-0.385932,3,32.713043
0.0,4,32.716499
0.0,2,32.718139
1.5,2,32.719763
0.0,2,32.72146
0.0,2,32.7233
0.0,2,32.725033
0.0,2,32.726701
0.0,3,32.729314
0.0,3,32.732046
0.0,2,32.733775
0.0,4,32.73715
0.0,3,32.739604
0.0,3,32.742088
0.0,3,32.744836
0.0,3,32.74783
0.0,3,32.750632
0.0,3,32.753296
0.0,3,32.755893
0.0,4,32.759424
0.0,4,32.76276
0.0,3,32.765491
0.0,3,32.767882
0.0,2,32.769586
-0.416525,5,32.773815
0.0,4,32.777099
-0.436098,3,32.77961
0.0,3,32.782001
0.0,3,32.784581
0.0,4,32.788058
0.0,3,32.790525
-0.534085,4,32.79402
0.0,2,32.795699
0.0,3,32.798155
0.0,3,32.800713
0.0,6,32.805418
0.0,4,32.808914
0.0,2,32.810621
0.138002,3,32.813216
0.0,3,32.81573
0.0,5,32.819694
0.0,2,32.821328
0.0,4,32.82451
0.0,3,32.826885
0.0,3,32.82957
0.0,3,32.832121
0.0,2,32.833941
-0.046649,3,32.836591
0.0,3,32.839039
0.0,2,32.840821
0.0,2,32.84273
0.0,3,32.845471
0.0,3,32.928656
0.0,2,32.930677
0.0,3,32.933919
0.0,4,32.937557
0.0,2,32.939636
0.0,4,32.943157
0.0,2,32.945097
0.0,3,32.948089
0.0,2,32.949992
0.0,2,32.95186
0.0,3,32.954693
0.0,3,32.957326
0.0,4,32.960989
0.0,3,32.963619
-0.111277,4,32.967205
0.0,3,32.969852
0.0,4,32.97373
0.0,2,32.975817
0.0,2,32.977648
0.0,3,32.980879
0.0,4,32.985254
0.0,2,32.987661
1.5,2,32.989846
0.0,6,32.996
0.0,2,32.998047
0.0,2,33.000007
0.0,4,33.004139
-0.705404,2,33.006024
0.0,4,33.010386
0.0,2,33.012359
0.0,4,33.016572
0.0,4,33.020303
0.0,4,33.024209
0.0,3,33.027189
0.0,3,33.03041
0.0,2,33.032205
0.0,2,33.03406
0.0,5,33.038594
0.0,3,33.041128
0.0,2,33.042994
0.0,2,33.044929
0.0,3,33.047529
0.0,3,33.05016
0.0,2,33.052198
0.0,3,33.055045
0.0,3,33.057876
0.0,2,33.059868
0.0,2,33.061639
0.0,3,33.064735
0.0,2,33.06683
0.0,3,33.069467
0.0,3,33.072107
0.0,4,33.075647
0.0,3,33.078574
0.0,3,33.081417
2.0,2,33.083358
0.0,3,33.087013
0.0,3,33.08989
0.0,3,33.092674
0.0,3,33.095536
0.0,3,33.098383
0.0,2,33.100318
0.0,4,33.103672
0.0,3,33.106345
0.0,3,33.109028
0.0,3,33.111609
0.0,3,33.114477
2.0,2,33.116325
0.0,3,33.119002
0.0,3,33.121744
0.0,3,33.124256
0.0,4,33.127903
0.0,3,33.130507
0.0,2,33.132179
0.0,3,33.135066
0.0,3,33.137663
0.0,2,33.139445
0.0,3,33.142265
0.0,2,33.144
0.0,3,33.146619
0.0,4,33.150252
0.0,3,33.152862
0.0,3,33.155563
0.0,3,33.158131
0.0,2,33.159765
0.0,4,33.163281
0.0,3,33.16575
0.0,3,33.168481
0.0,3,33.171041
0.0,3,33.173546
0.0,2,33.175455
0.305402,3,33.178115
0.0,3,33.18072
0.0,2,33.182592
0.0,3,33.185238
0.0,4,33.188699
0.0,4,33.192248
0.0,2,33.193966
0.0,3,33.19667
0.0,3,33.199211
1.5,2,33.200817
0.0,4,33.20429
1.339478,2,33.205996
0.0,2,33.207646
0.0,4,33.21107
0.0,3,33.213551
0.0,2,33.215296
0.0,2,33.217249
0.0,4,33.221431
0.0,2,33.223642
0.0,3,33.226775
0.0,4,33.230518
0.0,3,33.233658
0.0,3,33.236372
0.0,2,33.238378
0.0,4,33.242395
0.0,5,33.24735
0.0,4,33.251117
0.0,3,33.25474
1.317049,2,33.256766
0.0,3,33.260033
0.0,5,33.264674
0.0,5,33.269758
0.0,2,33.27159
0.0,2,33.273844
0.0,4,33.277626
0.0,2,33.279902
0.0,2,33.282022
0.0,4,33.286059
0.0,5,33.291236
0.0,3,33.294381
0.0,3,33.297381
0.0,2,33.299216
0.0,4,33.303033
0.0,2,33.304866
0.0,2,33.306825
0.0,2,33.308949
0.0,2,33.310947
0.0,3,33.313861
0.0,4,33.317645
1.47054,2,33.319452
1.5,2,33.321394
0.0,4,33.325041
0.0,4,33.32898
0.0,3,33.331952
0.0,2,33.333838
0.0,2,33.335957
0.0,4,33.339834
0.0,3,33.34282
0.0,2,33.344836
0.0,3,33.34774
0.0,3,33.350787
0.0,3,33.353704
-0.074948,4,33.357704
0.0,4,33.361345
0.0,2,33.363309
0.0,4,33.366846
0.0,2,33.368651
0.0,4,33.372853
0.0,2,33.374801
0.0,2,33.377234
0.0,2,33.379327
0.0,3,33.382414
0.0,2,33.384877
0.0,4,33.38946
0.0,2,33.392205
1.5,2,33.394542
0.0,2,33.396772
0.0,3,33.400337
0.0,4,33.404159
-1.13781,2,33.406714
0.0,2,33.409177
1.5,2,33.411618
0.0,3,33.415252
0.0,2,33.417493
0.0,4,33.421979
0.0,3,33.424837
0.0,3,33.428297
0.0,4,33.432639
0.0,3,33.435866
0.0,2,33.438124
0.0,4,33.442757
0.0,2,33.44486
0.0,4,33.450209
0.0,3,33.453762
0.0,2,33.455799
0.0,2,33.457778
0.0,3,33.461099
0.0,2,33.463401
0.0,2,33.465557
0.0,3,33.469144
0.0,2,33.471448
0.0,2,33.4735
0.0,4,33.478023
0.0,2,33.48006
0.0,4,33.484128
0.0,4,33.487787
0.0,2,33.489807
0.481275,2,33.491738
1.5,2,33.493506
1.5,2,33.495373
-0.040408,4,33.499304
0.0,3,33.502102
0.0,5,33.506478
0.0,2,33.508295
0.0,3,33.511119
0.0,2,33.512993
0.0,3,33.515677
0.0,3,33.518461
0.0,4,33.521752
0.0,3,33.524379
0.0,2,33.525992
0.0,4,33.529323
0.0,2,33.531416
0.0,4,33.534892
0.0,2,33.536676
0.0,3,33.539306
0.0,2,33.54104
-0.669131,4,33.544643
0.0,2,33.546543
0.0,2,33.548332
0.0,3,33.551274
0.0,3,33.554045
0.0,2,33.555812
0.034659,2,33.557718
0.0,3,33.560619
0.0,4,33.564244
0.0,3,33.567061
0.0,3,33.569582
0.0,4,33.573196
0.245401,3,33.576365
0.0,3,33.579452
0.0,3,33.582127
0.0,3,33.585006
0.0,2,33.587137
0.0,2,33.589331
0.0,2,33.591329
0.0,5,33.596551
1.5,2,33.598441
0.0,2,33.60041
0.0,2,33.602188
1.5,2,33.60412
0.0,2,33.606274
0.0,4,33.610168
0.0,2,33.612117
0.0,4,33.615779
0.0,4,33.619111
0.0,4,33.622787
0.0,3,33.6253
0.0,2,33.626919
0.0,2,33.628912
0.0,3,33.631733
0.0,2,33.633539
0.0,2,33.635608
0.0,3,33.638402
0.0,4,33.642112
0.0,5,33.64642
0.0,4,33.650078
0.0,3,33.652866
0.0,2,33.654716
1.5,2,33.656638
0.0,3,33.65914
0.0,3,33.661942
0.0,3,33.664573
0.0,3,33.667399
0.0,3,33.670176
0.0,3,33.673196
0.0,5,33.67804
0.0,2,33.679894
0.0,2,33.681721
-0.010456,2,33.683596
-0.156381,4,33.687766
0.0,2,33.689589
0.0,4,33.693424
0.0,2,33.695204
0.0,3,33.697955
0.0,2,33.699845
0.0,3,33.70246
0.0,2,33.704234
0.0,3,33.706978
0.0,4,33.710431
-1.0,3,33.713135
0.0,3,33.715823
0.0,3,33.71847
0.0,4,33.721792
-0.50822,2,33.723655
0.0,2,33.725518
0.0,5,33.729847
0.0,3,33.732453
0.0,3,33.735064
0.0,2,33.736763
0.0,3,33.739516
0.0,3,33.742111
1.5,2,33.74375
0.0,2,33.745496
1.4411,2,33.74732
0.0,2,33.749126
0.0,2,33.750906
0.0,2,33.752748
0.0,2,33.75474
0.0,2,33.75645
0.0,2,33.758086
0.094425,2,33.759963
0.0,3,33.762938
0.0,3,33.765679
0.0,3,33.768375
0.0,3,33.77114
0.0,4,33.774627
0.0,2,33.776393
0.0,3,33.779047
0.0,3,33.781674
0.0,2,33.783565
0.0,2,33.785363
-0.987622,5,33.789755
-0.524388,4,33.793249
0.0,3,33.795993
0.0,3,33.798703
-0.102893,3,33.801368
0.0,2,33.803032
1.5,2,33.804643
0.0,3,33.807111
0.0,4,33.810553
0.0,2,33.812319
1.5,2,33.814002
0.0,3,33.816517
1.5,2,33.818104
0.0,2,33.819712
0.0,2,33.821519
0.0,2,33.823264
0.0,2,33.824894
0.0,3,33.827331
0.0,3,33.830043
1.0,3,33.832727
0.0,4,33.836211
0.0,4,33.83967
0.0,3,33.8423
0.0,3,33.845199
0.0,3,33.847912
0.0,2,33.849742
0.0,3,33.852842
0.0,2,33.854684
0.0,3,33.857449
0.0,3,33.860167
1.5,2,33.862071
0.0,2,33.863904
0.0,3,33.866844
0.0,3,33.869804
0.0,4,33.873822
0.0,3,33.876612
0.0,3,33.87936
0.0,3,33.881949
0.0,2,33.883741
0.0,2,33.885595
0.0,4,33.889419
0.0,2,33.891247
0.0,2,33.893281
2.0,2,33.895217
0.0,4,33.898987
-1.0,2,33.90093
0.0,2,33.980911
1.5,2,33.983008
0.0,2,33.984957
0.0,3,33.98753
0.0,3,33.990303
0.0,2,33.992092
0.0,2,33.993795
0.0,2,33.995582
0.0,5,33.999912
0.0,2,34.001757
0.0,2,34.003497
0.0,4,34.00676
0.0,2,34.008446
0.0,2,34.010255
0.0,3,34.01295
0.0,2,34.014763
0.0,2,34.016555
0.0,3,34.019008
0.0,4,34.022181
0.0,2,34.023954
0.0,4,34.027209
0.0,2,34.028855
0.0,3,34.031346
0.0,4,34.034667
0.0,5,34.038711
0.0,2,34.04031
0.0,2,34.041856
1.5,2,34.043457
0.0,3,34.045864
0.0,4,34.04915
0.0,2,34.050893
0.0,2,34.052636
0.0,6,34.057783
1.5,2,34.059498
0.0,3,34.062033
0.0,3,34.064529
0.0,2,34.06651
0.0,4,34.069947
0.0,2,34.071713
1.051734,2,34.073587
0.0,3,34.076056
0.0,2,34.077743
0.0,2,34.079669
0.0,3,34.082348
0.0,3,34.084863
0.0,2,34.086772
0.0,3,34.090007
0.0,5,34.094632
1.28216,2,34.096488
0.0,4,34.099756
0.0,3,34.102359
0.0,2,34.103965
0.0,2,34.105642
0.0,2,34.107383
0.0,3,34.110097
0.0,6,34.114971
0.0,2,34.116614
0.587241,2,34.118244
0.0,4,34.121603
0.0,4,34.124876
0.0,3,34.127295
0.0,4,34.130695
0.0,4,34.13392
0.0,4,34.137408
-0.057412,4,34.140758
0.0,2,34.142654
0.0,3,34.145324
0.0,3,34.148072
0.0,3,34.151104
0.0,2,34.152833
0.0,2,34.154579
0.0,2,34.156406
0.0,4,34.159824
0.0,3,34.162385
0.0,3,34.164857
1.5,2,34.166454
0.0,3,34.168877
0.0,4,34.1723
0.0,5,34.176389
0.0,3,34.178826
0.0,2,34.180468
0.0,3,34.183392
0.0,2,34.18537
0.0,4,34.189189
0.0,2,34.191206
0.0,5,34.196053
0.0,4,34.20006
0.0,2,34.202067
0.0,2,34.203848
0.0,3,34.206747
0.0,2,34.208853
0.0,5,34.213784
0.0,4,34.217791
1.5,2,34.219871
0.0,3,34.22286
0.0,3,34.225873
0.0,3,34.229042
0.120981,3,34.232091
0.0,4,34.235889
0.0,2,34.237932
0.0,5,34.242643
0.0,2,34.244802
0.0,2,34.246646
0.0,2,34.248655
0.0,4,34.252373
0.0,3,34.255322
1.5,2,34.257284
0.0,3,34.26017
0.0,2,34.262103
-0.13452,3,34.265028
0.0,4,34.2687
0.0,3,34.271529
0.0,3,34.274354
0.0,2,34.276308
0.0,4,34.280035
0.0,4,34.283802
1.5,2,34.285836
0.0,2,34.28767
0.0,2,34.289666
1.5,2,34.291521
0.0,3,34.294379
0.0,2,34.296386
0.0,2,34.298405
0.0,3,34.30106
0.0,3,34.303999
0.0,2,34.306091
0.0,4,34.309899
0.0,3,34.313305
0.0,5,34.318148
0.0,2,34.320131
0.0,3,34.322911
0.0,2,34.324911
0.024256,4,34.328753
0.0,4,34.332748
1.5,2,34.334644
0.0,2,34.336529
0.0,2,34.338909
0.0,4,34.3427
0.180774,3,34.346025
0.0,3,34.349371
0.0,3,34.352941
1.5,2,34.355157
0.0,2,34.357456
0.0,3,34.361045
0.0,2,34.363296
0.348662,3,34.366744
0.0,3,34.370227
0.0,3,34.373556
0.0,5,34.379133
0.0,4,34.38379
0.0,4,34.389333
0.0,3,34.393301
0.0,4,34.398354
0.0,3,34.401744
0.0,2,34.403996
0.0,3,34.407693
0.0,2,34.410056
0.0,3,34.413599
0.0,5,34.419364
0.0,2,34.421736
0.0,2,34.423845
0.0,3,34.427357
0.0,2,34.429459
0.0,2,34.431176
0.0,5,34.435712
0.0,4,34.439151
0.0,2,34.441162
0.0,2,34.443459
0.0,4,34.44693
0.0,2,34.44901
0.0,2,34.450895
0.0,3,34.453616
0.0,2,34.455643
1.5,2,34.457545
0.0,4,34.461304
0.0,2,34.463897
0.0,3,34.46733
0.0,3,34.47115
0.0,2,34.473047
1.5,2,34.47515
0.0,3,34.478419
0.0,5,34.483704
0.0,3,34.487129
0.0,3,34.490633
0.0,2,34.492712
0.0,2,34.494812
0.0,4,34.500067
0.0,5,34.505539
0.0,2,34.508412
0.0,4,34.513197
0.0,3,34.516372
0.0,3,34.519883
0.0,4,34.525273
0.0,2,34.527493
0.0,2,34.529784
0.0,5,34.536437
0.0,2,34.5393
0.0,2,34.541978
0.0,2,34.544227
0.0,2,34.547002
0.0,2,34.550027
0.0,3,34.555142
0.0,3,34.558488
0.0,3,34.563039
0.0,3,34.566757
0.0,2,34.568851
-0.148511,3,34.571822
0.0,4,34.577448
0.0,2,34.579362
0.0,3,34.582488
0.0,3,34.585351
0.0,2,34.588329
0.0,4,34.592994
0.0,3,34.596036
0.0,2,34.598566
0.0,2,34.600956
0.0,3,34.604384
0.0,2,34.606704
0.0,3,34.610243
0.0,2,34.612535
0.0,2,34.615427
0.0,2,34.618043
0.0,3,34.621024
0.0,3,34.625264
0.0,4,34.629958
0.0,2,34.632055
0.0,4,34.636326
0.0,4,34.640589
0.0,3,34.644376
0.0,2,34.646614
0.0,2,34.648501
-0.81964,2,34.650899
0.0,2,34.652898
0.0,2,34.65498
0.0,3,34.659069
0.0,2,34.661298
0.0,5,34.666285
0.0,3,34.668946
0.0,3,34.672551
0.386345,3,34.67582
0.0,2,34.677787
0.0,3,34.680943
0.0,2,34.682859
0.0,3,34.686033
0.0,2,34.688784
0.0,3,34.693465
0.0,3,34.696489
0.0,4,34.700267
0.0,4,34.70388
0.0,3,34.707156
0.0,2,34.709931
0.0,5,34.717695
0.0,4,34.722066
0.0,2,34.72412
0.0,2,34.726779
-0.172615,3,34.730737
0.0,2,34.733773
0.0,5,34.742401
0.0,3,34.746959
0.0,3,34.751429
0.0,3,34.756072
0.0,3,34.759187
0.0,3,34.761837
0.0,3,34.764588
0.0,3,34.767354
0.0,3,34.770731
0.0,4,34.77609
0.0,2,34.779229
-0.951196,2,34.782352
0.0,3,34.78696
0.0,4,34.791143
0.0,2,34.792904
0.0,3,34.795595
0.0,3,34.797989
0.0,2,34.799581
0.0,2,34.801161
0.0,3,34.803572
0.0,3,34.805903
0.0,3,34.80824
0.0,2,34.809844
0.0,2,34.811481
0.0,2,34.813046
0.0,3,34.815377
0.0,3,34.817706
0.0,4,34.820745
0.0,4,34.823699
0.0,4,34.826939
0.296381,2,34.828481
0.0,2,34.830091
0.0,3,34.832466
0.0,3,34.83477
0.0,3,34.83732
0.0,2,34.839082
0.0,3,34.841901
0.0,3,34.844309
0.0,2,34.845947
0.0,3,34.848287
0.0,3,34.85061
0.0,4,34.853869
0.0,3,34.85617
0.0,4,34.85928
0.0,2,34.86091
0.0,4,34.864015
-0.108355,3,34.866398
0.0,3,34.868661
0.0,3,34.870927
0.0,2,34.872494
0.0,4,34.87566
-0.126196,2,34.877201
-0.183846,3,34.879565
0.0,3,34.881914
0.0,3,34.884241
-0.167484,3,34.886593
0.0,2,34.888258
0.0,3,34.890882
0.0,4,34.89406
0.0,3,34.896552
0.0,3,34.89906
0.0,3,34.901501
0.0,2,34.903076
0.0,2,34.90461
0.0,3,34.906903
0.0,4,34.910067
0.0,2,34.911691
0.0,4,34.914872
0.0,4,34.918295
0.0,4,34.922056
0.0,3,34.924946
0.0,3,34.927566
0.0,3,34.930099
0.0,5,34.93416
0.0,2,34.935866
0.0,5,34.939958
0.0,2,34.94159
0.0,2,34.943203
0.0,4,34.946318
0.0,2,34.947896
0.0,2,34.949556
0.0,3,34.952065
0.0,3,34.954516
0.0,2,34.956083
0.0,2,34.957777
0.0,2,34.959411
0.0,2,34.961013
0.0,4,34.964214
0.0,4,34.96735
0.0,3,34.969671
0.0,4,34.972971
0.0,3,34.975385
-1.472148,2,34.977001
0.0,3,34.979352
1.5,2,34.980886
0.584622,2,34.982399
1.236637,2,34.984018
0.0,4,35.057084
0.0,3,35.060136
0.0,3,35.063088
0.0,2,35.065031
0.0,4,35.068879
1.5,2,35.071047
0.0,3,35.074255
0.0,2,35.076535
0.0,3,35.079485
0.0,2,35.081543
0.0,5,35.087348
0.0,3,35.091031
-0.065208,4,35.095489
0.0,3,35.098484
0.0,2,35.100511
0.0,3,35.103503
0.0,2,35.105485
0.0,2,35.107391
0.0,4,35.111093
-0.061347,3,35.114167
0.0,3,35.117212
0.596698,4,35.120851
0.0,3,35.124327
0.0,2,35.126646
0.0,4,35.130954
0.0,3,35.134032
0.0,2,35.136291
0.0,2,35.138766
0.0,2,35.140747
0.0,3,35.143606
0.0,2,35.146033
0.0,2,35.148484
0.356075,3,35.15203
0.0,2,35.154124
0.0,2,35.1559
0.0,6,35.162759
0.0,3,35.166587
0.0,3,35.170115
0.251082,4,35.174717
0.0,2,35.176727
0.0,3,35.180498
0.0,4,35.184556
0.0,3,35.187793
0.0,3,35.190914
0.0,4,35.19499
0.0,3,35.198048
0.0,3,35.201368
0.0,3,35.204351
0.065127,3,35.207726
0.0,3,35.210983
1.5,2,35.213064
0.0,2,35.215359
0.0,2,35.217613
0.0,3,35.221633
0.0,3,35.225251
0.0,3,35.229077
1.5,2,35.231449
0.760359,2,35.23442
0.0,2,35.236913
0.0,4,35.242965
0.0,2,35.245783
-0.783455,2,35.248397
-0.451206,5,35.254091
0.0,2,35.256494
0.0,3,35.260108
0.0,2,35.262509
0.0,3,35.266093
0.0,4,35.270806
0.0,4,35.274838
0.0,3,35.277988
0.0,2,35.280202
0.0,3,35.283784
0.0,2,35.286237
0.0,5,35.291264
0.0,3,35.294405
0.0,3,35.297541
0.0,3,35.300685
0.0,2,35.302594
0.0,2,35.304583
0.0,3,35.30729
0.0,2,35.309132
0.0,2,35.310992
-0.316853,7,35.317822
0.0,2,35.319932
0.0,2,35.321765
1.5,2,35.323842
0.0,2,35.326087
-0.807262,2,35.328121
0.0,3,35.331384
0.0,3,35.334402
0.0,3,35.337267
0.0,3,35.340138
0.0,3,35.342962
-0.365178,3,35.345527
0.0,3,35.348432
0.0,3,35.351096
0.0,3,35.353966
-0.026734,5,35.358622
0.0,2,35.360665
0.0,2,35.362728
0.0,2,35.36481
0.0,3,35.367864
0.0,4,35.371932
1.5,2,35.373883
0.0,2,35.375916
0.0,2,35.377883
0.0,2,35.379848
0.0,5,35.384605
0.0,4,35.38849
0.0,3,35.391762
0.0,5,35.397022
0.0,5,35.402122
0.0,2,35.404286
0.0,3,35.407236
0.0,3,35.410644
0.061941,3,35.413915
0.0,2,35.416061
0.0,3,35.41925
0.0,2,35.421343
0.0,3,35.424725
0.0,2,35.426964
0.1086,4,35.430996
0.0,3,35.433911
0.0,4,35.437754
0.0,2,35.439805
0.0,2,35.441938
0.0,4,35.446257
0.0,3,35.449195
0.0,6,35.455021
0.0,3,35.457932
0.0,3,35.460838
0.0,2,35.462788
0.0,2,35.464671
0.0,2,35.466772
1.5,2,35.468695
0.0,2,35.470735
0.0,3,35.473795
0.0,3,35.476666
0.0,2,35.478623
0.0,5,35.483491
0.0,3,35.48652
0.0,3,35.489634
0.0,2,35.491795
0.0,2,35.493867
0.0,3,35.497196
-0.086314,2,35.499583
0.0,3,35.502922
0.0,4,35.506773
0.0,3,35.510031
0.0,4,35.514044
0.0,3,35.51719
0.0,3,35.520244
0.0,2,35.522362
0.0,2,35.524636
0.0,4,35.528805
0.0,3,35.531899
0.0,3,35.535009
0.0,3,35.538431
0.0,3,35.541617
0.0,6,35.547673
0.0,3,35.551001
0.0,3,35.554284
0.0,4,35.558599
0.0,4,35.562907
0.0,2,35.565105
0.0,2,35.567188
0.0,3,35.570328
0.0,2,35.572589
0.0,3,35.575567
1.5,2,35.577725
0.0,2,35.579998
0.0,3,35.583014
1.5,2,35.585252
0.0,3,35.588289
0.0,3,35.591532
0.0,3,35.594502
0.0,2,35.596464
0.0,3,35.599613
0.0,3,35.602541
1.138434,2,35.604442
0.0,3,35.607557
0.0,2,35.609574
0.0,4,35.613892
0.0,3,35.61714
0.0,3,35.620183
0.0,4,35.623983
0.0,2,35.62609
-0.882885,4,35.629958
0.0,2,35.631854
0.0,2,35.633929
0.0,3,35.636858
0.0,2,35.638717
0.0,2,35.64083
0.0,4,35.644862
0.0,2,35.646955
0.0,3,35.650416
0.962035,4,35.654529
1.5,2,35.656765
0.0,2,35.658757
0.0,3,35.662081
0.0,2,35.664204
0.0,3,35.667429
0.0,2,35.669666
0.323166,3,35.673018
0.0,5,35.678534
-0.090651,4,35.68285
0.0,4,35.687068
1.5,2,35.689394
0.0,3,35.692531
1.5,2,35.694528
0.0,2,35.696814
0.0,5,35.702077
0.0,2,35.704213
0.0,3,35.707303
0.0,2,35.709503
0.0,3,35.712717
0.0,4,35.717053
0.0,3,35.721047
0.0,2,35.723807
0.0,6,35.731341
0.0,3,35.735901
0.0,3,35.74038
0.0,2,35.743656
0.0,2,35.746459
0.0,2,35.749407
0.0,4,35.755766
0.0,4,35.761775
1.5,2,35.764873
0.0,2,35.767748
0.0,4,35.771952
0.0,4,35.776062
0.0,2,35.778064
0.0,3,35.781178
1.5,2,35.783211
0.0,4,35.787208
0.0,3,35.790522
0.0,3,35.793605
0.0,2,35.795894
0.0,2,35.79814
0.0,3,35.801519
0.053777,2,35.803522
0.0,2,35.805707
1.5,2,35.807871
0.0,3,35.81111
0.0,4,35.815548
-0.682607,2,35.818058
0.0,4,35.822241
0.0,2,35.824356
0.0,2,35.826487
0.0,2,35.828903
0.0,3,35.831922
0.0,3,35.83531
0.0,3,35.838419
0.0,3,35.841483
0.0,3,35.844578
0.0,2,35.846528
0.0,2,35.848798
0.0,4,35.85285
0.0,4,35.856992
0.0,2,35.859121
0.0,3,35.86217
0.0,2,35.86443
0.0,3,35.86755
0.0,4,35.871831
0.0,3,35.874814
0.0,3,35.878053
0.0,2,35.880126
1.5,2,35.882117
0.0,3,35.885382
0.0,2,35.887436
0.0,3,35.891197
-0.012267,3,35.894408
0.772357,2,35.896717
-0.06105,5,35.901837
0.0,3,35.904995
0.0,3,35.907941
0.0,3,35.910977
0.0,3,35.914485
0.0,5,35.919635
0.0,3,35.92273
0.0,2,35.924811
0.0,4,35.929364
0.0,3,35.932603
0.0,3,35.935949
0.0,2,35.93805
0.0,3,35.941202
0.0,2,35.943216
0.0,3,35.946353
0.0,3,35.949337
0.0,2,35.951347
0.0,2,35.95347
0.0,2,35.955496
0.0,3,35.958374
0.0,2,35.960531
0.051407,3,35.963712
0.0,4,35.967813
0.0,3,35.970819
0.0,2,35.972862
1.5,2,35.974938
0.0,2,35.976945
0.0,3,35.979871
0.0,4,35.983914
0.0,2,35.98587
0.0,2,35.988072
0.0,3,35.991135
0.0,3,35.994073
0.0,3,35.997198
0.0,4,36.001099
0.0,2,36.003267
0.0,3,36.006996
0.0,2,36.009612
0.0,5,36.014777
0.0,3,36.018233
0.0,3,36.021486
-0.37873,2,36.023696
0.0,4,36.027819
0.0,2,36.030025
0.0,4,36.034177
0.0,2,36.036322
0.0,4,36.040406
0.0,2,36.042348
0.0,3,36.045612
0.0,4,36.049592
1.0,3,36.052866
0.0,3,36.05577
0.0,2,36.057894
0.0,5,36.062904
0.0,4,36.067284
0.0,2,36.069295
0.0,2,36.071534
0.0,2,36.073825
0.0,4,36.077818
1.5,2,36.080039
0.0,2,36.082079
0.0,2,36.084065
0.0,3,36.087312
1.5,2,36.089305
0.0,3,36.092523
-0.951332,4,36.098414
0.0,2,36.101727
0.0,4,36.108726
0.0,4,36.116642
0.0,3,36.122636
0.0,3,36.129309
0.0,2,36.131877
0.0,3,36.136303
0.0,4,36.143302
-0.001106,4,36.149603
-0.17142,4,36.155451
1.5,2,36.158271
0.0,2,36.161202
1.5,2,36.163638
0.0,3,36.16742
0.0,2,36.170113
0.0,3,36.173736
0.0,2,36.176631
0.0,3,36.291992
0.0,2,36.295318
1.5,2,36.298233
0.0,3,36.302947
0.0,4,36.309577
0.0,3,36.314464
0.0,2,36.317947
0.0,5,36.325827
0.0,3,36.330375
0.0,2,36.333263
0.0,4,36.338694
0.0,5,36.345482
0.0,2,36.348245
0.0,3,36.352267
0.0,4,36.358278
0.0,2,36.360859
0.0,2,36.363389
0.0,3,36.367342
0.0,4,36.372877
0.0,4,36.378189
0.0,4,36.384019
0.0,4,36.389768
0.0,3,36.394395
0.0,2,36.397375
0.0,3,36.40223
0.0,3,36.406583
0.0,2,36.409003
0.0,4,36.415661
0.0,2,36.418149
0.0,4,36.423628
0.0,3,36.427526
0.0,3,36.431494
0.0,3,36.435251
0.0,3,36.438794
0.0,4,36.443789
-0.254192,3,36.447232
0.0,2,36.44983
0.0,4,36.454493
0.0,5,36.460758
0.0,5,36.466814
0.0,4,36.471953
0.0,2,36.474532
0.0,4,36.479274
0.0,3,36.482699
0.0,2,36.485253
0.0,5,36.491116
0.0,2,36.493848
1.5,2,36.496189
0.0,3,36.499764
0.0,2,36.502261
0.0,5,36.508168
0.0,3,36.51171
0.0,2,36.514432
0.0,2,36.516972
0.0,2,36.519314
1.5,2,36.521987
0.0,4,36.52757
0.0,2,36.529999
0.0,3,36.533514
0.0,4,36.538467
0.0,5,36.544356
0.0,4,36.549257
0.0,2,36.551617
0.0,3,36.554845
0.0,2,36.557683
0.0,2,36.560043
0.0,4,36.564775
0.0,3,36.568126
1.5,2,36.571404
0.0,2,36.574669
0.0,2,36.577622
0.0,2,36.580212
0.0,2,36.5827
0.0,3,36.587137
0.0,3,36.591216
0.0,3,36.594435
0.0,3,36.597973
1.5,2,36.600188
0.0,3,36.603642
0.0,3,36.606915
0.75113,4,36.611566
1.5,2,36.613755
0.0,3,36.617185
0.0,2,36.619231
0.0,2,36.621686
0.0,4,36.626229
0.0,2,36.628439
1.5,2,36.631276
0.0,3,36.634931
0.0,3,36.638796
0.0,3,36.642241
0.0,3,36.646772
0.0,3,36.650324
0.0,2,36.652899
0.0,3,36.656185
0.0,2,36.658428
0.0,4,36.664384
0.0,4,36.668752
1.0,4,36.672921
0.0,3,36.676031
0.0,2,36.678269
0.0,2,36.680482
0.0,3,36.683704
0.0,4,36.687823
0.0,4,36.691939
0.0,4,36.695987
0.0,2,36.698409
-0.237925,4,36.702523
-0.28364,3,36.70576
0.0,2,36.707984
0.0,2,36.710047
0.0,3,36.713855
0.0,3,36.717396
0.0,2,36.720391
0.0,2,36.722872
0.0,2,36.725462
0.0,3,36.73054
0.0,2,36.735189
0.0,5,36.74202
0.0,3,36.745579
0.0,4,36.750538
0.0,2,36.752939
0.0,6,36.76024
0.0,3,36.765099
0.0,2,36.768599
0.0,2,36.771473
0.0,2,36.774144
0.0,3,36.778134
0.0,4,36.782707
0.0,4,36.787192
0.0,3,36.790635
0.0,5,36.796135
0.0,4,36.800204
0.0,3,36.803766
0.0,3,36.806698
0.0,4,36.811543
0.0,3,36.814656
0.0,3,36.818159
1.5,2,36.820098
0.0,3,36.823759
0.0,2,36.825905
0.0,2,36.827962
0.0,3,36.83171
0.0,2,36.834343
0.0,2,36.837152
0.0,4,36.841305
0.353883,2,36.843819
0.0,4,36.847858
1.5,2,36.849964
0.0,4,36.854045
0.0,5,36.85928
0.0,2,36.8613
0.0,3,36.864546
0.0,3,36.867479
0.0,3,36.870292
0.0,3,36.873711
0.0,2,36.875672
0.0,2,36.877915
0.0,4,36.882095
0.0,2,36.884077
0.0,5,36.889498
0.0,3,36.893155
0.0,3,36.896096
0.0,3,36.899362
0.0,3,36.902506
0.0,2,36.904366
0.0,3,36.907875
0.0,3,36.910879
0.0,3,36.914333
0.138304,2,36.916406
0.0,3,36.919414
0.0,2,36.921626
1.5,2,36.923538
-0.114903,3,36.926642
0.0,3,36.930428
0.0,2,36.932615
0.0,3,36.936594
0.0,4,36.941299
0.0,3,36.944823
0.0,3,36.948186
-1.0,2,36.950292
0.0,5,36.955694
0.0,3,36.958734
0.0,3,36.962081
0.0,4,36.96629
0.0,3,36.969793
-0.142315,4,36.973704
0.0,3,36.977163
0.0,3,36.980683
0.0,4,36.985626
0.0,2,36.987934
0.0,3,36.992312
0.0,4,36.997828
1.5,2,37.000442
0.0,3,37.004611
0.0,3,37.008523
0.0,2,37.011513
0.0,2,37.014469
0.0,4,37.020475
0.0,2,37.023138
0.0,3,37.028088
0.0,2,37.031093
0.0,2,37.034111
0.0,3,37.038191
0.0,4,37.043659
0.0,2,37.047328
0.0,3,37.051566
0.0,2,37.055141
0.0,3,37.05921
1.5,2,37.062371
0.0,3,37.066899
0.0,4,37.071898
0.0,3,37.075875
0.0,2,37.078054
0.0,2,37.080904
-0.244442,3,37.084947
0.0,3,37.090077
0.0,3,37.095131
0.0,5,37.102649
0.0,4,37.108114
0.0,2,37.110833
0.0,2,37.113405
0.0,2,37.116469
-0.945217,2,37.118995
0.0,3,37.123653
0.0,4,37.130084
0.0,3,37.134408
0.0,3,37.139153
0.0,3,37.14382
0.0,4,37.149521
0.0,3,37.154372
0.0,6,37.163119
0.0,4,37.168831
0.0,3,37.173607
0.0,2,37.175984
0.0,2,37.179377
0.0,6,37.18731
0.0,2,37.189626
0.0,3,37.193804
0.0,4,37.198751
0.0,3,37.204544
0.0,2,37.208172
0.0,3,37.21174
0.0,3,37.215418
0.0,3,37.219102
0.0,2,37.222079
-0.094238,4,37.229424
0.0,2,37.233106
0.0,2,37.236001
0.0,4,37.241749
0.0,5,37.2488
0.0,5,37.25574
0.0,6,37.264108
0.0,6,37.272559
0.0,5,37.279798
0.0,3,37.284504
0.0,4,37.290558
0.0,3,37.294295
0.0,4,37.299584
0.0,2,37.30245
0.0,3,37.306301
-0.261892,4,37.312417
1.5,2,37.315076
-0.588439,3,37.319767
0.0,2,37.321989
0.0,3,37.326414
0.0,2,37.328759
0.0,2,37.331683
0.0,2,37.334256
0.85278,2,37.336784
0.0,3,37.340961
0.0,4,37.346784
0.0,4,37.354258
1.5,2,37.35672
0.0,3,37.361064
0.0,3,37.364792
0.0,3,37.369057
0.0,2,37.371697
0.0,3,37.375923
-0.048213,2,37.378151
0.0,5,37.384445
0.0,3,37.388591
0.0,3,37.392192
0.0,3,37.396131
0.0,3,37.399335
0.0,4,37.404624
-1.0,2,37.407143
0.0,2,37.409917
0.0,2,37.41218
0.0,2,37.415011
0.0,2,37.417577
0.0,3,37.42136
0.0,2,37.423933
1.5,2,37.426348
0.0,4,37.431725
-0.450437,4,37.436812
0.0,2,37.439025
0.0,2,37.44179
0.0,2,37.444475
0.0,2,37.446533
0.0,3,37.450763
0.0,5,37.457344
0.0,2,37.46019
0.0,5,37.467674
-0.947213,4,37.474166
0.0,2,37.477533
0.0,3,37.481783
0.0,4,37.488016
0.0,3,37.492486
0.0,2,37.495331
0.0,2,37.498113
0.0,2,37.501165
0.0,3,37.505336
0.0,2,37.508164
0.0,4,37.51393
0.0,3,37.517468
0.0,3,37.521986
0.0,3,37.526062
0.0,3,37.530361
1.5,2,37.53316
0.0,3,37.536793
0.0,4,37.541984
0.0,3,37.545753
0.0,2,37.549015
0.0,2,37.55145
0.0,3,37.556174
0.0,2,37.558769
0.0,3,37.563922
0.0,4,37.569822
0.0,3,37.573472
0.585876,2,37.576639
0.0,3,37.580729
0.0,2,37.583639
0.0,3,37.587685
0.0,2,37.590264
0.0,3,37.593574
0.0,4,37.598506
0.0,4,37.603486
0.0,2,37.605692
0.0,4,37.610633
0.0,3,37.613905
0.0,4,37.618627
0.0,4,37.623439
0.0,3,37.720547
0.0,3,37.726433
0.0,4,37.733241
0.0,3,37.737928
0.0,2,37.740445
0.0,4,37.745616
0.0,3,37.74923
-0.358441,3,37.753129
0.0,2,37.755788
0.0,4,37.760402
0.0,3,37.76398
0.0,4,37.768209
-0.079501,2,37.770904
0.0,2,37.77305
0.0,4,37.77778
0.0,4,37.782201
0.0,4,37.787182
0.0,2,37.789691
0.0,2,37.79247
0.0,4,37.797311
0.0,2,37.799863
0.0,3,37.803086
0.0,4,37.807801
0.0,2,37.810045
0.0,2,37.812724
0.826374,2,37.815036
0.0,3,37.819024
0.0,2,37.821489
1.5,2,37.823691
0.0,3,37.827599
0.0,2,37.829903
0.0,4,37.835094
0.0,3,37.838517
1.5,2,37.841136
0.0,2,37.843369
0.0,6,37.850765
0.0,2,37.853458
0.0,3,37.8569
0.0,2,37.859204
0.0,3,37.863412
0.0,4,37.868462
0.48818,3,37.871691
0.0,4,37.876673
0.0,3,37.879813
0.0,2,37.882436
0.0,3,37.885712
0.0,3,37.889907
0.0,3,37.8935
0.174113,3,37.897058
1.5,2,37.899137
0.0,2,37.901498
0.0,2,37.904105
0.0,3,37.907245
0.0,2,37.909645
0.0,3,37.912622
-1.0,4,37.917333
0.0,3,37.920352
0.0,4,37.925201
0.0,4,37.930027
0.0,2,37.933026
0.0,3,37.93706
0.0,2,37.939651
0.0,2,37.941938
0.0,3,37.945862
0.0,2,37.948138
0.79465,3,37.952119
0.0,6,37.959405
0.0,2,37.961528
0.0,3,37.965519
0.0,4,37.969739
-0.602615,3,37.973768
-0.298549,3,37.977099
0.0,3,37.981238
0.0,2,37.983528
1.152016,2,37.986472
-0.219176,2,37.988771
0.0,4,37.994381
0.0,2,37.997191
0.0,5,38.004154
0.0,2,38.006978
0.0,3,38.010528
0.0,3,38.01523
0.0,2,38.017569
0.0,3,38.021842
0.0,2,38.024201
-0.765114,4,38.029472
0.0,3,38.032771
0.0,2,38.035633
0.0,3,38.039208
0.0,4,38.04431
0.0,3,38.048131
0.0,2,38.050636
0.0,3,38.053992
0.0,3,38.057978
0.0,2,38.060103
0.207468,3,38.064357
0.0,3,38.067956
0.0,2,38.07105
0.0,4,38.077039
0.0,3,38.080591
-1.0,5,38.086636
0.0,4,38.091048
0.0,3,38.094369
0.0,3,38.098142
0.0,3,38.101557
0.0,3,38.105505
0.0,2,38.107722
0.0,3,38.111466
0.0,3,38.115687
0.0,3,38.119799
0.0,6,38.129918
0.0,2,38.132656
0.0,3,38.136452
0.0,2,38.139252
0.0,3,38.142649
1.5,2,38.144918
0.0,3,38.14905
0.0,3,38.152871
0.0,3,38.156298
0.0,5,38.162255
0.0,2,38.164365
0.0,4,38.169836
0.0,6,38.176989
0.0,2,38.179182
-1.45794,2,38.18239
0.0,4,38.186707
0.0,2,38.189346
0.0,4,38.193132
0.0,2,38.196099
0.0,2,38.198239
0.0,4,38.20312
0.0,2,38.205147
0.0,3,38.208873
1.5,2,38.211081
-0.071937,4,38.215577
0.0,2,38.217919
0.0,3,38.221284
0.0,2,38.224135
0.0,2,38.226258
0.613152,2,38.22863
1.5,2,38.231118
0.0,2,38.233372
0.0,2,38.235562
0.0,2,38.238382
0.0,4,38.242936
0.0,2,38.245361
1.5,2,38.247398
0.0,4,38.252877
0.0,4,38.257963
0.0,3,38.260957
0.0,3,38.264579
0.0,2,38.266848
0.0,3,38.269942
0.0,3,38.273631
0.0,3,38.276555
0.0,3,38.280276
0.0,2,38.282205
-0.22603,3,38.285577
0.0,3,38.288628
0.0,2,38.290745
0.0,4,38.295088
0.0,4,38.300257
0.0,2,38.302292
0.0,3,38.305511
0.0,2,38.307847
0.0,3,38.310926
0.0,3,38.314465
0.0,4,38.318352
0.08519,3,38.323768
0.0,3,38.328709
0.0,3,38.333684
0.0,3,38.338922
0.0,2,38.341556
0.0,2,38.343619
0.0,5,38.349132
0.0,2,38.351166
0.0,3,38.354509
0.0,3,38.357494
1.5,2,38.359345
0.0,3,38.362818
-0.533639,2,38.364692
0.0,2,38.366616
0.0,4,38.370688
0.0,2,38.372567
0.0,3,38.376199
0.0,2,38.378233
0.0,2,38.380436
0.0,3,38.384169
0.0,4,38.38837
0.0,3,38.392078
0.0,2,38.394189
0.0,4,38.398973
0.0,2,38.40099
0.0,3,38.404812
0.0,2,38.4067
0.0,4,38.411608
1.137832,2,38.413595
0.0,2,38.415882
0.0,3,38.419305
0.0,2,38.421479
0.0,2,38.423791
0.0,3,38.427141
0.0,2,38.429365
0.0,2,38.431894
1.5,2,38.434481
1.5,2,38.436642
0.0,3,38.440948
0.0,2,38.443394
0.0,2,38.446404
0.0,3,38.449626
0.0,3,38.453516
0.0,3,38.456538
0.0,4,38.461536
0.0,2,38.463521
0.0,2,38.466091
0.0,3,38.469147
0.0,4,38.473844
0.0,2,38.475917
0.0,3,38.479084
0.0,2,38.481726
0.0,2,38.483755
0.0,2,38.485889
0.0,2,38.488491
0.0,2,38.49055
0.0,2,38.492678
0.0,2,38.495023
0.0,2,38.497128
0.0,5,38.502601
0.0,2,38.504668
0.0,3,38.508174
0.0,2,38.51026
0.0,3,38.513467
0.0,5,38.518581
0.0,4,38.522868
0.0,3,38.525919
0.0,3,38.529483
0.0,2,38.531729
0.0,3,38.535052
0.0,2,38.537492
0.0,4,38.541658
0.0,3,38.545181
0.0,4,38.549313
0.0,3,38.552446
-0.157272,4,38.556841
0.0,3,38.559868
0.0,2,38.561966
0.0,2,38.564477
1.5,2,38.566538
0.0,6,38.57268
0.0,2,38.574521
0.0,2,38.577116
0.0,5,38.582162
0.0,4,38.586466
0.0,2,38.588218
0.0,4,38.592698
0.0,4,38.596517
0.0,2,38.599036
0.0,2,38.601077
0.0,2,38.603194
0.0,3,38.606709
0.0,3,38.609561
0.0,2,38.612004
0.0,2,38.614115
0.0,2,38.616003
0.0,3,38.619403
0.0,3,38.622279
0.0,2,38.624124
1.5,2,38.626541
0.0,3,38.6295
0.0,3,38.63264
0.0,2,38.635032
0.0,3,38.63815
0.0,3,38.641546
0.0,4,38.645941
0.0,6,38.652619
0.0,3,38.655772
0.0,2,38.657682
0.0,2,38.659853
0.0,5,38.664754
0.0,2,38.666767
0.0,5,38.67308
0.0,3,38.67835
1.5,2,38.68125
0.0,2,38.683542
0.0,3,38.686408
0.0,3,38.68965
0.0,2,38.69174
0.0,4,38.695907
0.0,2,38.697955
0.0,3,38.700781
0.0,3,38.704159
0.0,2,38.706042
0.0,3,38.709058
0.0,4,38.71314
0.0,2,38.715183
0.0,4,38.719428
0.0,3,38.722107
0.0,3,38.725539
0.0,3,38.7285
-0.349934,4,38.733071
-0.168841,4,38.736968
0.0,2,38.739324
0.0,3,38.742332
0.0,3,38.745944
0.0,2,38.748101
0.0,4,38.752366
0.0,3,38.75543
0.0,3,38.759445
0.0,2,38.761643
0.0,3,38.764641
0.0,3,38.767781
0.0,3,38.772244
0.0,3,38.775638
0.0,2,38.777555
0.0,3,38.781113
0.0,2,38.783063
0.0,3,38.786346
1.5,2,38.788454
0.0,2,38.790557
0.0,4,38.795053
0.0,2,38.79706
0.0,4,38.801289
0.0,4,38.805033
0.0,3,38.808126
1.5,2,38.80999
0.0,4,38.813844
1.5,2,38.815747
0.0,2,38.817679
-1.0,4,38.821624
-0.83555,4,38.825112
0.0,3,38.828356
0.0,2,38.830409
0.0,2,38.832287
0.0,3,38.83615
-2.0,2,38.838726
0.0,4,38.842819
0.0,2,38.844834
0.0,2,38.846669
0.0,4,38.850908
0.0,3,38.853718
0.0,3,38.856806
1.5,2,38.858583
0.0,3,38.861238
0.0,2,38.863372
-1.0,4,38.866987
0.0,2,38.869007
0.30326,2,38.871113
0.0,3,38.873926
0.0,2,38.875924
0.0,3,38.878711
0.0,4,38.882379
0.0,3,38.88546
0.0,3,38.888237
0.0,2,38.89124
0.0,3,38.894343
0.0,2,38.896397
0.0,2,38.898605
0.0,2,38.900585
0.0,2,38.902507
0.0,4,38.99585
-0.218944,4,38.999837
0.0,4,39.004692
0.0,2,39.006692
0.0,4,39.011009
0.0,2,39.012976
0.0,2,39.015038
0.0,4,39.019333
0.0,2,39.021293
0.0,4,39.025886
0.0,5,39.031474
0.0,2,39.033747
0.0,5,39.038814
1.5,2,39.040717
0.0,3,39.04396
0.0,3,39.046889
1.5,2,39.048796
0.0,3,39.052188
0.163196,2,39.054105
0.0,2,39.056146
0.0,3,39.059543
0.0,2,39.061521
0.0,3,39.064915
0.0,2,39.067074
0.0,3,39.069982
0.0,4,39.074181
1.5,2,39.076197
0.0,3,39.079684
0.0,3,39.082577
0.0,4,39.086994
0.0,2,39.089016
0.0,3,39.092227
0.0,2,39.094357
0.0,2,39.096288
0.0,3,39.099624
0.0,3,39.1026
0.0,3,39.105616
0.0,3,39.108834
0.0,3,39.112155
0.0,4,39.116573
0.0,3,39.119735
0.0,4,39.123842
0.0,2,39.125746
0.0,2,39.128199
0.0,3,39.131402
0.0,3,39.135608
0.0,2,39.137969
0.0,2,39.140506
-0.301922,4,39.14493
-0.753804,4,39.149471
0.0,3,39.152614
0.0,2,39.154935
0.0,3,39.158131
0.0,2,39.160516
0.0,2,39.164168
0.0,2,39.166621
0.0,3,39.171003
0.0,4,39.17598
0.773635,3,39.179618
0.0,4,39.184742
0.0,2,39.187165
0.0,4,39.191985
0.0,2,39.194291
0.0,2,39.196357
0.0,3,39.200285
0.0,2,39.202309
0.0,2,39.205116
0.0,3,39.208331
0.0,3,39.212009
0.0,3,39.215252
0.0,3,39.218929
1.5,2,39.221249
0.0,4,39.226074
0.0,2,39.228176
0.0,4,39.232925
1.5,2,39.235245
0.0,3,39.238945
0.0,2,39.241515
0.0,2,39.243781
0.0,5,39.250053
0.0,3,39.253859
0.0,3,39.257319
0.0,3,39.261265
0.0,2,39.263562
0.0,2,39.265692
0.0,3,39.269404
0.0,3,39.274254
0.0,3,39.279176
1.5,2,39.282982
-0.07071,3,39.28813
0.0,3,39.29287
0.0,2,39.296579
0.0,4,39.302031
0.0,2,39.304204
0.0,3,39.307203
0.0,3,39.310895
0.0,2,39.313121
0.0,3,39.316827
0.0,4,39.321301
0.0,2,39.324163
0.0,3,39.327649
0.0,3,39.33156
0.0,2,39.333785
0.0,3,39.337512
0.0,3,39.340909
0.0,4,39.345693
0.0,4,39.351029
1.5,2,39.353402
0.0,4,39.358614
0.0,3,39.361995
0.0,2,39.364731
0.0,3,39.36816
0.0,2,39.370761
0.0,2,39.373591
0.0,2,39.375877
-0.727289,3,39.38005
0.0,2,39.382468
0.0,3,39.38675
0.0,2,39.389086
0.0,3,39.393092
0.0,3,39.396436
1.5,2,39.398655
-0.744511,4,39.403436
0.0,2,39.406031
0.0,2,39.40836
0.0,2,39.41052
0.0,3,39.414435
0.0,2,39.416494
0.0,2,39.418683
0.0,4,39.42308
0.0,3,39.42601
-0.399796,5,39.431448
0.0,2,39.433929
0.0,2,39.436887
0.0,4,39.441659
0.0,3,39.444571
-0.705965,2,39.446579
0.0,2,39.449485
0.0,2,39.451543
0.0,2,39.453735
-0.01413,5,39.459149
-0.811582,2,39.461767
0.0,3,39.465172
0.0,2,39.467005
0.0,2,39.469945
0.0,3,39.47276
0.0,3,39.47644
0.0,3,39.479434
0.0,4,39.484076
0.0,4,39.487868
0.0,4,39.491898
0.0,4,39.495838
0.0,4,39.499694
0.0,3,39.502931
0.0,3,39.506191
0.0,5,39.511408
-1.0,5,39.516876
0.0,2,39.519135
0.0,6,39.524997
0.0,3,39.527729
0.0,2,39.529651
0.0,3,39.533504
0.0,4,39.537638
0.0,2,39.539478
0.0,3,39.542526
-0.550411,3,39.545887
0.0,2,39.547838
0.565279,3,39.550633
0.0,2,39.552913
0.0,2,39.554742
0.0,2,39.556429
-0.027859,3,39.559765
0.0,2,39.561571
0.0,2,39.563378
0.0,3,39.566715
0.0,3,39.569467
0.0,2,39.571399
0.0,3,39.574534
0.0,4,39.578057
0.0,4,39.582384
0.0,2,39.5843
0.0,3,39.587505
0.0,3,39.590236
0.0,4,39.594412
0.0,4,39.598157
0.0,2,39.600259
-0.034527,2,39.602082
0.0,2,39.603851
0.0,3,39.606447
0.0,4,39.609952
1.5,2,39.611726
0.0,3,39.614689
0.0,2,39.616582
0.0,2,39.618404
-0.036253,4,39.622421
0.0,3,39.626355
0.0,3,39.630839
0.0,3,39.635168
0.0,2,39.638052
0.0,3,39.64117
0.0,2,39.643356
0.0,3,39.646003
1.5,2,39.647741
0.0,4,39.651568
0.0,4,39.655011
0.0,2,39.656979
0.0,2,39.658782
1.5,2,39.66055
0.0,5,39.665021
0.0,5,39.669283
0.0,3,39.672106
0.0,2,39.673901
0.0,4,39.677553
0.0,2,39.679506
-1.0,4,39.683077
0.0,4,39.686834
0.0,4,39.69053
0.0,2,39.692444
1.5,2,39.694332
0.0,3,39.697321
0.0,4,39.701165
0.0,2,39.702889
1.5,2,39.704946
0.0,2,39.707093
-0.541126,3,39.709768
0.0,2,39.712255
0.0,3,39.715122
0.0,4,39.71897
0.0,3,39.72169
0.0,3,39.724289
0.0,4,39.728308
0.0,2,39.730079
0.0,3,39.733036
0.0,2,39.735165
0.0,2,39.737085
0.0,4,39.740943
0.0,3,39.743486
0.0,3,39.746391
0.0,2,39.748233
0.0,2,39.750051
0.0,2,39.751887
0.0,2,39.754216
0.0,4,39.75757
0.0,4,39.761626
0.0,3,39.764209
0.0,3,39.767056
0.0,2,39.769156
-0.353697,2,39.771015
0.0,3,39.773922
0.0,2,39.775931
-0.312037,4,39.779364
0.0,3,39.782684
0.0,3,39.785381
0.0,3,39.788328
0.0,2,39.790289
0.0,3,39.79286
0.0,4,39.796755
0.0,3,39.799301
0.0,3,39.802262
0.0,4,39.805809
0.0,3,39.80866
0.0,4,39.812643
0.0,2,39.814539
-0.093436,5,39.819688
0.0,2,39.821481
0.0,2,39.823699
0.0,3,39.826668
0.0,3,39.829619
0.0,3,39.832596
0.0,3,39.835157
0.0,3,39.838453
0.0,4,39.842126
0.0,4,39.846136
0.0,4,39.849711
0.0,2,39.852137
1.0,4,39.85564
0.0,2,39.857782
0.0,2,39.859781
0.0,3,39.862418
0.0,3,39.865465
0.0,3,39.868031
0.0,2,39.869753
0.0,3,39.873128
0.0,3,39.875865
0.0,3,39.878755
0.0,2,39.880817
0.0,3,39.883646
0.0,2,39.885764
0.0,3,39.888504
0.0,3,39.891337
0.0,4,39.894946
1.5,2,39.89664
-0.898957,3,39.899632
-1.0,3,39.902554
0.0,3,39.905136
0.0,2,39.907244
0.0,3,39.90995
0.0,2,39.911581
0.0,2,39.913628
0.0,2,39.915521
-0.319802,2,39.917283
0.0,4,39.921085
0.0,2,39.922907
0.0,3,39.926099
-1.159776,2,39.9288
0.0,4,39.932464
0.0,4,39.93646
0.0,4,39.939986
0.0,2,39.942203
0.0,2,39.943985
0.0,2,39.945729
0.0,4,39.949632
0.0,3,39.952178
0.0,3,39.954923
0.0,3,39.957655
0.0,3,39.960112
0.0,3,39.963025
0.0,2,39.964716
0.0,4,39.967993
-0.918234,2,39.97015
0.0,3,39.972794
0.0,3,39.975562
0.0,3,39.978505
0.0,3,39.981009
0.0,3,39.984093
0.0,3,39.986748
-0.432126,4,39.99092
0.0,4,39.994766
0.0,3,39.998097
0.0,2,40.000175
1.5,2,40.001912
0.0,2,40.00416
0.0,4,40.007921
0.0,3,40.011192
-0.498454,5,40.015703
0.0,3,40.018976
0.0,2,40.020745
0.0,4,40.024424
0.0,4,40.028327
0.0,2,40.030061
0.0,3,40.033768
0.0,2,40.036121
0.0,3,40.039246
0.0,3,40.041958
0.0,4,40.04576
0.0,4,40.049307
0.0,2,40.051111
1.5,2,40.053335
0.0,2,40.055194
0.0,2,40.057002
0.0,3,40.06001
0.0,4,40.063498
0.0,3,40.066565
1.5,2,40.068482
0.0,4,40.071915
0.0,2,40.158559
0.0,3,40.161315
0.0,3,40.164458
0.0,3,40.167061
0.0,2,40.168742
0.0,3,40.171844
-0.025261,2,40.173612
0.0,3,40.176125
0.0,2,40.178108
0.488779,3,40.180879
0.0,5,40.185716
0.0,3,40.188353
0.0,2,40.190013
0.0,3,40.192924
0.0,3,40.195514
0.0,5,40.200069
0.0,2,40.201874
1.5,2,40.203692
0.0,5,40.208183
0.0,2,40.209847
0.0,3,40.212745
0.0,5,40.216921
0.0,3,40.219615
0.0,4,40.222982
0.0,5,40.227277
0.0,3,40.229733
0.0,4,40.233149
0.0,3,40.23598
0.0,4,40.239429
0.0,2,40.24134
0.0,2,40.2431
0.0,5,40.247369
0.0,3,40.249936
0.0,3,40.252464
0.0,4,40.256133
0.0,4,40.259457
0.0,3,40.262246
1.5,2,40.264009
0.0,4,40.267391
0.0,2,40.269378
1.5,2,40.27106
0.0,3,40.273584
0.0,2,40.275527
0.0,3,40.278108
0.0,4,40.281619
0.0,4,40.285226
0.0,4,40.288601
0.0,5,40.292996
0.0,5,40.297479
0.0,2,40.299214
0.0,3,40.301778
0.0,3,40.30472
0.0,3,40.307254
0.0,3,40.310043
0.0,2,40.311912
0.0,5,40.316118
0.0,2,40.318093
0.0,3,40.320654
0.0,4,40.32404
0.0,3,40.326872
0.0,2,40.328555
0.0,2,40.330302
-0.318357,3,40.333718
0.0,3,40.33813
0.0,2,40.34099
0.0,3,40.344649
0.0,3,40.348434
0.0,4,40.353796
0.0,3,40.357908
0.0,3,40.362269
0.0,3,40.365742
0.0,5,40.371798
0.0,3,40.375677
1.5,2,40.378009
0.0,3,40.381387
0.0,3,40.383968
0.0,2,40.385717
1.5,2,40.387555
0.0,5,40.392283
0.0,4,40.395877
0.0,3,40.398495
0.0,3,40.401091
0.0,5,40.405497
0.0,4,40.409051
-0.632304,3,40.411748
0.0,4,40.415174
0.0,4,40.418609
0.0,2,40.420326
0.0,3,40.423087
0.0,3,40.425834
0.0,3,40.428459
0.0,5,40.432776
0.0,3,40.435303
0.0,3,40.438077
0.0,2,40.439983
0.0,2,40.441763
0.0,3,40.444553
0.0,4,40.447819
0.0,3,40.450338
0.0,2,40.452183
-0.835219,4,40.45613
0.0,2,40.458206
0.0,4,40.461754
0.0,3,40.464848
0.0,2,40.466654
0.0,3,40.469238
1.5,2,40.470889
0.0,2,40.472771
0.0,3,40.475242
0.0,2,40.476928
0.0,3,40.479691
0.0,3,40.482183
0.0,2,40.483924
0.0,3,40.486887
0.0,3,40.489562
0.0,4,40.493046
0.0,2,40.494755
0.0,4,40.498086
0.0,2,40.500014
0.0,2,40.501728
0.0,3,40.504231
0.0,2,40.506074
0.0,4,40.509545
0.0,3,40.512066
0.0,3,40.514815
0.0,3,40.517326
0.0,2,40.519011
0.0,2,40.520882
0.0,3,40.523479
0.0,4,40.526894
0.0,4,40.530354
0.0,3,40.533015
0.0,4,40.536761
0.0,3,40.539433
1.201795,2,40.541257
0.0,2,40.543243
0.0,2,40.545138
0.0,3,40.547959
0.0,4,40.551577
0.0,3,40.554435
0.0,2,40.556355
0.0,3,40.558961
0.0,3,40.561579
0.0,3,40.56421
0.0,2,40.565964
0.0,2,40.567732
0.0,5,40.572045
0.0,3,40.574507
0.0,2,40.576507
-0.139181,2,40.578274
0.0,3,40.580771
0.0,2,40.582524
0.0,3,40.585212
0.0,2,40.586893
0.0,3,40.589521
0.0,4,40.592911
0.0,3,40.595423
0.0,2,40.597383
0.0,3,40.599957
0.0,2,40.601584
0.0,3,40.604304
-1.576744,2,40.606069
0.0,2,40.60781
0.0,3,40.610455
0.0,4,40.614023
-0.593295,5,40.618465
0.0,3,40.621024
0.0,4,40.624489
0.0,4,40.627902
0.0,3,40.630403
0.0,3,40.633074
0.0,3,40.635543
0.0,2,40.637248
0.0,2,40.639068
0.0,2,40.640947
0.0,2,40.642757
0.0,3,40.645448
0.0,2,40.647253
0.0,2,40.649161
0.0,2,40.65101
-0.215838,3,40.653975
0.0,2,40.65577
0.0,3,40.658944
0.0,3,40.661805
0.0,2,40.663635
0.0,6,40.668722
0.0,3,40.671289
0.0,2,40.673167
0.0,4,40.676609
0.0,3,40.679198
0.0,5,40.683455
0.0,2,40.685188
0.0,2,40.686968
0.0,3,40.689589
0.0,4,40.692895
0.0,3,40.695576
0.0,3,40.698104
0.0,2,40.699868
0.0,3,40.702908
0.0,4,40.70634
0.0,3,40.709196
0.0,4,40.712688
0.0,5,40.717312
0.0,2,40.71926
0.0,4,40.723103
1.5,2,40.724865
0.0,4,40.728351
0.0,3,40.731023
0.0,2,40.732735
0.0,3,40.73524
0.0,2,40.737247
0.0,2,40.739247
-0.205343,3,40.741863
-1.0,4,40.745405
0.0,3,40.747924
-0.395848,5,40.752232
0.0,2,40.754001
0.0,3,40.756586
0.0,5,40.760923
0.0,2,40.762714
0.0,3,40.765445
1.5,2,40.767192
0.0,4,40.770716
0.0,2,40.772493
0.0,3,40.775019
0.0,2,40.776789
0.0,5,40.781128
0.0,2,40.782878
1.5,2,40.784702
0.0,3,40.78743
0.0,3,40.790094
-1.0,4,40.793792
0.0,6,40.798918
0.0,3,40.80149
0.0,2,40.80318
0.0,2,40.804946
0.0,3,40.807614
0.0,2,40.809297
0.0,4,40.812969
0.0,3,40.815705
0.0,3,40.818336
1.5,2,40.820387
0.0,2,40.822757
0.0,2,40.824539
0.0,2,40.82641
0.0,5,40.830665
0.0,2,40.832447
0.0,4,40.836377
0.0,2,40.838151
0.0,2,40.840037
0.344879,2,40.841855
0.0,2,40.843569
0.0,2,40.845262
0.0,2,40.84704
0.0,3,40.849702
0.0,2,40.851429
0.0,2,40.85313
0.0,2,40.855086
0.0,2,40.856776
0.0,3,40.859288
0.0,2,40.861146
0.0,4,40.864572
0.0,2,40.866293
0.0,4,40.869769
0.0,2,40.871579
0.0,3,40.874304
1.5,2,40.876319
0.0,4,40.879845
0.0,2,40.881916
0.0,4,40.885398
0.0,3,40.887891
0.0,4,40.891737
0.0,4,40.89512
0.0,3,40.897848
0.0,3,40.900365
0.0,3,40.90293
0.0,3,40.905433
0.0,3,40.907924
0.0,3,40.910651
0.0,3,40.913234
0.0,3,40.915798
0.0,4,40.919444
0.0,2,40.921112
0.0,2,40.922809
0.0,4,40.926309
0.0,3,40.928813
0.464642,4,40.932297
0.0,3,40.93486
0.0,4,40.938462
0.0,2,40.940126
0.0,2,40.94199
1.5,2,40.943716
0.0,3,40.946419
0.0,2,40.948121
0.0,3,40.950714
1.5,2,40.952643
0.0,3,40.95532
0.0,2,40.957049
0.0,2,40.958991
0.0,2,40.960715
0.0,2,40.962444
0.0,3,40.965185
0.0,4,40.96885
0.0,3,40.971559
0.0,2,40.973602
0.0,3,40.976842
0.0,3,40.980737
0.0,2,40.982832
0.0,2,40.984732
0.0,3,40.987924
0.0,2,40.989725
0.0,2,40.991423
0.0,5,40.99584
0.0,3,40.998408
0.0,4,41.002024
0.0,3,41.004613
0.0,2,41.00646
0.0,2,41.008423
0.0,2,41.01012
0.0,2,41.011867
1.5,2,41.013638
0.0,4,41.017176
0.0,5,41.021612
0.0,3,41.024149
1.5,2,41.025858
0.0,5,41.0302
0.0,3,41.032787
0.0,2,41.034588
0.0,3,41.037369
0.0,2,41.03926
0.0,4,41.042872
0.0,5,41.047087
0.0,3,41.049815
0.0,3,41.052402
0.0,3,41.055069
0.0,2,41.057027
0.0,4,41.060753
0.0,2,41.062675
0.0,4,41.066462
0.0,2,41.068406
0.0,2,41.070381
0.0,2,41.072157
0.0,4,41.075612
0.0,3,41.078358
0.0,2,41.080093
0.0,2,41.081785
0.0,4,41.085311
0.0,3,41.170907
0.0,5,41.176959
0.0,2,41.178921
0.0,4,41.182686
0.0,2,41.184534
0.0,2,41.186515
0.0,4,41.190514
0.0,3,41.193127
0.0,2,41.194782
0.0,3,41.197717
0.0,3,41.200293
0.0,3,41.203068
1.5,2,41.20502
0.0,3,41.207708
0.0,2,41.209645
0.0,5,41.215005
0.0,5,41.219837
0.0,2,41.22169
0.0,5,41.22619
0.0,3,41.229114
1.5,2,41.231616
0.0,2,41.233639
0.0,3,41.236277
0.0,5,41.242179
0.0,4,41.246194
0.0,3,41.248852
0.0,3,41.251585
0.0,6,41.25673
0.0,3,41.259706
0.0,2,41.261495
0.0,3,41.263941
0.0,4,41.267751
0.0,3,41.270382
0.0,3,41.273153
0.0,2,41.274891
0.0,2,41.276575
0.0,3,41.279279
0.0,3,41.282073
0.0,2,41.28388
0.0,4,41.287611
0.0,5,41.291783
0.0,4,41.295514
0.0,2,41.297318
0.0,3,41.300034
0.0,2,41.302014
0.0,2,41.303815
0.0,3,41.306392
0.0,2,41.308731
0.0,2,41.310744
0.0,4,41.314357
0.0,3,41.317116
0.0,3,41.319707
0.0,2,41.321731
0.0,3,41.324343
0.0,4,41.327917
0.0,3,41.331002
0.0,2,41.332944
1.5,2,41.33498
0.0,4,41.339381
0.0,2,41.341373
0.0,4,41.346243
0.0,3,41.349076
0.0,4,41.353184
0.0,2,41.354944
0.0,4,41.359008
0.0,4,41.362383
0.0,2,41.364672
0.0,3,41.367347
0.0,5,41.372239
0.0,3,41.374824
0.0,3,41.377944
0.0,2,41.379762
0.0,2,41.381488
0.0,3,41.384485
0.0,5,41.389017
-1.0,4,41.393512
0.0,4,41.397064
0.0,3,41.400197
0.0,4,41.403553
0.592874,2,41.406039
1.5,2,41.407965
0.0,3,41.410524
0.0,2,41.412825
0.0,3,41.415518
-1.0,3,41.418174
0.0,2,41.420368
0.0,4,41.423829
0.0,3,41.427055
0.0,4,41.430493
0.0,4,41.434452
0.0,3,41.437093
0.0,3,41.439939
1.5,2,41.44207
0.0,3,41.445057
0.0,4,41.449016
0.0,4,41.452359
0.0,2,41.454583
0.0,2,41.456426
0.0,3,41.459002
0.0,3,41.46177
0.0,5,41.466849
0.0,4,41.470912
0.0,3,41.47369
0.0,3,41.476797
0.0,3,41.479624
0.0,4,41.483993
0.0,3,41.486586
0.0,3,41.489692
0.0,2,41.491469
0.0,3,41.493942
0.0,2,41.49609
-0.81972,3,41.498738
0.0,4,41.502432
0.0,3,41.505341
1.5,2,41.507061
0.0,3,41.51015
0.0,2,41.511962
0.0,2,41.51374
0.0,2,41.515574
0.0,2,41.51777
0.0,2,41.519589
0.0,3,41.522291
0.0,4,41.526237
0.0,3,41.528759
0.0,2,41.531045
-0.199666,3,41.533748
0.0,4,41.537506
1.5,2,41.5395
0.0,3,41.542301
0.0,3,41.545552
0.0,2,41.547343
0.0,3,41.549938
0.0,3,41.55295
0.0,3,41.555552
0.0,6,41.561093
0.0,3,41.563671
0.0,3,41.56667
0.0,2,41.5684
0.0,2,41.570066
0.0,3,41.573396
0.0,4,41.577012
0.586037,3,41.58028
1.5,2,41.582506
0.0,2,41.584316
0.0,4,41.589134
0.0,2,41.59102
0.0,3,41.594156
0.0,2,41.596017
1.063575,2,41.597997
0.0,3,41.601195
0.0,3,41.603939
0.0,5,41.608669
0.0,4,41.612048
0.0,5,41.616728
0.0,3,41.619346
0.0,4,41.623244
0.0,2,41.62504
0.0,3,41.627877
0.0,4,41.631518
0.0,3,41.634302
0.0,3,41.637178
0.0,3,41.639841
0.0,2,41.642327
0.0,2,41.645128
0.0,4,41.649153
0.0,5,41.653391
0.0,2,41.655303
1.5,2,41.657128
0.0,3,41.659725
0.0,2,41.661473
0.0,2,41.663377
0.0,3,41.665977
0.0,4,41.6695
0.0,2,41.671349
0.0,4,41.674729
0.0,2,41.676829
0.0,2,41.678597
0.0,3,41.681112
0.0,3,41.684079
1.5,2,41.685795
0.0,3,41.688473
0.0,4,41.692567
-0.034497,5,41.697378
0.0,3,41.700326
0.0,3,41.703804
0.0,3,41.707689
0.0,3,41.710897
0.0,2,41.713151
0.0,2,41.715302
0.0,3,41.718443
0.0,2,41.720493
0.0,2,41.722424
0.0,3,41.725314
0.0,2,41.727403
0.0,2,41.729229
0.0,3,41.732054
0.0,4,41.736083
0.0,4,41.740592
0.0,6,41.748332
0.0,3,41.75126
-0.372645,4,41.755408
0.0,4,41.758925
0.0,2,41.76099
0.0,5,41.765558
0.0,2,41.767765
0.0,2,41.769693
0.0,3,41.772272
0.0,3,41.775178
0.0,4,41.778768
0.0,2,41.780775
0.0,2,41.782686
0.0,3,41.785279
0.0,3,41.788089
0.0,3,41.79072
0.0,2,41.792468
0.0,3,41.795507
0.0,4,41.799118
0.0,2,41.801011
1.5,2,41.803067
0.0,2,41.805078
0.0,2,41.806771
0.0,2,41.808787
0.0,2,41.81081
0.0,2,41.813126
-0.161823,2,41.815515
0.0,3,41.818807
0.0,3,41.821928
0.0,3,41.825674
0.0,2,41.827626
0.0,2,41.829846
0.0,2,41.831643
0.0,4,41.835216
0.0,4,41.840316
0.0,3,41.843273
0.0,3,41.846209
0.0,2,41.848013
0.0,4,41.851746
-1.0,4,41.8552
0.0,5,41.859782
0.0,2,41.86158
0.0,3,41.864511
0.0,3,41.867345
0.0,2,41.869099
0.0,3,41.872069
0.0,2,41.873979
0.0,2,41.875834
0.0,2,41.877749
0.0,2,41.879782
1.5,2,41.881733
0.0,2,41.883499
0.0,3,41.886614
0.0,3,41.889781
0.0,4,41.893997
0.0,2,41.896009
-0.09487,3,41.898718
0.0,4,41.902671
0.0,4,41.906413
0.0,2,41.908454
0.0,2,41.910539
0.0,4,41.914741
0.0,5,41.919524
0.0,2,41.921607
0.0,2,41.923745
0.0,2,41.925975
0.0,3,41.92927
0.0,4,41.93362
0.0,3,41.937097
0.0,3,41.940201
0.0,2,41.943433
0.0,2,41.94599
0.0,3,41.949827
0.0,4,41.953808
0.0,3,41.956941
0.0,4,41.960444
0.0,2,41.962607
0.0,2,41.964675
0.0,4,41.968684
0.0,3,41.971753
0.0,2,41.973673
0.0,4,41.977836
0.0,3,41.980717
0.0,3,41.983897
0.0,4,41.987523
0.0,3,41.990517
0.0,2,41.992455
0.0,4,41.996164
0.0,2,41.998202
0.0,4,42.001779
0.0,4,42.005623
0.0,3,42.008296
0.0,3,42.011029
0.0,2,42.013062
0.0,2,42.014982
0.0,4,42.018714
0.0,3,42.021689
0.0,4,42.02549
0.0,3,42.028399
0.0,3,42.031309
0.0,4,42.035117
0.0,3,42.03816
0.0,3,42.041321
0.0,2,42.043278
0.0,3,42.046089
0.0,4,42.049707
0.0,2,42.051718
0.0,3,42.054526
0.0,2,42.056375
0.0,3,42.059136
-0.755886,2,42.061052
0.0,3,42.063717
0.0,2,42.065407
-0.513806,5,42.070143
0.0,4,42.073673
0.0,3,42.076447
0.0,3,42.0791
0.0,4,42.083086
0.0,3,42.085958
0.0,3,42.088932
0.0,4,42.092715
-0.910855,4,42.096818
0.0,3,42.099483
0.0,6,42.104942
0.0,4,42.109339
0.0,4,42.113551
0.0,4,42.117934
0.0,3,42.120942
-0.273246,4,42.125545
-0.97149,4,42.129674
0.0,6,42.13558
-0.752387,5,42.141534
0.0,3,42.145355
0.0,2,42.14747
0.0,4,42.151744
0.0,3,42.154701
0.0,3,42.157561
0.0,2,42.159507
0.0,3,42.162154
0.0,3,42.165031
0.0,2,42.166859
0.0,3,42.252264
0.0,2,42.254554
1.5,2,42.256746
0.0,3,42.259472
0.0,2,42.26153
0.0,3,42.264584
0.0,2,42.266369
0.0,4,42.27045
0.0,2,42.272326
0.0,5,42.277384
0.0,3,42.280147
0.0,4,42.284006
0.0,2,42.285893
1.5,2,42.28771
0.0,4,42.291571
0.0,2,42.293335
0.0,4,42.297252
0.0,2,42.299072
0.0,3,42.301644
0.04023,2,42.303751
1.5,2,42.305546
0.0,2,42.307248
0.0,3,42.309815
1.5,2,42.311803
0.0,3,42.314382
0.0,3,42.317048
-0.397078,4,42.320585
0.0,3,42.323073
0.0,3,42.325942
0.0,2,42.327671
0.019695,4,42.331061
1.0,2,42.333481
0.0,3,42.336331
0.0,3,42.339585
0.0,3,42.34324
0.0,3,42.346404
0.0,2,42.34832
0.0,2,42.350035
0.0,3,42.353142
1.5,2,42.354901
0.0,3,42.357427
0.0,2,42.359372
0.0,3,42.361897
0.0,2,42.363551
0.0,3,42.366243
0.0,3,42.368761
0.0,3,42.371245
0.0,2,42.373107
-0.701207,2,42.374806
0.0,2,42.376568
1.5,2,42.378159
0.0,2,42.380031
0.0,2,42.381824
0.0,3,42.384486
0.0,2,42.386212
-0.041523,4,42.390175
0.0,3,42.39274
0.0,3,42.395671
0.0,2,42.39746
0.0,5,42.401853
0.0,4,42.405254
0.0,2,42.407032
1.5,2,42.40893
0.0,3,42.411437
0.0,3,42.413948
0.0,2,42.415858
0.0,3,42.418463
0.0,2,42.420103
0.0,2,42.421937
0.0,2,42.423613
0.0,2,42.425286
0.0,4,42.428787
0.0,2,42.430557
0.0,2,42.432203
1.5,2,42.433959
0.0,2,42.435989
0.0,2,42.438005
0.0,4,42.441703
0.0,3,42.44526
0.0,3,42.447907
0.0,3,42.451084
0.0,2,42.452889
0.0,2,42.45454
0.0,3,42.457298
0.0,2,42.458959
0.0,3,42.46143
0.0,2,42.463321
0.0,4,42.466704
0.0,3,42.469089
0.0,4,42.472667
0.0,3,42.47508
0.748637,2,42.476904
0.0,4,42.480171
0.0,4,42.483431
0.0,4,42.486932
0.0,5,42.491193
0.0,3,42.493812
0.0,5,42.498011
0.0,2,42.499812
0.0,2,42.50168
0.0,3,42.50428
0.0,2,42.50629
0.0,4,42.509776
0.0,3,42.51262
0.0,4,42.516206
0.0,2,42.517871
0.0,2,42.519804
0.0,2,42.5215
0.0,2,42.523199
0.0,3,42.525819
0.0,2,42.527599
0.0,2,42.529306
0.0,4,42.532785
0.0,4,42.536162
-0.071015,2,42.53786
0.0,2,42.539579
0.0,3,42.542194
0.0,3,42.544962
0.0,2,42.546774
0.0,2,42.548565
0.0,3,42.551001
0.0,4,42.554465
0.0,3,42.556888
-0.323446,3,42.559306
0.0,2,42.561137
0.0,6,42.565929
0.0,4,42.569343
0.0,2,42.57108
0.0,4,42.574388
0.0,2,42.576252
0.0,4,42.579528
0.0,3,42.582208
0.0,4,42.585473
0.0,2,42.587125
0.0,5,42.591433
0.0,2,42.593207
0.0,4,42.596676
0.0,4,42.599937
0.0,4,42.603359
0.0,2,42.605108
-0.04394,2,42.606916
0.0,4,42.610934
0.0,5,42.615459
0.0,3,42.618485
0.0,3,42.621033
0.0,3,42.623863
0.0,2,42.62564
0.0,3,42.628016
-0.075043,2,42.629686
0.0,2,42.63181
0.0,3,42.634443
0.0,4,42.638319
0.0,4,42.641875
1.5,2,42.643507
0.0,2,42.645802
0.0,3,42.64845
0.0,2,42.650094
0.0,3,42.653366
0.0,4,42.656871
0.0,2,42.659115
0.0,3,42.661829
-0.812785,2,42.663707
0.0,4,42.667635
0.0,2,42.669369
0.0,3,42.671936
0.0,3,42.674733
0.0,3,42.677185
0.0,5,42.681701
0.0,3,42.684168
0.0,2,42.686028
0.0,3,42.688614
0.0,3,42.691148
1.5,2,42.692932
0.0,2,42.694646
0.0,2,42.696251
0.0,2,42.697885
0.0,3,42.700445
0.0,3,42.702873
0.0,3,42.705216
0.0,3,42.707773
0.0,3,42.710233
-0.768159,4,42.713449
0.0,3,42.715971
0.0,2,42.717559
0.0,2,42.71919
0.0,4,42.722601
0.0,2,42.724315
0.0,2,42.72593
0.0,4,42.729322
0.0,2,42.730979
0.0,3,42.733358
0.0,2,42.735174
0.0,4,42.738837
0.0,4,42.742512
0.0,5,42.747313
0.0,2,42.74925
-1.0,3,42.75213
0.0,3,42.754712
1.5,2,42.756563
0.0,2,42.758302
0.0,3,42.760717
1.5,2,42.762475
0.0,2,42.764258
0.0,2,42.765991
0.0,3,42.768483
0.0,4,42.772063
0.0,3,42.774506
0.0,4,42.777968
0.0,2,42.779703
0.0,2,42.781366
0.0,3,42.784142
-0.366542,2,42.785873
0.0,2,42.787581
0.0,3,42.790189
0.0,2,42.79197
1.5,2,42.793746
0.0,4,42.797688
0.0,3,42.80029
0.0,2,42.801959
0.0,2,42.803638
0.0,2,42.805514
0.0,2,42.807158
0.0,2,42.808875
0.0,2,42.810551
0.0,4,42.814184
0.0,2,42.815932
0.0,2,42.817708
0.0,2,42.819568
0.0,2,42.821289
0.0,2,42.822975
0.0,3,42.825611
0.0,3,42.828161
0.0,2,42.829834
0.0,3,42.832478
0.0,2,42.83417
0.0,3,42.836675
0.0,3,42.839272
0.0,3,42.842111
0.0,2,42.84414
0.0,5,42.848886
0.0,3,42.851579
0.0,5,42.856455
0.0,2,42.858184
0.0,5,42.862651
0.0,4,42.865978
0.0,4,42.869662
0.0,5,42.87392
0.0,4,42.877475
0.0,3,42.879904
0.0,5,42.884541
0.0,4,42.888119
0.0,2,42.890694
-0.010285,3,42.893853
0.0,4,42.898268
0.0,3,42.901087
0.0,5,42.906163
0.0,2,42.908008
0.0,2,42.910259
0.0,4,42.913781
0.0,3,42.916648
0.0,4,42.92043
0.0,2,42.922194
0.0,3,42.925102
0.0,4,42.92854
0.0,3,42.931858
0.0,2,42.9338
0.0,3,42.936515
0.0,3,42.940036
0.0,5,42.944939
0.0,3,42.947854
0.0,3,42.951101
0.0,2,42.952939
0.0,2,42.954776
0.0,2,42.957008
0.0,2,42.958801
0.0,3,42.961544
0.0,3,42.964946
0.0,2,42.966789
0.0,2,42.968623
0.0,3,42.972241
0.0,3,42.974949
0.0,2,42.977309
0.0,2,42.979441
0.0,4,42.983782
0.0,2,42.986126
0.0,3,42.989054
0.0,2,42.991569
0.0,3,42.994781
0.0,2,42.996924
0.0,2,42.999638
0.0,6,43.005857
0.0,3,43.008524
0.0,4,43.012161
0.155645,4,43.015633
0.0,3,43.018432
0.0,3,43.021188
0.0,3,43.023965
0.0,2,43.026272
0.0,4,43.030063
0.0,4,43.034548
0.0,3,43.03734
0.0,2,43.039486
0.0,3,43.042867
0.0,4,43.047131
0.0,3,43.049889
0.0,3,43.052599
0.0,3,43.055583
0.0,2,43.057347
0.0,2,43.059055
0.0,2,43.061136
1.5,2,43.062981
0.0,2,43.064757
0.0,2,43.066702
0.0,2,43.068884
0.0,2,43.070676
0.0,2,43.072499
0.0,4,43.076482
1.5,2,43.078184
0.0,4,43.082187
0.0,2,43.084029
0.0,3,43.086619
0.0,3,43.089992
0.0,2,43.091855
0.0,2,43.093723
0.0,3,43.096982
0.0,2,43.098806
0.0,3,43.101719
0.0,3,43.104739
0.0,4,43.108422
0.0,5,43.113214
0.0,3,43.116339
-0.338697,3,43.119143
0.0,2,43.120928
-0.71679,2,43.123019
0.0,3,43.12632
0.0,2,43.128323
0.0,2,43.130676
0.0,3,43.133765
0.0,2,43.136096
0.0,5,43.141201
0.0,6,43.147419
1.5,2,43.149359
0.0,3,43.152582
0.0,2,43.154535
0.0,2,43.156375
0.0,3,43.159637
0.0,2,43.161376
0.0,4,43.165333
0.0,3,43.168085
0.0,2,43.1699
0.0,2,43.171979
0.0,3,43.174923
0.0,3,43.178555
0.0,2,43.180949
0.0,3,43.18389
0.0,4,43.188989
0.0,3,43.193092
0.0,2,43.195451
0.0,2,43.197377
0.0,3,43.200568
0.0,2,43.20254
0.0,5,43.289587
0.0,3,43.292698
0.0,4,43.296454
0.0,3,43.299802
0.0,2,43.301767
0.0,2,43.303686
0.0,2,43.306033
0.0,2,43.308051
0.0,2,43.310264
0.0,2,43.312809
0.0,2,43.315259
0.0,3,43.319257
1.5,2,43.321639
0.0,4,43.325598
1.5,2,43.327872
0.0,3,43.331451
0.0,3,43.335652
0.0,4,43.340124
0.0,4,43.345137
0.0,3,43.348903
0.0,6,43.355335
0.0,4,43.359163
0.0,4,43.363681
0.0,3,43.366634
0.0,3,43.370041
0.085856,2,43.372135
0.0,3,43.37582
0.0,3,43.378831
0.0,2,43.380863
0.0,3,43.384151
0.0,4,43.388343
0.0,2,43.391394
0.0,4,43.395785
0.0,4,43.400095
0.0,3,43.403857
0.0,2,43.405962
0.0,2,43.408201
0.0,2,43.411254
0.0,3,43.41494
0.0,2,43.418069
0.0,3,43.421254
0.0,2,43.423819
0.0,2,43.42594
0.0,3,43.428769
0.0,2,43.431364
0.0,3,43.434546
0.0,3,43.438079
1.164582,2,43.44025
1.236749,2,43.442258
0.0,2,43.444712
0.0,3,43.448613
0.0,3,43.452212
0.0,4,43.456196
0.0,2,43.458763
0.0,4,43.462792
0.0,2,43.464994
0.0,3,43.468123
0.0,3,43.471076
0.0,4,43.475192
0.0,4,43.479196
1.5,2,43.481293
0.0,2,43.483392
1.5,2,43.485659
0.0,5,43.490744
-0.399145,3,43.494142
0.0,2,43.496254
0.0,3,43.499941
0.0,3,43.503488
0.0,4,43.507696
0.0,4,43.512029
0.0,3,43.516044
0.0,4,43.521687
0.0,2,43.524135
0.0,2,43.526152
0.0,2,43.528568
0.0,4,43.532558
0.0,2,43.534882
0.0,2,43.537149
0.0,3,43.540301
0.0,3,43.543914
0.0,2,43.546279
0.159224,2,43.549099
0.0,3,43.552911
0.0,2,43.55579
0.0,3,43.559345
0.0,3,43.563255
0.0,3,43.566469
0.0,2,43.569108
0.0,2,43.571823
0.0,4,43.576896
0.0,4,43.581589
0.0,3,43.5859
0.0,3,43.589026
0.0,2,43.592264
0.0,2,43.594536
0.0,2,43.597321
0.0,3,43.600751
0.0,3,43.604776
0.0,2,43.607065
0.0,2,43.609267
0.0,3,43.613385
0.0,4,43.618349
0.0,3,43.621949
-0.191701,4,43.627048
0.0,5,43.633286
0.0,4,43.637687
0.0,3,43.642179
0.0,4,43.647505
0.0,3,43.651383
0.0,3,43.655779
0.0,3,43.659557
0.0,3,43.663308
1.5,2,43.665493
0.0,2,43.668894
0.0,3,43.673496
0.0,2,43.676593
0.0,2,43.679322
0.0,4,43.685464
0.0,3,43.689905
0.0,2,43.692403
0.0,2,43.69563
0.0,2,43.697789
0.0,2,43.700112
0.0,2,43.703491
0.0,3,43.706862
0.0,2,43.710078
0.0,5,43.716636
0.0,2,43.718928
0.0,2,43.721247
0.0,3,43.725655
1.5,2,43.728027
1.5,2,43.731079
0.0,3,43.734476
0.0,3,43.738513
0.0,3,43.741843
0.0,2,43.745152
-0.849543,2,43.748115
0.0,2,43.751247
0.0,5,43.757119
0.0,2,43.759567
0.0,2,43.761751
0.0,2,43.764757
0.0,3,43.768132
0.0,3,43.772285
0.0,5,43.779287
0.0,4,43.785004
0.0,3,43.789297
0.0,3,43.79367
-0.00317,3,43.797105
1.5,2,43.80055
0.0,4,43.804839
0.0,4,43.810392
0.0,3,43.814438
0.0,3,43.817621
0.0,3,43.821643
0.0,4,43.826334
0.0,2,43.829146
0.0,3,43.832388
1.5,2,43.83592
0.0,2,43.838511
0.0,2,43.841609
-1.0,2,43.844512
0.0,3,43.848984
0.0,3,43.852397
0.0,3,43.856575
0.0,4,43.861464
0.0,3,43.865735
0.0,2,43.870183
1.5,2,43.873796
0.0,2,43.877863
-0.2771,3,43.881623
0.0,3,43.885486
0.0,3,43.88869
0.0,2,43.891576
0.0,4,43.895849
0.0,3,43.899574
0.0,2,43.90194
0.0,6,43.908602
0.0,3,43.912147
0.0,2,43.914312
0.0,2,43.91633
0.0,3,43.919942
0.0,3,43.923141
0.0,2,43.925801
0.0,2,43.927919
0.0,3,43.93109
0.0,2,43.933689
0.0,3,43.936753
0.0,3,43.940511
0.0,3,43.943701
0.0,2,43.946253
0.0,3,43.950052
0.0,3,43.953755
0.0,3,43.956926
0.0,3,43.960523
0.0,2,43.962707
0.0,4,43.967104
0.0,3,43.970501
0.0,2,43.972793
0.0,4,43.978044
0.0,2,43.980881
0.0,3,43.984201
1.5,2,43.986209
0.0,2,43.98862
0.0,3,43.99175
0.0,2,43.993994
0.0,3,43.997361
0.0,3,44.000519
0.0,3,44.004287
0.0,2,44.006401
0.0,4,44.011091
0.0,3,44.014185
0.0,2,44.01681
0.0,4,44.020859
0.0,3,44.024561
0.0,2,44.026761
0.0,4,44.031393
0.0,2,44.033561
1.5,2,44.035642
0.0,4,44.040287
0.0,3,44.043815
0.0,2,44.04663
0.0,3,44.049994
0.0,2,44.052302
0.0,3,44.055413
0.0,2,44.057958
0.0,3,44.061067
0.0,4,44.065687
1.5,2,44.067865
0.0,3,44.071334
0.0,4,44.075562
0.0,4,44.080052
0.0,3,44.083175
1.5,2,44.085673
0.0,3,44.088963
0.0,3,44.092273
0.0,4,44.096409
-1.347412,2,44.098642
0.0,5,44.103832
0.0,2,44.105976
0.0,4,44.109972
0.0,2,44.111952
0.0,3,44.11505
0.0,3,44.118006
0.0,2,44.120217
0.0,3,44.123502
0.0,4,44.127762
0.0,2,44.129972
0.0,3,44.133172
1.5,2,44.135465
0.0,3,44.138646
0.0,4,44.142936
0.0,3,44.145908
0.0,3,44.149233
0.0,3,44.152699
0.0,3,44.155842
0.0,4,44.159651
0.0,4,44.163797
0.0,2,44.165817
0.0,2,44.167823
0.0,2,44.170011
0.0,3,44.17309
0.0,4,44.177524
0.0,5,44.182691
0.0,4,44.186805
0.0,3,44.190002
0.0,3,44.193175
-0.149284,5,44.200213
0.0,4,44.204755
0.0,4,44.208714
0.0,2,44.210766
0.0,4,44.215295
0.0,2,44.217969
0.0,3,44.221899
0.0,3,44.226641
0.366015,2,44.229091
0.0,4,44.233574
0.0,2,44.235634
0.0,4,44.239802
0.0,2,44.242033
0.0,3,44.245085
0.0,2,44.247581
0.0,2,44.250057
0.0,5,44.255525
0.0,3,44.258458
0.0,3,44.261879
0.0,4,44.265722
1.0,3,44.269106
0.0,4,44.272998
0.0,2,44.275374
0.0,2,44.277478
0.0,3,44.281005
0.0,4,44.285214
0.0,3,44.288444
0.0,3,44.291501
-0.808897,3,44.294731
0.0,2,44.296813
0.0,3,44.299671
0.0,4,44.303904
0.0,3,44.30684
0.0,6,44.312806
0.0,2,44.314766
0.0,3,44.318028
0.0,3,44.321517
0.0,4,44.326317
0.0,2,44.328433
0.0,3,44.332257
0.0,4,44.337694
0.0,2,44.340207
0.0,3,44.343624
0.0,2,44.346299
0.0,2,44.348435
0.0,3,44.35194
0.0,3,44.354901
0.0,2,44.356963
0.0,2,44.359204
0.0,2,44.361242
0.0,2,44.363148
0.0,2,44.365451
0.0,3,44.368507
0.0,3,44.371661
0.0,3,44.374775
0.0,3,44.377774
0.0,3,44.380958
0.0,2,44.383114
0.0,3,44.386388
0.0,2,44.388745
0.0,4,44.393421
0.0,3,44.396828
0.0,3,44.400233
0.0,3,44.403565
0.0,3,44.406747
0.0,3,44.409959
0.0,6,44.416075
-0.526946,3,44.419057
0.0,3,44.422401
0.0,4,44.42633
-0.350714,2,44.428598
0.0,3,44.431568
0.0,3,44.434736
0.0,3,44.437725
0.0,3,44.440718
0.0,2,44.442994
0.0,3,44.446027
0.0,3,44.44945
0.0,2,44.451731
0.0,3,44.454994
0.0,2,44.45738
0.0,4,44.46168
0.0,2,44.463882
0.0,3,44.466841
0.0,3,44.469981
0.0,2,44.472049
0.0,2,44.47403
0.0,2,44.476308
0.0,4,44.572538
0.0,2,44.575218
0.0,2,44.577399
0.0,2,44.579385
0.0,2,44.58217
0.0,4,44.586997
0.0,2,44.589372
0.0,3,44.592395
0.0,3,44.595886
0.0,2,44.598124
0.0,3,44.601377
0.0,2,44.603708
0.0,2,44.60636
0.0,2,44.608838
0.0,4,44.613363
0.0,4,44.618451
0.0,3,44.6218
0.0,3,44.625294
0.0,4,44.629541
0.0,3,44.63272
0.0,2,44.634637
0.0,3,44.6381
0.0,3,44.641115
0.0,3,44.644642
0.0,2,44.646936
0.0,3,44.649914
0.0,4,44.654346
0.0,3,44.657645
0.0,4,44.661931
-0.159995,2,44.664052
0.0,5,44.669457
1.5,2,44.671439
1.5,2,44.673364
0.0,3,44.676866
0.0,5,44.68236
-0.901667,5,44.687491
0.0,4,44.691815
0.0,3,44.695
0.0,3,44.698275
0.0,2,44.700269
0.0,2,44.702466
0.0,3,44.705633
0.0,3,44.708588
0.0,4,44.712775
0.0,2,44.714739
-1.0,5,44.720068
1.395827,2,44.722021
0.0,3,44.725514
0.0,3,44.728456
0.0,2,44.730709
0.0,2,44.732791
0.0,2,44.734765
0.0,3,44.738113
0.0,3,44.741188
0.0,3,44.744512
1.5,2,44.747344
0.0,4,44.752006
0.0,3,44.755143
0.0,6,44.761478
0.0,2,44.763481
0.0,3,44.767149
0.0,2,44.769338
0.0,3,44.772531
0.0,3,44.775983
0.0,4,44.780467
0.0,2,44.78248
0.0,2,44.784437
0.0,2,44.786635
-1.0,3,44.79004
0.0,2,44.792168
0.0,3,44.795616
0.0,3,44.798496
0.0,3,44.8022
0.0,4,44.806476
0.0,3,44.810404
0.0,3,44.814296
-0.525386,4,44.818558
0.0,4,44.823143
0.0,4,44.827608
0.0,4,44.831943
0.0,3,44.834966
0.0,2,44.837561
0.0,2,44.839661
0.0,2,44.841731
0.0,2,44.844118
1.5,2,44.846878
0.0,4,44.851522
0.0,2,44.853908
0.0,2,44.856375
0.0,6,44.862687
0.0,3,44.866141
0.0,3,44.869194
0.0,3,44.872608
0.0,2,44.87458
0.0,3,44.878081
0.5726,2,44.880265
0.0,3,44.88341
0.0,4,44.888081
0.0,2,44.890949
-0.134147,2,44.893458
0.0,7,44.900848
0.0,2,44.902907
0.0,2,44.905192
0.0,4,44.90987
0.0,3,44.913558
0.0,2,44.915828
0.0,2,44.918046
0.0,3,44.922129
0.0,3,44.925267
0.0,2,44.927609
-0.075062,4,44.931499
0.0,3,44.934592
0.0,3,44.937523
0.0,2,44.939482
0.0,3,44.942648
0.0,6,44.94857
0.0,5,44.953865
0.0,4,44.957981
0.0,4,44.962263
0.0,2,44.964388
0.0,2,44.96643
0.547166,2,44.968691
0.0,3,44.97179
0.0,2,44.973756
0.0,3,44.976925
0.0,2,44.978949
0.0,3,44.982015
0.0,2,44.984021
0.0,2,44.985915
0.0,2,44.98792
0.0,3,44.991212
0.0,4,44.995074
0.0,4,44.999273
0.0,2,45.001301
0.0,4,45.005708
0.0,3,45.008991
0.0,3,45.012367
0.0,5,45.018359
0.0,4,45.022518
0.0,3,45.026141
0.0,2,45.028387
0.0,5,45.033406
0.522841,2,45.035525
0.0,3,45.03874
0.0,3,45.041746
0.0,4,45.045994
0.0,3,45.049188
0.0,5,45.054514
0.0,3,45.057321
0.0,3,45.060588
0.0,2,45.06281
0.0,3,45.066073
0.0,4,45.069996
0.0,2,45.072028
0.0,5,45.076684
0.0,4,45.080514
0.0,4,45.084422
0.0,3,45.087431
0.0,3,45.090199
0.0,3,45.093016
0.0,3,45.095975
0.0,2,45.097933
0.0,2,45.10002
0.0,4,45.103942
-0.112572,3,45.10744
0.0,2,45.109997
0.0,3,45.113265
-0.231762,2,45.115542
0.0,2,45.117588
0.0,3,45.12053
0.0,3,45.123543
0.0,2,45.125475
1.5,2,45.127446
-1.0,3,45.130675
0.0,2,45.132582
0.0,4,45.136595
0.0,3,45.139397
0.327019,2,45.141373
1.5,2,45.143594
0.0,5,45.149361
0.0,4,45.153461
0.0,3,45.156623
0.0,3,45.159783
0.0,4,45.164016
0.0,2,45.166082
0.0,2,45.167962
0.0,2,45.1701
0.0,3,45.173132
0.0,4,45.177171
0.0,3,45.18002
0.0,3,45.182721
0.0,4,45.186074
0.0,4,45.18968
0.0,3,45.192564
-1.0,4,45.196039
0.0,3,45.1991
0.0,2,45.201044
0.0,2,45.202926
0.0,2,45.205151
0.0,4,45.209067
0.0,4,45.213522
0.0,2,45.215836
0.0,2,45.21832
0.0,3,45.221586
0.0,4,45.22584
0.0,3,45.228978
1.5,2,45.231008
0.0,3,45.234471
0.0,4,45.23833
0.0,3,45.242021
1.5,2,45.244282
0.0,3,45.247807
0.0,2,45.25072
0.0,2,45.253497
0.0,4,45.257452
0.0,4,45.261766
0.0,3,45.265005
-0.14286,3,45.269124
0.0,2,45.271311
0.0,5,45.276097
0.0,3,45.278951
-0.036319,2,45.280853
0.0,3,45.283985
0.0,3,45.286883
0.0,3,45.289914
0.0,2,45.291837
0.0,2,45.293614
0.0,2,45.295663
0.0,5,45.300251
0.0,4,45.304165
0.0,2,45.306058
0.0,2,45.308408
0.0,2,45.310559
0.0,3,45.313453
0.0,3,45.316514
0.0,3,45.319415
0.0,2,45.321603
0.0,2,45.32394
0.0,4,45.32783
1.245578,2,45.330201
0.0,3,45.333178
0.107081,2,45.335242
0.0,4,45.339626
0.0,4,45.343638
0.0,4,45.347301
0.0,2,45.349275
0.0,4,45.353944
0.0,4,45.358567
0.0,2,45.36066
-0.556004,3,45.363903
0.0,2,45.365983
0.0,4,45.370426
0.0,3,45.374099
0.0,3,45.377856
-0.391064,2,45.380031
0.0,2,45.382062
0.02041,3,45.385731
0.0,3,45.389217
0.0,3,45.392584
0.0,3,45.395423
0.0,7,45.402304
0.0,2,45.404174
0.0,3,45.407259
0.0,2,45.40925
0.0,2,45.411179
0.0,2,45.413287
0.0,3,45.416135
0.0,3,45.418904
0.0,2,45.420802
0.0,2,45.42264
0.0,2,45.424537
0.0,3,45.427672
0.0,3,45.430539
0.0,5,45.435597
0.0,5,45.44047
0.0,2,45.442506
0.0,3,45.445372
0.0,4,45.449757
0.0,4,45.454066
0.0,3,45.457255
0.0,3,45.460027
0.0,2,45.462305
0.0,3,45.465194
0.0,2,45.467052
0.0,3,45.470488
0.0,2,45.472519
0.0,4,45.476881
0.0,3,45.479632
0.0,3,45.482883
-0.331574,3,45.485745
0.0,2,45.487542
0.0,3,45.491231
0.0,5,45.49614
0.0,3,45.499017
0.0,4,45.502944
0.0,2,45.504889
0.0,3,45.507746
0.0,3,45.51067
0.0,3,45.513492
0.0,4,45.517301
0.0,4,45.520774
0.0,3,45.523474
0.0,6,45.529034
0.0,3,45.53221
0.0,3,45.534981
1.5,2,45.536834
0.0,3,45.539935
0.0,3,45.542901
0.0,3,45.546171
0.0,3,45.549636
0.0,2,45.552153
0.0,2,45.554272
1.5,2,45.556162
0.0,2,45.558155
0.0,2,45.560238
0.0,3,45.563004
0.0,3,45.565966
0.0,2,45.567861
0.0,4,45.571692
0.0,2,45.573798
0.0,5,45.578289
0.0,6,45.584
0.0,2,45.585843
0.0,3,45.58878
0.0,2,45.590608
0.469506,2,45.592583
0.0,3,45.595495
0.0,3,45.598139
0.0,2,45.600022
0.0,4,45.603815
0.0,2,45.605973
1.5,2,45.608297
0.0,2,45.610506
0.0,4,45.614485
0.0,2,45.61637
0.0,2,45.618049
0.0,2,45.619783
0.0,4,45.623532
0.0,5,45.628274
0.0,4,45.631977
0.0,3,45.634691
0.0,3,45.637532
-0.228429,2,45.639341
0.0,2,45.641217
0.0,2,45.6432
0.0,2,45.729229
0.0,2,45.73168
0.0,2,45.734038
0.0,3,45.73706
0.0,2,45.739155
0.0,4,45.743302
0.0,2,45.745501
0.0,4,45.749979
0.0,3,45.753016
0.0,4,45.756872
0.0,2,45.758753
0.0,2,45.761058
-0.355515,3,45.764148
1.5,2,45.766147
0.0,3,45.76954
0.0,2,45.772336
0.0,3,45.777324
0.0,2,45.780925
0.0,5,45.788965
0.0,2,45.791231
0.0,3,45.794215
0.0,3,45.797956
0.0,2,45.8014
1.5,2,45.804652
0.0,3,45.808859
0.0,5,45.814096
0.0,2,45.816155
1.5,2,45.818125
0.0,4,45.821758
-0.001068,3,45.824807
0.0,3,45.827533
0.0,2,45.829387
0.0,4,45.833261
1.5,2,45.835043
0.0,3,45.838074
0.0,5,45.842691
0.0,2,45.844667
0.0,2,45.846562
0.0,4,45.850398
0.0,2,45.853182
1.5,2,45.855373
0.0,3,45.85849
0.0,3,45.862314
0.0,3,45.866529
0.0,3,45.871106
0.0,3,45.875401
0.0,3,45.878533
0.0,3,45.881585
0.0,2,45.883452
0.0,4,45.887319
0.0,2,45.889361
0.0,4,45.893077
0.0,3,45.895799
0.0,2,45.897734
0.0,6,45.903065
0.0,3,45.905738
0.0,2,45.907842
0.0,3,45.910592
0.0,4,45.914359
0.0,2,45.916184
-0.580911,2,45.917903
0.0,4,45.921353
0.0,2,45.923079
0.0,3,45.925726
0.0,3,45.928674
0.0,3,45.931448
0.0,4,45.935375
0.0,4,45.938961
0.0,3,45.94179
0.0,4,45.945297
0.0,3,45.948076
-0.635682,5,45.953458
0.0,2,45.955474
0.0,3,45.958398
0.0,2,45.960211
0.0,3,45.962903
0.0,2,45.965472
0.0,4,45.971605
0.0,2,45.974875
0.0,3,45.979985
0.0,4,45.985881
0.0,2,45.98787
0.0,2,45.990021
0.0,3,45.993025
1.5,2,45.994906
0.0,2,45.99685
0.0,2,45.998766
0.0,2,46.000762
0.0,3,46.003644
0.0,3,46.00668
0.0,2,46.008603
0.0,2,46.010586
0.0,6,46.016419
1.5,2,46.018358
0.0,3,46.021455
0.0,2,46.023337
0.0,4,46.027312
0.0,3,46.029988
0.0,2,46.032099
0.0,3,46.034922
0.0,2,46.036806
1.5,2,46.038814
0.0,2,46.040817
0.0,4,46.044544
0.50841,3,46.047707
0.0,2,46.049804
0.0,4,46.053889
0.0,3,46.057782
0.0,5,46.064489
0.0,2,46.067492
0.0,3,46.070807
0.0,3,46.073843
0.0,4,46.077549
0.0,4,46.081309
-0.346025,4,46.084871
0.0,4,46.088472
0.0,5,46.0928
0.0,2,46.094757
0.0,3,46.097829
0.0,3,46.100566
0.0,3,46.103363
0.0,2,46.105116
0.0,3,46.107955
1.5,2,46.109964
0.0,2,46.111906
0.0,3,46.114671
0.0,2,46.116704
0.0,2,46.11851
0.0,3,46.121232
0.0,2,46.123366
0.0,3,46.126232
0.0,3,46.129128
0.0,4,46.133037
0.0,3,46.135951
0.0,2,46.138034
0.0,4,46.141806
0.0,3,46.144648
0.0,2,46.146587
0.0,4,46.150461
0.0,2,46.152739
0.0,3,46.155842
0.0,6,46.161671
0.0,5,46.166398
1.5,2,46.168565
0.0,5,46.17371
0.0,3,46.176522
0.0,3,46.179132
0.0,2,46.181034
0.0,4,46.184604
0.0,2,46.186517
0.0,3,46.189377
0.0,4,46.192943
0.0,3,46.195594
0.0,3,46.198406
0.0,2,46.200384
0.0,2,46.202287
0.0,5,46.206914
0.0,3,46.209772
0.0,2,46.211703
0.0,3,46.214603
1.5,2,46.216486
0.0,4,46.220534
0.0,2,46.222561
0.0,3,46.225352
1.5,2,46.227337
0.0,3,46.230242
0.0,2,46.232234
0.0,2,46.234202
0.0,2,46.236246
0.0,4,46.239951
0.0,3,46.242734
0.0,4,46.246565
0.0,4,46.251292
0.0,3,46.2548
0.0,3,46.257802
0.0,4,46.262185
0.0,3,46.265178
0.0,3,46.26797
0.0,3,46.270705
0.0,4,46.274983
0.325855,2,46.276931
0.0,2,46.278968
0.823202,2,46.28093
0.0,2,46.282959
0.0,2,46.284874
0.0,2,46.286774
0.0,2,46.288486
0.0,2,46.290308
0.0,3,46.29296
0.0,4,46.296375
0.0,2,46.298165
0.0,3,46.301143
0.0,2,46.302979
0.0,3,46.3056
0.0,2,46.307525
0.0,4,46.311114
0.0,5,46.315734
0.0,3,46.318367
0.0,2,46.320248
0.0,3,46.322926
0.0,3,46.325612
0.0,2,46.327573
0.0,3,46.330296
0.0,3,46.333235
0.0,2,46.334976
0.0,5,46.339187
0.0,4,46.342719
0.0,3,46.345485
0.0,3,46.348464
0.0,4,46.352124
0.0,3,46.35542
0.0,4,46.359584
0.0,2,46.361804
0.0,2,46.364197
0.0,3,46.368057
0.0,4,46.372595
-0.759101,3,46.375867
0.0,4,46.380111
0.0,5,46.384976
0.0,4,46.389118
0.0,3,46.392577
-0.105907,3,46.395595
0.0,3,46.3985
0.0,2,46.400362
0.0,4,46.403899
0.946918,2,46.405685
0.0,3,46.408438
0.0,2,46.410299
0.0,3,46.412949
0.0,3,46.415751
0.0,3,46.418288
0.0,2,46.420017
0.0,3,46.422959
0.0,3,46.42563
0.0,3,46.428779
0.0,3,46.431976
0.0,3,46.435203
1.5,2,46.437722
0.0,3,46.440814
0.0,4,46.444453
-0.925129,5,46.448904
0.0,2,46.450856
0.0,2,46.45296
1.5,2,46.455031
0.0,4,46.458881
0.0,2,46.460838
1.5,2,46.463449
0.0,2,46.465528
0.0,3,46.468177
0.0,2,46.469978
0.0,2,46.47196
0.0,4,46.475488
0.0,3,46.478431
0.0,4,46.481952
0.0,5,46.486704
0.0,5,46.491242
0.0,3,46.493975
0.0,3,46.496564
0.0,2,46.49836
0.0,3,46.500989
0.0,4,46.50444
1.0,2,46.506682
0.0,6,46.511983
0.0,3,46.514632
0.0,3,46.517131
0.0,3,46.519798
0.0,3,46.522525
0.0,4,46.526245
0.0,2,46.528213
0.0,2,46.529943
0.0,4,46.533715
1.5,2,46.535683
0.0,4,46.539388
0.0,3,46.542089
0.0,2,46.543825
0.0,5,46.550169
1.5,2,46.552852
0.0,4,46.557961
0.0,3,46.561827
0.0,3,46.565488
0.0,2,46.567993
0.0,2,46.570754
0.0,4,46.575903
0.0,2,46.578533
1.5,2,46.580948
0.0,2,46.584007
-0.170686,2,46.586433
0.0,2,46.588421
0.0,4,46.592237
0.0,2,46.594082
0.0,4,46.597939
0.0,5,46.60215
0.0,2,46.604004
0.0,2,46.605672
0.0,3,46.60823
0.0,3,46.611118
0.0,2,46.612822
0.0,4,46.616304
0.0,3,46.618957
0.0,3,46.621453
0.0,4,46.625093
0.0,4,46.628576
0.0,3,46.631363
-0.501786,2,46.63319
0.0,2,46.634981
0.0,6,46.640254
0.0,2,46.642196
0.0,5,46.646838
0.0,3,46.649377
0.0,2,46.651209
0.0,3,46.654468
0.0,2,46.656309
0.0,2,46.658283
0.0,4,46.662002
-0.319288,2,46.664093
0.0,2,46.666546
0.0,3,46.66959
0.0,3,46.672248
0.0,4,46.675874
0.0,3,46.678485
0.0,3,46.681211
0.0,3,46.683736
0.0,5,46.688338
0.0,3,46.690886
0.0,2,46.692719
0.0,3,46.695535
0.0,3,46.698042
0.0,2,46.69992
0.0,3,46.702623
0.0,4,46.706029
0.0,3,46.709787
0.0,4,46.714276
0.0,4,46.720201
0.0,2,46.723433
0.0,2,46.725747
0.0,4,46.729782
0.0,4,46.733414
0.0,3,46.736457
0.0,4,46.739931
0.018264,3,46.742634
0.0,2,46.744489
0.0,3,46.747313
1.5,2,46.749218
0.0,2,46.751596
0.0,4,46.755305
0.0,4,46.84832
0.0,2,46.850361
1.5,2,46.85219
0.0,3,46.855404
1.5,2,46.85743
0.0,2,46.859295
0.0,4,46.86324
0.0,2,46.865097
0.0,4,46.86902
0.0,3,46.871745
0.0,3,46.874453
0.0,2,46.876487
0.0,4,46.879951
0.0,4,46.884167
0.0,4,46.887838
0.0,2,46.890372
0.0,4,46.89407
0.0,3,46.897122
0.0,4,46.900596
0.0,2,46.902362
0.0,3,46.905014
0.267215,2,46.906743
0.0,3,46.909285
0.0,3,46.912158
0.0,3,46.914754
0.0,2,46.916553
0.0,3,46.919271
0.0,2,46.92098
0.0,4,46.924657
0.0,4,46.928127
-0.670523,2,46.929981
0.0,2,46.931839
0.0,2,46.933603
0.0,4,46.937183
0.0,3,46.939893
0.0,2,46.941695
0.0,5,46.946238
0.0,3,46.948818
0.0,3,46.951558
0.0,4,46.955227
0.0,2,46.957354
0.0,3,46.960132
0.0,2,46.961854
0.0,3,46.964571
0.0,3,46.967378
0.0,4,46.970847
0.0,3,46.973823
0.0,2,46.975562
0.0,3,46.978265
0.0,3,46.980939
0.0,4,46.984156
0.0,5,46.988741
0.0,3,46.991418
0.0,3,46.994118
0.0,4,46.997565
0.0,2,46.999566
0.0,3,47.002164
0.0,2,47.003803
0.0,3,47.006282
0.0,3,47.008896
-0.060548,5,47.012941
0.0,3,47.015439
0.0,3,47.017833
0.0,4,47.021288
0.0,3,47.023955
0.0,2,47.025668
0.0,2,47.027375
0.0,2,47.029351
0.0,3,47.032006
0.0,3,47.034893
0.0,4,47.03898
0.0,4,47.042522
0.0,2,47.044287
0.0,4,47.047893
0.0,3,47.051051
0.0,4,47.054703
0.0,3,47.057412
0.0,4,47.060795
0.0,3,47.063396
0.0,3,47.065957
0.161392,2,47.067765
0.0,4,47.071343
0.0,2,47.073068
0.0,4,47.076622
0.0,3,47.07921
0.0,3,47.081803
1.5,2,47.083653
0.0,4,47.087095
0.0,2,47.089257
0.0,4,47.093244
0.0,5,47.097455
0.0,3,47.099952
0.0,4,47.103235
0.0,4,47.106737
0.0,3,47.109403
0.0,3,47.112108
0.0,2,47.113898
0.0,4,47.117284
0.0,3,47.120357
0.0,2,47.122328
0.0,2,47.124205
0.0,2,47.12657
0.0,4,47.130504
0.0,4,47.134444
0.0,4,47.137915
0.0,3,47.140491
0.0,2,47.142174
0.0,4,47.145577
0.0,5,47.149915
0.0,4,47.153424
0.0,2,47.15563
0.0,2,47.157722
0.0,3,47.161099
0.0,4,47.165256
0.0,2,47.168079
0.0,3,47.171432
0.0,2,47.173489
0.0,2,47.175564
0.0,4,47.179809
0.0,3,47.183537
0.0,2,47.185646
0.0,2,47.188137
0.0,3,47.191099
0.0,3,47.193917
0.0,3,47.19666
0.0,2,47.198331
0.0,3,47.201037
0.0,3,47.203645
0.0,3,47.20616
0.0,3,47.209248
0.0,3,47.211951
0.0,4,47.216091
1.5,2,47.218105
0.0,3,47.220885
0.0,4,47.225503
-0.049345,2,47.227633
0.0,3,47.231014
0.0,5,47.235551
0.0,4,47.240913
0.0,2,47.243346
0.0,4,47.248061
0.0,3,47.251854
0.0,3,47.256385
0.0,4,47.26052
0.0,4,47.264225
0.0,2,47.266078
-0.223027,2,47.26783
0.0,4,47.271396
0.0,4,47.275071
0.0,4,47.278628
0.0,2,47.280612
0.0,3,47.283419
0.0,5,47.287886
1.5,2,47.289655
0.0,3,47.292247
0.0,3,47.294903
0.0,4,47.298361
0.0,2,47.300143
0.0,2,47.301906
0.0,3,47.304414
0.0,2,47.306488
0.0,3,47.309138
0.0,2,47.310872
0.0,4,47.314426
0.0,5,47.31862
0.0,4,47.322076
0.0,3,47.32467
0.0,4,47.32844
0.0,4,47.331881
0.0,2,47.333769
0.0,5,47.338169
0.0,2,47.339985
0.0,3,47.342603
0.0,3,47.345077
0.0,2,47.346985
0.0,3,47.349966
0.0,3,47.352624
0.0,2,47.354527
0.0,3,47.357959
0.0,4,47.361698
0.0,2,47.363541
0.0,3,47.366079
0.0,2,47.368095
0.0,2,47.370176
0.0,4,47.373619
0.0,2,47.375782
1.5,2,47.377622
0.0,2,47.379429
0.0,3,47.382435
0.0,5,47.387239
0.0,2,47.389512
0.0,3,47.392473
0.0,4,47.395929
0.0,2,47.397743
0.0,2,47.399538
0.0,3,47.402126
0.0,3,47.404803
0.0,2,47.406571
0.0,4,47.410175
0.0,2,47.412163
0.484038,4,47.415648
0.0,2,47.41756
0.0,2,47.419366
-0.057508,2,47.421065
1.0,2,47.422787
0.0,3,47.425504
0.0,3,47.428068
1.5,2,47.429885
0.0,3,47.432573
0.0,3,47.435327
0.0,3,47.438072
0.0,3,47.441008
0.0,4,47.444511
0.0,3,47.447385
0.0,2,47.449162
0.0,4,47.452697
0.0,2,47.454632
0.0,3,47.457475
0.0,2,47.459407
0.0,2,47.461186
0.0,3,47.463952
0.0,3,47.466912
0.0,3,47.469769
0.0,2,47.471546
0.0,2,47.474144
0.0,3,47.477335
0.0,3,47.481017
0.0,4,47.484963
0.0,4,47.489252
0.0,3,47.492178
0.0,3,47.494936
0.0,2,47.496989
0.0,4,47.500642
0.0,2,47.502548
0.0,2,47.504547
0.0,4,47.50817
0.0,4,47.51194
0.0,4,47.515579
0.0,2,47.517589
0.0,2,47.519403
0.0,3,47.522191
0.0,3,47.525075
1.5,2,47.526847
0.0,3,47.529905
0.0,3,47.53294
0.0,2,47.534708
0.0,3,47.53764
0.0,3,47.540395
0.0,4,47.54385
0.0,3,47.546534
0.0,5,47.551131
1.5,2,47.553019
0.0,3,47.555759
0.0,4,47.559951
0.0,2,47.561769
0.0,3,47.564449
0.0,4,47.568732
0.0,2,47.570821
0.0,4,47.574629
0.0,3,47.578104
0.0,2,47.5801
0.0,2,47.582024
0.0,3,47.584675
0.0,2,47.586525
0.0,3,47.589131
0.0,4,47.592621
0.0,3,47.59528
0.0,3,47.597896
0.0,2,47.599704
0.0,2,47.601686
0.0,4,47.605081
0.0,2,47.606911
0.0,4,47.610563
0.0,5,47.614948
1.5,2,47.616688
0.0,3,47.619225
0.0,3,47.62193
0.0,3,47.624475
0.0,2,47.626326
0.0,4,47.629912
0.0,3,47.632627
0.0,3,47.635628
0.0,3,47.63839
0.0,3,47.641021
0.0,3,47.64378
0.0,4,47.647184
0.0,2,47.649041
0.0,3,47.651767
1.5,2,47.653577
0.0,3,47.657001
0.0,2,47.658928
0.0,3,47.661552
0.0,3,47.664569
0.0,4,47.66811
0.0,2,47.670356
0.0,3,47.673062
0.0,3,47.675962
0.0,5,47.680785
0.0,3,47.683807
0.0,3,47.686565
0.0,2,47.688447
0.0,2,47.690297
0.0,3,47.693175
0.0,3,47.695913
0.0,3,47.698833
0.0,2,47.700642
1.5,2,47.702442
0.0,2,47.704253
1.5,2,47.706146
0.0,5,47.710641
1.5,2,47.712787
0.0,2,47.714581
0.0,4,47.718214
0.0,3,47.721165
0.0,4,47.724914
0.0,5,47.729633
0.0,3,47.732754
0.0,3,47.73541
0.0,2,47.737199
0.0,4,47.741026
0.0,2,47.742862
0.0,2,47.745016
-0.090912,2,47.747257
0.0,2,47.749182
0.0,3,47.752043
0.0,2,47.754231
0.0,2,47.756202
0.0,2,47.758005
0.0,3,47.761335
0.0,4,47.765235
0.0,2,47.767288
0.0,5,47.771981
0.0,4,47.775898
0.0,3,47.779302
0.0,4,47.784059
0.0,4,47.78806
0.0,4,47.791982
0.0,4,47.795981
0.0,3,47.798665
0.0,4,47.802546
0.0,3,47.805184
0.0,2,47.807036
0.0,3,47.81015
0.0,4,47.900157
0.0,4,47.904174
0.0,4,47.907976
0.0,3,47.910872
0.0,4,47.915144
0.0,3,47.918012
0.0,3,47.920698
0.0,2,47.922433
1.5,2,47.924379
0.0,2,47.92652
0.0,2,47.928377
0.0,3,47.931135
0.0,2,47.933105
0.0,2,47.935012
0.0,2,47.936849
0.0,4,47.940324
0.0,3,47.942956
0.0,3,47.945739
0.0,3,47.948552
-0.387882,4,47.952073
0.0,4,47.955547
0.0,3,47.958666
0.0,3,47.961626
0.0,2,47.963681
0.0,3,47.966717
0.0,4,47.970267
0.0,3,47.972906
0.0,3,47.97573
0.0,2,47.977478
0.0,2,47.979217
0.0,3,47.982001
0.0,2,47.98385
0.0,2,47.985579
0.0,5,47.989769
0.0,3,47.992236
0.0,3,47.994688
0.0,2,47.99643
0.0,2,47.998128
0.0,5,48.002161
1.5,2,48.003909
0.0,2,48.00553
0.0,3,48.008013
0.0,3,48.010756
0.0,3,48.013346
0.0,2,48.015104
0.0,4,48.01865
0.0,3,48.021281
0.0,3,48.024093
0.0,3,48.026618
0.0,4,48.030129
0.0,4,48.033643
0.0,2,48.035504
0.0,3,48.03842
-0.047162,2,48.040077
0.0,3,48.042708
0.0,3,48.045276
1.5,2,48.046924
0.0,2,48.048649
0.0,2,48.050525
0.0,4,48.054183
0.0,2,48.056076
0.0,4,48.059716
1.5,2,48.061615
0.0,4,48.065098
0.0,2,48.06707
0.0,3,48.069611
0.0,3,48.072236
0.0,4,48.075819
0.0,3,48.078314
0.0,2,48.080141
0.759799,2,48.081836
0.0,3,48.084346
0.0,3,48.087206
0.0,3,48.089788
0.0,3,48.092447
0.0,2,48.094203
0.0,4,48.097547
0.0,4,48.100936
0.0,4,48.104199
0.0,3,48.106952
0.0,2,48.108777
0.0,2,48.110511
0.0,2,48.112312
0.0,2,48.114236
0.0,2,48.115999
0.0,2,48.117732
0.0,2,48.119537
0.0,4,48.122943
0.0,4,48.126379
0.0,4,48.130127
0.0,4,48.133802
0.0,2,48.136185
0.0,3,48.138804
0.0,6,48.143855
0.0,3,48.146403
0.0,3,48.149484
0.0,2,48.151245
0.0,4,48.154741
0.0,4,48.158511
0.0,3,48.161374
0.0,5,48.165627
0.0,2,48.168145
0.0,3,48.171463
0.0,2,48.173229
0.0,3,48.17615
0.0,3,48.17904
0.0,3,48.181734
0.0,4,48.185776
0.0,2,48.187643
0.0,3,48.190757
0.0,2,48.192648
0.0,3,48.195319
0.0,2,48.197154
0.0,3,48.19974
0.0,2,48.20143
0.0,5,48.206255
0.0,3,48.2089
0.0,2,48.211069
0.0,3,48.214045
0.0,3,48.216836
0.0,5,48.221072
0.0,3,48.223826
0.0,2,48.226299
0.0,5,48.230965
0.0,3,48.233932
0.0,3,48.236586
0.0,3,48.239379
0.0,2,48.241156
0.0,2,48.242918
0.0,3,48.245952
0.0,5,48.250403
0.0,5,48.254882
0.416266,2,48.256764
0.0,2,48.258516
0.0,4,48.262036
0.0,2,48.26447
0.0,4,48.268489
0.0,3,48.271072
0.0,3,48.273911
0.0,3,48.276756
0.0,2,48.27852
0.0,3,48.28143
0.0,3,48.284052
0.0,2,48.285836
0.0,2,48.287929
0.0,3,48.290587
0.0,3,48.293066
0.0,4,48.296472
0.0,4,48.299912
0.0,3,48.30237
0.0,2,48.304047
0.0,3,48.306555
0.0,3,48.309418
0.0,2,48.311129
0.0,2,48.312883
0.0,2,48.31464
0.0,2,48.316433
0.0,2,48.318312
0.0,4,48.321816
0.0,2,48.323754
0.0,2,48.32559
0.0,4,48.329321
1.5,2,48.331028
0.0,3,48.333615
0.0,3,48.336577
0.0,2,48.338526
0.0,3,48.341093
0.0,3,48.343721
0.0,4,48.347002
1.194373,2,48.348728
0.0,3,48.351761
0.0,2,48.353566
0.0,3,48.356241
0.0,4,48.36037
0.0,4,48.363892
0.0,4,48.367281
0.0,2,48.369585
0.0,3,48.37304
0.0,5,48.377599
0.0,2,48.379334
0.0,4,48.382734
0.0,4,48.386517
0.0,3,48.389534
0.0,2,48.39156
1.0,2,48.393297
-0.006944,3,48.395847
0.0,3,48.398507
0.0,4,48.401781
0.0,4,48.405198
0.0,3,48.408295
0.0,3,48.410837
0.0,3,48.413511
0.0,3,48.416156
0.0,3,48.419004
0.0,2,48.420768
0.0,4,48.424163
0.0,2,48.425896
0.0,4,48.429418
0.0,3,48.431997
0.0,3,48.434746
0.0,3,48.437983
0.0,2,48.440148
0.0,3,48.442786
0.0,4,48.446214
0.0,3,48.448998
0.0,2,48.450741
0.0,4,48.454194
0.0,3,48.456919
0.0,4,48.46036
0.0,2,48.462143
0.0,3,48.465035
0.0,4,48.468846
0.0,2,48.470556
0.0,3,48.473361
0.0,2,48.475239
-0.623914,4,48.479122
0.0,3,48.481964
0.0,3,48.484611
1.5,2,48.486374
0.0,3,48.489054
0.0,5,48.493365
0.0,3,48.496078
0.0,2,48.497769
0.0,3,48.500489
1.5,2,48.502237
0.0,4,48.505623
0.0,5,48.510158
0.0,2,48.512039
0.13901,2,48.513885
0.0,2,48.515721
0.0,3,48.518314
0.0,2,48.520052
0.0,2,48.521813
0.0,4,48.525301
0.0,3,48.527923
0.0,2,48.529663
0.0,4,48.533278
0.0,4,48.53685
0.0,4,48.540455
0.0,2,48.542212
0.0,4,48.545753
0.0,4,48.549361
0.0,3,48.551974
0.0,3,48.554537
0.0,2,48.556423
0.0,4,48.559892
0.0,2,48.561999
0.0,2,48.564003
0.0,4,48.567693
0.0,2,48.570081
0.0,3,48.573379
0.0,3,48.576532
0.0,2,48.579097
0.0,2,48.581251
0.0,3,48.584337
0.0,4,48.587939
0.0,4,48.591712
0.0,3,48.594289
0.0,3,48.596859
0.0,2,48.598733
0.0,4,48.602091
0.0,4,48.606013
0.0,2,48.607845
0.0,2,48.609636
0.0,4,48.613371
0.0,3,48.616047
0.0,3,48.619082
1.5,2,48.620801
0.0,5,48.625017
0.0,3,48.627814
0.0,3,48.630441
0.0,2,48.632656
0.0,2,48.634567
0.0,2,48.636426
0.0,3,48.639155
0.0,4,48.642864
0.0,2,48.644615
0.0,4,48.648668
0.0,2,48.650541
0.0,5,48.655303
0.0,3,48.657883
0.0,2,48.660133
0.0,4,48.663806
-0.160608,5,48.668297
1.329341,2,48.670141
0.0,2,48.672156
0.0,3,48.67529
0.0,4,48.679018
0.0,4,48.683095
0.0,3,48.685756
0.0,3,48.688609
0.0,4,48.692069
0.0,2,48.693907
1.5,2,48.695657
0.0,3,48.698304
0.0,2,48.700009
0.0,3,48.702728
0.0,2,48.704513
0.0,2,48.706303
0.0,2,48.708292
0.0,3,48.711133
0.0,2,48.712871
0.0,3,48.715438
0.0,4,48.719041
0.0,3,48.721744
0.0,3,48.724428
0.0,5,48.72874
0.0,5,48.733207
0.0,3,48.735929
0.0,2,48.737731
0.0,3,48.740324
0.292635,2,48.742039
0.0,4,48.745871
0.089508,3,48.748563
0.0,4,48.752161
0.0,3,48.754789
0.0,3,48.757398
0.0,2,48.759243
0.0,3,48.761704
0.0,3,48.764585
0.0,2,48.766521
0.0,3,48.769082
0.0,3,48.771725
0.0,4,48.775216
0.0,3,48.777836
0.0,3,48.780631
0.0,3,48.783882
0.0,2,48.78582
0.0,3,48.788583
0.0,4,48.792098
0.0,6,48.797381
0.0,5,48.802143
0.0,2,48.803841
0.0,3,48.806675
1.5,2,48.808411
0.0,5,48.813175
0.0,3,48.815964
0.0,2,48.817662
0.0,3,48.820444
0.0,3,48.823104
0.0,2,48.824943
0.0,2,48.826869
0.290967,2,48.828712
0.0,4,48.832497
0.0,4,48.919936
0.0,3,48.923074
0.0,2,48.924932
0.0,2,48.926697
0.0,2,48.928653
0.0,3,48.931343
0.0,2,48.933041
0.0,2,48.934802
0.0,3,48.93749
0.0,2,48.939208
0.0,2,48.940961
0.0,2,48.9426
0.0,2,48.944312
0.0,4,48.947581
0.0,3,48.950322
0.0,2,48.951994
0.0,2,48.953722
0.0,3,48.956333
0.0,3,48.95884
-0.617394,3,48.961647
0.0,2,48.964004
0.0,3,48.968791
0.0,5,48.976178
1.5,2,48.978999
0.0,3,48.982754
0.0,2,48.985208
0.0,2,48.987101
-0.087155,2,48.989016
0.0,3,48.991685
0.0,2,48.993505
0.0,2,48.995265
0.0,2,48.996938
1.5,2,48.99858
0.0,2,49.000304
0.0,3,49.002853
0.0,3,49.005597
0.0,2,49.0074
0.0,5,49.011893
0.0,3,49.014632
0.0,3,49.01749
0.0,3,49.020484
0.0,3,49.02337
0.0,3,49.026045
0.0,4,49.029588
0.0,2,49.031491
0.0,2,49.033353
0.0,2,49.035161
0.0,2,49.037142
0.0,4,49.040583
0.0,3,49.043521
1.5,2,49.045434
0.0,3,49.048428
0.0,2,49.05037
0.0,3,49.0535
1.5,2,49.05526
0.0,5,49.059631
0.0,3,49.062433
0.0,2,49.064463
0.0,2,49.06634
0.0,3,49.068949
0.0,3,49.071809
0.0,5,49.076235
0.0,3,49.079044
0.0,3,49.081734
0.0,3,49.084407
0.0,2,49.086338
0.0,4,49.089963
0.0,2,49.091751
0.0,4,49.09535
0.0,3,49.097956
0.0,2,49.09976
1.5,2,49.101512
0.0,2,49.103168
0.0,2,49.104932
0.0,2,49.106757
0.0,2,49.108751
0.0,3,49.111475
1.5,2,49.113347
0.0,3,49.116189
0.0,2,49.118028
0.0,3,49.120764
0.0,2,49.122632
0.0,2,49.124817
0.0,3,49.12758
0.0,4,49.131067
0.0,6,49.136205
0.0,2,49.137977
0.0,2,49.139701
0.0,3,49.142385
0.0,3,49.144858
0.0,3,49.147394
0.0,2,49.149269
0.0,2,49.151114
0.0,2,49.152872
0.0,2,49.154705
0.0,2,49.156459
0.0,2,49.158259
0.0,2,49.160279
0.0,2,49.162322
1.5,2,49.164125
0.0,4,49.167576
0.0,2,49.169366
0.0,4,49.172729
0.0,2,49.174537
1.5,2,49.176431
0.0,2,49.178143
0.0,3,49.18066
0.0,3,49.183326
0.0,2,49.185338
0.0,2,49.187146
-0.921341,2,49.188956
0.0,3,49.191676
0.0,2,49.193506
0.0,4,49.196959
0.0,2,49.198714
0.0,2,49.200375
0.0,4,49.203971
0.0,3,49.206763
0.0,4,49.210343
0.0,2,49.212347
0.0,2,49.214208
0.0,3,49.216736
1.5,2,49.218588
0.0,3,49.221262
0.0,5,49.225458
-0.163796,2,49.227354
0.0,2,49.229501
0.0,2,49.231348
0.0,2,49.233147
0.0,2,49.234995
0.0,5,49.239253
-0.012038,4,49.242616
0.0,2,49.244326
0.0,4,49.247697
0.0,3,49.250248
0.0,2,49.251905
0.0,2,49.253659
0.0,3,49.256337
0.0,4,49.25972
0.0,4,49.26312
0.0,5,49.268297
0.0,5,49.273229
0.0,4,49.276878
0.0,2,49.278651
0.0,2,49.280318
0.0,5,49.284658
0.0,3,49.287349
0.0,5,49.291814
0.0,4,49.295218
0.0,4,49.298674
0.0,3,49.301119
0.0,4,49.304411
0.0,3,49.306884
0.0,3,49.309374
-0.072337,3,49.312004
0.0,2,49.313777
-1.049451,2,49.315605
0.0,5,49.319717
0.0,3,49.322227
0.0,2,49.323958
0.0,2,49.325772
0.0,3,49.328285
0.0,3,49.330788
0.0,4,49.334085
0.0,3,49.336749
0.0,2,49.338451
0.0,2,49.340146
-0.175277,2,49.341836
0.0,2,49.34368
0.0,2,49.345474
1.5,2,49.34723
0.0,4,49.350629
0.0,3,49.353103
0.0,2,49.354746
0.0,3,49.357311
0.0,3,49.359807
0.0,4,49.363504
0.0,3,49.366122
0.0,2,49.367933
0.0,2,49.36968
0.0,3,49.372475
0.0,2,49.374539
0.0,2,49.376322
0.0,4,49.380413
0.0,2,49.382195
0.0,2,49.383903
0.0,4,49.387374
0.0,2,49.389187
0.0,2,49.391047
0.0,2,49.393005
0.0,3,49.395636
0.0,3,49.398254
0.0,3,49.401188
0.0,3,49.404111
0.0,2,49.406181
0.0,3,49.408978
0.0,3,49.411843
0.0,3,49.414623
1.5,2,49.416344
0.0,2,49.418199
1.5,2,49.419964
0.0,2,49.421697
0.0,2,49.423437
0.0,4,49.426802
0.0,2,49.428478
0.0,4,49.431775
0.0,4,49.434972
0.0,3,49.437536
0.0,3,49.440037
0.0,2,49.441637
0.0,2,49.443313
0.0,4,49.446553
0.0,3,49.449067
0.0,2,49.450839
0.0,3,49.453334
0.0,3,49.45593
0.0,4,49.459383
0.0,2,49.461133
0.0,2,49.462898
0.0,4,49.466519
0.0,3,49.469116
0.0,3,49.471677
0.0,2,49.473446
0.0,4,49.476774
0.0,2,49.478484
0.0,3,49.481006
0.0,3,49.483487
0.0,3,49.486022
0.0,2,49.487746
1.5,2,49.489435
0.0,2,49.491144
0.0,3,49.493695
0.0,2,49.495372
0.0,2,49.497261
0.0,3,49.49969
0.0,2,49.501574
0.0,3,49.504158
0.0,2,49.505963
0.0,3,49.508684
0.0,3,49.511438
-0.70611,2,49.513286
0.0,3,49.516371
0.0,2,49.51848
0.0,3,49.521469
0.0,4,49.525353
0.0,4,49.528807
0.0,3,49.531403
0.0,3,49.534018
0.0,4,49.537326
0.0,2,49.539085
0.0,4,49.542354
0.0,5,49.546447
0.0,3,49.548866
0.0,3,49.551428
0.0,5,49.55549
0.183975,2,49.557236
0.0,5,49.561374
0.0,3,49.563935
0.0,2,49.565708
0.0,2,49.56746
0.0,2,49.569138
0.0,4,49.572395
0.0,3,49.575243
0.0,2,49.577145
0.0,2,49.57888
0.0,3,49.581515
-0.550345,2,49.583307
0.0,2,49.585077
0.0,4,49.588494
0.0,2,49.590225
0.0,2,49.592074
0.0,3,49.594639
0.0,3,49.597159
0.0,2,49.598822
0.0,3,49.601372
0.0,3,49.603754
0.0,2,49.605421
0.0,5,49.609478
0.0,4,49.612731
0.0,3,49.615215
0.0,4,49.618465
0.0,2,49.620087
0.0,3,49.622473
0.0,3,49.624878
0.0,2,49.626521
0.0,3,49.628954
0.0,2,49.630648
0.0,4,49.633855
1.5,2,49.635478
1.5,2,49.63708
0.0,2,49.638723
0.0,2,49.640428
0.0,2,49.642045
0.0,3,49.644444
0.0,3,49.646854
0.0,4,49.650085
0.0,2,49.651733
0.0,3,49.654141
0.0,2,49.65574
0.0,3,49.658278
0.0,2,49.660194
0.0,2,49.66198
0.0,3,49.664565
0.0,3,49.667042
0.0,3,49.669567
0.0,4,49.672769
0.0,4,49.675944
0.0,3,49.678463
0.0,2,49.680284
0.0,7,49.686213
0.0,2,49.68801
-0.268472,2,49.689921
0.0,4,49.693108
0.0,2,49.694687
0.0,3,49.69712
0.0,5,49.701187
0.0,3,49.703597
0.0,5,49.707502
0.0,3,49.710024
0.0,2,49.711659
0.0,2,49.713334
0.0,4,49.716576
0.0,3,49.719105
0.0,3,49.721541
0.0,2,49.72308
0.0,2,49.724737
0.0,3,49.727144
0.0,2,49.728838
1.5,2,49.730465
0.0,4,49.733617
0.0,3,49.736117
0.0,4,49.739749
0.0,4,49.742977
0.0,4,49.746136
0.0,3,49.748648
0.0,3,49.751276
0.0,4,49.754749
0.0,4,49.758111
0.0,3,49.760628
0.0,2,49.762341
0.0,4,49.765775
0.0,2,49.767774
0.0,2,49.769565
0.0,2,49.77124
0.0,2,49.772924
0.0,2,49.774648
0.0,4,49.777909
0.0,3,49.780546
0.0,6,49.78542
1.5,2,49.787123
0.0,2,49.788961
0.0,2,49.790683
0.0,3,49.793181
0.0,3,49.79592
0.0,4,49.799199
0.0,3,49.801645
0.0,2,49.803379
0.0,2,49.805081
0.0,3,49.807526
0.0,3,49.810104
0.0,3,49.812625
0.0,3,49.815053
-0.846872,4,49.818347
0.0,3,49.820767
0.0,3,49.893891
0.0,2,49.895622
0.0,3,49.898118
0.0,3,49.900819
0.0,3,49.903268
0.0,2,49.904862
0.0,3,49.907346
0.0,2,49.909046
0.0,3,49.911515
0.0,3,49.913961
0.0,2,49.915694
0.0,4,49.918902
0.0,3,49.921419
0.0,2,49.9231
0.0,2,49.924748
0.0,3,49.927096
0.0,2,49.928791
0.0,4,49.932076
0.0,3,49.934573
0.0,2,49.936238
0.0,3,49.938701
0.0,2,49.940316
0.0,2,49.942038
0.0,3,49.944643
0.0,2,49.946402
0.0,3,49.949459
0.0,2,49.951378
0.0,3,49.954198
0.0,2,49.956108
0.0,3,49.958847
0.0,4,49.962554
0.0,4,49.965984
0.0,2,49.967744
0.0,4,49.971217
0.0,3,49.973739
0.0,4,49.977067
0.0,2,49.97882
0.0,2,49.980499
0.0,4,49.983831
0.0,3,49.98636
0.0,3,49.988806
0.0,3,49.991386
0.0,4,49.994631
0.0,3,49.997245
0.0,2,49.998904
0.0,4,50.002109
0.0,3,50.004657
0.0,2,50.006383
0.0,4,50.00962
0.0,4,50.013001
0.0,3,50.015474
1.5,2,50.017094
0.0,5,50.021183
0.0,2,50.022892
0.0,4,50.026163
0.0,3,50.028676
0.0,4,50.031936
0.0,2,50.033667
0.0,5,50.037849
0.0,3,50.040529
0.0,2,50.042191
0.0,3,50.044603
0.123086,3,50.047141
0.0,2,50.049024
0.0,2,50.050757
1.355944,2,50.052465
0.0,2,50.054434
0.0,3,50.057377
0.0,2,50.059207
0.0,3,50.062163
0.0,2,50.064433
-0.228876,4,50.068516
0.0,2,50.070407
0.0,3,50.07287
0.0,2,50.074687
0.0,5,50.079007
0.0,3,50.08159
0.0,2,50.083568
0.0,2,50.085345
0.0,5,50.089542
0.0,4,50.092951
0.0,3,50.095644
0.0,2,50.097317
0.0,3,50.099781
0.0,4,50.103012
0.0,3,50.105885
0.0,4,50.10949
0.0,2,50.1115
0.0,3,50.114143
0.0,3,50.116734
0.0,4,50.120243
0.0,3,50.123033
0.0,4,50.126863
0.0,2,50.128626
0.0,2,50.130484
0.0,3,50.133352
0.0,2,50.135066
0.0,2,50.136903
0.0,3,50.139394
0.0,3,50.141828
-0.571924,3,50.144513
0.0,4,50.148274
0.0,3,50.151112
0.0,4,50.154562
0.0,3,50.157364
0.0,4,50.160935
0.0,3,50.164538
0.0,4,50.168589
0.0,4,50.172374
0.0,3,50.175401
0.0,3,50.178295
0.0,4,50.182166
0.0,3,50.185115
1.5,2,50.186943
0.0,3,50.189868
-0.54648,2,50.191833
0.0,3,50.194515
0.0,4,50.197923
0.0,2,50.200115
0.0,2,50.201961
0.0,3,50.204499
0.0,3,50.207235
0.0,4,50.21097
0.0,2,50.212988
1.5,2,50.214947
0.0,2,50.216704
0.0,3,50.21908
0.0,4,50.222885
0.0,5,50.2275
0.0,4,50.232254
0.0,4,50.236357
-0.170014,4,50.239842
0.0,5,50.244224
0.0,2,50.245917
0.0,3,50.248698
0.0,3,50.251879
0.0,4,50.255497
0.0,3,50.258743
0.0,2,50.260629
0.0,2,50.262638
-0.587001,5,50.267724
0.0,3,50.270826
0.0,2,50.272824
0.0,3,50.275685
0.0,2,50.277544
0.0,4,50.280823
0.0,2,50.282557
0.0,3,50.285249
0.0,4,50.288614
0.0,4,50.292475
0.0,2,50.294252
0.877899,2,50.295979
0.0,2,50.29792
0.0,3,50.300872
1.5,2,50.302726
0.0,3,50.305899
0.0,3,50.308671
0.0,3,50.311684
0.0,3,50.314225
0.0,2,50.315914
0.0,2,50.317714
0.0,2,50.319398
0.0,3,50.321823
0.0,4,50.325283
0.0,3,50.328023
0.0,4,50.331567
0.0,2,50.333522
0.0,3,50.33612
0.0,3,50.338884
0.0,3,50.341536
0.0,2,50.343295
1.5,2,50.345168
0.0,3,50.347878
0.0,3,50.350636
0.0,2,50.352595
0.0,3,50.355451
1.5,2,50.357343
0.0,4,50.361393
0.0,2,50.363511
0.0,2,50.365492
0.0,3,50.368455
0.0,2,50.370435
0.0,2,50.372278
0.0,5,50.377064
0.0,3,50.379855
0.0,2,50.381653
0.0,4,50.385492
0.0,2,50.387515
1.5,2,50.389809
0.0,4,50.394012
0.0,2,50.395981
0.0,3,50.398854
0.0,2,50.40116
0.0,2,50.403427
0.0,4,50.408084
0.0,2,50.410323
0.0,4,50.414041
1.5,2,50.416196
0.0,3,50.41898
0.0,3,50.421873
0.0,3,50.424997
0.0,4,50.428873
0.0,4,50.433375
0.0,2,50.435719
0.0,2,50.438027
0.0,2,50.440559
0.0,2,50.443031
0.0,2,50.445343
0.0,3,50.448438
0.0,2,50.450943
0.0,3,50.453848
0.0,5,50.458624
0.0,3,50.461955
2.0,2,50.464232
0.0,3,50.467729
0.0,4,50.471803
0.0,5,50.477431
0.0,2,50.47953
0.0,2,50.481554
0.0,2,50.483625
1.5,2,50.48572
-0.689101,4,50.489905
0.0,2,50.49207
0.0,3,50.494995
0.0,4,50.4988
0.0,3,50.501531
0.0,2,50.503266
0.0,2,50.505307
0.0,4,50.509171
-0.397148,4,50.513161
0.0,2,50.515306
0.0,3,50.518365
0.0,2,50.520335
0.0,3,50.523353
1.5,2,50.5253
0.0,4,50.529605
0.0,5,50.53482
0.0,3,50.538268
0.0,3,50.541925
0.0,2,50.544163
0.0,2,50.546789
1.0,2,50.548894
0.0,3,50.552003
0.0,3,50.555362
0.0,4,50.559657
0.0,2,50.561874
0.0,3,50.565252
0.0,4,50.570612
0.0,2,50.573083
0.0,3,50.57706
0.0,3,50.580623
0.0,3,50.583851
0.0,3,50.587406
0.0,4,50.591565
0.0,2,50.59344
0.0,2,50.595746
0.0,2,50.597777
0.0,3,50.600622
0.0,2,50.602905
0.0,3,50.606316
0.0,3,50.609886
0.0,2,50.612093
0.0,2,50.613957
0.0,4,50.617956
0.0,4,50.621542
0.0,5,50.626817
0.0,2,50.628811
0.0,3,50.632022
0.0,2,50.634337
0.0,2,50.636588
1.5,2,50.63882
0.0,3,50.641708
0.0,2,50.643826
-0.92771,4,50.64804
0.0,2,50.650239
0.0,3,50.65345
0.0,4,50.657891
0.0,3,50.661165
0.0,4,50.666345
0.0,3,50.670182
0.0,2,50.672701
0.0,3,50.676543
0.0,2,50.679027
0.0,3,50.682893
0.0,3,50.686549
0.0,4,50.692099
0.0,3,50.695858
1.5,2,50.697886
0.0,2,50.700285
0.0,5,50.705363
0.0,2,50.707637
0.0,3,50.711042
0.0,2,50.713268
0.0,3,50.716622
0.0,4,50.720951
0.0,3,50.724269
0.0,2,50.72641
0.0,3,50.729773
0.0,2,50.732124
0.0,2,50.734414
0.0,3,50.738043
0.0,3,50.741209
0.0,3,50.744633
0.0,3,50.747967
1.067376,2,50.750204
0.0,2,50.752283
0.0,5,50.757321
0.0,2,50.759773
0.0,3,50.763164
0.0,3,50.766634
0.0,2,50.770067
0.0,2,50.772886
0.0,2,50.775554
0.0,3,50.779392
0.0,2,50.78146
0.0,3,50.784821
0.0,5,50.790561
1.5,2,50.792718
0.0,2,50.794593
0.0,2,50.796786
0.0,2,50.798912
0.0,2,50.800912
0.0,4,50.804852
0.0,3,50.808284
0.0,2,50.810504
0.0,3,50.81399
0.0,2,50.816082
1.5,2,50.818396
0.0,4,50.822769
0.0,3,50.825955
0.0,4,50.830452
0.0,2,50.832678
0.0,4,50.837045
0.0,4,50.841795
0.0,2,50.844265
0.0,3,50.84772
0.0,3,50.851228
1.5,2,50.853607
0.0,2,50.855988
0.0,3,50.85943
1.5,2,50.861687
0.0,2,50.863877
0.0,3,50.867905
0.0,2,50.870699
0.0,4,50.875756
0.0,5,50.882373
0.0,2,50.884765
-0.241782,5,50.891152
0.0,3,50.8951
0.0,6,50.902589
0.0,2,50.905156
0.0,2,50.907472
0.0,2,50.909803
0.0,5,50.915093
0.0,3,51.006362
0.0,3,51.009748
0.0,2,51.01182
0.0,4,51.016553
0.0,2,51.018773
0.0,2,51.021033
0.0,2,51.023189
0.0,4,51.02748
0.0,3,51.030668
0.0,3,51.033941
0.0,2,51.036099
0.0,3,51.039272
0.0,4,51.044001
0.0,3,51.047361
0.0,2,51.049637
0.0,3,51.052995
0.0,5,51.058722
0.0,5,51.064985
0.0,3,51.069667
0.0,4,51.07466
0.0,3,51.078358
0.0,2,51.080539
0.0,3,51.084327
0.0,5,51.090096
0.0,3,51.093408
0.0,3,51.096611
0.0,2,51.099094
0.0,2,51.101345
0.0,3,51.104603
0.0,3,51.107917
0.0,2,51.110168
0.0,2,51.112395
0.0,2,51.114459
0.0,3,51.117689
0.0,3,51.120898
0.0,2,51.123178
0.0,2,51.12529
0.663828,4,51.129669
0.0,2,51.131969
0.0,2,51.134207
0.0,2,51.13672
0.0,3,51.139766
0.0,5,51.144915
-0.100819,2,51.146932
0.0,3,51.150148
0.0,2,51.152391
0.0,3,51.155602
0.0,3,51.158872
0.0,2,51.161145
0.0,3,51.164999
0.167647,2,51.167297
0.0,2,51.169588
0.0,3,51.17287
0.0,5,51.178441
1.5,2,51.180593
0.0,3,51.183956
0.0,4,51.188374
0.0,3,51.191664
0.0,4,51.195944
0.0,2,51.198051
0.0,5,51.203329
0.0,3,51.206656
0.0,3,51.209884
0.0,2,51.212101
1.5,2,51.214584
0.0,2,51.217139
0.0,2,51.219512
0.0,4,51.223595
0.0,3,51.22677
1.377302,2,51.229022
0.0,3,51.232379
0.0,3,51.236379
0.0,2,51.239422
0.0,3,51.242547
0.0,2,51.24467
0.0,3,51.247903
0.0,5,51.253362
0.0,3,51.256396
0.0,3,51.259909
0.0,3,51.263451
0.0,3,51.266899
0.0,4,51.271647
0.0,2,51.273926
0.0,2,51.275975
0.345049,2,51.278033
0.982468,2,51.280093
0.0,2,51.282277
0.0,3,51.285284
0.0,2,51.287337
0.0,3,51.290411
0.0,2,51.292645
0.0,3,51.295748
0.0,3,51.298803
0.0,2,51.300888
0.0,3,51.303979
0.0,3,51.307066
0.0,2,51.309173
0.0,3,51.31233
0.0,3,51.315576
0.0,2,51.317461
0.0,2,51.319791
0.0,2,51.322331
0.0,3,51.325861
0.0,2,51.328147
0.0,4,51.332668
0.0,2,51.335391
0.0,4,51.339886
0.0,3,51.343037
0.0,2,51.345051
0.0,3,51.348121
0.0,2,51.350402
0.0,2,51.352509
0.0,2,51.354866
0.0,2,51.35703
0.0,2,51.359202
0.0,2,51.361483
0.0,3,51.364893
-0.104348,4,51.369519
0.0,3,51.373064
0.0,4,51.377316
0.0,4,51.381121
0.0,3,51.384047
0.0,3,51.38761
0.0,4,51.392272
0.0,2,51.394318
0.0,4,51.398513
0.0,4,51.402314
0.0,3,51.405382
0.0,2,51.407543
0.0,4,51.411724
0.0,2,51.413694
0.0,3,51.416752
0.0,4,51.42143
0.0,4,51.426063
0.0,2,51.428569
0.0,2,51.430952
0.0,2,51.433936
0.0,4,51.438315
0.0,2,51.440603
0.0,5,51.445562
0.0,3,51.449001
0.0,4,51.453133
0.0,3,51.456661
0.0,3,51.459924
0.0,4,51.464075
0.0,3,51.46714
0.0,3,51.470932
0.0,2,51.473302
0.0,2,51.47581
0.0,3,51.478992
0.0,2,51.481143
0.0,2,51.483652
0.0,3,51.487091
0.0,3,51.490842
0.0,4,51.495658
0.0,3,51.499199
1.5,2,51.501265
0.0,4,51.505337
0.0,3,51.508304
0.0,2,51.510689
0.0,3,51.513857
0.0,2,51.516042
0.0,4,51.520075
0.0,3,51.523076
0.0,3,51.526672
0.0,4,51.530971
1.5,2,51.533336
0.0,3,51.536216
0.0,4,51.540915
0.0,2,51.543067
0.0,4,51.548368
0.0,4,51.552665
1.5,2,51.554818
0.0,4,51.559468
0.0,2,51.561831
0.0,4,51.565885
0.0,4,51.570577
0.0,7,51.579276
0.0,2,51.582362
0.0,3,51.586093
0.0,4,51.590688
0.0,2,51.592863
0.0,3,51.596111
0.0,3,51.599214
0.0,3,51.602261
0.0,3,51.605284
0.0,3,51.608627
0.0,2,51.61077
0.0,2,51.612815
0.0,3,51.615941
0.0,2,51.617879
0.0,4,51.622418
0.0,3,51.625551
0.0,4,51.629944
1.5,2,51.632033
0.0,4,51.636354
0.0,2,51.63847
0.0,3,51.641413
0.0,3,51.644259
0.0,2,51.646167
0.0,4,51.650552
0.0,4,51.654617
0.0,4,51.659201
0.0,4,51.663415
0.0,2,51.665969
0.0,3,51.669353
0.0,3,51.672661
0.0,3,51.675719
0.0,3,51.679376
0.0,4,51.683893
0.0,3,51.687786
0.0,2,51.689942
0.0,2,51.692165
0.0,3,51.69518
0.0,4,51.699034
0.0,3,51.701928
0.0,2,51.70391
0.0,3,51.707028
0.0,4,51.71069
0.0,2,51.712632
0.0,3,51.715472
0.0,3,51.718292
0.0,2,51.720318
0.0,3,51.723323
0.0,2,51.725316
0.0,3,51.728463
0.0,2,51.730422
0.0,5,51.735489
0.0,2,51.737475
0.0,3,51.740379
0.0,3,51.743298
0.0,3,51.746461
0.0,2,51.748679
-0.060578,2,51.751609
0.0,2,51.755122
0.0,2,51.75844
0.0,2,51.760839
0.0,3,51.764288
0.0,3,51.767542
0.0,2,51.77
0.0,3,51.77343
1.029417,2,51.775579
0.0,4,51.779854
0.534284,2,51.782135
0.0,4,51.786303
0.0,2,51.788415
0.0,3,51.791762
0.0,2,51.793973
0.0,2,51.796536
0.0,6,51.802659
0.0,2,51.804718
0.0,3,51.807722
0.0,3,51.810651
1.5,2,51.812608
0.0,2,51.81457
0.0,2,51.816572
0.0,4,51.820644
0.0,2,51.822758
0.0,4,51.826883
0.0,2,51.828874
0.0,2,51.830899
0.0,4,51.834961
0.0,2,51.837078
0.0,5,51.842044
0.0,4,51.846322
0.0,3,51.849697
0.0,4,51.854086
0.0,2,51.85659
0.0,2,51.85876
1.5,2,51.861065
0.0,4,51.8656
0.079458,3,51.868948
0.0,3,51.872071
0.0,3,51.875304
0.0,2,51.877547
0.0,2,51.879715
0.0,4,51.883492
0.0,2,51.885614
0.0,3,51.888826
0.0,2,51.890887
0.0,2,51.892988
0.0,2,51.895198
0.0,3,51.898142
0.0,4,51.902009
0.0,4,51.905758
0.0,4,51.910359
0.0,4,51.91478
0.0,4,51.918993
0.0,4,51.923598
0.0,4,51.927679
0.0,2,51.929824
0.0,5,51.934941
0.0,3,51.938389
0.0,3,51.941872
0.0,4,51.945885
1.5,2,51.947929
0.0,3,51.951161
0.0,3,51.954079
0.0,3,51.95739
0.0,3,51.960295
0.0,3,51.963392
1.5,2,51.965128
1.5,2,51.966867
0.0,3,51.969762
0.0,4,51.973955
0.0,3,51.977114
0.0,3,51.980126
0.0,4,51.984169
0.0,3,51.987154
0.0,3,51.990493
0.0,4,51.994426
1.5,2,51.996549
0.883714,2,51.998597
0.0,3,52.001301
0.214237,3,52.004292
0.0,4,52.008299
0.0,2,52.010347
0.0,2,52.012666
0.0,3,52.015607
0.0,3,52.018738
0.0,2,52.020838
0.0,3,52.024441
0.0,4,52.028638
0.0,2,52.03068
1.5,2,52.032987
0.0,3,52.035882
0.0,3,52.03904
0.0,3,52.041978
0.0,4,52.045979
0.615778,2,52.048427
0.0,3,52.051552
0.0,2,52.053792
0.0,3,52.056807
0.0,4,52.060869
0.0,3,52.063792
0.0,4,52.067828
0.0,2,52.069951
0.0,2,52.072052
0.0,2,52.074157
0.0,3,52.077105
0.0,2,52.07897
0.0,3,52.082053
0.0,4,52.085871
0.0,4,52.089885
0.0,3,52.092849
0.0,3,52.096333
0.0,2,52.098238
-0.039772,5,52.103144
0.0,2,52.105103
0.0,4,52.108956
0.0,2,52.111047
0.0,3,52.113896
1.5,2,52.214194
0.0,3,52.219103
0.0,2,52.221447
0.0,2,52.22349
0.0,2,52.225597
0.0,2,52.228009
0.0,4,52.232387
0.0,3,52.235936
0.0,3,52.23924
0.0,2,52.241462
0.0,2,52.243749
0.0,2,52.246174
0.0,3,52.24959
-1.110761,2,52.25166
1.365799,2,52.253572
0.0,4,52.257665
0.0,3,52.26084
0.0,3,52.264106
0.0,4,52.268214
0.0,3,52.271484
0.0,2,52.27351
0.0,3,52.276538
0.0,3,52.279547
0.0,3,52.282553
0.0,3,52.28558
-0.114272,2,52.287535
0.0,3,52.290515
0.0,4,52.294586
0.226193,2,52.296547
0.0,3,52.299447
0.0,3,52.302224
0.0,2,52.304246
0.0,3,52.307298
1.5,2,52.309268
0.0,3,52.31249
1.5,2,52.314556
0.0,2,52.316665
0.0,3,52.319601
0.0,3,52.322644
0.0,2,52.324772
0.0,3,52.327848
0.0,2,52.329842
0.0,4,52.333835
0.0,2,52.335724
0.0,2,52.33778
0.0,3,52.340804
1.5,2,52.342843
0.0,3,52.34592
0.0,2,52.347967
0.0,2,52.349899
0.0,3,52.353096
0.0,4,52.358269
0.0,3,52.363024
0.0,2,52.366098
0.0,2,52.369492
0.0,3,52.374234
0.0,2,52.37727
0.0,2,52.38023
0.0,3,52.38486
0.0,3,52.389736
0.0,3,52.393267
0.0,4,52.397312
0.0,3,52.400167
0.0,2,52.402061
0.0,3,52.40475
0.0,2,52.406644
0.0,4,52.410619
-0.076397,2,52.412605
0.0,2,52.414686
0.0,3,52.417651
0.0,3,52.420501
0.0,2,52.422603
0.0,4,52.426593
0.0,2,52.428625
0.0,2,52.430697
0.0,5,52.435494
0.0,3,52.438795
0.0,2,52.440891
0.0,5,52.445602
0.0,4,52.449258
0.0,3,52.452359
0.0,5,52.457433
0.0,2,52.459644
0.0,2,52.461799
0.0,3,52.465014
0.0,4,52.469569
0.0,2,52.47182
0.0,4,52.475871
0.0,3,52.478937
0.0,2,52.48072
0.0,4,52.484387
-0.201872,2,52.486443
0.0,2,52.488456
0.0,5,52.493468
0.0,3,52.496195
0.0,3,52.49904
0.0,2,52.500886
0.0,4,52.504456
0.0,4,52.508449
0.0,2,52.510388
0.0,2,52.512451
0.0,2,52.514464
0.0,2,52.516258
0.0,3,52.519116
0.0,2,52.52142
0.0,2,52.523723
0.0,3,52.527017
0.0,4,52.530934
0.0,3,52.533923
1.5,2,52.53583
0.0,2,52.537839
0.0,4,52.541948
0.0,3,52.544791
0.0,3,52.547755
0.0,5,52.552372
0.0,3,52.555275
0.0,2,52.557362
0.0,3,52.560283
0.0,2,52.562379
0.0,4,52.566113
0.0,2,52.567989
0.0,2,52.570048
0.0,4,52.57408
-0.045077,3,52.577461
0.0,4,52.581367
0.0,3,52.584598
0.0,2,52.586614
0.0,3,52.589783
0.0,5,52.594333
0.0,2,52.596461
0.0,4,52.600056
0.0,3,52.602693
0.0,2,52.604681
0.0,2,52.606524
0.0,2,52.608282
1.5,2,52.610287
0.0,2,52.612446
0.0,3,52.615446
0.0,4,52.619306
0.0,2,52.621069
0.0,3,52.623954
0.0,2,52.626113
0.0,2,52.628203
0.0,2,52.630453
0.409696,3,52.633688
0.0,5,52.638988
0.0,3,52.641813
1.5,2,52.643788
0.0,2,52.64601
0.0,2,52.647806
0.0,5,52.652572
0.0,2,52.654413
0.0,3,52.657099
0.0,2,52.659267
0.0,2,52.661355
0.0,4,52.665394
0.0,4,52.669456
0.0,2,52.67142
0.0,4,52.675396
0.0,3,52.678205
0.0,3,52.68139
0.0,3,52.684617
0.0,3,52.688131
0.0,4,52.691757
0.0,3,52.694777
0.0,3,52.697507
0.0,3,52.700315
0.0,3,52.703135
0.0,3,52.705838
0.317123,2,52.707965
0.0,2,52.709865
0.0,2,52.711673
0.0,3,52.714413
0.0,2,52.716244
0.0,2,52.718118
0.0,3,52.72091
0.0,2,52.723057
0.0,2,52.725042
1.5,2,52.727038
0.0,3,52.730272
0.0,3,52.733153
0.0,3,52.736138
0.0,2,52.738143
0.0,3,52.741203
-0.826202,4,52.745478
0.0,2,52.747375
0.0,2,52.749616
0.0,2,52.75155
1.5,2,52.753424
1.5,2,52.755341
0.0,3,52.758427
0.28386,3,52.761198
0.0,2,52.763239
0.0,4,52.766983
0.0,2,52.76885
1.5,2,52.770781
0.0,5,52.775774
0.0,2,52.777982
0.0,2,52.779975
1.5,2,52.781895
0.0,4,52.785818
-0.568981,2,52.788014
0.0,2,52.790017
0.0,2,52.792198
0.0,2,52.794259
0.0,6,52.800301
0.0,3,52.803076
0.0,2,52.805234
0.0,3,52.808062
0.0,4,52.812083
0.0,3,52.814884
0.0,2,52.816621
-0.307588,2,52.818561
0.0,3,52.821374
0.0,2,52.823168
0.526393,2,52.824982
0.0,4,52.828705
0.0,2,52.830513
0.0,3,52.8335
1.5,2,52.835384
0.0,2,52.837268
0.0,3,52.84013
0.0,3,52.842795
0.0,2,52.844531
0.0,3,52.847427
1.5,2,52.849172
0.0,2,52.851048
0.0,2,52.852938
0.0,2,52.854979
0.0,2,52.856915
0.0,4,52.860763
0.0,2,52.86286
0.0,2,52.864968
0.0,3,52.867847
0.0,4,52.873065
0.0,4,52.878125
0.0,2,52.880033
0.0,3,52.883144
-0.918934,2,52.885095
0.0,5,52.890147
0.0,3,52.892909
0.0,3,52.896026
0.0,2,52.89815
0.0,3,52.900985
0.0,3,52.904117
0.0,5,52.908562
0.0,3,52.911413
0.0,2,52.913278
0.0,2,52.915071
0.0,4,52.918691
0.0,4,52.922511
0.0,3,52.925649
0.0,3,52.928485
1.5,2,52.930628
0.0,3,52.933602
0.0,3,52.936559
0.0,2,52.938635
0.0,2,52.940542
0.0,3,52.943425
0.0,3,52.946231
0.0,2,52.948002
0.0,3,52.950842
0.0,3,52.953747
0.0,2,52.955607
0.0,4,52.959521
0.0,3,52.962305
0.0,3,52.965426
1.5,2,52.967859
0.0,4,52.972047
0.0,2,52.974102
0.0,2,52.976212
0.0,2,52.978091
0.0,2,52.980249
0.0,2,52.982062
0.0,4,52.985791
0.0,4,52.989401
0.0,2,52.991336
0.0,2,52.99362
0.0,5,52.997856
0.0,2,52.999739
0.0,3,53.002436
0.0,5,53.00695
0.0,2,53.008962
0.0,3,53.011649
0.0,3,53.014553
0.0,3,53.017292
0.0,3,53.019951
0.0,4,53.023336
0.0,3,53.025829
0.0,3,53.028814
0.0,4,53.032404
0.0,2,53.034455
0.0,4,53.038116
1.5,2,53.039912
0.0,3,53.042636
0.0,4,53.045948
0.0,3,53.048713
0.0,2,53.050637
0.0,2,53.052427
-0.95735,4,53.056293
0.0,4,53.059871
1.5,2,53.061824
0.0,4,53.065917
0.0,2,53.067992
0.0,2,53.070196
0.0,4,53.074648
0.0,2,53.077343
0.0,4,53.081331
0.0,4,53.08545
0.0,2,53.087453
0.0,3,53.09097
0.0,3,53.093746
1.5,2,53.095585
0.0,2,53.097674
0.0,2,53.099712
0.0,2,53.101562
0.0,3,53.104553
0.0,2,53.106448
0.0,2,53.108349
0.0,2,53.110271
0.0,2,53.112319
0.0,4,53.115977
0.0,4,53.119678
0.0,5,53.123767
0.8061,2,53.125847
0.0,3,53.128686
0.0,4,53.132749
0.0,3,53.1355
0.0,3,53.138322
0.0,2,53.140214
0.0,2,53.142146
0.0,2,53.144014
0.0,2,53.145912
0.0,3,53.148733
0.0,2,53.150581
0.0,2,53.152546
0.0,4,53.156124
0.0,2,53.157829
0.0,5,53.162374
0.0,2,53.164214
0.0,3,53.167187
1.5,2,53.169031
0.0,4,53.172875
0.0,3,53.175955
0.0,2,53.177752
0.0,3,53.180734
0.0,3,53.183559
0.0,3,53.186169
0.0,2,53.188405
0.0,2,53.190317
0.0,4,53.194025
0.0,2,53.19584
0.0,3,53.198514
0.0,2,53.200316
0.0,4,53.204089
0.0,2,53.205966
0.0,6,53.211679
0.0,2,53.213678
0.0,2,53.215875
0.0,2,53.217906
1.5,2,53.220072
0.0,4,53.223916
0.0,2,53.225745
0.0,3,53.228463
0.0,2,53.230543
0.0,5,53.235021
0.0,4,53.326273
0.0,4,53.330508
0.0,4,53.334695
0.0,3,53.337445
0.0,3,53.340266
0.0,4,53.343888
0.0,2,53.345712
0.0,3,53.34875
0.0,2,53.350725
0.0,2,53.352636
0.0,5,53.357423
0.0,3,53.360302
0.0,3,53.364029
0.0,3,53.367324
0.0,3,53.371603
0.0,3,53.374972
0.0,2,53.377102
0.0,2,53.379075
0.0,3,53.382035
0.0,4,53.385848
0.0,3,53.388805
0.0,3,53.392146
0.0,3,53.394989
0.0,3,53.398097
0.0,2,53.400071
0.0,3,53.403372
0.0,3,53.406478
0.0,2,53.408621
0.0,2,53.410732
0.0,3,53.413467
0.0,2,53.415348
0.0,3,53.418398
0.0,2,53.420366
0.0,3,53.42317
0.0,2,53.425246
0.0,2,53.42715
0.0,2,53.429023
0.0,3,53.431989
0.0,3,53.434737
0.0,2,53.436671
0.0,2,53.438727
0.0,2,53.440592
0.0,4,53.444138
0.0,3,53.447079
1.5,2,53.448961
0.0,4,53.452868
0.0,2,53.454626
0.0,3,53.457217
0.0,2,53.459289
0.0,2,53.461257
0.0,3,53.463904
0.0,3,53.467021
1.5,2,53.468969
0.0,3,53.471848
0.0,3,53.475786
0.0,3,53.478978
0.0,3,53.481965
0.0,3,53.484745
1.5,2,53.486837
0.0,2,53.488798
-0.159029,3,53.49156
0.0,2,53.493612
0.0,4,53.497126
0.0,4,53.500639
0.0,2,53.502659
0.0,2,53.504517
0.0,4,53.508432
0.0,3,53.511479
0.0,2,53.513435
0.0,3,53.516297
0.0,2,53.518072
0.0,4,53.5216
0.0,4,53.525073
0.0,2,53.526889
0.0,3,53.529861
0.0,3,53.532582
0.0,4,53.536361
0.0,2,53.538142
0.0,2,53.539881
0.0,3,53.542766
0.0,2,53.544616
0.0,2,53.54634
0.0,2,53.548185
1.5,2,53.550452
0.0,3,53.553159
1.5,2,53.55497
0.0,3,53.558148
0.0,2,53.559954
0.0,2,53.561836
0.0,3,53.564919
0.0,3,53.567855
0.0,4,53.572849
0.0,4,53.577738
0.0,4,53.581565
0.0,4,53.585472
0.0,2,53.587327
0.0,3,53.589935
0.0,3,53.592842
0.0,3,53.595491
0.0,5,53.600101
0.0,3,53.602782
0.0,3,53.606178
-0.234676,5,53.611045
0.0,2,53.613834
0.0,4,53.617593
0.0,3,53.620365
1.5,2,53.621967
0.0,3,53.624789
0.0,2,53.627181
0.0,2,53.629407
0.0,2,53.631464
0.0,3,53.63451
0.0,5,53.638809
0.0,3,53.641752
0.0,3,53.644395
0.0,2,53.646189
0.0,3,53.649201
-0.5505,2,53.650972
0.0,2,53.652748
0.0,4,53.656486
0.0,2,53.658291
0.0,2,53.660252
0.0,2,53.662215
1.5,2,53.66393
1.5,2,53.665592
0.0,2,53.668198
0.0,5,53.674049
0.0,3,53.676943
0.0,3,53.679583
0.0,3,53.682385
0.0,3,53.685038
0.0,4,53.688595
0.0,3,53.69126
0.0,3,53.693934
0.0,2,53.695887
0.0,5,53.700016
0.0,6,53.705473
0.0,2,53.707322
0.0,2,53.709191
0.0,3,53.712001
0.0,2,53.713695
0.0,2,53.715624
0.0,3,53.718749
0.0,4,53.722267
0.0,2,53.724458
0.0,4,53.728539
0.0,4,53.732351
0.0,3,53.734964
0.0,2,53.736703
0.0,5,53.741185
0.0,2,53.743075
0.0,4,53.746872
0.0,4,53.750329
0.0,3,53.753162
0.0,2,53.75497
0.0,2,53.756764
0.0,2,53.758745
0.0,2,53.760609
1.5,2,53.762419
0.0,3,53.765238
0.0,5,53.770102
-0.555754,5,53.776177
0.0,6,53.781856
0.0,3,53.784535
0.0,2,53.786498
0.0,4,53.790251
-0.143424,2,53.792133
0.0,5,53.796587
0.0,2,53.79834
0.0,4,53.801946
0.0,2,53.803655
0.0,4,53.807186
1.5,2,53.809129
0.0,3,53.811882
0.0,3,53.814818
0.0,2,53.816592
0.0,2,53.818435
0.0,2,53.820507
0.0,2,53.822535
0.0,4,53.825982
0.0,3,53.829084
0.0,4,53.832791
0.0,2,53.835063
0.0,2,53.836978
0.0,3,53.83972
1.5,2,53.841503
0.0,2,53.843283
0.0,2,53.845164
0.0,2,53.846841
0.0,5,53.851522
0.0,4,53.854962
0.0,3,53.858117
0.0,3,53.86095
0.0,4,53.865574
0.0,3,53.868764
0.0,3,53.873009
0.0,2,53.875252
0.0,3,53.87827
0.0,3,53.881257
0.0,2,53.883097
0.0,3,53.886381
0.0,2,53.888261
0.0,2,53.890684
0.0,3,53.894004
0.0,3,53.896755
0.0,4,53.90077
0.0,3,53.90346
0.0,2,53.905663
0.0,3,53.908633
0.0,3,53.911449
0.0,2,53.913506
0.0,2,53.915498
0.0,3,53.91844
0.0,3,53.921587
1.5,2,53.923581
1.5,2,53.925655
0.0,5,53.930288
0.0,4,53.934209
0.0,2,53.93603
0.0,5,53.940583
0.0,3,53.94331
-0.531586,4,53.9469
0.0,3,53.949744
0.0,2,53.9515
0.0,3,53.954195
0.0,5,53.958557
0.0,5,53.963118
0.0,2,53.964946
0.0,2,53.96689
0.0,3,53.969932
0.0,3,53.972521
0.0,3,53.976303
0.0,3,53.979575
0.0,3,53.982491
0.0,5,53.987179
0.0,2,53.98942
1.5,2,53.991328
1.5,2,53.993218
0.0,3,53.996154
0.0,2,53.997973
0.0,3,54.000475
0.0,3,54.003372
1.5,2,54.005114
0.0,2,54.006863
0.0,3,54.00979
0.0,2,54.011685
0.0,3,54.014333
0.0,2,54.016427
0.0,2,54.018236
0.0,3,54.020837
0.0,3,54.023744
0.0,4,54.027307
0.0,4,54.030985
0.0,2,54.032744
0.0,2,54.034463
0.0,4,54.038302
0.0,4,54.041755
0.0,3,54.044416
0.0,3,54.047097
0.0,4,54.05059
0.0,2,54.052583
0.0,4,54.055984
0.0,3,54.058904
0.0,3,54.061485
0.0,3,54.064333
0.0,2,54.066347
0.0,3,54.069332
0.0,3,54.072941
0.0,5,54.07831
0.0,2,54.080182
0.0,6,54.085317
1.5,2,54.087478
0.0,5,54.092169
0.0,2,54.094162
0.0,3,54.096908
0.0,3,54.099725
0.0,4,54.103025
0.0,3,54.105582
0.0,4,54.109229
0.0,3,54.111812
0.0,2,54.113591
0.0,3,54.116435
0.0,4,54.119951
0.0,4,54.123364
0.0,4,54.126914
0.0,2,54.12893
0.0,2,54.130867
0.0,2,54.132788
0.0,4,54.136602
0.0,3,54.139547
0.0,2,54.14156
0.0,4,54.23261
1.5,2,54.234503
0.0,4,54.238383
0.0,4,54.242147
0.0,3,54.244969
0.0,3,54.247981
0.0,3,54.250627
0.0,2,54.252344
0.0,3,54.254915
0.0,3,54.257422
0.0,3,54.261033
0.0,2,54.263574
0.0,3,54.26681
0.0,2,54.269752
0.0,2,54.271932
0.0,3,54.275872
0.0,4,54.279915
0.0,4,54.283971
0.0,3,54.286612
0.0,4,54.290389
0.0,3,54.293277
-0.188607,4,54.297087
0.0,4,54.300576
0.0,5,54.305037
0.0,3,54.307766
0.0,5,54.312252
0.0,3,54.314906
0.0,2,54.316718
0.0,3,54.319313
0.0,3,54.321853
0.0,4,54.325391
0.0,4,54.32899
0.0,3,54.331805
0.0,4,54.335206
0.0,2,54.337225
0.0,3,54.340097
1.5,2,54.341897
0.0,4,54.345618
0.0,4,54.349412
0.0,2,54.351761
0.0,3,54.35444
0.0,4,54.358113
0.0,4,54.361465
0.0,2,54.363381
0.0,3,54.366119
0.0,4,54.369839
0.0,2,54.372826
0.0,5,54.378006
0.0,2,54.379833
0.0,2,54.381573
0.0,4,54.385576
0.0,4,54.389498
0.0,2,54.391424
0.0,2,54.3932
0.0,2,54.395038
0.0,3,54.39767
